#include "hsd_40FF.h"

/* Data-only TU: one object, the whole unit (idiom 98).
 * hsd_8040FF80 = 0x20BC0-byte 4bpp glyph sheet used by the SIS text
 * library (sits between sislib .data and hsd_3A94 .data).
 * Reconstructed verbatim from target bytes: the target object carries
 * ZERO relocations and a single global symbol sized 0x20BC0 covering
 * the entire .data section, so a numeric brace-init array reproduces
 * it exactly. The pragma reproduces the link-time keep flag: with no
 * importer of hsd_8040FF80 anywhere in the link, mwld deadstrips the
 * object (DOL shrinks by exactly 0x20BC0) unless the .comment entry
 * carries the force-active bit the target object has. */

#pragma push
#pragma force_active on
u8 hsd_8040FF80[0x20BC0] = {
    0x00, 0x00, 0x00, 0x00, 0x00, 0x00, 0x00, 0x00, 0x88, 0x88, 0x84, 0x10,
    0xFF, 0xFF, 0xFF, 0xFB, 0xFF, 0xFF, 0xFF, 0xFF, 0x00, 0x2B, 0xFF, 0xFF,
    0x00, 0x00, 0xBF, 0xFF, 0x00, 0x00, 0x2F, 0xFF, 0x00, 0x00, 0x00, 0x00,
    0x00, 0x00, 0x00, 0x00, 0x00, 0x00, 0x00, 0x00, 0x40, 0x00, 0x00, 0x00,
    0xF8, 0x00, 0x00, 0x00, 0xFF, 0x40, 0x00, 0x00, 0xFF, 0xE1, 0x00, 0x00,
    0xFF, 0xF4, 0x00, 0x00, 0x00, 0x00, 0x00, 0xFF, 0x00, 0x00, 0x00, 0xFF,
    0x00, 0x00, 0x00, 0xFF, 0x00, 0x00, 0x00, 0xFF, 0x00, 0x00, 0x00, 0xFF,
    0x00, 0x00, 0x00, 0xFF, 0x00, 0x00, 0x00, 0xFF, 0x00, 0x00, 0x00, 0xFF,
    0xFF, 0xFF, 0x00, 0x00, 0xFF, 0xFF, 0x00, 0x00, 0xFF, 0xFF, 0x00, 0x00,
    0xFF, 0xFF, 0x00, 0x00, 0xFF, 0xFF, 0x00, 0x00, 0xFF, 0xFF, 0x00, 0x00,
    0xFF, 0xFF, 0x00, 0x00, 0xFF, 0xFF, 0xBB, 0xBB, 0x00, 0x00, 0x0D, 0xFF,
    0x00, 0x00, 0x0B, 0xFF, 0x00, 0x00, 0x0B, 0xFF, 0x00, 0x00, 0x0D, 0xFF,
    0x00, 0x00, 0x1F, 0xFF, 0x00, 0x00, 0x8F, 0xFF, 0x00, 0x08, 0xFF, 0xFF,
    0xBB, 0xEF, 0xFF, 0xFF, 0xFF, 0xF8, 0x00, 0x00, 0xFF, 0xFB, 0x00, 0x00,
    0xFF, 0xFB, 0x00, 0x00, 0xFF, 0xF8, 0x00, 0x00, 0xFF, 0xF8, 0x00, 0x00,
    0xFF, 0xF2, 0x00, 0x00, 0xFF, 0x80, 0x00, 0x00, 0xFB, 0x00, 0x00, 0x00,
    0x00, 0x00, 0x00, 0xFF, 0x00, 0x00, 0x00, 0xFF, 0x00, 0x00, 0x00, 0xFF,
    0x00, 0x00, 0x00, 0xFF, 0x00, 0x00, 0x00, 0xFF, 0x00, 0x00, 0x00, 0xFF,
    0x00, 0x00, 0x00, 0xFF, 0x00, 0x00, 0x00, 0xFF, 0xFF, 0xFF, 0xFF, 0xFF,
    0xFF, 0xFF, 0xBB, 0xBB, 0xFF, 0xFF, 0x00, 0x00, 0xFF, 0xFF, 0x00, 0x00,
    0xFF, 0xFF, 0x00, 0x00, 0xFF, 0xFF, 0x00, 0x00, 0xFF, 0xFF, 0x00, 0x00,
    0xFF, 0xFF, 0x00, 0x00, 0xFF, 0xFF, 0xFF, 0xFE, 0xBB, 0xBB, 0xB8, 0x41,
    0x00, 0x00, 0x00, 0x00, 0x00, 0x00, 0x00, 0x00, 0x00, 0x00, 0x00, 0x00,
    0x00, 0x00, 0x00, 0x00, 0x00, 0x00, 0x00, 0x00, 0x00, 0x00, 0x00, 0x00,
    0x80, 0x00, 0x00, 0x00, 0x00, 0x00, 0x00, 0x00, 0x00, 0x00, 0x00, 0x00,
    0x00, 0x00, 0x00, 0x00, 0x00, 0x00, 0x00, 0x00, 0x00, 0x00, 0x00, 0x00,
    0x00, 0x00, 0x00, 0x00, 0x00, 0x00, 0x00, 0x00, 0x00, 0x00, 0x00, 0xFF,
    0x00, 0x00, 0x00, 0xFF, 0x00, 0x00, 0x00, 0xFF, 0x00, 0x00, 0x00, 0xFF,
    0x00, 0x00, 0x00, 0x44, 0x00, 0x00, 0x00, 0x00, 0x00, 0x00, 0x00, 0x00,
    0x00, 0x00, 0x00, 0x00, 0xFF, 0xFF, 0x00, 0x00, 0xFF, 0xFF, 0x00, 0x00,
    0xFF, 0xFF, 0x00, 0x00, 0xFF, 0xFF, 0x00, 0x00, 0x44, 0x44, 0x00, 0x00,
    0x00, 0x00, 0x00, 0x00, 0x00, 0x00, 0x00, 0x00, 0x00, 0x00, 0x00, 0x00,
    0x00, 0x00, 0x00, 0x00, 0x00, 0x00, 0x00, 0x00, 0x00, 0x00, 0x00, 0x00,
    0x00, 0x00, 0x00, 0x00, 0x00, 0x00, 0x00, 0x00, 0x00, 0x00, 0x00, 0x00,
    0x00, 0x00, 0x00, 0x00, 0x00, 0x00, 0x00, 0x00, 0x00, 0x00, 0x00, 0x00,
    0x00, 0x00, 0x00, 0x00, 0x00, 0x00, 0x00, 0x00, 0x00, 0x00, 0x00, 0x00,
    0x00, 0x00, 0x00, 0x00, 0x00, 0x00, 0x00, 0x00, 0x00, 0x00, 0x00, 0x00,
    0x00, 0x00, 0x00, 0x00, 0x00, 0x00, 0x00, 0x00, 0x00, 0x00, 0x00, 0x00,
    0x00, 0x00, 0x00, 0x00, 0x00, 0x00, 0x00, 0x00, 0x00, 0x00, 0x00, 0x00,
    0x00, 0x00, 0x00, 0x08, 0x00, 0x00, 0x00, 0x8F, 0x00, 0x00, 0x02, 0xFF,
    0x00, 0x00, 0x00, 0x00, 0x00, 0x00, 0x00, 0x01, 0x00, 0x04, 0x8B, 0xEF,
    0x04, 0xDF, 0xFF, 0xFF, 0x8F, 0xFF, 0xFE, 0xB8, 0xFF, 0xFF, 0xD1, 0x00,
    0xFF, 0xFE, 0x10, 0x00, 0xFF, 0xF8, 0x00, 0x00, 0x00, 0x00, 0x00, 0x00,
    0x10, 0x00, 0x00, 0x00, 0xFE, 0xB8, 0x20, 0x00, 0xFF, 0xFF, 0xFD, 0x40,
    0x8B, 0xEF, 0xFF, 0xF8, 0x00, 0x1D, 0xFF, 0xFF, 0x00, 0x01, 0xEF, 0xFF,
    0x00, 0x00, 0x8F, 0xFF, 0x00, 0x00, 0x00, 0x00, 0x00, 0x00, 0x00, 0x00,
    0x00, 0x00, 0x00, 0x00, 0x00, 0x00, 0x00, 0x00, 0x00, 0x00, 0x00, 0x00,
    0x80, 0x00, 0x00, 0x00, 0xF8, 0x00, 0x00, 0x00, 0xFF, 0x20, 0x00, 0x00,
    0x00, 0x00, 0x08, 0xFF, 0x00, 0x00, 0x1F, 0xFF, 0x00, 0x00, 0x4F, 0xFF,
    0x00, 0x00, 0x8F, 0xFF, 0x00, 0x00, 0xBF, 0xFF, 0x00, 0x00, 0xDF, 0xFF,
    0x00, 0x00, 0xFF, 0xFF, 0x00, 0x00, 0xFF, 0xFF, 0xFF, 0xF2, 0x00, 0x00,
    0xFF, 0xE0, 0x00, 0x00, 0xFF, 0xB0, 0x00, 0x00, 0xFF, 0xB0, 0x00, 0x00,
    0xFF, 0x80, 0x00, 0x00, 0xFF, 0x80, 0x00, 0x00, 0xFF, 0x80, 0x00, 0x00,
    0xFF, 0x80, 0x00, 0x00, 0x00, 0x00, 0x2F, 0xFF, 0x00, 0x00, 0x0E, 0xFF,
    0x00, 0x00, 0x0B, 0xFF, 0x00, 0x00, 0x0B, 0xFF, 0x00, 0x00, 0x08, 0xFF,
    0x00, 0x00, 0x08, 0xFF, 0x00, 0x00, 0x08, 0xFF, 0x00, 0x00, 0x08, 0xFF,
    0xFF, 0x80, 0x00, 0x00, 0xFF, 0xF1, 0x00, 0x00, 0xFF, 0xF8, 0x00, 0x00,
    0xFF, 0xF8, 0x00, 0x00, 0xFF, 0xFB, 0x00, 0x00, 0xFF, 0xFD, 0x00, 0x00,
    0xFF, 0xFF, 0x00, 0x00, 0xFF, 0xFF, 0x00, 0x00, 0x00, 0x00, 0xFF, 0xFF,
    0x00, 0x00, 0xDF, 0xFF, 0x00, 0x00, 0xBF, 0xFF, 0x00, 0x00, 0x8F, 0xFF,
    0x00, 0x00, 0x4F, 0xFF, 0x00, 0x00, 0x0E, 0xFF, 0x00, 0x00, 0x08, 0xFF,
    0x00, 0x00, 0x01, 0xEF, 0xFF, 0x80, 0x00, 0x00, 0xFF, 0x80, 0x00, 0x00,
    0xFF, 0x80, 0x00, 0x00, 0xFF, 0xB0, 0x00, 0x00, 0xFF, 0xB0, 0x00, 0x00,
    0xFF, 0xE1, 0x00, 0x00, 0xFF, 0xF4, 0x00, 0x00, 0xFF, 0xF8, 0x00, 0x00,
    0x00, 0x00, 0x08, 0xFF, 0x00, 0x00, 0x08, 0xFF, 0x00, 0x00, 0x08, 0xFF,
    0x00, 0x00, 0x0B, 0xFF, 0x00, 0x00, 0x0B, 0xFF, 0x00, 0x00, 0x1E, 0xFF,
    0x00, 0x00, 0x4F, 0xFF, 0x00, 0x00, 0x8F, 0xFF, 0xFF, 0xFF, 0x00, 0x00,
    0xFF, 0xFD, 0x00, 0x00, 0xFF, 0xFB, 0x00, 0x00, 0xFF, 0xF8, 0x00, 0x00,
    0xFF, 0xF4, 0x00, 0x00, 0xFF, 0xE0, 0x00, 0x00, 0xFF, 0x80, 0x00, 0x00,
    0xFD, 0x10, 0x00, 0x00, 0x00, 0x00, 0x00, 0x4F, 0x00, 0x00, 0x00, 0x08,
    0x00, 0x00, 0x00, 0x00, 0x00, 0x00, 0x00, 0x00, 0x00, 0x00, 0x00, 0x00,
    0x00, 0x00, 0x00, 0x00, 0x00, 0x00, 0x00, 0x00, 0x00, 0x00, 0x00, 0x00,
    0xFF, 0xFF, 0x20, 0x00, 0xFF, 0xFF, 0xE4, 0x00, 0x8E, 0xFF, 0xFF, 0xEB,
    0x01, 0x8E, 0xFF, 0xFF, 0x00, 0x01, 0x48, 0xBB, 0x00, 0x00, 0x00, 0x00,
    0x00, 0x00, 0x00, 0x00, 0x00, 0x00, 0x00, 0x00, 0x00, 0x02, 0xFF, 0xFF,
    0x00, 0x4E, 0xFF, 0xFF, 0xBE, 0xFF, 0xFF, 0xFF, 0xFF, 0xFF, 0xFF, 0xDB,
    0xBB, 0x84, 0x21, 0x00, 0x00, 0x00, 0x00, 0x00, 0x00, 0x00, 0x00, 0x00,
    0x00, 0x00, 0x00, 0x00, 0xF8, 0x8D, 0xE0, 0x00, 0xEE, 0xFF, 0xF0, 0x00,
    0xFF, 0xFF, 0xF0, 0x00, 0xBD, 0xFF, 0xF0, 0x00, 0x00, 0x14, 0x81, 0x00,
    0x00, 0x00, 0x00, 0x00, 0x00, 0x00, 0x00, 0x00, 0x00, 0x00, 0x00, 0x00,
    0x00, 0x00, 0x00, 0x00, 0x00, 0x00, 0x00, 0x00, 0x00, 0x00, 0x00, 0x88,
    0x00, 0x00, 0x00, 0xFF, 0x00, 0x00, 0x00, 0xFF, 0x00, 0x00, 0x00, 0xFF,
    0x00, 0x00, 0x00, 0xFF, 0x00, 0x00, 0x00, 0xFF, 0x00, 0x00, 0x00, 0x00,
    0x00, 0x00, 0x00, 0x00, 0x88, 0x88, 0x88, 0x88, 0xFF, 0xFF, 0xFF, 0xFF,
    0xFF, 0xFF, 0xFF, 0xFF, 0xFF, 0xFF, 0x10, 0x00, 0xFF, 0xFF, 0x00, 0x00,
    0xFF, 0xFF, 0x00, 0x00, 0x00, 0x00, 0x00, 0x00, 0x00, 0x00, 0x00, 0x00,
    0x88, 0x88, 0x84, 0x10, 0xFF, 0xFF, 0xFF, 0xFB, 0xFF, 0xFF, 0xFF, 0xFF,
    0x00, 0x4D, 0xFF, 0xFF, 0x00, 0x01, 0xEF, 0xFF, 0x00, 0x00, 0x8F, 0xFF,
    0x00, 0x00, 0x00, 0x00, 0x00, 0x00, 0x00, 0x00, 0x00, 0x00, 0x00, 0x00,
    0x20, 0x00, 0x00, 0x00, 0xF8, 0x00, 0x00, 0x00, 0xFF, 0x20, 0x00, 0x00,
    0xFF, 0xB0, 0x00, 0x00, 0xFF, 0xE0, 0x00, 0x00, 0x00, 0x00, 0x00, 0xFF,
    0x00, 0x00, 0x00, 0xFF, 0x00, 0x00, 0x00, 0xFF, 0x00, 0x00, 0x00, 0xFF,
    0x00, 0x00, 0x00, 0xFF, 0x00, 0x00, 0x00, 0xFF, 0x00, 0x00, 0x00, 0xFF,
    0x00, 0x00, 0x00, 0xFF, 0xFF, 0xFF, 0x00, 0x00, 0xFF, 0xFF, 0x00, 0x00,
    0xFF, 0xFF, 0x00, 0x00, 0xFF, 0xFF, 0x00, 0x00, 0xFF, 0xFF, 0x00, 0x00,
    0xFF, 0xFF, 0x00, 0x00, 0xFF, 0xFF, 0x44, 0x44, 0xFF, 0xFF, 0xFF, 0xFF,
    0x00, 0x00, 0x4F, 0xFF, 0x00, 0x00, 0x4F, 0xFF, 0x00, 0x00, 0x4F, 0xFF,
    0x00, 0x00, 0x8F, 0xFF, 0x00, 0x00, 0x8F, 0xFF, 0x00, 0x04, 0xFF, 0xFF,
    0x44, 0x8F, 0xFF, 0xFF, 0xFF, 0xFF, 0xFF, 0xD8, 0xFF, 0xF2, 0x00, 0x00,
    0xFF, 0xF4, 0x00, 0x00, 0xFF, 0xF4, 0x00, 0x00, 0xFF, 0xE1, 0x00, 0x00,
    0xFF, 0x80, 0x00, 0x00, 0xFE, 0x20, 0x00, 0x00, 0xE4, 0x00, 0x00, 0x00,
    0x20, 0x00, 0x00, 0x00, 0x00, 0x00, 0x00, 0xFF, 0x00, 0x00, 0x00, 0xFF,
    0x00, 0x00, 0x00, 0xFF, 0x00, 0x00, 0x00, 0xFF, 0x00, 0x00, 0x00, 0xFF,
    0x00, 0x00, 0x00, 0xFF, 0x00, 0x00, 0x00, 0xFF, 0x00, 0x00, 0x00, 0xFF,
    0xFF, 0xFF, 0xFF, 0xFF, 0xFF, 0xFF, 0x44, 0x44, 0xFF, 0xFF, 0x00, 0x00,
    0xFF, 0xFF, 0x00, 0x00, 0xFF, 0xFF, 0x00, 0x00, 0xFF, 0xFF, 0x00, 0x00,
    0xFF, 0xFF, 0x00, 0x00, 0xFF, 0xFF, 0x00, 0x00, 0xFF, 0xFF, 0xFF, 0x82,
    0x44, 0xBF, 0xFF, 0xFF, 0x00, 0x08, 0xFF, 0xFF, 0x00, 0x00, 0xBF, 0xFF,
    0x00, 0x00, 0x8F, 0xFF, 0x00, 0x00, 0x2F, 0xFF, 0x00, 0x00, 0x0F, 0xFF,
    0x00, 0x00, 0x0F, 0xFF, 0x00, 0x00, 0x00, 0x00, 0x80, 0x00, 0x00, 0x00,
    0xF8, 0x00, 0x00, 0x00, 0xFF, 0x20, 0x00, 0x00, 0xFF, 0x80, 0x00, 0x00,
    0xFF, 0xB0, 0x00, 0x00, 0xFF, 0xE0, 0x00, 0x00, 0xFF, 0xF0, 0x00, 0x00,
    0x00, 0x00, 0x00, 0xFF, 0x00, 0x00, 0x00, 0xFF, 0x00, 0x00, 0x00, 0xFF,
    0x00, 0x00, 0x00, 0xFF, 0x00, 0x00, 0x00, 0x44, 0x00, 0x00, 0x00, 0x00,
    0x00, 0x00, 0x00, 0x00, 0x00, 0x00, 0x00, 0x00, 0xFF, 0xFF, 0x00, 0x00,
    0xFF, 0xFF, 0x00, 0x00, 0xFF, 0xFF, 0x00, 0x00, 0xFF, 0xFF, 0x00, 0x00,
    0x44, 0x44, 0x00, 0x00, 0x00, 0x00, 0x00, 0x00, 0x00, 0x00, 0x00, 0x00,
    0x00, 0x00, 0x00, 0x00, 0x00, 0x00, 0x0F, 0xFF, 0x00, 0x00, 0x0F, 0xFF,
    0x00, 0x00, 0x0F, 0xFF, 0x00, 0x00, 0x0F, 0xFF, 0x00, 0x00, 0x04, 0x44,
    0x00, 0x00, 0x00, 0x00, 0x00, 0x00, 0x00, 0x00, 0x00, 0x00, 0x00, 0x00,
    0xFF, 0xF2, 0x00, 0x00, 0xFF, 0xF4, 0x00, 0x00, 0xFF, 0xF4, 0x00, 0x00,
    0xFF, 0xF4, 0x00, 0x00, 0x44, 0x41, 0x00, 0x00, 0x00, 0x00, 0x00, 0x00,
    0x00, 0x00, 0x00, 0x00, 0x00, 0x00, 0x00, 0x00, 0x00, 0x00, 0x00, 0x00,
    0x00, 0x00, 0x00, 0x00, 0x00, 0x00, 0x00, 0x00, 0x00, 0x00, 0x00, 0x00,
    0x00, 0x00, 0x00, 0x02, 0x00, 0x00, 0x00, 0x1E, 0x00, 0x00, 0x00, 0x8F,
    0x00, 0x00, 0x00, 0xDF, 0x00, 0x00, 0x00, 0x00, 0x00, 0x00, 0x00, 0x01,
    0x00, 0x28, 0x8B, 0xEF, 0x2B, 0xFF, 0xFF, 0xFF, 0xEF, 0xFF, 0xFD, 0x88,
    0xFF, 0xFF, 0xB0, 0x00, 0xFF, 0xFF, 0x20, 0x00, 0xFF, 0xFF, 0x00, 0x00,
    0x00, 0x00, 0x00, 0x00, 0x00, 0x00, 0x00, 0x00, 0xFF, 0xDB, 0x82, 0x00,
    0xFF, 0xFF, 0xFF, 0xD4, 0x8B, 0xFF, 0xFF, 0xFF, 0x00, 0x2D, 0xFF, 0xFF,
    0x00, 0x02, 0xFF, 0xFF, 0x00, 0x00, 0xDF, 0xFF, 0x00, 0x00, 0x00, 0x00,
    0x00, 0x00, 0x00, 0x00, 0x00, 0x00, 0x00, 0x00, 0x00, 0x00, 0x00, 0x00,
    0x80, 0x00, 0x00, 0x00, 0xF8, 0x00, 0x00, 0x00, 0xFE, 0x10, 0x00, 0x00,
    0xFF, 0x80, 0x00, 0x00, 0x00, 0x00, 0x00, 0xFF, 0x00, 0x00, 0x00, 0xFF,
    0x00, 0x00, 0x00, 0xDF, 0x00, 0x00, 0x00, 0x8F, 0x00, 0x00, 0x00, 0x4F,
    0x00, 0x00, 0x00, 0x08, 0x00, 0x00, 0x00, 0x00, 0x00, 0x00, 0x00, 0x00,
    0xFF, 0xFF, 0x20, 0x00, 0xFF, 0xFF, 0xB0, 0x00, 0xFF, 0xFF, 0xFD, 0x40,
    0xFF, 0xFF, 0xFF, 0xFD, 0xFF, 0xFF, 0xFF, 0xFF, 0xFF, 0xFF, 0xFF, 0xFF,
    0x8F, 0xFF, 0xFF, 0xFF, 0x04, 0xDF, 0xFF, 0xFF, 0x00, 0x00, 0x8F, 0xFF,
    0x00, 0x00, 0x8F, 0xFF, 0x00, 0x00, 0x01, 0x00, 0x80, 0x00, 0x00, 0x00,
    0xFE, 0x81, 0x00, 0x00, 0xFF, 0xFF, 0xB2, 0x00, 0xFF, 0xFF, 0xFF, 0xB2,
    0xFF, 0xFF, 0xFF, 0xFE, 0xFF, 0x80, 0x00, 0x00, 0xFF, 0xB0, 0x00, 0x00,
    0x01, 0x00, 0x00, 0x00, 0x00, 0x00, 0x00, 0x00, 0x00, 0x00, 0x00, 0x00,
    0x00, 0x00, 0x00, 0x00, 0x00, 0x00, 0x00, 0x00, 0x40, 0x00, 0x00, 0x00,
    0x00, 0x00, 0x00, 0x00, 0x00, 0x00, 0x00, 0x00, 0x00, 0x00, 0x00, 0x00,
    0x00, 0x00, 0x02, 0x44, 0x00, 0x00, 0x08, 0xFF, 0x00, 0x00, 0x04, 0xFF,
    0x00, 0x00, 0x01, 0xFF, 0x00, 0x00, 0x00, 0xBF, 0x00, 0x08, 0xDF, 0xFF,
    0x00, 0x00, 0x04, 0xBF, 0x00, 0x00, 0x00, 0x02, 0x44, 0x42, 0x00, 0x00,
    0xFF, 0xFB, 0x00, 0x00, 0xFF, 0xFB, 0x00, 0x00, 0xFF, 0xFE, 0x00, 0x00,
    0xFF, 0xFF, 0x20, 0x00, 0xFF, 0xFF, 0xFF, 0xFF, 0xFF, 0xFF, 0xFF, 0xFF,
    0x8E, 0xFF, 0xFF, 0xFF, 0x01, 0x8F, 0xFF, 0xFF, 0x00, 0x08, 0xFF, 0xFF,
    0x00, 0x00, 0x8F, 0xFF, 0x00, 0x00, 0x4F, 0xFF, 0x00, 0x00, 0x4F, 0xFF,
    0xF8, 0x00, 0x00, 0x00, 0xFF, 0x20, 0x00, 0x00, 0xFF, 0x80, 0x00, 0x00,
    0xFF, 0xE0, 0x00, 0x00, 0xFF, 0xF2, 0x00, 0x00, 0xFF, 0xF4, 0x00, 0x00,
    0xFF, 0xF2, 0x00, 0x00, 0xFF, 0xE0, 0x00, 0x00, 0x00, 0x00, 0x00, 0x4F,
    0x00, 0x00, 0x00, 0x08, 0x00, 0x00, 0x00, 0x00, 0x00, 0x00, 0x00, 0x00,
    0x00, 0x00, 0x00, 0x00, 0x00, 0x00, 0x00, 0x00, 0x00, 0x00, 0x00, 0x00,
    0x00, 0x00, 0x00, 0x00, 0xFF, 0xFF, 0xB0, 0x00, 0xFF, 0xFF, 0xF8, 0x10,
    0x8F, 0xFF, 0xFF, 0xFD, 0x02, 0x8E, 0xFF, 0xFF, 0x00, 0x00, 0x48, 0x8B,
    0x00, 0x00, 0x00, 0x00, 0x00, 0x00, 0x00, 0x00, 0x00, 0x00, 0x00, 0x00,
    0x00, 0x00, 0x8F, 0xFF, 0x00, 0x18, 0xFF, 0xFF, 0xBB, 0xFF, 0xFF, 0xFF,
    0xFF, 0xFF, 0xFF, 0xD8, 0xBB, 0x88, 0x82, 0x00, 0x00, 0x00, 0x00, 0x00,
    0x00, 0x00, 0x00, 0x00, 0x00, 0x00, 0x00, 0x00, 0xFF, 0x80, 0x00, 0x00,
    0xFD, 0x10, 0x00, 0x00, 0xE2, 0x00, 0x00, 0x00, 0x10, 0x00, 0x00, 0x00,
    0x00, 0x00, 0x00, 0x00, 0x00, 0x00, 0x00, 0x00, 0x00, 0x00, 0x00, 0x00,
    0x00, 0x00, 0x00, 0x00, 0x00, 0x00, 0x00, 0x00, 0x00, 0x00, 0x00, 0x00,
    0x00, 0x00, 0x00, 0x88, 0x00, 0x00, 0x00, 0xFF, 0x00, 0x00, 0x00, 0xEF,
    0x00, 0x00, 0x00, 0x00, 0x00, 0x00, 0x00, 0x00, 0x00, 0x00, 0x00, 0x00,
    0x00, 0x00, 0x00, 0x00, 0x00, 0x00, 0x00, 0x00, 0x88, 0x88, 0x88, 0x88,
    0xFF, 0xFF, 0xFF, 0xFF, 0xFF, 0xFF, 0xFF, 0xFF, 0x00, 0x00, 0x0B, 0xFF,
    0x00, 0x00, 0x0B, 0xFF, 0x00, 0x00, 0x0B, 0xFF, 0x00, 0x00, 0x00, 0x00,
    0x00, 0x00, 0x00, 0x00, 0x88, 0x88, 0x88, 0x88, 0xFF, 0xFF, 0xFF, 0xFF,
    0xFF, 0xFF, 0xEF, 0xFF, 0xFF, 0xF8, 0x00, 0x00, 0xFF, 0xF8, 0x00, 0x00,
    0xFF, 0xF8, 0x00, 0x00, 0x00, 0x00, 0x00, 0x00, 0x00, 0x00, 0x00, 0x00,
    0x88, 0x40, 0x00, 0x00, 0xFF, 0xB0, 0x00, 0x00, 0xFF, 0xB0, 0x00, 0x00,
    0x01, 0x00, 0x00, 0x00, 0x00, 0x00, 0x00, 0x00, 0x00, 0x00, 0x00, 0x00,
    0x00, 0x00, 0x00, 0x00, 0x00, 0x00, 0x00, 0x00, 0x00, 0x00, 0x00, 0x00,
    0x00, 0x00, 0x00, 0x00, 0x00, 0x00, 0x00, 0x00, 0x00, 0x00, 0x00, 0x00,
    0x00, 0x00, 0x00, 0x00, 0x00, 0x00, 0x00, 0x00, 0x00, 0x00, 0x0B, 0xFF,
    0x00, 0x00, 0x0B, 0xFF, 0x00, 0x00, 0x0B, 0xFF, 0x00, 0x00, 0x0B, 0xFF,
    0x00, 0x00, 0x0B, 0xFF, 0x00, 0x00, 0x0B, 0xFF, 0x00, 0x00, 0x0B, 0xFF,
    0x00, 0x00, 0x0B, 0xFF, 0xFF, 0xF8, 0x00, 0x00, 0xFF, 0xF8, 0x00, 0x00,
    0xFF, 0xF8, 0x00, 0x00, 0xFF, 0xF8, 0x00, 0x00, 0xFF, 0xF8, 0x00, 0x00,
    0xFF, 0xF8, 0x00, 0x00, 0xFF, 0xF8, 0x00, 0x00, 0xFF, 0xF8, 0x00, 0x00,
    0x00, 0x00, 0x00, 0x00, 0x00, 0x00, 0x00, 0x00, 0x00, 0x00, 0x00, 0x00,
    0x00, 0x00, 0x00, 0x00, 0x00, 0x00, 0x00, 0x00, 0x00, 0x00, 0x00, 0x00,
    0x00, 0x00, 0x00, 0x00, 0x00, 0x00, 0x00, 0x00, 0x00, 0x00, 0x00, 0x00,
    0x00, 0x00, 0x00, 0x00, 0x00, 0x00, 0x00, 0x00, 0x00, 0x00, 0x00, 0x00,
    0x00, 0x00, 0x00, 0x00, 0x00, 0x00, 0x00, 0x00, 0x00, 0x00, 0x00, 0x00,
    0x00, 0x00, 0x00, 0x00, 0x00, 0x00, 0x0B, 0xFF, 0x00, 0x00, 0x0B, 0xFF,
    0x00, 0x00, 0x0B, 0xFF, 0x00, 0x00, 0x0B, 0xFF, 0x00, 0x00, 0x0B, 0xFF,
    0x00, 0x00, 0x0B, 0xFF, 0x00, 0x00, 0x0B, 0xFF, 0x00, 0x00, 0x0B, 0xFF,
    0xFF, 0xF8, 0x00, 0x00, 0xFF, 0xF8, 0x00, 0x00, 0xFF, 0xF8, 0x00, 0x00,
    0xFF, 0xF8, 0x00, 0x00, 0xFF, 0xF8, 0x00, 0x00, 0xFF, 0xF8, 0x00, 0x00,
    0xFF, 0xF8, 0x00, 0x00, 0xFF, 0xF8, 0x00, 0x00, 0x00, 0x00, 0x00, 0x00,
    0x00, 0x00, 0x00, 0x00, 0x00, 0x00, 0x00, 0x00, 0x00, 0x00, 0x00, 0x00,
    0x00, 0x00, 0x00, 0x00, 0x00, 0x00, 0x00, 0x00, 0x00, 0x00, 0x00, 0x00,
    0x00, 0x00, 0x00, 0x00, 0x00, 0x00, 0x00, 0x00, 0x00, 0x00, 0x00, 0x00,
    0x00, 0x00, 0x00, 0x00, 0x00, 0x00, 0x00, 0x00, 0x00, 0x00, 0x00, 0x00,
    0x00, 0x00, 0x00, 0x00, 0x00, 0x00, 0x00, 0x00, 0x00, 0x00, 0x00, 0x00,
    0x00, 0x00, 0x0B, 0xFF, 0x00, 0x00, 0x0B, 0xFF, 0x00, 0x00, 0x0B, 0xFF,
    0x00, 0x00, 0x0B, 0xFF, 0x00, 0x00, 0x02, 0x44, 0x00, 0x00, 0x00, 0x00,
    0x00, 0x00, 0x00, 0x00, 0x00, 0x00, 0x00, 0x00, 0xFF, 0xF8, 0x00, 0x00,
    0xFF, 0xF8, 0x00, 0x00, 0xFF, 0xF8, 0x00, 0x00, 0xFF, 0xF8, 0x00, 0x00,
    0x44, 0x42, 0x00, 0x00, 0x00, 0x00, 0x00, 0x00, 0x00, 0x00, 0x00, 0x00,
    0x00, 0x00, 0x00, 0x00, 0x00, 0x00, 0x00, 0x00, 0x00, 0x00, 0x00, 0x00,
    0x00, 0x00, 0x00, 0x00, 0x00, 0x00, 0x00, 0x00, 0x00, 0x00, 0x00, 0x00,
    0x00, 0x00, 0x00, 0x00, 0x00, 0x00, 0x00, 0x00, 0x00, 0x00, 0x00, 0x00,
    0x00, 0x00, 0x00, 0x00, 0x00, 0x00, 0x00, 0x00, 0x00, 0x00, 0x04, 0x88,
    0x00, 0x00, 0x0B, 0xFF, 0x00, 0x00, 0x0B, 0xFF, 0x00, 0x00, 0x0B, 0xFF,
    0x00, 0x00, 0x0B, 0xFF, 0x00, 0x00, 0x0B, 0xFF, 0x00, 0x00, 0x00, 0x00,
    0x00, 0x00, 0x00, 0x00, 0x88, 0x82, 0x00, 0x00, 0xFF, 0xF4, 0x00, 0x00,
    0xFF, 0xF4, 0x00, 0x00, 0xFF, 0xF4, 0x00, 0x00, 0xFF, 0xF4, 0x00, 0x00,
    0xFF, 0xF4, 0x00, 0x00, 0x00, 0x00, 0x00, 0x00, 0x00, 0x00, 0x00, 0x00,
    0x00, 0x00, 0x02, 0x88, 0x00, 0x00, 0x04, 0xFF, 0x00, 0x00, 0x04, 0xFF,
    0x00, 0x00, 0x04, 0xFF, 0x00, 0x00, 0x04, 0xFF, 0x00, 0x00, 0x04, 0xFF,
    0x00, 0x00, 0x00, 0x00, 0x00, 0x00, 0x00, 0x00, 0x88, 0x84, 0x00, 0x00,
    0xFF, 0xFB, 0x10, 0x00, 0xFF, 0xFB, 0x00, 0x00, 0xFF, 0xFB, 0x00, 0x00,
    0xFF, 0xFB, 0x00, 0x00, 0xFF, 0xFB, 0x00, 0x00, 0x00, 0x00, 0x0B, 0xFF,
    0x00, 0x00, 0x0B, 0xFF, 0x00, 0x00, 0x0B, 0xFF, 0x00, 0x00, 0x0B, 0xFF,
    0x00, 0x00, 0x0B, 0xFF, 0x00, 0x00, 0x0B, 0xFF, 0x00, 0x00, 0x0B, 0xFF,
    0x00, 0x00, 0x0B, 0xFF, 0xFF, 0xF4, 0x00, 0x00, 0xFF, 0xF4, 0x00, 0x00,
    0xFF, 0xF4, 0x00, 0x00, 0xFF, 0xF4, 0x00, 0x00, 0xFF, 0xF4, 0x00, 0x00,
    0xFF, 0xF4, 0x00, 0x00, 0xFF, 0xF4, 0x00, 0x00, 0xFF, 0xF4, 0x00, 0x00,
    0x00, 0x00, 0x04, 0xFF, 0x00, 0x00, 0x04, 0xFF, 0x00, 0x00, 0x04, 0xFF,
    0x00, 0x00, 0x04, 0xFF, 0x00, 0x00, 0x04, 0xFF, 0x00, 0x00, 0x04, 0xFF,
    0x00, 0x00, 0x04, 0xFF, 0x00, 0x00, 0x04, 0xFF, 0xFF, 0xFB, 0x00, 0x00,
    0xFF, 0xFB, 0x00, 0x00, 0xFF, 0xFB, 0x00, 0x00, 0xFF, 0xFB, 0x00, 0x00,
    0xFF, 0xFB, 0x00, 0x00, 0xFF, 0xFB, 0x00, 0x00, 0xFF, 0xFB, 0x00, 0x00,
    0xFF, 0xFB, 0x00, 0x00, 0x00, 0x00, 0x0B, 0xFF, 0x00, 0x00, 0x0B, 0xFF,
    0x00, 0x00, 0x0B, 0xFF, 0x00, 0x00, 0x08, 0xFF, 0x00, 0x00, 0x08, 0xFF,
    0x00, 0x00, 0x02, 0xFF, 0x00, 0x00, 0x00, 0xDF, 0x00, 0x00, 0x00, 0x8F,
    0xFF, 0xF4, 0x00, 0x00, 0xFF, 0xF4, 0x00, 0x00, 0xFF, 0xF4, 0x00, 0x00,
    0xFF, 0xF4, 0x00, 0x00, 0xFF, 0xF4, 0x00, 0x00, 0xFF, 0xF8, 0x00, 0x00,
    0xFF, 0xF8, 0x00, 0x00, 0xFF, 0xFD, 0x10, 0x00, 0x00, 0x00, 0x04, 0xFF,
    0x00, 0x00, 0x04, 0xFF, 0x00, 0x00, 0x04, 0xFF, 0x00, 0x00, 0x04, 0xFF,
    0x00, 0x00, 0x04, 0xFF, 0x00, 0x00, 0x08, 0xFF, 0x00, 0x00, 0x08, 0xFF,
    0x00, 0x00, 0x1D, 0xFF, 0xFF, 0xFB, 0x00, 0x00, 0xFF, 0xFB, 0x00, 0x00,
    0xFF, 0xFB, 0x00, 0x00, 0xFF, 0xF8, 0x00, 0x00, 0xFF, 0xF8, 0x00, 0x00,
    0xFF, 0xF2, 0x00, 0x00, 0xFF, 0xD0, 0x00, 0x00, 0xFF, 0x80, 0x00, 0x00,
    0x00, 0x00, 0x00, 0x0D, 0x00, 0x00, 0x00, 0x02, 0x00, 0x00, 0x00, 0x00,
    0x00, 0x00, 0x00, 0x00, 0x00, 0x00, 0x00, 0x00, 0x00, 0x00, 0x00, 0x00,
    0x00, 0x00, 0x00, 0x00, 0x00, 0x00, 0x00, 0x00, 0xFF, 0xFF, 0x80, 0x00,
    0xEF, 0xFF, 0xF8, 0x20, 0x2D, 0xFF, 0xFF, 0xFD, 0x01, 0x8D, 0xFF, 0xFF,
    0x00, 0x00, 0x48, 0x8B, 0x00, 0x00, 0x00, 0x00, 0x00, 0x00, 0x00, 0x00,
    0x00, 0x00, 0x00, 0x00, 0x00, 0x00, 0x8F, 0xFF, 0x00, 0x28, 0xFF, 0xFF,
    0xBB, 0xFF, 0xFF, 0xFD, 0xFF, 0xFF, 0xFD, 0x81, 0xBB, 0x88, 0x20, 0x00,
    0x00, 0x00, 0x00, 0x00, 0x00, 0x00, 0x00, 0x00, 0x00, 0x00, 0x00, 0x00,
    0xFD, 0x00, 0x00, 0x00, 0xE2, 0x00, 0x00, 0x00, 0x20, 0x00, 0x00, 0x00,
    0x00, 0x00, 0x00, 0x00, 0x00, 0x00, 0x00, 0x00, 0x00, 0x00, 0x00, 0x00,
    0x00, 0x00, 0x00, 0x00, 0x00, 0x00, 0x00, 0x00, 0x00, 0x00, 0x00, 0x00,
    0x00, 0x00, 0x00, 0x00, 0x00, 0x00, 0x88, 0x88, 0x00, 0x00, 0xBF, 0xFF,
    0x00, 0x00, 0x8F, 0xFF, 0x00, 0x00, 0x1F, 0xFF, 0x00, 0x00, 0x0D, 0xFF,
    0x00, 0x00, 0x08, 0xFF, 0x00, 0x00, 0x00, 0x00, 0x00, 0x00, 0x00, 0x00,
    0x88, 0x40, 0x00, 0x00, 0xFF, 0xD0, 0x00, 0x00, 0xFF, 0xF2, 0x00, 0x00,
    0xFF, 0xF8, 0x00, 0x00, 0xFF, 0xFB, 0x00, 0x00, 0xFF, 0xFE, 0x00, 0x00,
    0x00, 0x00, 0x00, 0x00, 0x00, 0x00, 0x00, 0x00, 0x00, 0x00, 0x00, 0x88,
    0x00, 0x00, 0x02, 0xFF, 0x00, 0x00, 0x08, 0xFF, 0x00, 0x00, 0x0B, 0xFF,
    0x00, 0x00, 0x0E, 0xFF, 0x00, 0x00, 0x2F, 0xFF, 0x00, 0x00, 0x00, 0x00,
    0x00, 0x00, 0x00, 0x00, 0x88, 0x88, 0x40, 0x00, 0xFF, 0xFF, 0x80, 0x00,
    0xFF, 0xFF, 0x20, 0x00, 0xFF, 0xFD, 0x00, 0x00, 0xFF, 0xF8, 0x00, 0x00,
    0xFF, 0xF2, 0x00, 0x00, 0x00, 0x00, 0x02, 0xFF, 0x00, 0x00, 0x00, 0xDF,
    0x00, 0x00, 0x00, 0x8F, 0x00, 0x00, 0x00, 0x4F, 0x00, 0x00, 0x00, 0x0E,
    0x00, 0x00, 0x00, 0x08, 0x00, 0x00, 0x00, 0x08, 0x00, 0x00, 0x00, 0x01,
    0xFF, 0xFF, 0x40, 0x00, 0xFF, 0xFF, 0x80, 0x00, 0xFF, 0xFF, 0xB0, 0x00,
    0xFF, 0xFF, 0xF1, 0x00, 0xFF, 0xFF, 0xF4, 0x00, 0xFF, 0xFF, 0xF8, 0x00,
    0xFF, 0xFF, 0xFD, 0x00, 0xFF, 0xFF, 0xFF, 0x20, 0x00, 0x00, 0x8F, 0xFF,
    0x00, 0x00, 0xBF, 0xFF, 0x00, 0x01, 0xEF, 0xFF, 0x00, 0x04, 0xFF, 0xFF,
    0x00, 0x08, 0xFF, 0xFF, 0x00, 0x0D, 0xFF, 0xFF, 0x00, 0x1F, 0xFF, 0xFF,
    0x00, 0x8F, 0xFF, 0xFF, 0xFF, 0xE0, 0x00, 0x00, 0xFF, 0x80, 0x00, 0x00,
    0xFF, 0x40, 0x00, 0x00, 0xFF, 0x10, 0x00, 0x00, 0xFB, 0x00, 0x00, 0x00,
    0xF8, 0x00, 0x00, 0x00, 0xF2, 0x00, 0x00, 0x00, 0xD0, 0x00, 0x00, 0x00,
    0x00, 0x00, 0x00, 0x00, 0x00, 0x00, 0x00, 0x00, 0x00, 0x00, 0x00, 0x00,
    0x00, 0x00, 0x00, 0x00, 0x00, 0x00, 0x00, 0x00, 0x00, 0x00, 0x00, 0x00,
    0x00, 0x00, 0x00, 0x00, 0x00, 0x00, 0x00, 0x00, 0xBF, 0xFF, 0xFF, 0x40,
    0x8F, 0xFF, 0xFF, 0x80, 0x2F, 0xFF, 0xFF, 0xD0, 0x0D, 0xFF, 0xFF, 0xF2,
    0x08, 0xFF, 0xFF, 0xF4, 0x04, 0xFF, 0xFF, 0xF8, 0x00, 0xEF, 0xFF, 0xFB,
    0x00, 0x8F, 0xFF, 0xFE, 0x00, 0x8F, 0xFF, 0xFF, 0x00, 0xDF, 0xFF, 0xFF,
    0x02, 0xFF, 0xFF, 0xFD, 0x04, 0xFF, 0xFF, 0xF8, 0x08, 0xFF, 0xFF, 0xF4,
    0x0B, 0xFF, 0xFF, 0xE1, 0x1E, 0xFF, 0xFF, 0xB0, 0x4F, 0xFF, 0xFF, 0x80,
    0x80, 0x00, 0x00, 0x00, 0x20, 0x00, 0x00, 0x00, 0x00, 0x00, 0x00, 0x00,
    0x00, 0x00, 0x00, 0x00, 0x10, 0x00, 0x00, 0x00, 0x00, 0x00, 0x00, 0x00,
    0x00, 0x00, 0x00, 0x00, 0x00, 0x00, 0x00, 0x00, 0x00, 0x00, 0x00, 0x00,
    0x00, 0x00, 0x00, 0x00, 0x00, 0x00, 0x00, 0x00, 0x00, 0x00, 0x00, 0x00,
    0x00, 0x00, 0x00, 0x00, 0x00, 0x00, 0x00, 0x00, 0x00, 0x00, 0x00, 0x00,
    0x00, 0x00, 0x00, 0x00, 0x00, 0x4F, 0xFF, 0xFE, 0x00, 0x1F, 0xFF, 0xFF,
    0x00, 0x0B, 0xFF, 0xFF, 0x00, 0x08, 0xFF, 0xFF, 0x00, 0x01, 0x44, 0x44,
    0x00, 0x00, 0x00, 0x00, 0x00, 0x00, 0x00, 0x00, 0x00, 0x00, 0x00, 0x00,
    0xBF, 0xFF, 0xFF, 0x10, 0xFF, 0xFF, 0xFD, 0x00, 0xFF, 0xFF, 0xF8, 0x00,
    0xFF, 0xFF, 0xF2, 0x00, 0x44, 0x44, 0x40, 0x00, 0x00, 0x00, 0x00, 0x00,
    0x00, 0x00, 0x00, 0x00, 0x00, 0x00, 0x00, 0x00, 0x00, 0x00, 0x00, 0x00,
    0x00, 0x00, 0x00, 0x00, 0x00, 0x00, 0x00, 0x00, 0x00, 0x00, 0x00, 0x00,
    0x00, 0x00, 0x00, 0x00, 0x00, 0x00, 0x00, 0x00, 0x00, 0x00, 0x00, 0x00,
    0x00, 0x00, 0x00, 0x00, 0x00, 0x00, 0x00, 0x00, 0x00, 0x00, 0x00, 0x00,
    0x01, 0x24, 0x44, 0x42, 0x01, 0x8F, 0xFF, 0xFB, 0x00, 0x8F, 0xFF, 0xFD,
    0x00, 0x4F, 0xFF, 0xFF, 0x00, 0x1F, 0xFF, 0xFF, 0x00, 0x0D, 0xFF, 0xFF,
    0x00, 0x00, 0x00, 0x00, 0x00, 0x00, 0x00, 0x00, 0x00, 0x00, 0x00, 0x24,
    0x00, 0x00, 0x00, 0x8F, 0x00, 0x00, 0x00, 0xBF, 0x00, 0x00, 0x00, 0xEF,
    0x20, 0x00, 0x02, 0xFF, 0x40, 0x00, 0x04, 0xFF, 0x00, 0x00, 0x00, 0x00,
    0x00, 0x00, 0x00, 0x00, 0x44, 0x20, 0x00, 0x00, 0xFF, 0x80, 0x00, 0x00,
    0xFF, 0xB0, 0x00, 0x00, 0xFF, 0xE0, 0x00, 0x00, 0xEF, 0xF2, 0x00, 0x00,
    0x8F, 0xF4, 0x00, 0x00, 0x00, 0x00, 0x00, 0x00, 0x00, 0x00, 0x00, 0x00,
    0x02, 0x44, 0x44, 0x21, 0x0B, 0xFF, 0xFF, 0x81, 0x0D, 0xFF, 0xFF, 0x80,
    0x0F, 0xFF, 0xFF, 0x40, 0x2F, 0xFF, 0xFF, 0x10, 0x4F, 0xFF, 0xFD, 0x00,
    0x00, 0x0B, 0xFF, 0xFF, 0x00, 0x08, 0xFF, 0xFF, 0x00, 0x04, 0xFF, 0xFF,
    0x00, 0x02, 0xFF, 0xFF, 0x00, 0x00, 0xEF, 0xFF, 0x00, 0x00, 0xBF, 0xFF,
    0x00, 0x00, 0x8F, 0xFF, 0x00, 0x00, 0x8F, 0xFF, 0x80, 0x00, 0x08, 0xFE,
    0x80, 0x00, 0x08, 0xFD, 0xB0, 0x00, 0x0B, 0xFB, 0xE0, 0x00, 0x0E, 0xF8,
    0xF1, 0x00, 0x1F, 0xF8, 0xF4, 0x00, 0x4F, 0xF4, 0xF8, 0x00, 0x8F, 0xF2,
    0xF8, 0x00, 0x8F, 0xF0, 0x2E, 0xF8, 0x00, 0x00, 0x1D, 0xF8, 0x00, 0x00,
    0x0B, 0xFB, 0x00, 0x00, 0x08, 0xFE, 0x00, 0x00, 0x08, 0xFF, 0x10, 0x01,
    0x04, 0xFF, 0x40, 0x04, 0x02, 0xFF, 0x80, 0x08, 0x00, 0xEF, 0x80, 0x08,
    0x8F, 0xFF, 0xFB, 0x00, 0x8F, 0xFF, 0xF8, 0x00, 0xBF, 0xFF, 0xF4, 0x00,
    0xEF, 0xFF, 0xF2, 0x00, 0xFF, 0xFF, 0xE0, 0x00, 0xFF, 0xFF, 0xB0, 0x00,
    0xFF, 0xFF, 0x80, 0x00, 0xFF, 0xFF, 0x80, 0x00, 0x00, 0x00, 0x4F, 0xFF,
    0x00, 0x00, 0x1F, 0xFF, 0x00, 0x00, 0x0D, 0xFF, 0x00, 0x00, 0x0B, 0xFF,
    0x00, 0x00, 0x08, 0xFF, 0x00, 0x00, 0x04, 0xFF, 0x00, 0x00, 0x01, 0xFF,
    0x00, 0x00, 0x00, 0xEF, 0xFB, 0x00, 0xBF, 0xD0, 0xFD, 0x00, 0xDF, 0xB0,
    0xFF, 0x00, 0xFF, 0x80, 0xFF, 0x12, 0xFF, 0x40, 0xFF, 0x24, 0xFF, 0x40,
    0xFF, 0x48, 0xFF, 0x10, 0xFF, 0x88, 0xFD, 0x00, 0xFF, 0x8B, 0xFB, 0x00,
    0x00, 0xBF, 0xB0, 0x0B, 0x00, 0xBF, 0xD0, 0x0D, 0x00, 0x8F, 0xF0, 0x0F,
    0x00, 0x4F, 0xF2, 0x1F, 0x00, 0x2F, 0xF4, 0x2F, 0x00, 0x0F, 0xF8, 0x4F,
    0x00, 0x0D, 0xF8, 0x8F, 0x00, 0x0B, 0xFB, 0x8F, 0xFF, 0xFF, 0x40, 0x00,
    0xFF, 0xFF, 0x10, 0x00, 0xFF, 0xFD, 0x00, 0x00, 0xFF, 0xFB, 0x00, 0x00,
    0xFF, 0xF8, 0x00, 0x00, 0xFF, 0xF4, 0x00, 0x00, 0xFF, 0xF1, 0x00, 0x00,
    0xFF, 0xE0, 0x00, 0x00, 0x00, 0x00, 0x00, 0xBF, 0x00, 0x00, 0x00, 0x8F,
    0x00, 0x00, 0x00, 0x8F, 0x00, 0x00, 0x00, 0x2F, 0x00, 0x00, 0x00, 0x04,
    0x00, 0x00, 0x00, 0x00, 0x00, 0x00, 0x00, 0x00, 0x00, 0x00, 0x00, 0x00,
    0xFF, 0xDE, 0xF8, 0x00, 0xFF, 0xEF, 0xF8, 0x00, 0xFF, 0xFF, 0xF4, 0x00,
    0xFF, 0xFF, 0xF1, 0x00, 0x44, 0x44, 0x40, 0x00, 0x00, 0x00, 0x00, 0x00,
    0x00, 0x00, 0x00, 0x00, 0x00, 0x00, 0x00, 0x00, 0x00, 0x08, 0xFE, 0xDF,
    0x00, 0x08, 0xFF, 0xEF, 0x00, 0x04, 0xFF, 0xFF, 0x00, 0x01, 0xFF, 0xFF,
    0x00, 0x00, 0x44, 0x44, 0x00, 0x00, 0x00, 0x00, 0x00, 0x00, 0x00, 0x00,
    0x00, 0x00, 0x00, 0x00, 0xFF, 0xB0, 0x00, 0x00, 0xFF, 0x80, 0x00, 0x00,
    0xFF, 0x80, 0x00, 0x00, 0xFF, 0x20, 0x00, 0x00, 0x44, 0x00, 0x00, 0x00,
    0x00, 0x00, 0x00, 0x00, 0x00, 0x00, 0x00, 0x00, 0x00, 0x00, 0x00, 0x00,
    0x00, 0x00, 0x00, 0x00, 0x00, 0x00, 0x00, 0x00, 0x00, 0x00, 0x02, 0x88,
    0x00, 0x00, 0x01, 0xDF, 0x00, 0x00, 0x00, 0x4F, 0x00, 0x00, 0x00, 0x0B,
    0x00, 0x00, 0x00, 0x02, 0x00, 0x00, 0x00, 0x00, 0x00, 0x00, 0x00, 0x00,
    0x00, 0x00, 0x00, 0x00, 0x88, 0x88, 0x81, 0x00, 0xFF, 0xFF, 0xF8, 0x00,
    0xFF, 0xFF, 0xFF, 0x20, 0xFF, 0xFF, 0xFF, 0x80, 0xEF, 0xFF, 0xFF, 0xF2,
    0x8F, 0xFF, 0xFF, 0xFB, 0x00, 0x00, 0x00, 0x00, 0x00, 0x00, 0x00, 0x00,
    0x00, 0x00, 0x00, 0x02, 0x00, 0x00, 0x00, 0x0D, 0x00, 0x00, 0x00, 0x8F,
    0x00, 0x00, 0x02, 0xFF, 0x00, 0x00, 0x0D, 0xFF, 0x00, 0x00, 0x8F, 0xF8,
    0x00, 0x00, 0x00, 0x00, 0x00, 0x00, 0x00, 0x00, 0x88, 0x80, 0x00, 0x00,
    0xFF, 0x80, 0x00, 0x00, 0xFB, 0x00, 0x00, 0x00, 0xE1, 0x00, 0x00, 0x00,
    0x40, 0x00, 0x00, 0x00, 0x00, 0x00, 0x00, 0x00, 0x00, 0x00, 0x00, 0x00,
    0x00, 0x00, 0x00, 0x00, 0x00, 0x00, 0x00, 0x00, 0x00, 0x00, 0x00, 0x00,
    0x00, 0x00, 0x00, 0x00, 0x00, 0x00, 0x00, 0x00, 0x00, 0x00, 0x00, 0x00,
    0x00, 0x00, 0x00, 0x00, 0x0D, 0xFF, 0xFF, 0xFF, 0x04, 0xFF, 0xFF, 0xFF,
    0x00, 0xBF, 0xFF, 0xFF, 0x00, 0x2F, 0xFF, 0xFF, 0x00, 0x08, 0xFF, 0xFF,
    0x00, 0x01, 0xEF, 0xFF, 0x00, 0x00, 0x8F, 0xFF, 0x00, 0x00, 0x0B, 0xFF,
    0x40, 0x02, 0xFF, 0xD1, 0xB0, 0x0B, 0xFF, 0x40, 0xF2, 0x8F, 0xF8, 0x00,
    0xFD, 0xEF, 0xD0, 0x00, 0xFF, 0xFF, 0x20, 0x00, 0xFF, 0xF8, 0x00, 0x00,
    0xFF, 0xF8, 0x00, 0x00, 0xFF, 0xFF, 0x20, 0x00, 0x00, 0x00, 0x00, 0x00,
    0x00, 0x00, 0x00, 0x00, 0x00, 0x00, 0x00, 0x00, 0x00, 0x00, 0x00, 0x00,
    0x00, 0x00, 0x00, 0x00, 0x00, 0x00, 0x00, 0x00, 0x00, 0x00, 0x00, 0x00,
    0x00, 0x00, 0x00, 0x00, 0x00, 0x00, 0x00, 0x00, 0x00, 0x00, 0x00, 0x00,
    0x00, 0x00, 0x00, 0x00, 0x00, 0x00, 0x00, 0x00, 0x00, 0x00, 0x00, 0x00,
    0x00, 0x00, 0x00, 0x00, 0x00, 0x00, 0x00, 0x00, 0x00, 0x00, 0x00, 0x00,
    0x00, 0x00, 0x0D, 0xFF, 0x00, 0x00, 0x8F, 0xFF, 0x00, 0x04, 0xFF, 0xBD,
    0x00, 0x1D, 0xFE, 0x18, 0x00, 0x8F, 0xF4, 0x01, 0x04, 0xFF, 0xB0, 0x00,
    0x1E, 0xFE, 0x10, 0x00, 0xBF, 0xF4, 0x00, 0x00, 0xFF, 0xFF, 0xB0, 0x00,
    0xFF, 0xFF, 0xF8, 0x00, 0xFF, 0xFF, 0xFE, 0x10, 0xFF, 0xFF, 0xFF, 0x80,
    0xDF, 0xFF, 0xFF, 0xF2, 0x8F, 0xFF, 0xFF, 0xFB, 0x0D, 0xFF, 0xFF, 0xFF,
    0x04, 0xFF, 0xFF, 0xFF, 0x00, 0x00, 0x00, 0x00, 0x00, 0x00, 0x00, 0x00,
    0x00, 0x00, 0x00, 0x00, 0x00, 0x00, 0x00, 0x00, 0x00, 0x00, 0x00, 0x00,
    0x00, 0x00, 0x00, 0x00, 0x40, 0x00, 0x00, 0x00, 0xD1, 0x00, 0x00, 0x00,
    0x00, 0x00, 0x00, 0x08, 0x00, 0x00, 0x00, 0x2E, 0x00, 0x00, 0x00, 0xDF,
    0x00, 0x00, 0x08, 0xFF, 0x00, 0x00, 0x04, 0x44, 0x00, 0x00, 0x00, 0x00,
    0x00, 0x00, 0x00, 0x00, 0x00, 0x00, 0x00, 0x00, 0xFF, 0xB0, 0x00, 0x00,
    0xFE, 0x10, 0x00, 0x00, 0xF4, 0x00, 0x00, 0x00, 0xB0, 0x00, 0x00, 0x00,
    0x10, 0x00, 0x00, 0x00, 0x00, 0x00, 0x00, 0x00, 0x00, 0x00, 0x00, 0x00,
    0x00, 0x00, 0x00, 0x00, 0x00, 0xBF, 0xFF, 0xFF, 0x00, 0x4F, 0xFF, 0xFF,
    0x00, 0x08, 0xFF, 0xFF, 0x00, 0x02, 0xFF, 0xFF, 0x00, 0x00, 0x24, 0x44,
    0x00, 0x00, 0x00, 0x00, 0x00, 0x00, 0x00, 0x00, 0x00, 0x00, 0x00, 0x00,
    0xF8, 0x00, 0x00, 0x00, 0xFF, 0x20, 0x00, 0x00, 0xFF, 0xB0, 0x00, 0x00,
    0xFF, 0xF4, 0x00, 0x00, 0x44, 0x42, 0x00, 0x00, 0x00, 0x00, 0x00, 0x00,
    0x00, 0x00, 0x00, 0x00, 0x00, 0x00, 0x00, 0x00, 0x00, 0x00, 0x00, 0x00,
    0x00, 0x00, 0x00, 0x00, 0x00, 0x00, 0x48, 0x88, 0x00, 0x00, 0x4F, 0xFF,
    0x00, 0x00, 0x08, 0xFF, 0x00, 0x00, 0x01, 0xEF, 0x00, 0x00, 0x00, 0x8F,
    0x00, 0x00, 0x00, 0x0B, 0x00, 0x00, 0x00, 0x00, 0x00, 0x00, 0x00, 0x00,
    0x88, 0x88, 0x00, 0x00, 0xFF, 0xFF, 0x80, 0x00, 0xFF, 0xFF, 0xE1, 0x00,
    0xFF, 0xFF, 0xF8, 0x00, 0xFF, 0xFF, 0xFF, 0x20, 0xFF, 0xFF, 0xFF, 0xB0,
    0x00, 0x00, 0x00, 0x00, 0x00, 0x00, 0x00, 0x00, 0x00, 0x00, 0x00, 0x00,
    0x00, 0x00, 0x00, 0x00, 0x00, 0x00, 0x00, 0x00, 0x00, 0x00, 0x00, 0x04,
    0x00, 0x00, 0x00, 0x1E, 0x00, 0x00, 0x00, 0x8F, 0x00, 0x00, 0x00, 0x00,
    0x00, 0x00, 0x00, 0x00, 0x04, 0x88, 0x40, 0x00, 0x2E, 0xFF, 0x40, 0x00,
    0xBF, 0xF8, 0x00, 0x00, 0xFF, 0xD0, 0x00, 0x00, 0xFF, 0x20, 0x00, 0x00,
    0xF8, 0x00, 0x00, 0x00, 0x00, 0x00, 0x00, 0x02, 0x00, 0x00, 0x00, 0x00,
    0x00, 0x00, 0x00, 0x00, 0x00, 0x00, 0x00, 0x00, 0x00, 0x00, 0x00, 0x00,
    0x00, 0x00, 0x00, 0x00, 0x00, 0x00, 0x00, 0x00, 0x00, 0x00, 0x00, 0x00,
    0xFF, 0xFF, 0xFF, 0xF4, 0x8F, 0xFF, 0xFF, 0xFD, 0x0D, 0xFF, 0xFF, 0xFF,
    0x04, 0xFF, 0xFF, 0xFF, 0x00, 0x8F, 0xFF, 0xFF, 0x00, 0x1E, 0xFF, 0xFF,
    0x00, 0x08, 0xFF, 0xFF, 0x00, 0x00, 0xBF, 0xFF, 0x00, 0x00, 0x02, 0xFF,
    0x00, 0x00, 0x0D, 0xFF, 0x80, 0x00, 0x8F, 0xF8, 0xE1, 0x02, 0xEF, 0xD1,
    0xF8, 0x0B, 0xFF, 0x40, 0xFE, 0x8E, 0xFB, 0x00, 0xFF, 0xFF, 0xE1, 0x00,
    0xFF, 0xFF, 0x40, 0x00, 0xD1, 0x00, 0x00, 0x00, 0x40, 0x00, 0x00, 0x00,
    0x00, 0x00, 0x00, 0x00, 0x00, 0x00, 0x00, 0x00, 0x00, 0x00, 0x00, 0x00,
    0x00, 0x00, 0x00, 0x00, 0x00, 0x00, 0x00, 0x00, 0x00, 0x00, 0x00, 0x00,
    0x00, 0x00, 0x00, 0x00, 0x00, 0x00, 0x00, 0x00, 0x00, 0x00, 0x00, 0x00,
    0x00, 0x00, 0x00, 0x00, 0x00, 0x00, 0x00, 0x00, 0x00, 0x00, 0x00, 0x00,
    0x00, 0x00, 0x00, 0x00, 0x00, 0x00, 0x00, 0x00, 0x00, 0x00, 0x2F, 0xFF,
    0x00, 0x00, 0x08, 0xFF, 0x00, 0x00, 0x08, 0xFF, 0x00, 0x00, 0x08, 0xFF,
    0x00, 0x00, 0x08, 0xFF, 0x00, 0x00, 0x08, 0xFF, 0x00, 0x00, 0x08, 0xFF,
    0x00, 0x00, 0x08, 0xFF, 0xFF, 0xFB, 0x00, 0x00, 0xFF, 0xF8, 0x00, 0x00,
    0xFF, 0xF8, 0x00, 0x00, 0xFF, 0xF8, 0x00, 0x00, 0xFF, 0xF8, 0x00, 0x00,
    0xFF, 0xF8, 0x00, 0x00, 0xFF, 0xF8, 0x00, 0x00, 0xFF, 0xF8, 0x00, 0x00,
    0x00, 0x00, 0x00, 0x00, 0x00, 0x00, 0x00, 0x00, 0x00, 0x00, 0x00, 0x00,
    0x00, 0x00, 0x00, 0x00, 0x00, 0x00, 0x00, 0x00, 0x00, 0x00, 0x00, 0x00,
    0x00, 0x00, 0x00, 0x00, 0x00, 0x00, 0x00, 0x00, 0x00, 0x00, 0x00, 0x00,
    0x00, 0x00, 0x00, 0x00, 0x00, 0x00, 0x00, 0x00, 0x00, 0x00, 0x00, 0x00,
    0x00, 0x00, 0x00, 0x00, 0x00, 0x00, 0x00, 0x00, 0x00, 0x00, 0x00, 0x00,
    0x00, 0x00, 0x00, 0x00, 0x00, 0x00, 0x08, 0xFF, 0x00, 0x00, 0x08, 0xFF,
    0x00, 0x00, 0x08, 0xFF, 0x00, 0x00, 0x08, 0xFF, 0x00, 0x00, 0x02, 0x44,
    0x00, 0x00, 0x00, 0x00, 0x00, 0x00, 0x00, 0x00, 0x00, 0x00, 0x00, 0x00,
    0xFF, 0xF8, 0x00, 0x00, 0xFF, 0xF8, 0x00, 0x00, 0xFF, 0xF8, 0x00, 0x00,
    0xFF, 0xF8, 0x00, 0x00, 0x44, 0x42, 0x00, 0x00, 0x00, 0x00, 0x00, 0x00,
    0x00, 0x00, 0x00, 0x00, 0x00, 0x00, 0x00, 0x00, 0x00, 0x00, 0x00, 0x00,
    0x00, 0x00, 0x00, 0x00, 0x00, 0x00, 0x00, 0x00, 0x00, 0x00, 0x00, 0x00,
    0x00, 0x00, 0x00, 0x00, 0x00, 0x00, 0x00, 0x00, 0x00, 0x00, 0x00, 0x00,
    0x00, 0x00, 0x00, 0x00, 0x00, 0x00, 0x00, 0x00, 0x00, 0x00, 0x00, 0x00,
    0x00, 0x00, 0x00, 0x48, 0x00, 0x00, 0x00, 0xBF, 0x00, 0x00, 0x00, 0xBF,
    0x00, 0x00, 0x00, 0x01, 0x00, 0x00, 0x00, 0x00, 0x00, 0x00, 0x00, 0x00,
    0x00, 0x00, 0x00, 0x00, 0x00, 0x00, 0x00, 0x00, 0x88, 0x88, 0x88, 0x88,
    0xFF, 0xFF, 0xFF, 0xFF, 0xFF, 0xFF, 0xFF, 0xFF, 0x00, 0x00, 0x00, 0x00,
    0x00, 0x00, 0x00, 0x00, 0x00, 0x00, 0x00, 0x00, 0x00, 0x00, 0x00, 0x00,
    0x00, 0x00, 0x00, 0x00, 0x88, 0x88, 0x88, 0x88, 0xFF, 0xFF, 0xFF, 0xFF,
    0xFF, 0xEF, 0xFF, 0xFF, 0x00, 0x0B, 0xFF, 0xFF, 0x00, 0x8F, 0xFF, 0xFF,
    0x02, 0xEF, 0xFF, 0xFF, 0x00, 0x00, 0x00, 0x00, 0x00, 0x00, 0x00, 0x00,
    0x88, 0x80, 0x00, 0x00, 0xFF, 0xF0, 0x00, 0x00, 0xFF, 0xF0, 0x00, 0x00,
    0xFF, 0xB0, 0x00, 0x00, 0xFE, 0x20, 0x00, 0x00, 0xF4, 0x00, 0x00, 0x00,
    0x00, 0x00, 0x00, 0x00, 0x00, 0x00, 0x00, 0x00, 0x00, 0x00, 0x00, 0x00,
    0x00, 0x00, 0x00, 0x00, 0x00, 0x00, 0x00, 0x00, 0x00, 0x00, 0x00, 0x00,
    0x00, 0x00, 0x00, 0x00, 0x00, 0x00, 0x00, 0x00, 0x00, 0x00, 0x00, 0x00,
    0x00, 0x00, 0x00, 0x00, 0x00, 0x00, 0x00, 0x02, 0x00, 0x00, 0x00, 0x0D,
    0x00, 0x00, 0x00, 0x8F, 0x00, 0x00, 0x04, 0xFF, 0x00, 0x00, 0x1D, 0xFF,
    0x00, 0x00, 0xBF, 0xFF, 0x0B, 0xFF, 0xFF, 0xFF, 0x8F, 0xFF, 0xFF, 0xFE,
    0xFF, 0xFF, 0xFF, 0xF4, 0xFF, 0xFF, 0xFF, 0x80, 0xFF, 0xFF, 0xFD, 0x10,
    0xFF, 0xFF, 0xF4, 0x00, 0xFF, 0xFF, 0x80, 0x00, 0xFF, 0xFD, 0x00, 0x00,
    0xB0, 0x00, 0x00, 0x00, 0x10, 0x00, 0x00, 0x00, 0x00, 0x00, 0x00, 0x00,
    0x00, 0x00, 0x00, 0x00, 0x00, 0x00, 0x00, 0x00, 0x00, 0x00, 0x00, 0x00,
    0x00, 0x00, 0x00, 0x00, 0x00, 0x00, 0x00, 0x00, 0x00, 0x00, 0x00, 0x00,
    0x00, 0x00, 0x00, 0x00, 0x00, 0x00, 0x00, 0x00, 0x00, 0x00, 0x00, 0x00,
    0x00, 0x00, 0x00, 0x00, 0x00, 0x00, 0x00, 0x00, 0x00, 0x00, 0x00, 0x08,
    0x00, 0x00, 0x00, 0x2F, 0x00, 0x04, 0xFF, 0xFF, 0x00, 0x1E, 0xFF, 0xFF,
    0x00, 0xBF, 0xFF, 0xFF, 0x08, 0xFF, 0xFF, 0xFF, 0x2E, 0xFF, 0xFF, 0xFF,
    0xDF, 0xFF, 0xFF, 0xFB, 0xFF, 0xFF, 0xFF, 0xE1, 0xFF, 0xFF, 0xFF, 0x40,
    0xFF, 0xF2, 0x00, 0x00, 0xFF, 0x80, 0x00, 0x00, 0xFB, 0x00, 0x00, 0x00,
    0xE2, 0x00, 0x00, 0x00, 0x80, 0x00, 0x00, 0x00, 0x00, 0x00, 0x00, 0x00,
    0x00, 0x00, 0x00, 0x00, 0x00, 0x00, 0x00, 0x00, 0x00, 0x00, 0x00, 0x00,
    0x00, 0x00, 0x00, 0x00, 0x00, 0x00, 0x00, 0x00, 0x00, 0x00, 0x00, 0x00,
    0x00, 0x00, 0x00, 0x00, 0x00, 0x00, 0x00, 0x00, 0x00, 0x00, 0x00, 0x00,
    0x00, 0x00, 0x00, 0x00, 0x00, 0x00, 0x01, 0xDF, 0x00, 0x00, 0x08, 0xFF,
    0x00, 0x00, 0x0B, 0xFF, 0x00, 0x00, 0x0B, 0xFF, 0x00, 0x00, 0x02, 0x44,
    0x00, 0x00, 0x00, 0x00, 0x00, 0x00, 0x00, 0x00, 0x00, 0x00, 0x00, 0x00,
    0xFF, 0xFF, 0xF8, 0x10, 0xFF, 0xFF, 0xE4, 0x44, 0xFF, 0xFF, 0xFF, 0xFF,
    0xFF, 0xFF, 0xFF, 0xFF, 0x44, 0x44, 0x44, 0x44, 0x00, 0x00, 0x00, 0x00,
    0x00, 0x00, 0x00, 0x00, 0x00, 0x00, 0x00, 0x00, 0x00, 0x00, 0x00, 0x00,
    0x44, 0x44, 0x44, 0x44, 0xFF, 0xFF, 0xFF, 0xFF, 0xFF, 0xFF, 0xFF, 0xFF,
    0x44, 0x44, 0x44, 0x44, 0x00, 0x00, 0x00, 0x00, 0x00, 0x00, 0x00, 0x00,
    0x00, 0x00, 0x00, 0x00, 0x00, 0x00, 0x00, 0x00, 0x44, 0x42, 0x00, 0x00,
    0xFF, 0xFB, 0x00, 0x00, 0xFF, 0xFB, 0x00, 0x00, 0x44, 0x42, 0x00, 0x00,
    0x00, 0x00, 0x00, 0x00, 0x00, 0x00, 0x00, 0x00, 0x00, 0x00, 0x00, 0x00,
    0x00, 0x00, 0x00, 0x00, 0x00, 0x00, 0x00, 0x00, 0x00, 0x00, 0x00, 0x00,
    0x00, 0x00, 0x00, 0x00, 0x00, 0x00, 0x00, 0x00, 0x00, 0x00, 0x00, 0x00,
    0x00, 0x00, 0x00, 0x00, 0x00, 0x00, 0x00, 0x00, 0x00, 0x00, 0x00, 0x00,
    0x00, 0x00, 0x00, 0x00, 0x00, 0x00, 0x00, 0x00, 0x00, 0x00, 0x00, 0x00,
    0x00, 0x00, 0x00, 0x00, 0x00, 0x00, 0x00, 0x00, 0x00, 0x00, 0x00, 0x00,
    0x00, 0x00, 0x00, 0x00, 0x00, 0x00, 0x00, 0x00, 0x00, 0x00, 0x00, 0x00,
    0x00, 0x00, 0x00, 0x00, 0x00, 0x00, 0x00, 0x00, 0x00, 0x00, 0x00, 0x00,
    0x00, 0x00, 0x00, 0x00, 0x00, 0x00, 0x00, 0x00, 0x00, 0x00, 0x00, 0x00,
    0x00, 0x00, 0x00, 0x00, 0x00, 0x00, 0x00, 0x00, 0x00, 0x00, 0x00, 0x00,
    0x00, 0x00, 0x00, 0x00, 0x00, 0x00, 0x00, 0x00, 0x00, 0x00, 0x00, 0x00,
    0x00, 0x00, 0x00, 0x00, 0x00, 0x00, 0x00, 0x00, 0x00, 0x00, 0x00, 0x00,
    0x00, 0x00, 0x00, 0x00, 0x00, 0x00, 0x00, 0x00, 0x00, 0x00, 0x00, 0x00,
    0x00, 0x00, 0x00, 0x00, 0x00, 0x00, 0x00, 0x00, 0x00, 0x00, 0x00, 0x00,
    0x00, 0x00, 0x00, 0x00, 0x00, 0x00, 0x00, 0x00, 0x00, 0x00, 0x00, 0x00,
    0x00, 0x02, 0x8B, 0xDF, 0x02, 0xDF, 0xFF, 0xFF, 0x1E, 0xFF, 0xFF, 0xD4,
    0x8F, 0xFF, 0xFF, 0x20, 0xDF, 0xFF, 0xFB, 0x00, 0xBB, 0xBB, 0xD8, 0x00,
    0x00, 0x00, 0x00, 0x00, 0x01, 0x00, 0x00, 0x00, 0xFF, 0xDB, 0x81, 0x00,
    0xFF, 0xFF, 0xEE, 0x80, 0x24, 0xDF, 0xFF, 0xF8, 0x00, 0x2F, 0xFF, 0xFE,
    0x00, 0x0B, 0xFF, 0xFF, 0x00, 0x0B, 0xFF, 0xFF, 0x00, 0x00, 0x00, 0x00,
    0x00, 0x00, 0x00, 0x00, 0x00, 0x00, 0x00, 0x00, 0x00, 0x00, 0x00, 0x00,
    0x00, 0x00, 0x00, 0x00, 0x10, 0x00, 0x00, 0x00, 0x80, 0x00, 0x00, 0x00,
    0x80, 0x00, 0x00, 0x00, 0x00, 0x00, 0x00, 0x00, 0x00, 0x00, 0x00, 0x00,
    0x00, 0x00, 0x00, 0x00, 0x00, 0x00, 0x00, 0x00, 0x00, 0x00, 0x00, 0x01,
    0x00, 0x00, 0x00, 0x08, 0x00, 0x00, 0x00, 0x0B, 0x00, 0x00, 0x00, 0x0B,
    0x00, 0x00, 0x00, 0x00, 0x00, 0x02, 0x8B, 0xBB, 0x04, 0xDF, 0xEF, 0xFF,
    0x8F, 0xFF, 0xFF, 0xD8, 0xEF, 0xFF, 0xF8, 0x00, 0xFF, 0xFF, 0xE0, 0x00,
    0xFF, 0xFF, 0xB0, 0x00, 0xFF, 0xFF, 0xB0, 0x00, 0x00, 0x0B, 0xFF, 0xFF,
    0xEF, 0xFF, 0xFF, 0xFF, 0xFF, 0xFF, 0xFF, 0xFF, 0x44, 0x4D, 0xFF, 0xFF,
    0x00, 0x0B, 0xFF, 0xFF, 0x00, 0x0B, 0xFF, 0xFF, 0x00, 0x0B, 0xFF, 0xFF,
    0x00, 0x0B, 0xFF, 0xFF, 0xB0, 0x00, 0x00, 0x00, 0xB0, 0x00, 0x00, 0x00,
    0xB0, 0x00, 0x00, 0x00, 0xB0, 0x00, 0x00, 0x00, 0xB0, 0x00, 0x00, 0x00,
    0xB0, 0x00, 0x00, 0x00, 0xB0, 0x00, 0x00, 0x00, 0xB0, 0x00, 0x00, 0x00,
    0x00, 0x00, 0x00, 0x08, 0x00, 0x00, 0x00, 0x08, 0x00, 0x00, 0x00, 0x00,
    0x00, 0x00, 0x00, 0x00, 0x00, 0x00, 0x00, 0x00, 0x00, 0x00, 0x00, 0x00,
    0x00, 0x00, 0x00, 0x00, 0x00, 0x00, 0x00, 0x00, 0xFF, 0xFF, 0xE0, 0x00,
    0xFF, 0xFF, 0xF8, 0x00, 0xDF, 0xFF, 0xFF, 0xDB, 0x1D, 0xFF, 0xFF, 0xFF,
    0x00, 0x48, 0xBB, 0xB8, 0x00, 0x00, 0x00, 0x00, 0x00, 0x00, 0x00, 0x00,
    0x00, 0x00, 0x00, 0x00, 0x00, 0x0B, 0xFF, 0xFF, 0x02, 0x8F, 0xFF, 0xFF,
    0xBF, 0xFF, 0xFF, 0xFF, 0xFF, 0x84, 0xFF, 0xFF, 0x82, 0x00, 0x24, 0x44,
    0x00, 0x00, 0x00, 0x00, 0x00, 0x00, 0x00, 0x00, 0x00, 0x00, 0x00, 0x00,
    0xB0, 0x00, 0x00, 0x00, 0xB0, 0x00, 0x00, 0x00, 0xE0, 0x00, 0x00, 0x00,
    0xF2, 0x00, 0x00, 0x00, 0x42, 0x00, 0x00, 0x00, 0x00, 0x00, 0x00, 0x00,
    0x00, 0x00, 0x00, 0x00, 0x00, 0x00, 0x00, 0x00, 0x00, 0x00, 0x00, 0x00,
    0x00, 0x00, 0x00, 0x00, 0x00, 0x00, 0x00, 0x02, 0x00, 0x00, 0x00, 0x04,
    0x00, 0x00, 0x00, 0x04, 0x00, 0x00, 0x00, 0x04, 0x00, 0x00, 0x00, 0x04,
    0x00, 0x00, 0x00, 0x04, 0x00, 0x00, 0x00, 0x00, 0x00, 0x00, 0x00, 0x00,
    0x88, 0x88, 0x82, 0x00, 0xFF, 0xFF, 0xF4, 0x00, 0xFF, 0xFF, 0xF4, 0x00,
    0xFF, 0xFF, 0xF4, 0x00, 0xFF, 0xFF, 0xF4, 0x00, 0xFF, 0xFF, 0xF4, 0x00,
    0x00, 0x00, 0x00, 0x00, 0x00, 0x00, 0x00, 0x00, 0x00, 0x00, 0x00, 0x00,
    0x00, 0x00, 0x00, 0x00, 0x00, 0x00, 0x00, 0x00, 0x00, 0x00, 0x00, 0x00,
    0x00, 0x00, 0x00, 0x00, 0x00, 0x00, 0x00, 0x00, 0x00, 0x00, 0x00, 0x00,
    0x00, 0x00, 0x00, 0x00, 0x00, 0x00, 0x00, 0x00, 0x00, 0x00, 0x00, 0x00,
    0x00, 0x00, 0x00, 0x00, 0x00, 0x00, 0x00, 0x00, 0x00, 0x00, 0x00, 0x00,
    0x00, 0x00, 0x00, 0x00, 0x00, 0x00, 0x00, 0x04, 0x00, 0x00, 0x00, 0x04,
    0x00, 0x00, 0x00, 0x04, 0x00, 0x00, 0x00, 0x04, 0x00, 0x00, 0x00, 0x04,
    0x00, 0x00, 0x00, 0x04, 0x00, 0x00, 0x00, 0x04, 0x00, 0x00, 0x00, 0x04,
    0xFF, 0xFF, 0xF4, 0x00, 0xFF, 0xFF, 0xF4, 0x00, 0xFF, 0xFF, 0xF4, 0x18,
    0xFF, 0xFF, 0xFB, 0xEF, 0xFF, 0xFF, 0xFF, 0xD8, 0xFF, 0xFF, 0xFD, 0x10,
    0xFF, 0xFF, 0xF4, 0x00, 0xFF, 0xFF, 0xF4, 0x00, 0x00, 0x00, 0x00, 0x00,
    0x00, 0x00, 0x00, 0x00, 0xDF, 0xFD, 0x81, 0x00, 0xFF, 0xFF, 0xFE, 0x20,
    0x8D, 0xFF, 0xFF, 0xF4, 0x00, 0xBF, 0xFF, 0xFD, 0x00, 0x4F, 0xFF, 0xFF,
    0x00, 0x1F, 0xFF, 0xFF, 0x00, 0x00, 0x00, 0x00, 0x00, 0x00, 0x00, 0x00,
    0x00, 0x00, 0x00, 0x00, 0x00, 0x00, 0x00, 0x00, 0x00, 0x00, 0x00, 0x00,
    0x00, 0x00, 0x00, 0x00, 0x80, 0x00, 0x00, 0x00, 0xB0, 0x00, 0x00, 0x00,
    0x00, 0x00, 0x00, 0x04, 0x00, 0x00, 0x00, 0x04, 0x00, 0x00, 0x00, 0x04,
    0x00, 0x00, 0x00, 0x04, 0x00, 0x00, 0x00, 0x04, 0x00, 0x00, 0x00, 0x04,
    0x00, 0x00, 0x00, 0x04, 0x00, 0x00, 0x00, 0x04, 0xFF, 0xFF, 0xF4, 0x00,
    0xFF, 0xFF, 0xF4, 0x00, 0xFF, 0xFF, 0xF4, 0x00, 0xFF, 0xFF, 0xF4, 0x00,
    0xFF, 0xFF, 0xF4, 0x00, 0xFF, 0xFF, 0xF4, 0x00, 0xFF, 0xFF, 0xF4, 0x00,
    0xFF, 0xFF, 0xF4, 0x00, 0x00, 0x0D, 0xFF, 0xFF, 0x00, 0x0B, 0xFF, 0xFF,
    0x00, 0x0B, 0xFF, 0xFF, 0x00, 0x0B, 0xFF, 0xFF, 0x00, 0x0B, 0xFF, 0xFF,
    0x00, 0x0B, 0xFF, 0xFF, 0x00, 0x0E, 0xFF, 0xFF, 0x00, 0x2F, 0xFF, 0xFF,
    0xE0, 0x00, 0x00, 0x00, 0xF1, 0x00, 0x00, 0x00, 0xF4, 0x00, 0x00, 0x00,
    0xF4, 0x00, 0x00, 0x00, 0xF4, 0x00, 0x00, 0x00, 0xF1, 0x00, 0x00, 0x00,
    0xD0, 0x00, 0x00, 0x00, 0x80, 0x00, 0x00, 0x00, 0x00, 0x00, 0x00, 0x04,
    0x00, 0x00, 0x00, 0x04, 0x00, 0x00, 0x00, 0x04, 0x00, 0x00, 0x00, 0x04,
    0x00, 0x00, 0x00, 0x01, 0x00, 0x00, 0x00, 0x00, 0x00, 0x00, 0x00, 0x00,
    0x00, 0x00, 0x00, 0x00, 0xFF, 0xFF, 0xF8, 0x00, 0xFF, 0xFF, 0xFE, 0x40,
    0xFF, 0xFF, 0xFE, 0xFD, 0xFF, 0xFF, 0xD2, 0xDF, 0x44, 0x44, 0x20, 0x04,
    0x00, 0x00, 0x00, 0x01, 0x00, 0x00, 0x00, 0x00, 0x00, 0x00, 0x00, 0x00,
    0x00, 0x8F, 0xFF, 0xFF, 0x02, 0xEF, 0xFF, 0xFB, 0xBF, 0xFF, 0xFF, 0xD1,
    0xFF, 0xFF, 0xFB, 0x20, 0x8B, 0xB8, 0x40, 0x00, 0x00, 0x00, 0x00, 0x00,
    0x00, 0x00, 0x00, 0x00, 0x00, 0x00, 0x00, 0x00, 0x40, 0x00, 0x00, 0x00,
    0x00, 0x00, 0x00, 0x00, 0x00, 0x00, 0x00, 0x00, 0x00, 0x00, 0x00, 0x00,
    0x00, 0x00, 0x00, 0x00, 0x00, 0x00, 0x00, 0x00, 0x00, 0x00, 0x00, 0x00,
    0x00, 0x00, 0x00, 0x00, 0x00, 0x00, 0x00, 0x00, 0x00, 0x00, 0x00, 0x00,
    0x00, 0x00, 0x00, 0x00, 0x00, 0x00, 0x00, 0x00, 0x00, 0x00, 0x00, 0x00,
    0x00, 0x00, 0x00, 0x00, 0x00, 0x00, 0x00, 0x00, 0x00, 0x00, 0x00, 0x00,
    0x00, 0x00, 0x00, 0x00, 0x00, 0x00, 0x00, 0x00, 0x00, 0x00, 0x00, 0x00,
    0x00, 0x00, 0x00, 0x00, 0x00, 0x00, 0x00, 0x00, 0x00, 0x00, 0x00, 0x00,
    0x00, 0x00, 0x00, 0x00, 0x00, 0x00, 0x00, 0x00, 0x00, 0x00, 0x00, 0x00,
    0x00, 0x00, 0x00, 0x00, 0x00, 0x00, 0x00, 0x00, 0x00, 0x00, 0x00, 0x00,
    0x00, 0x00, 0x00, 0x00, 0x00, 0x00, 0x00, 0x00, 0x00, 0x00, 0x00, 0x00,
    0x00, 0x00, 0x00, 0x00, 0x00, 0x00, 0x00, 0x00, 0x00, 0x00, 0x00, 0x00,
    0x00, 0x00, 0x00, 0x00, 0x00, 0x00, 0x00, 0x00, 0x00, 0x00, 0x00, 0x00,
    0x00, 0x00, 0x00, 0x00, 0x00, 0x00, 0x00, 0x00, 0x00, 0x00, 0x00, 0x00,
    0x00, 0x00, 0x00, 0x00, 0x00, 0x00, 0x00, 0x00, 0x00, 0x00, 0x00, 0x00,
    0x00, 0x00, 0x00, 0x00, 0x00, 0x00, 0x00, 0x00, 0x00, 0x00, 0x00, 0x00,
    0x00, 0x00, 0x00, 0x00, 0x00, 0x00, 0x00, 0x08, 0x00, 0x00, 0x00, 0x00,
    0x00, 0x00, 0x00, 0x00, 0x00, 0x00, 0x8B, 0xDF, 0x00, 0x4D, 0xFF, 0xFF,
    0x08, 0xFF, 0xFF, 0xD4, 0x4F, 0xFF, 0xFD, 0x10, 0xDF, 0xFF, 0xF8, 0x00,
    0xFF, 0xFF, 0xF4, 0x00, 0x00, 0x00, 0x00, 0x00, 0x00, 0x00, 0x00, 0x00,
    0xFE, 0xD8, 0x40, 0x00, 0xFF, 0xFF, 0xFD, 0x40, 0x28, 0xDF, 0xFF, 0xF8,
    0x00, 0x1E, 0xFF, 0xFF, 0x00, 0x08, 0xFF, 0xFF, 0x00, 0x04, 0xFF, 0xFF,
    0x00, 0x00, 0x00, 0x00, 0x00, 0x00, 0x00, 0x00, 0x00, 0x00, 0x00, 0x00,
    0x00, 0x00, 0x00, 0x00, 0x00, 0x00, 0x00, 0x00, 0x40, 0x00, 0x00, 0x00,
    0xD0, 0x00, 0x00, 0x00, 0xF2, 0x00, 0x00, 0x00, 0x00, 0x00, 0x00, 0x0B,
    0x00, 0x00, 0x00, 0x0D, 0x00, 0x00, 0x00, 0x0F, 0x00, 0x00, 0x00, 0x0F,
    0x00, 0x00, 0x00, 0x0E, 0x00, 0x00, 0x00, 0x0B, 0x00, 0x00, 0x00, 0x08,
    0x00, 0x00, 0x00, 0x02, 0xFF, 0xFF, 0xF1, 0x00, 0xFF, 0xFF, 0xF0, 0x00,
    0xFF, 0xFF, 0xF0, 0x00, 0xFF, 0xFF, 0xF0, 0x00, 0xFF, 0xFF, 0xF0, 0x00,
    0xFF, 0xFF, 0xF0, 0x00, 0xFF, 0xFF, 0xF2, 0x00, 0xFF, 0xFF, 0xF4, 0x00,
    0x00, 0x04, 0xFF, 0xFF, 0x00, 0x01, 0x44, 0x44, 0x00, 0x00, 0x00, 0x00,
    0x00, 0x00, 0x00, 0x00, 0x00, 0x00, 0x00, 0x00, 0x00, 0x02, 0xBB, 0xBB,
    0x00, 0x04, 0xFF, 0xFF, 0x00, 0x08, 0xFF, 0xFF, 0xF4, 0x00, 0x00, 0x00,
    0x42, 0x00, 0x00, 0x00, 0x00, 0x00, 0x00, 0x00, 0x00, 0x00, 0x00, 0x00,
    0x00, 0x00, 0x00, 0x00, 0xD4, 0x00, 0x00, 0x00, 0xF4, 0x00, 0x00, 0x00,
    0xF2, 0x00, 0x00, 0x00, 0x00, 0x00, 0x00, 0x00, 0x00, 0x00, 0x00, 0x00,
    0x00, 0x00, 0x00, 0x00, 0x00, 0x00, 0x00, 0x00, 0x00, 0x00, 0x00, 0x00,
    0x00, 0x00, 0x00, 0x00, 0x00, 0x00, 0x00, 0x00, 0x00, 0x00, 0x00, 0x00,
    0xBF, 0xFF, 0xF8, 0x10, 0x2E, 0xFF, 0xFF, 0x40, 0x04, 0xEF, 0xFF, 0xF8,
    0x00, 0x2B, 0xFF, 0xFF, 0x00, 0x00, 0x28, 0x8B, 0x00, 0x00, 0x00, 0x00,
    0x00, 0x00, 0x00, 0x00, 0x00, 0x00, 0x00, 0x00, 0x00, 0x0D, 0xFF, 0xFF,
    0x00, 0x8F, 0xFF, 0xFF, 0x88, 0xFF, 0xFF, 0xE8, 0xFF, 0xFF, 0xFB, 0x20,
    0xBB, 0x88, 0x20, 0x00, 0x00, 0x00, 0x00, 0x00, 0x00, 0x00, 0x00, 0x00,
    0x00, 0x00, 0x00, 0x00, 0xB0, 0x00, 0x00, 0x00, 0x20, 0x00, 0x00, 0x00,
    0x00, 0x00, 0x00, 0x00, 0x00, 0x00, 0x00, 0x00, 0x00, 0x00, 0x00, 0x00,
    0x00, 0x00, 0x00, 0x00, 0x00, 0x00, 0x00, 0x00, 0x00, 0x00, 0x00, 0x00,
    0x00, 0x00, 0x00, 0x00, 0x00, 0x00, 0x00, 0x00, 0x00, 0x00, 0x00, 0x00,
    0x00, 0x00, 0x00, 0x00, 0x00, 0x00, 0x00, 0x00, 0x00, 0x00, 0x00, 0x00,
    0x00, 0x00, 0x00, 0x00, 0x00, 0x00, 0x00, 0x00, 0x00, 0x00, 0x00, 0x00,
    0x00, 0x00, 0x00, 0x00, 0x00, 0x00, 0x00, 0x00, 0x00, 0x00, 0x00, 0x00,
    0x00, 0x00, 0x00, 0x00, 0x00, 0x00, 0x00, 0x00, 0x00, 0x00, 0x00, 0x00,
    0x00, 0x00, 0x00, 0x00, 0x00, 0x00, 0x00, 0x00, 0x00, 0x00, 0x00, 0x00,
    0x00, 0x04, 0x88, 0x88, 0x00, 0x0B, 0xFF, 0xFF, 0x00, 0x0B, 0xFF, 0xFF,
    0x00, 0x0B, 0xFF, 0xFF, 0x00, 0x0B, 0xFF, 0xFF, 0x00, 0x0B, 0xFF, 0xFF,
    0x00, 0x00, 0x00, 0x00, 0x00, 0x00, 0x00, 0x00, 0x41, 0x00, 0x00, 0x00,
    0xB1, 0x00, 0x00, 0x00, 0xB1, 0x00, 0x00, 0x00, 0xB1, 0x00, 0x00, 0x00,
    0xB1, 0x00, 0x00, 0x00, 0xB1, 0x00, 0x00, 0x00, 0x00, 0x00, 0x00, 0x00,
    0x00, 0x00, 0x00, 0x00, 0x00, 0x00, 0x00, 0x00, 0x00, 0x00, 0x00, 0x00,
    0x00, 0x00, 0x00, 0x00, 0x00, 0x00, 0x00, 0x00, 0x00, 0x00, 0x00, 0x00,
    0x00, 0x00, 0x00, 0x02, 0x00, 0x00, 0x00, 0x00, 0x00, 0x00, 0x00, 0x10,
    0x00, 0x04, 0xBE, 0xFE, 0x01, 0xBF, 0xFF, 0xFF, 0x0B, 0xFF, 0xFF, 0xF8,
    0x8F, 0xFF, 0xFF, 0x40, 0xDF, 0xFF, 0xFD, 0x00, 0xFF, 0xFF, 0xF8, 0x00,
    0x00, 0x0B, 0xFF, 0xFF, 0x00, 0x0B, 0xFF, 0xFF, 0xB4, 0x0B, 0xFF, 0xFF,
    0xFF, 0xBD, 0xFF, 0xFF, 0x8B, 0xFF, 0xFF, 0xFF, 0x00, 0x8F, 0xFF, 0xFF,
    0x00, 0x0B, 0xFF, 0xFF, 0x00, 0x0B, 0xFF, 0xFF, 0xB1, 0x00, 0x00, 0x00,
    0xB1, 0x00, 0x00, 0x00, 0xB1, 0x00, 0x00, 0x00, 0xB1, 0x00, 0x00, 0x00,
    0xB1, 0x00, 0x00, 0x00, 0xB1, 0x00, 0x00, 0x00, 0xB1, 0x00, 0x00, 0x00,
    0xB1, 0x00, 0x00, 0x00, 0x00, 0x00, 0x00, 0x08, 0x00, 0x00, 0x00, 0x08,
    0x00, 0x00, 0x00, 0x0B, 0x00, 0x00, 0x00, 0x0B, 0x00, 0x00, 0x00, 0x0B,
    0x00, 0x00, 0x00, 0x08, 0x00, 0x00, 0x00, 0x08, 0x00, 0x00, 0x00, 0x02,
    0xFF, 0xFF, 0xF4, 0x00, 0xFF, 0xFF, 0xF4, 0x00, 0xFF, 0xFF, 0xF4, 0x00,
    0xFF, 0xFF, 0xF4, 0x00, 0xFF, 0xFF, 0xF4, 0x00, 0xFF, 0xFF, 0xF4, 0x00,
    0xFF, 0xFF, 0xF8, 0x00, 0xFF, 0xFF, 0xF8, 0x00, 0x00, 0x0B, 0xFF, 0xFF,
    0x00, 0x0B, 0xFF, 0xFF, 0x00, 0x0B, 0xFF, 0xFF, 0x00, 0x0B, 0xFF, 0xFF,
    0x00, 0x0B, 0xFF, 0xFF, 0x00, 0x0B, 0xFF, 0xFF, 0x00, 0x0B, 0xFF, 0xFF,
    0x00, 0x0B, 0xFF, 0xFF, 0xB1, 0x00, 0x00, 0x00, 0xB1, 0x00, 0x00, 0x00,
    0xB1, 0x00, 0x00, 0x00, 0xB1, 0x00, 0x00, 0x00, 0xB1, 0x00, 0x00, 0x00,
    0xB1, 0x00, 0x00, 0x00, 0xB1, 0x00, 0x00, 0x00, 0xB1, 0x00, 0x00, 0x00,
    0x00, 0x00, 0x00, 0x00, 0x00, 0x00, 0x00, 0x00, 0x00, 0x00, 0x00, 0x00,
    0x00, 0x00, 0x00, 0x00, 0x00, 0x00, 0x00, 0x00, 0x00, 0x00, 0x00, 0x00,
    0x00, 0x00, 0x00, 0x00, 0x00, 0x00, 0x00, 0x00, 0xBF, 0xFF, 0xFE, 0x00,
    0x4F, 0xFF, 0xFF, 0x80, 0x08, 0xFF, 0xFF, 0xFD, 0x00, 0x8E, 0xFF, 0xFF,
    0x00, 0x02, 0x8B, 0xBB, 0x00, 0x00, 0x00, 0x00, 0x00, 0x00, 0x00, 0x00,
    0x00, 0x00, 0x00, 0x00, 0x00, 0x0D, 0xFF, 0xFF, 0x01, 0x8F, 0xFF, 0xFF,
    0xBE, 0xFE, 0xFF, 0xFF, 0xFF, 0x88, 0xFF, 0xFF, 0x82, 0x01, 0x44, 0x44,
    0x00, 0x00, 0x00, 0x00, 0x00, 0x00, 0x00, 0x00, 0x00, 0x00, 0x00, 0x00,
    0xB1, 0x00, 0x00, 0x00, 0xB1, 0x00, 0x00, 0x00, 0xB1, 0x00, 0x00, 0x00,
    0xB1, 0x00, 0x00, 0x00, 0x21, 0x00, 0x00, 0x00, 0x00, 0x00, 0x00, 0x00,
    0x00, 0x00, 0x00, 0x00, 0x00, 0x00, 0x00, 0x00, 0x00, 0x00, 0x00, 0x00,
    0x00, 0x00, 0x00, 0x00, 0x00, 0x00, 0x00, 0x00, 0x00, 0x00, 0x00, 0x00,
    0x00, 0x00, 0x00, 0x00, 0x00, 0x00, 0x00, 0x00, 0x00, 0x00, 0x00, 0x00,
    0x00, 0x00, 0x00, 0x00, 0x00, 0x00, 0x00, 0x00, 0x00, 0x00, 0x00, 0x00,
    0x00, 0x00, 0x00, 0x00, 0x00, 0x00, 0x00, 0x00, 0x00, 0x00, 0x00, 0x00,
    0x00, 0x00, 0x00, 0x00, 0x00, 0x00, 0x00, 0x00, 0x00, 0x00, 0x00, 0x00,
    0x00, 0x00, 0x00, 0x00, 0x00, 0x00, 0x00, 0x00, 0x00, 0x00, 0x00, 0x00,
    0x00, 0x00, 0x00, 0x00, 0x00, 0x00, 0x00, 0x00, 0x00, 0x00, 0x00, 0x00,
    0x00, 0x00, 0x00, 0x00, 0x00, 0x00, 0x00, 0x00, 0x00, 0x00, 0x00, 0x00,
    0x00, 0x00, 0x00, 0x00, 0x00, 0x00, 0x00, 0x00, 0x00, 0x00, 0x00, 0x00,
    0x00, 0x00, 0x00, 0x00, 0x00, 0x00, 0x00, 0x00, 0x00, 0x00, 0x00, 0x00,
    0x00, 0x00, 0x00, 0x00, 0x00, 0x00, 0x00, 0x00, 0x00, 0x00, 0x00, 0x00,
    0x00, 0x00, 0x00, 0x00, 0x00, 0x00, 0x00, 0x00, 0x00, 0x00, 0x00, 0x00,
    0x00, 0x00, 0x00, 0x00, 0x00, 0x00, 0x00, 0x00, 0x00, 0x00, 0x00, 0x02,
    0x00, 0x00, 0x00, 0x00, 0x00, 0x00, 0x00, 0x01, 0x00, 0x01, 0x8B, 0xDF,
    0x00, 0x8E, 0xFF, 0xFF, 0x08, 0xFF, 0xFF, 0xB4, 0x4F, 0xFF, 0xFD, 0x00,
    0xDF, 0xFF, 0xF8, 0x00, 0xFF, 0xFF, 0xF4, 0x00, 0x00, 0x00, 0x00, 0x00,
    0x10, 0x00, 0x00, 0x00, 0xFE, 0xB8, 0x20, 0x00, 0xFF, 0xFF, 0xFB, 0x10,
    0x48, 0xFF, 0xFF, 0xD1, 0x00, 0x8F, 0xFF, 0xFB, 0x00, 0x2F, 0xFF, 0xFF,
    0x00, 0x0E, 0xFF, 0xFF, 0x00, 0x00, 0x00, 0x00, 0x00, 0x00, 0x00, 0x00,
    0x00, 0x00, 0x00, 0x00, 0x00, 0x00, 0x00, 0x00, 0x00, 0x00, 0x00, 0x00,
    0x00, 0x00, 0x00, 0x00, 0x40, 0x00, 0x00, 0x00, 0x80, 0x00, 0x00, 0x00,
    0x00, 0x00, 0x00, 0x08, 0x00, 0x00, 0x00, 0x08, 0x00, 0x00, 0x00, 0x0B,
    0x00, 0x00, 0x00, 0x0B, 0x00, 0x00, 0x00, 0x0B, 0x00, 0x00, 0x00, 0x08,
    0x00, 0x00, 0x00, 0x08, 0x00, 0x00, 0x00, 0x02, 0xFF, 0xFF, 0xF1, 0x00,
    0xFF, 0xFF, 0xF0, 0x00, 0xFF, 0xFF, 0xFB, 0xBB, 0xFF, 0xFF, 0xFF, 0xFF,
    0xFF, 0xFF, 0xF8, 0x88, 0xFF, 0xFF, 0xF0, 0x00, 0xFF, 0xFF, 0xF1, 0x00,
    0xFF, 0xFF, 0xF4, 0x00, 0x00, 0x0B, 0xFF, 0xFF, 0x00, 0x0B, 0xFF, 0xFF,
    0xBB, 0xBE, 0xFF, 0xFF, 0xFF, 0xFF, 0xFF, 0xFF, 0x88, 0x88, 0x88, 0x88,
    0x00, 0x02, 0x14, 0x14, 0x00, 0x0B, 0xFF, 0xFF, 0x00, 0x0D, 0xFF, 0xFF,
    0xE0, 0x00, 0x00, 0x00, 0xF1, 0x00, 0x00, 0x00, 0xF4, 0x00, 0x00, 0x00,
    0xF4, 0x00, 0x00, 0x00, 0x82, 0x00, 0x00, 0x00, 0x10, 0x00, 0x00, 0x00,
    0xE1, 0x00, 0x00, 0x00, 0xB0, 0x00, 0x00, 0x00, 0x00, 0x00, 0x00, 0x00,
    0x00, 0x00, 0x00, 0x00, 0x00, 0x00, 0x00, 0x00, 0x00, 0x00, 0x00, 0x00,
    0x00, 0x00, 0x00, 0x00, 0x00, 0x00, 0x00, 0x00, 0x00, 0x00, 0x00, 0x00,
    0x00, 0x00, 0x00, 0x00, 0xBF, 0xFF, 0xF8, 0x00, 0x2E, 0xFF, 0xFE, 0x20,
    0x08, 0xFF, 0xFF, 0xE8, 0x00, 0x2B, 0xFF, 0xFF, 0x00, 0x00, 0x28, 0x8B,
    0x00, 0x00, 0x00, 0x00, 0x00, 0x00, 0x00, 0x00, 0x00, 0x00, 0x00, 0x00,
    0x00, 0x1F, 0xFF, 0xFF, 0x00, 0x8F, 0xFF, 0xFD, 0x8B, 0xFF, 0xFF, 0xE2,
    0xFF, 0xFF, 0xF8, 0x10, 0xBB, 0x88, 0x20, 0x00, 0x00, 0x00, 0x00, 0x00,
    0x00, 0x00, 0x00, 0x00, 0x00, 0x00, 0x00, 0x00, 0x80, 0x00, 0x00, 0x00,
    0x00, 0x00, 0x00, 0x00, 0x00, 0x00, 0x00, 0x00, 0x00, 0x00, 0x00, 0x00,
    0x00, 0x00, 0x00, 0x00, 0x00, 0x00, 0x00, 0x00, 0x00, 0x00, 0x00, 0x00,
    0x00, 0x00, 0x00, 0x00, 0x00, 0x00, 0x00, 0x00, 0x00, 0x00, 0x00, 0x00,
    0x00, 0x00, 0x00, 0x00, 0x00, 0x00, 0x00, 0x00, 0x00, 0x00, 0x00, 0x00,
    0x00, 0x00, 0x00, 0x00, 0x00, 0x00, 0x00, 0x00, 0x00, 0x00, 0x00, 0x00,
    0x00, 0x00, 0x00, 0x00, 0x00, 0x00, 0x00, 0x00, 0x00, 0x00, 0x00, 0x18,
    0x00, 0x00, 0x02, 0xEF, 0x00, 0x00, 0x0B, 0xFF, 0x00, 0x00, 0x2F, 0xFF,
    0x00, 0x00, 0x8F, 0xFF, 0x00, 0x00, 0x8F, 0xFF, 0x00, 0x00, 0x00, 0x00,
    0x00, 0x00, 0x00, 0x00, 0xDF, 0xFD, 0x84, 0x00, 0xFF, 0xFF, 0xFF, 0x80,
    0xFF, 0xFD, 0xDF, 0x80, 0xFF, 0x80, 0x02, 0x20, 0xFF, 0x10, 0x00, 0x00,
    0xFF, 0x00, 0x00, 0x00, 0x00, 0x00, 0x00, 0x00, 0x00, 0x00, 0x00, 0x00,
    0x00, 0x00, 0x00, 0x00, 0x00, 0x00, 0x00, 0x00, 0x00, 0x00, 0x00, 0x00,
    0x00, 0x00, 0x00, 0x00, 0x00, 0x00, 0x00, 0x00, 0x00, 0x00, 0x00, 0x00,
    0x00, 0x00, 0x00, 0x00, 0x00, 0x00, 0x00, 0x00, 0x00, 0x00, 0x00, 0x00,
    0x00, 0x00, 0x00, 0x00, 0x00, 0x00, 0x00, 0x00, 0x00, 0x00, 0x00, 0x00,
    0x00, 0x00, 0x00, 0x00, 0x00, 0x00, 0x00, 0x00, 0x00, 0x00, 0x8F, 0xFF,
    0x00, 0x00, 0x8F, 0xFF, 0x2B, 0x88, 0xDF, 0xFF, 0x8F, 0xFF, 0xFF, 0xFF,
    0x2B, 0xBB, 0xDF, 0xFF, 0x00, 0x00, 0x8F, 0xFF, 0x00, 0x00, 0x8F, 0xFF,
    0x00, 0x00, 0x8F, 0xFF, 0xFF, 0x00, 0x00, 0x00, 0xFF, 0x00, 0x00, 0x00,
    0xFF, 0x88, 0x88, 0x40, 0xFF, 0xFF, 0xFF, 0x80, 0xFF, 0xBB, 0xBD, 0x40,
    0xFF, 0x00, 0x00, 0x00, 0xFF, 0x00, 0x00, 0x00, 0xFF, 0x00, 0x00, 0x00,
    0x00, 0x00, 0x00, 0x00, 0x00, 0x00, 0x00, 0x00, 0x00, 0x00, 0x00, 0x00,
    0x00, 0x00, 0x00, 0x00, 0x00, 0x00, 0x00, 0x00, 0x00, 0x00, 0x00, 0x00,
    0x00, 0x00, 0x00, 0x00, 0x00, 0x00, 0x00, 0x00, 0x00, 0x00, 0x00, 0x00,
    0x00, 0x00, 0x00, 0x00, 0x00, 0x00, 0x00, 0x00, 0x00, 0x00, 0x00, 0x00,
    0x00, 0x00, 0x00, 0x00, 0x00, 0x00, 0x00, 0x00, 0x00, 0x00, 0x00, 0x00,
    0x00, 0x00, 0x00, 0x00, 0x00, 0x00, 0x8F, 0xFF, 0x00, 0x00, 0x8F, 0xFF,
    0x00, 0x00, 0x8F, 0xFF, 0x00, 0x00, 0x8F, 0xFF, 0x00, 0x00, 0x8F, 0xFF,
    0x00, 0x00, 0x8F, 0xFF, 0x00, 0x00, 0x8F, 0xFF, 0x00, 0x00, 0x8F, 0xFF,
    0xFF, 0x00, 0x00, 0x00, 0xFF, 0x00, 0x00, 0x00, 0xFF, 0x00, 0x00, 0x00,
    0xFF, 0x00, 0x00, 0x00, 0xFF, 0x00, 0x00, 0x00, 0xFF, 0x00, 0x00, 0x00,
    0xFF, 0x00, 0x00, 0x00, 0xFF, 0x00, 0x00, 0x00, 0x00, 0x00, 0x00, 0x00,
    0x00, 0x00, 0x00, 0x00, 0x00, 0x00, 0x00, 0x00, 0x00, 0x00, 0x00, 0x00,
    0x00, 0x00, 0x00, 0x00, 0x00, 0x00, 0x00, 0x00, 0x00, 0x00, 0x00, 0x00,
    0x00, 0x00, 0x00, 0x00, 0x00, 0x00, 0x00, 0x00, 0x00, 0x00, 0x00, 0x00,
    0x00, 0x00, 0x00, 0x00, 0x00, 0x00, 0x00, 0x00, 0x00, 0x00, 0x00, 0x00,
    0x00, 0x00, 0x00, 0x00, 0x00, 0x00, 0x00, 0x00, 0x00, 0x00, 0x00, 0x00,
    0x00, 0x00, 0x8F, 0xFF, 0x00, 0x00, 0x8F, 0xFF, 0x00, 0x00, 0x8F, 0xFF,
    0x00, 0x00, 0x8F, 0xFF, 0x00, 0x00, 0x24, 0x44, 0x00, 0x00, 0x00, 0x00,
    0x00, 0x00, 0x00, 0x00, 0x00, 0x00, 0x00, 0x00, 0xFF, 0x00, 0x00, 0x00,
    0xFF, 0x00, 0x00, 0x00, 0xFF, 0x00, 0x00, 0x00, 0xFF, 0x00, 0x00, 0x00,
    0x44, 0x00, 0x00, 0x00, 0x00, 0x00, 0x00, 0x00, 0x00, 0x00, 0x00, 0x00,
    0x00, 0x00, 0x00, 0x00, 0x00, 0x00, 0x00, 0x00, 0x00, 0x00, 0x00, 0x00,
    0x00, 0x00, 0x00, 0x00, 0x00, 0x00, 0x00, 0x00, 0x00, 0x00, 0x00, 0x00,
    0x00, 0x00, 0x00, 0x00, 0x00, 0x00, 0x00, 0x00, 0x00, 0x00, 0x00, 0x00,
    0x00, 0x00, 0x00, 0x00, 0x00, 0x00, 0x00, 0x00, 0x00, 0x00, 0x00, 0x00,
    0x00, 0x00, 0x00, 0x00, 0x00, 0x00, 0x00, 0x00, 0x00, 0x00, 0x00, 0x00,
    0x00, 0x00, 0x00, 0x00, 0x00, 0x00, 0x00, 0x00, 0x00, 0x00, 0x00, 0x00,
    0x00, 0x00, 0x00, 0x00, 0x00, 0x00, 0x00, 0x00, 0x00, 0x00, 0x00, 0x00,
    0x00, 0x00, 0x00, 0x00, 0x00, 0x00, 0x00, 0x00, 0x00, 0x00, 0x00, 0x00,
    0x00, 0x00, 0x00, 0x00, 0x00, 0x00, 0x00, 0x00, 0x00, 0x00, 0x00, 0x00,
    0x00, 0x00, 0x00, 0x00, 0x00, 0x00, 0x00, 0x00, 0x00, 0x00, 0x00, 0x00,
    0x00, 0x00, 0x00, 0x00, 0x00, 0x00, 0x00, 0x00, 0x00, 0x00, 0x00, 0x00,
    0x00, 0x00, 0x00, 0x00, 0x00, 0x00, 0x00, 0x00, 0x00, 0x00, 0x00, 0x00,
    0x00, 0x00, 0x00, 0x00, 0x00, 0x00, 0x00, 0x00, 0x00, 0x00, 0x00, 0x00,
    0x00, 0x00, 0x00, 0x00, 0x00, 0x00, 0x00, 0x00, 0x00, 0x00, 0x00, 0x00,
    0x00, 0x00, 0x00, 0x00, 0x00, 0x00, 0x00, 0x00, 0x00, 0x00, 0x00, 0x00,
    0x00, 0x00, 0x00, 0x00, 0x00, 0x00, 0x00, 0x00, 0x00, 0x00, 0x00, 0x00,
    0x00, 0x00, 0x00, 0x00, 0x00, 0x00, 0x00, 0x00, 0x00, 0x00, 0x00, 0x01,
    0x00, 0x02, 0x8B, 0xEF, 0x02, 0xBF, 0xFF, 0xFF, 0x1D, 0xFF, 0xFF, 0xD4,
    0x8F, 0xFF, 0xFF, 0x20, 0xBF, 0xFF, 0xFB, 0x00, 0xBF, 0xFF, 0xFB, 0x00,
    0x00, 0x00, 0x00, 0x00, 0x01, 0x00, 0x00, 0x00, 0xFF, 0xDB, 0x81, 0x18,
    0xFF, 0xFF, 0xFE, 0xDF, 0x48, 0xFF, 0xFF, 0xFF, 0x00, 0x8F, 0xFF, 0xFD,
    0x00, 0x4F, 0xFF, 0xFE, 0x00, 0x4F, 0xFF, 0xFF, 0x00, 0x00, 0x00, 0x00,
    0x00, 0x00, 0x00, 0x00, 0xFB, 0x00, 0x00, 0x00, 0xFB, 0x00, 0x00, 0x00,
    0xFB, 0x00, 0x00, 0x00, 0x88, 0x00, 0x00, 0x00, 0x00, 0x00, 0x00, 0x00,
    0x00, 0x00, 0x00, 0x00, 0x00, 0x00, 0x00, 0x00, 0x00, 0x00, 0x00, 0x00,
    0x00, 0x00, 0x00, 0x00, 0x00, 0x00, 0x00, 0x00, 0x00, 0x00, 0x00, 0x00,
    0x00, 0x00, 0x00, 0x00, 0x00, 0x00, 0x00, 0x00, 0x00, 0x00, 0x00, 0x00,
    0x8F, 0xFF, 0xFE, 0x00, 0x4F, 0xFF, 0xFF, 0xB2, 0x08, 0xFF, 0xFF, 0xFF,
    0x2D, 0xFF, 0xFF, 0xFF, 0x8F, 0xFF, 0x42, 0x88, 0xBF, 0xFF, 0xB8, 0x84,
    0x2D, 0xFF, 0xFE, 0xFF, 0x02, 0xBF, 0xFF, 0xEB, 0x00, 0x8F, 0xFF, 0xFE,
    0x04, 0xEF, 0xFF, 0xF8, 0xEF, 0xFF, 0xFF, 0xE2, 0xFF, 0xFF, 0xE8, 0x20,
    0x48, 0x42, 0x00, 0x00, 0x84, 0x22, 0x00, 0x00, 0xFF, 0xFF, 0xEB, 0x40,
    0xBB, 0xFF, 0xFF, 0xFB, 0x00, 0x00, 0x00, 0x00, 0x00, 0x00, 0x00, 0x00,
    0x00, 0x00, 0x00, 0x00, 0x00, 0x00, 0x00, 0x00, 0x00, 0x00, 0x00, 0x00,
    0x00, 0x00, 0x00, 0x00, 0x00, 0x00, 0x00, 0x00, 0x10, 0x00, 0x00, 0x00,
    0x00, 0x00, 0x00, 0x00, 0x00, 0x00, 0x00, 0x02, 0x00, 0x00, 0x00, 0x08,
    0x00, 0x00, 0x00, 0x0B, 0x00, 0x00, 0x00, 0x08, 0x00, 0x00, 0x00, 0x02,
    0x00, 0x00, 0x00, 0x00, 0x00, 0x00, 0x00, 0x00, 0x8E, 0xFF, 0xFB, 0x10,
    0xFF, 0xFF, 0xE1, 0x00, 0xFF, 0xFF, 0xB0, 0x00, 0xFF, 0xFF, 0xB0, 0x00,
    0xFF, 0xFF, 0xF2, 0x00, 0xFF, 0xFF, 0xFD, 0x40, 0x8E, 0xFF, 0xFF, 0xFF,
    0x01, 0x8B, 0xEF, 0xFF, 0x00, 0x2D, 0xFF, 0xFF, 0x00, 0x04, 0xFF, 0xFF,
    0x00, 0x00, 0xFF, 0xFF, 0x00, 0x01, 0xFF, 0xFF, 0x00, 0x08, 0xFF, 0xFF,
    0x01, 0x8D, 0xFF, 0xFF, 0xFF, 0xFF, 0xFF, 0xFB, 0xFF, 0xFF, 0xD8, 0x40,
    0xB0, 0x00, 0x00, 0x00, 0xF2, 0x00, 0x00, 0x00, 0xF8, 0x00, 0x00, 0x00,
    0xF8, 0x00, 0x00, 0x00, 0xF4, 0x00, 0x00, 0x00, 0xD0, 0x00, 0x00, 0x00,
    0x10, 0x00, 0x00, 0x00, 0x00, 0x00, 0x00, 0x00, 0x00, 0x00, 0x00, 0x00,
    0x00, 0x00, 0x00, 0x00, 0x00, 0x00, 0x00, 0x00, 0x00, 0x00, 0x00, 0x00,
    0x00, 0x00, 0x00, 0x00, 0x00, 0x00, 0x00, 0x00, 0x00, 0x00, 0x00, 0x00,
    0x00, 0x00, 0x00, 0x00, 0x00, 0x00, 0x00, 0x00, 0x00, 0x00, 0x00, 0x00,
    0x88, 0x88, 0x84, 0x00, 0xFF, 0xFF, 0xF8, 0x00, 0xFF, 0xFF, 0xF8, 0x00,
    0xFF, 0xFF, 0xF8, 0x00, 0xFF, 0xFF, 0xF8, 0x00, 0xFF, 0xFF, 0xF8, 0x00,
    0x00, 0x00, 0x00, 0x00, 0x00, 0x00, 0x00, 0x00, 0x00, 0x00, 0x00, 0x00,
    0x00, 0x00, 0x00, 0x00, 0x00, 0x00, 0x00, 0x00, 0x00, 0x00, 0x00, 0x00,
    0x00, 0x00, 0x00, 0x00, 0x00, 0x00, 0x00, 0x00, 0x00, 0x00, 0x00, 0x00,
    0x00, 0x00, 0x00, 0x00, 0x00, 0x00, 0x00, 0x00, 0x00, 0x00, 0x00, 0x00,
    0x00, 0x00, 0x00, 0x00, 0x00, 0x00, 0x00, 0x00, 0x00, 0x00, 0x00, 0x00,
    0x00, 0x00, 0x00, 0x00, 0x00, 0x00, 0x00, 0x00, 0x00, 0x00, 0x00, 0x00,
    0x00, 0x00, 0x00, 0x00, 0x00, 0x00, 0x00, 0x00, 0x00, 0x00, 0x00, 0x00,
    0x00, 0x00, 0x00, 0x00, 0x00, 0x00, 0x00, 0x00, 0x00, 0x00, 0x00, 0x00,
    0xFF, 0xFF, 0xF8, 0x00, 0xFF, 0xFF, 0xF8, 0x00, 0xFF, 0xFF, 0xF8, 0x04,
    0xFF, 0xFF, 0xF8, 0x8F, 0xFF, 0xFF, 0xFE, 0xFF, 0xFF, 0xFF, 0xFF, 0xE8,
    0xFF, 0xFF, 0xFF, 0x40, 0xFF, 0xFF, 0xF8, 0x00, 0x00, 0x00, 0x00, 0x00,
    0x00, 0x20, 0x00, 0x00, 0x8D, 0xFE, 0xB8, 0x10, 0xFF, 0xFF, 0xFF, 0xD2,
    0xFF, 0xFF, 0xFF, 0xFB, 0x10, 0x8F, 0xFF, 0xFF, 0x00, 0x0B, 0xFF, 0xFF,
    0x00, 0x08, 0xFF, 0xFF, 0x00, 0x00, 0x00, 0x00, 0x00, 0x00, 0x00, 0x00,
    0x00, 0x00, 0x00, 0x00, 0x00, 0x00, 0x00, 0x00, 0x00, 0x00, 0x00, 0x00,
    0x80, 0x00, 0x00, 0x00, 0xB0, 0x00, 0x00, 0x00, 0xD0, 0x00, 0x00, 0x00,
    0x00, 0x00, 0x00, 0x00, 0x00, 0x00, 0x00, 0x00, 0x00, 0x00, 0x00, 0x00,
    0x00, 0x00, 0x00, 0x00, 0x00, 0x00, 0x00, 0x00, 0x00, 0x00, 0x00, 0x00,
    0x00, 0x00, 0x00, 0x00, 0x00, 0x00, 0x00, 0x00, 0xFF, 0xFF, 0xF8, 0x00,
    0xFF, 0xFF, 0xF8, 0x00, 0xFF, 0xFF, 0xF8, 0x00, 0xFF, 0xFF, 0xF8, 0x00,
    0xFF, 0xFF, 0xF8, 0x00, 0xFF, 0xFF, 0xF8, 0x00, 0xFF, 0xFF, 0xF8, 0x00,
    0xFF, 0xFF, 0xF8, 0x00, 0x00, 0x08, 0xFF, 0xFF, 0x00, 0x08, 0xFF, 0xFF,
    0x00, 0x08, 0xFF, 0xFF, 0x00, 0x08, 0xFF, 0xFF, 0x00, 0x08, 0xFF, 0xFF,
    0x00, 0x08, 0xFF, 0xFF, 0x00, 0x08, 0xFF, 0xFF, 0x00, 0x08, 0xFF, 0xFF,
    0xF0, 0x00, 0x00, 0x00, 0xF0, 0x00, 0x00, 0x00, 0xF0, 0x00, 0x00, 0x00,
    0xF0, 0x00, 0x00, 0x00, 0xF0, 0x00, 0x00, 0x00, 0xF0, 0x00, 0x00, 0x00,
    0xF0, 0x00, 0x00, 0x00, 0xF0, 0x00, 0x00, 0x00, 0x00, 0x00, 0x00, 0x00,
    0x00, 0x00, 0x00, 0x00, 0x00, 0x00, 0x00, 0x00, 0x00, 0x00, 0x00, 0x00,
    0x00, 0x00, 0x00, 0x00, 0x00, 0x00, 0x00, 0x00, 0x00, 0x00, 0x00, 0x00,
    0x00, 0x00, 0x00, 0x00, 0xFF, 0xFF, 0xF8, 0x00, 0xFF, 0xFF, 0xF8, 0x00,
    0xFF, 0xFF, 0xF8, 0x00, 0xFF, 0xFF, 0xF8, 0x00, 0x44, 0x44, 0x42, 0x00,
    0x00, 0x00, 0x00, 0x00, 0x00, 0x00, 0x00, 0x00, 0x00, 0x00, 0x00, 0x00,
    0x00, 0x08, 0xFF, 0xFF, 0x00, 0x08, 0xFF, 0xFF, 0x00, 0x08, 0xFF, 0xFF,
    0x00, 0x08, 0xFF, 0xFF, 0x00, 0x02, 0x44, 0x44, 0x00, 0x00, 0x00, 0x00,
    0x00, 0x00, 0x00, 0x00, 0x00, 0x00, 0x00, 0x00, 0xF0, 0x00, 0x00, 0x00,
    0xF0, 0x00, 0x00, 0x00, 0xF0, 0x00, 0x00, 0x00, 0xF0, 0x00, 0x00, 0x00,
    0x40, 0x00, 0x00, 0x00, 0x00, 0x00, 0x00, 0x00, 0x00, 0x00, 0x00, 0x00,
    0x00, 0x00, 0x00, 0x00, 0x00, 0x00, 0x00, 0x00, 0x00, 0x00, 0x00, 0x00,
    0x00, 0x00, 0x00, 0x00, 0x00, 0x00, 0x00, 0x00, 0x00, 0x00, 0x00, 0x00,
    0x00, 0x00, 0x00, 0x00, 0x00, 0x00, 0x00, 0x00, 0x00, 0x00, 0x00, 0x00,
    0x00, 0x00, 0x00, 0x00, 0x00, 0x00, 0x00, 0x00, 0x00, 0x00, 0x02, 0x88,
    0x00, 0x00, 0x04, 0xFF, 0x00, 0x00, 0x04, 0xFF, 0x00, 0x00, 0x04, 0xFF,
    0x00, 0x00, 0x04, 0xFF, 0x00, 0x00, 0x04, 0xFF, 0x00, 0x00, 0x00, 0x00,
    0x00, 0x00, 0x00, 0x00, 0x88, 0x82, 0x00, 0x00, 0xFF, 0xF4, 0x00, 0x00,
    0xFF, 0xF4, 0x00, 0x00, 0xFF, 0xF4, 0x00, 0x00, 0xFF, 0xF4, 0x00, 0x00,
    0xFF, 0xF4, 0x00, 0x00, 0x00, 0x00, 0x00, 0x00, 0x00, 0x00, 0x00, 0x00,
    0x00, 0x00, 0x00, 0x00, 0x00, 0x00, 0x00, 0x00, 0x00, 0x00, 0x00, 0x00,
    0x00, 0x00, 0x00, 0x00, 0x00, 0x00, 0x00, 0x00, 0x00, 0x00, 0x00, 0x00,
    0x00, 0x00, 0x00, 0x00, 0x00, 0x00, 0x00, 0x00, 0x00, 0x00, 0x00, 0x00,
    0x00, 0x00, 0x00, 0x00, 0x00, 0x00, 0x00, 0x00, 0x00, 0x00, 0x00, 0x00,
    0x00, 0x00, 0x00, 0x00, 0x00, 0x00, 0x00, 0x00, 0x00, 0x00, 0x01, 0x44,
    0x00, 0x00, 0x00, 0x00, 0x00, 0x00, 0x02, 0x88, 0x00, 0x11, 0x14, 0xFF,
    0x00, 0x00, 0x04, 0xFF, 0x00, 0x00, 0x04, 0xFF, 0x00, 0x00, 0x04, 0xFF,
    0x00, 0x00, 0x04, 0xFF, 0x44, 0x41, 0x00, 0x00, 0x00, 0x00, 0x00, 0x00,
    0x88, 0x82, 0x00, 0x00, 0xFF, 0xF4, 0x11, 0x00, 0xFF, 0xF4, 0x00, 0x00,
    0xFF, 0xF4, 0x00, 0x00, 0xFF, 0xF4, 0x00, 0x00, 0xFF, 0xF4, 0x00, 0x00,
    0x00, 0x00, 0x00, 0x00, 0x00, 0x00, 0x00, 0x00, 0x00, 0x00, 0x00, 0x00,
    0x00, 0x00, 0x00, 0x00, 0x00, 0x00, 0x00, 0x00, 0x00, 0x00, 0x00, 0x00,
    0x00, 0x00, 0x00, 0x00, 0x00, 0x00, 0x00, 0x00, 0x00, 0x00, 0x00, 0x00,
    0x00, 0x00, 0x00, 0x00, 0x00, 0x00, 0x00, 0x00, 0x00, 0x00, 0x00, 0x00,
    0x00, 0x00, 0x00, 0x00, 0x00, 0x00, 0x00, 0x00, 0x00, 0x00, 0x00, 0x00,
    0x00, 0x00, 0x00, 0x00, 0x00, 0x00, 0x04, 0xFF, 0x00, 0x00, 0x04, 0xFF,
    0x00, 0x00, 0x04, 0xFF, 0x00, 0x00, 0x04, 0xFF, 0x00, 0x00, 0x04, 0xFF,
    0x00, 0x00, 0x04, 0xFF, 0x00, 0x00, 0x04, 0xFF, 0x00, 0x00, 0x04, 0xFF,
    0xFF, 0xF4, 0x00, 0x00, 0xFF, 0xF4, 0x00, 0x00, 0xFF, 0xF4, 0x00, 0x00,
    0xFF, 0xF4, 0x00, 0x00, 0xFF, 0xF4, 0x00, 0x00, 0xFF, 0xF4, 0x00, 0x00,
    0xFF, 0xF4, 0x00, 0x00, 0xFF, 0xF4, 0x00, 0x00, 0x00, 0x00, 0x00, 0x00,
    0x00, 0x00, 0x00, 0x00, 0x00, 0x00, 0x00, 0x00, 0x00, 0x00, 0x00, 0x00,
    0x00, 0x00, 0x00, 0x00, 0x00, 0x00, 0x00, 0x00, 0x00, 0x00, 0x00, 0x00,
    0x00, 0x00, 0x00, 0x00, 0x00, 0x00, 0x00, 0x00, 0x00, 0x00, 0x00, 0x00,
    0x00, 0x00, 0x00, 0x00, 0x00, 0x00, 0x00, 0x00, 0x00, 0x00, 0x00, 0x00,
    0x00, 0x00, 0x00, 0x00, 0x00, 0x00, 0x00, 0x00, 0x00, 0x00, 0x00, 0x00,
    0x00, 0x00, 0x04, 0xFF, 0x00, 0x00, 0x04, 0xFF, 0x00, 0x00, 0x04, 0xFF,
    0x00, 0x00, 0x04, 0xFF, 0x00, 0x00, 0x01, 0x44, 0x00, 0x00, 0x00, 0x00,
    0x00, 0x00, 0x00, 0x00, 0x00, 0x00, 0x00, 0x00, 0xFF, 0xF4, 0x00, 0x00,
    0xFF, 0xF4, 0x00, 0x00, 0xFF, 0xF4, 0x00, 0x00, 0xFF, 0xF4, 0x00, 0x00,
    0x44, 0x41, 0x00, 0x00, 0x00, 0x00, 0x00, 0x00, 0x00, 0x00, 0x00, 0x00,
    0x00, 0x00, 0x00, 0x00, 0x00, 0x00, 0x00, 0x00, 0x00, 0x00, 0x00, 0x00,
    0x00, 0x00, 0x00, 0x00, 0x00, 0x00, 0x00, 0x00, 0x00, 0x00, 0x00, 0x00,
    0x00, 0x00, 0x00, 0x00, 0x00, 0x00, 0x00, 0x00, 0x00, 0x00, 0x00, 0x00,
    0x00, 0x00, 0x00, 0x00, 0x00, 0x00, 0x00, 0x00, 0x00, 0x00, 0x00, 0x00,
    0x00, 0x00, 0x00, 0x00, 0x00, 0x00, 0x00, 0x00, 0x00, 0x00, 0x00, 0x00,
    0x00, 0x00, 0x00, 0x00, 0x00, 0x00, 0x00, 0x00, 0x00, 0x00, 0x00, 0x00,
    0x00, 0x00, 0x00, 0x00, 0x00, 0x00, 0x04, 0x88, 0x00, 0x00, 0x08, 0xFF,
    0x00, 0x00, 0x08, 0xFF, 0x00, 0x00, 0x08, 0xFF, 0x00, 0x00, 0x08, 0xFF,
    0x00, 0x00, 0x08, 0xFF, 0x00, 0x00, 0x00, 0x00, 0x00, 0x00, 0x00, 0x00,
    0x88, 0x80, 0x00, 0x00, 0xFF, 0xF0, 0x00, 0x00, 0xFF, 0xF0, 0x00, 0x00,
    0xFF, 0xF0, 0x00, 0x00, 0xFF, 0xF0, 0x00, 0x00, 0xFF, 0xF0, 0x00, 0x00,
    0x00, 0x00, 0x00, 0x00, 0x00, 0x00, 0x00, 0x00, 0x00, 0x00, 0x00, 0x00,
    0x00, 0x00, 0x00, 0x00, 0x00, 0x00, 0x00, 0x00, 0x00, 0x00, 0x00, 0x00,
    0x00, 0x00, 0x00, 0x00, 0x00, 0x00, 0x00, 0x00, 0x00, 0x00, 0x00, 0x00,
    0x00, 0x00, 0x00, 0x00, 0x00, 0x00, 0x00, 0x00, 0x00, 0x00, 0x00, 0x00,
    0x00, 0x00, 0x00, 0x00, 0x00, 0x00, 0x00, 0x00, 0x00, 0x00, 0x00, 0x00,
    0x00, 0x00, 0x00, 0x00, 0x00, 0x00, 0x02, 0x44, 0x00, 0x00, 0x00, 0x00,
    0x00, 0x00, 0x04, 0x88, 0x00, 0x00, 0x08, 0xFF, 0x00, 0x00, 0x08, 0xFF,
    0x00, 0x00, 0x08, 0xFF, 0x00, 0x00, 0x08, 0xFF, 0x00, 0x00, 0x08, 0xFF,
    0x44, 0x40, 0x00, 0x00, 0x00, 0x00, 0x00, 0x00, 0x88, 0x80, 0x00, 0x00,
    0xFF, 0xF1, 0x00, 0x00, 0xFF, 0xF0, 0x00, 0x00, 0xFF, 0xF0, 0x00, 0x00,
    0xFF, 0xF0, 0x00, 0x00, 0xFF, 0xF0, 0x00, 0x00, 0x00, 0x00, 0x00, 0x00,
    0x00, 0x00, 0x00, 0x00, 0x00, 0x00, 0x00, 0x00, 0x00, 0x00, 0x00, 0x00,
    0x00, 0x00, 0x00, 0x00, 0x00, 0x00, 0x00, 0x00, 0x00, 0x00, 0x00, 0x00,
    0x00, 0x00, 0x00, 0x00, 0x00, 0x00, 0x00, 0x00, 0x00, 0x00, 0x00, 0x00,
    0x00, 0x00, 0x00, 0x00, 0x00, 0x00, 0x00, 0x00, 0x00, 0x00, 0x00, 0x00,
    0x00, 0x00, 0x00, 0x00, 0x00, 0x00, 0x00, 0x00, 0x00, 0x00, 0x00, 0x00,
    0x00, 0x00, 0x08, 0xFF, 0x00, 0x00, 0x08, 0xFF, 0x00, 0x00, 0x08, 0xFF,
    0x00, 0x00, 0x08, 0xFF, 0x00, 0x00, 0x08, 0xFF, 0x00, 0x00, 0x08, 0xFF,
    0x00, 0x00, 0x08, 0xFF, 0x00, 0x00, 0x08, 0xFF, 0xFF, 0xF0, 0x00, 0x00,
    0xFF, 0xF0, 0x00, 0x00, 0xFF, 0xF0, 0x00, 0x00, 0xFF, 0xF0, 0x00, 0x00,
    0xFF, 0xF0, 0x00, 0x00, 0xFF, 0xF0, 0x00, 0x00, 0xFF, 0xF0, 0x00, 0x00,
    0xFF, 0xF0, 0x00, 0x00, 0x00, 0x00, 0x00, 0x00, 0x00, 0x00, 0x00, 0x00,
    0x00, 0x00, 0x00, 0x00, 0x00, 0x00, 0x00, 0x00, 0x00, 0x00, 0x00, 0x00,
    0x00, 0x00, 0x00, 0x00, 0x00, 0x00, 0x00, 0x00, 0x00, 0x00, 0x00, 0x00,
    0x00, 0x00, 0x00, 0x00, 0x00, 0x00, 0x00, 0x00, 0x00, 0x00, 0x00, 0x00,
    0x00, 0x00, 0x00, 0x00, 0x00, 0x00, 0x00, 0x00, 0x00, 0x00, 0x00, 0x00,
    0x00, 0x00, 0x00, 0x00, 0x00, 0x00, 0x00, 0x00, 0x00, 0x00, 0x08, 0xFF,
    0x00, 0x00, 0x08, 0xFF, 0x00, 0x00, 0x08, 0xFF, 0x00, 0x00, 0x08, 0xFF,
    0x00, 0x00, 0x0B, 0xFF, 0x00, 0x14, 0x8F, 0xFF, 0x00, 0x4F, 0xFF, 0xFF,
    0x01, 0x4F, 0xFF, 0xFD, 0xFF, 0xF0, 0x00, 0x00, 0xFF, 0xF0, 0x00, 0x00,
    0xFF, 0xF0, 0x00, 0x00, 0xFF, 0xF0, 0x00, 0x00, 0xFF, 0xD0, 0x00, 0x00,
    0xFF, 0x80, 0x00, 0x00, 0xFD, 0x20, 0x00, 0x00, 0xB4, 0x00, 0x00, 0x00,
    0x00, 0x00, 0x00, 0x00, 0x00, 0x00, 0x00, 0x00, 0x00, 0x00, 0x00, 0x00,
    0x00, 0x00, 0x00, 0x00, 0x00, 0x00, 0x00, 0x00, 0x00, 0x00, 0x00, 0x00,
    0x00, 0x00, 0x00, 0x00, 0x00, 0x00, 0x00, 0x00, 0x00, 0x00, 0x00, 0x00,
    0x00, 0x00, 0x00, 0x00, 0x00, 0x00, 0x00, 0x00, 0x00, 0x00, 0x00, 0x00,
    0x00, 0x00, 0x00, 0x00, 0x00, 0x00, 0x00, 0x00, 0x00, 0x00, 0x00, 0x00,
    0x00, 0x00, 0x00, 0x00, 0x00, 0x00, 0x00, 0x00, 0x00, 0x00, 0x00, 0x00,
    0x88, 0x88, 0x84, 0x00, 0xFF, 0xFF, 0xF8, 0x00, 0xFF, 0xFF, 0xF8, 0x00,
    0xFF, 0xFF, 0xF8, 0x00, 0xFF, 0xFF, 0xF8, 0x00, 0xFF, 0xFF, 0xF8, 0x00,
    0x00, 0x00, 0x00, 0x00, 0x00, 0x00, 0x00, 0x00, 0x00, 0x00, 0x00, 0x00,
    0x00, 0x00, 0x00, 0x00, 0x00, 0x00, 0x00, 0x00, 0x00, 0x00, 0x00, 0x00,
    0x00, 0x00, 0x00, 0x00, 0x00, 0x00, 0x00, 0x00, 0x00, 0x00, 0x00, 0x00,
    0x00, 0x00, 0x00, 0x00, 0x00, 0x00, 0x00, 0x00, 0x00, 0x00, 0x00, 0x00,
    0x00, 0x00, 0x00, 0x00, 0x00, 0x00, 0x00, 0x00, 0x00, 0x00, 0x00, 0x00,
    0x00, 0x00, 0x00, 0x00, 0x00, 0x00, 0x00, 0x00, 0x00, 0x00, 0x00, 0x00,
    0x00, 0x00, 0x00, 0x00, 0x00, 0x00, 0x00, 0x00, 0x00, 0x00, 0x00, 0x00,
    0x00, 0x00, 0x00, 0x00, 0x00, 0x00, 0x00, 0x00, 0x00, 0x00, 0x00, 0x00,
    0xFF, 0xFF, 0xF8, 0x00, 0xFF, 0xFF, 0xF8, 0x00, 0xFF, 0xFF, 0xF8, 0x00,
    0xFF, 0xFF, 0xF8, 0x00, 0xFF, 0xFF, 0xF8, 0x00, 0xFF, 0xFF, 0xF8, 0x00,
    0xFF, 0xFF, 0xF8, 0x01, 0xFF, 0xFF, 0xF8, 0x2D, 0x00, 0x00, 0x00, 0x00,
    0x00, 0x00, 0x00, 0x00, 0x00, 0x00, 0x18, 0x88, 0x00, 0x02, 0xDF, 0xFD,
    0x00, 0x8E, 0xFF, 0x81, 0x08, 0xFF, 0xF8, 0x00, 0xBF, 0xFE, 0x40, 0x00,
    0xFF, 0xD2, 0x00, 0x00, 0x00, 0x00, 0x00, 0x00, 0x00, 0x00, 0x00, 0x00,
    0x80, 0x00, 0x00, 0x00, 0x20, 0x00, 0x00, 0x00, 0x00, 0x00, 0x00, 0x00,
    0x00, 0x00, 0x00, 0x00, 0x00, 0x00, 0x00, 0x00, 0x00, 0x00, 0x00, 0x00,
    0x00, 0x00, 0x00, 0x00, 0x00, 0x00, 0x00, 0x00, 0x00, 0x00, 0x00, 0x00,
    0x00, 0x00, 0x00, 0x00, 0x00, 0x00, 0x00, 0x00, 0x00, 0x00, 0x00, 0x00,
    0x00, 0x00, 0x00, 0x00, 0x00, 0x00, 0x00, 0x00, 0xFF, 0xFF, 0xFD, 0xDF,
    0xFF, 0xFF, 0xFF, 0xFF, 0xFF, 0xFF, 0xFF, 0xFF, 0xFF, 0xFF, 0xFD, 0xEF,
    0xFF, 0xFF, 0xF8, 0x8F, 0xFF, 0xFF, 0xF8, 0x0E, 0xFF, 0xFF, 0xE8, 0x08,
    0xFF, 0xFF, 0xF8, 0x00, 0xFF, 0x80, 0x00, 0x00, 0xFF, 0xE2, 0x00, 0x00,
    0xFF, 0xFB, 0x00, 0x00, 0xFF, 0xFF, 0x40, 0x00, 0xFF, 0xFF, 0xE1, 0x00,
    0xFF, 0xFF, 0xF8, 0x00, 0xFF, 0xFF, 0xFF, 0x40, 0xBF, 0xFF, 0xFF, 0xD0,
    0x00, 0x00, 0x00, 0x00, 0x00, 0x00, 0x00, 0x00, 0x00, 0x00, 0x00, 0x00,
    0x00, 0x00, 0x00, 0x00, 0x00, 0x00, 0x00, 0x00, 0x00, 0x00, 0x00, 0x00,
    0x00, 0x00, 0x00, 0x00, 0x00, 0x00, 0x00, 0x00, 0x00, 0x00, 0x00, 0x00,
    0x00, 0x00, 0x00, 0x00, 0x00, 0x00, 0x00, 0x00, 0x00, 0x00, 0x00, 0x00,
    0x00, 0x00, 0x00, 0x00, 0x00, 0x00, 0x00, 0x00, 0x00, 0x00, 0x00, 0x00,
    0x00, 0x00, 0x00, 0x00, 0xFF, 0xFF, 0xF8, 0x00, 0xFF, 0xFF, 0xF8, 0x00,
    0xFF, 0xFF, 0xF8, 0x00, 0xFF, 0xFF, 0xF8, 0x00, 0x44, 0x44, 0x42, 0x00,
    0x00, 0x00, 0x00, 0x00, 0x00, 0x00, 0x00, 0x00, 0x00, 0x00, 0x00, 0x00,
    0x2F, 0xFF, 0xFF, 0xF8, 0x08, 0xFF, 0xFF, 0xFF, 0x01, 0xDF, 0xFF, 0xFF,
    0x00, 0x4F, 0xFF, 0xFF, 0x00, 0x04, 0x44, 0x44, 0x00, 0x00, 0x00, 0x00,
    0x00, 0x00, 0x00, 0x00, 0x00, 0x00, 0x00, 0x00, 0x00, 0x00, 0x00, 0x00,
    0x20, 0x00, 0x00, 0x00, 0xD0, 0x00, 0x00, 0x00, 0xF8, 0x00, 0x00, 0x00,
    0x44, 0x00, 0x00, 0x00, 0x00, 0x00, 0x00, 0x00, 0x00, 0x00, 0x00, 0x00,
    0x00, 0x00, 0x00, 0x00, 0x00, 0x00, 0x00, 0x00, 0x00, 0x00, 0x00, 0x00,
    0x00, 0x00, 0x00, 0x00, 0x00, 0x00, 0x00, 0x00, 0x00, 0x00, 0x00, 0x00,
    0x00, 0x00, 0x00, 0x00, 0x00, 0x00, 0x00, 0x00, 0x00, 0x00, 0x00, 0x00,
    0x00, 0x00, 0x00, 0x00, 0x00, 0x00, 0x00, 0x00, 0x00, 0x00, 0x02, 0x88,
    0x00, 0x00, 0x14, 0xFF, 0x00, 0x00, 0x14, 0xFF, 0x00, 0x00, 0x04, 0xFF,
    0x00, 0x00, 0x04, 0xFF, 0x00, 0x00, 0x04, 0xFF, 0x00, 0x00, 0x00, 0x00,
    0x00, 0x00, 0x00, 0x00, 0x88, 0x82, 0x00, 0x00, 0xFF, 0xF4, 0x00, 0x00,
    0xFF, 0xF4, 0x00, 0x00, 0xFF, 0xF4, 0x00, 0x00, 0xFF, 0xF4, 0x00, 0x00,
    0xFF, 0xF4, 0x00, 0x00, 0x00, 0x00, 0x00, 0x00, 0x00, 0x00, 0x00, 0x00,
    0x00, 0x00, 0x00, 0x00, 0x00, 0x00, 0x00, 0x00, 0x00, 0x00, 0x00, 0x00,
    0x00, 0x00, 0x00, 0x00, 0x00, 0x00, 0x00, 0x00, 0x00, 0x00, 0x00, 0x00,
    0x00, 0x00, 0x00, 0x00, 0x00, 0x00, 0x00, 0x00, 0x00, 0x00, 0x00, 0x00,
    0x00, 0x00, 0x00, 0x00, 0x00, 0x00, 0x00, 0x00, 0x00, 0x00, 0x00, 0x00,
    0x00, 0x00, 0x00, 0x00, 0x00, 0x00, 0x00, 0x00, 0x00, 0x00, 0x04, 0xFF,
    0x00, 0x00, 0x04, 0xFF, 0x00, 0x00, 0x04, 0xFF, 0x00, 0x00, 0x04, 0xFF,
    0x00, 0x00, 0x04, 0xFF, 0x00, 0x00, 0x04, 0xFF, 0x00, 0x00, 0x04, 0xFF,
    0x00, 0x00, 0x04, 0xFF, 0xFF, 0xF4, 0x00, 0x00, 0xFF, 0xF4, 0x00, 0x00,
    0xFF, 0xF4, 0x00, 0x00, 0xFF, 0xF4, 0x00, 0x00, 0xFF, 0xF4, 0x00, 0x00,
    0xFF, 0xF4, 0x00, 0x00, 0xFF, 0xF4, 0x00, 0x00, 0xFF, 0xF4, 0x00, 0x00,
    0x00, 0x00, 0x00, 0x00, 0x00, 0x00, 0x00, 0x00, 0x00, 0x00, 0x00, 0x00,
    0x00, 0x00, 0x00, 0x00, 0x00, 0x00, 0x00, 0x00, 0x00, 0x00, 0x00, 0x00,
    0x00, 0x00, 0x00, 0x00, 0x00, 0x00, 0x00, 0x00, 0x00, 0x00, 0x00, 0x00,
    0x00, 0x00, 0x00, 0x00, 0x00, 0x00, 0x00, 0x00, 0x00, 0x00, 0x00, 0x00,
    0x00, 0x00, 0x00, 0x00, 0x00, 0x00, 0x00, 0x00, 0x00, 0x00, 0x00, 0x00,
    0x00, 0x00, 0x00, 0x00, 0x00, 0x00, 0x04, 0xFF, 0x00, 0x00, 0x04, 0xFF,
    0x00, 0x00, 0x04, 0xFF, 0x00, 0x00, 0x04, 0xFF, 0x00, 0x00, 0x04, 0xFF,
    0x00, 0x00, 0x04, 0xFF, 0x00, 0x00, 0x04, 0xFF, 0x00, 0x00, 0x04, 0xFF,
    0xFF, 0xF4, 0x00, 0x00, 0xFF, 0xF4, 0x00, 0x00, 0xFF, 0xF4, 0x00, 0x00,
    0xFF, 0xF4, 0x00, 0x00, 0xFF, 0xF4, 0x00, 0x00, 0xFF, 0xF4, 0x00, 0x00,
    0xFF, 0xF4, 0x00, 0x00, 0xFF, 0xF4, 0x00, 0x00, 0x00, 0x00, 0x00, 0x00,
    0x00, 0x00, 0x00, 0x00, 0x00, 0x00, 0x00, 0x00, 0x00, 0x00, 0x00, 0x00,
    0x00, 0x00, 0x00, 0x00, 0x00, 0x00, 0x00, 0x00, 0x00, 0x00, 0x00, 0x00,
    0x00, 0x00, 0x00, 0x00, 0x00, 0x00, 0x00, 0x00, 0x00, 0x00, 0x00, 0x00,
    0x00, 0x00, 0x00, 0x00, 0x00, 0x00, 0x00, 0x00, 0x00, 0x00, 0x00, 0x00,
    0x00, 0x00, 0x00, 0x00, 0x00, 0x00, 0x00, 0x00, 0x00, 0x00, 0x00, 0x00,
    0x00, 0x00, 0x04, 0xFF, 0x00, 0x00, 0x04, 0xFF, 0x00, 0x00, 0x04, 0xFF,
    0x00, 0x00, 0x04, 0xFF, 0x00, 0x00, 0x01, 0x44, 0x00, 0x00, 0x00, 0x00,
    0x00, 0x00, 0x00, 0x00, 0x00, 0x00, 0x00, 0x00, 0xFF, 0xF4, 0x00, 0x00,
    0xFF, 0xF4, 0x00, 0x00, 0xFF, 0xF4, 0x00, 0x00, 0xFF, 0xF4, 0x00, 0x00,
    0x44, 0x41, 0x00, 0x00, 0x00, 0x00, 0x00, 0x00, 0x00, 0x00, 0x00, 0x00,
    0x00, 0x00, 0x00, 0x00, 0x00, 0x00, 0x00, 0x00, 0x00, 0x00, 0x00, 0x00,
    0x00, 0x00, 0x00, 0x00, 0x00, 0x00, 0x00, 0x00, 0x00, 0x00, 0x00, 0x00,
    0x00, 0x00, 0x00, 0x00, 0x00, 0x00, 0x00, 0x00, 0x00, 0x00, 0x00, 0x00,
    0x00, 0x00, 0x00, 0x00, 0x00, 0x00, 0x00, 0x00, 0x00, 0x00, 0x00, 0x00,
    0x00, 0x00, 0x00, 0x00, 0x00, 0x00, 0x00, 0x00, 0x00, 0x00, 0x00, 0x00,
    0x00, 0x00, 0x00, 0x00, 0x00, 0x00, 0x00, 0x00, 0x00, 0x00, 0x00, 0x00,
    0x00, 0x00, 0x00, 0x00, 0x00, 0x00, 0x00, 0x00, 0x00, 0x00, 0x00, 0x00,
    0x00, 0x00, 0x00, 0x00, 0x00, 0x00, 0x00, 0x00, 0x00, 0x00, 0x00, 0x00,
    0x00, 0x00, 0x00, 0x00, 0x00, 0x00, 0x00, 0x00, 0x00, 0x00, 0x00, 0x00,
    0x00, 0x00, 0x00, 0x00, 0x00, 0x00, 0x00, 0x00, 0x00, 0x00, 0x00, 0x00,
    0x00, 0x00, 0x00, 0x00, 0x00, 0x00, 0x00, 0x00, 0x00, 0x00, 0x00, 0x00,
    0x00, 0x00, 0x00, 0x00, 0x00, 0x00, 0x00, 0x00, 0x00, 0x00, 0x00, 0x00,
    0x00, 0x00, 0x00, 0x00, 0x00, 0x00, 0x00, 0x00, 0x00, 0x00, 0x00, 0x00,
    0x00, 0x00, 0x00, 0x00, 0x00, 0x00, 0x00, 0x00, 0x00, 0x00, 0x00, 0x00,
    0x00, 0x00, 0x00, 0x00, 0x01, 0x88, 0x88, 0x82, 0x01, 0xFF, 0xFF, 0xF4,
    0x01, 0xFF, 0xFF, 0xFB, 0x01, 0xFF, 0xFF, 0xFF, 0x01, 0xFF, 0xFF, 0xFF,
    0x01, 0xFF, 0xFF, 0xF8, 0x00, 0x00, 0x00, 0x00, 0x00, 0x00, 0x10, 0x00,
    0x02, 0x8D, 0xFE, 0xB2, 0x4F, 0xFF, 0xFF, 0xFF, 0xFF, 0xFF, 0xFF, 0xFF,
    0xE4, 0x02, 0xDF, 0xFF, 0x20, 0x00, 0x4F, 0xFF, 0x00, 0x00, 0x4F, 0xFF,
    0x00, 0x00, 0x00, 0x00, 0x00, 0x00, 0x00, 0x01, 0x00, 0x00, 0x8B, 0xEF,
    0x80, 0x1B, 0xFF, 0xFF, 0xF4, 0xBF, 0xFE, 0xFF, 0xFE, 0xFD, 0x20, 0x4E,
    0xFF, 0xD1, 0x00, 0x08, 0xFF, 0x40, 0x00, 0x08, 0x00, 0x00, 0x00, 0x00,
    0x00, 0x00, 0x00, 0x00, 0xD8, 0x20, 0x00, 0x00, 0xFF, 0xE2, 0x00, 0x00,
    0xFF, 0xFE, 0x20, 0x00, 0xFF, 0xFF, 0x81, 0x00, 0xFF, 0xFF, 0xD1, 0x00,
    0xFF, 0xFF, 0xE1, 0x00, 0x01, 0xFF, 0xFF, 0xF8, 0x01, 0xFF, 0xFF, 0xF8,
    0x01, 0xFF, 0xFF, 0xF8, 0x01, 0xFF, 0xFF, 0xF8, 0x01, 0xFF, 0xFF, 0xF8,
    0x01, 0xFF, 0xFF, 0xF8, 0x01, 0xFF, 0xFF, 0xF8, 0x01, 0xFF, 0xFF, 0xF8,
    0x00, 0x00, 0x4F, 0xFF, 0x00, 0x00, 0x4F, 0xFF, 0x00, 0x00, 0x4F, 0xFF,
    0x00, 0x00, 0x4F, 0xFF, 0x00, 0x00, 0x4F, 0xFF, 0x00, 0x00, 0x4F, 0xFF,
    0x00, 0x00, 0x4F, 0xFF, 0x00, 0x00, 0x4F, 0xFF, 0xFF, 0x40, 0x00, 0x08,
    0xFF, 0x40, 0x00, 0x08, 0xFF, 0x40, 0x00, 0x08, 0xFF, 0x40, 0x00, 0x08,
    0xFF, 0x40, 0x00, 0x08, 0xFF, 0x40, 0x00, 0x08, 0xFF, 0x40, 0x00, 0x08,
    0xFF, 0x40, 0x00, 0x08, 0xFF, 0xFF, 0xE1, 0x00, 0xFF, 0xFF, 0xE1, 0x00,
    0xFF, 0xFF, 0xE1, 0x00, 0xFF, 0xFF, 0xE1, 0x00, 0xFF, 0xFF, 0xE1, 0x00,
    0xFF, 0xFF, 0xE1, 0x00, 0xFF, 0xFF, 0xE1, 0x00, 0xFF, 0xFF, 0xE1, 0x00,
    0x01, 0xFF, 0xFF, 0xF8, 0x01, 0xFF, 0xFF, 0xF8, 0x01, 0xFF, 0xFF, 0xF8,
    0x01, 0xFF, 0xFF, 0xF8, 0x01, 0x44, 0x44, 0x42, 0x00, 0x00, 0x00, 0x00,
    0x00, 0x00, 0x00, 0x00, 0x00, 0x00, 0x00, 0x00, 0x00, 0x00, 0x4F, 0xFF,
    0x00, 0x00, 0x4F, 0xFF, 0x00, 0x00, 0x4F, 0xFF, 0x00, 0x00, 0x4F, 0xFF,
    0x00, 0x00, 0x14, 0x44, 0x00, 0x00, 0x00, 0x00, 0x00, 0x00, 0x00, 0x00,
    0x00, 0x00, 0x00, 0x00, 0xFF, 0x40, 0x00, 0x08, 0xFF, 0x40, 0x00, 0x08,
    0xFF, 0x40, 0x00, 0x08, 0xFF, 0x40, 0x00, 0x08, 0x44, 0x10, 0x00, 0x02,
    0x00, 0x00, 0x00, 0x00, 0x00, 0x00, 0x00, 0x00, 0x00, 0x00, 0x00, 0x00,
    0xFF, 0xFF, 0xE1, 0x00, 0xFF, 0xFF, 0xE1, 0x00, 0xFF, 0xFF, 0xE1, 0x00,
    0xFF, 0xFF, 0xE1, 0x00, 0x44, 0x44, 0x41, 0x11, 0x00, 0x00, 0x00, 0x00,
    0x00, 0x00, 0x00, 0x00, 0x00, 0x00, 0x00, 0x00, 0x00, 0x00, 0x00, 0x00,
    0x00, 0x00, 0x00, 0x00, 0x00, 0x00, 0x00, 0x00, 0x00, 0x00, 0x00, 0x00,
    0x00, 0x00, 0x00, 0x00, 0x00, 0x00, 0x00, 0x00, 0x00, 0x00, 0x00, 0x00,
    0x00, 0x00, 0x00, 0x00, 0x00, 0x00, 0x00, 0x00, 0x00, 0x00, 0x00, 0x00,
    0x00, 0x00, 0x00, 0x00, 0x00, 0x00, 0x00, 0x00, 0x00, 0x00, 0x00, 0x00,
    0x00, 0x00, 0x00, 0x00, 0x00, 0x00, 0x00, 0x00, 0x00, 0x00, 0x00, 0x00,
    0x00, 0x00, 0x00, 0x00, 0x00, 0x00, 0x00, 0x00, 0x00, 0x00, 0x00, 0x00,
    0x00, 0x00, 0x00, 0x00, 0x00, 0x00, 0x00, 0x00, 0x00, 0x00, 0x00, 0x00,
    0x00, 0x00, 0x00, 0x00, 0x00, 0x00, 0x00, 0x00, 0x00, 0x00, 0x00, 0x00,
    0x00, 0x00, 0x00, 0x00, 0x00, 0x00, 0x00, 0x00, 0x00, 0x00, 0x00, 0x00,
    0x00, 0x00, 0x00, 0x00, 0x00, 0x00, 0x00, 0x00, 0x00, 0x00, 0x00, 0x00,
    0x00, 0x00, 0x00, 0x00, 0x00, 0x00, 0x00, 0x00, 0x00, 0x00, 0x00, 0x00,
    0x00, 0x00, 0x00, 0x02, 0x00, 0x00, 0x00, 0x04, 0x00, 0x00, 0x00, 0x04,
    0x00, 0x00, 0x00, 0x04, 0x00, 0x00, 0x00, 0x04, 0x00, 0x00, 0x00, 0x04,
    0x00, 0x00, 0x00, 0x00, 0x00, 0x00, 0x00, 0x00, 0x88, 0x88, 0x80, 0x04,
    0xFF, 0xFF, 0xE1, 0x8F, 0xFF, 0xFF, 0xEB, 0xFF, 0xFF, 0xFF, 0xFF, 0xD4,
    0xFF, 0xFF, 0xFE, 0x10, 0xFF, 0xFF, 0xF4, 0x00, 0x00, 0x00, 0x00, 0x00,
    0x00, 0x10, 0x00, 0x00, 0x8D, 0xFD, 0xB4, 0x00, 0xFF, 0xFF, 0xFF, 0x80,
    0xFF, 0xFF, 0xFF, 0xF8, 0x01, 0xBF, 0xFF, 0xFF, 0x00, 0x1E, 0xFF, 0xFF,
    0x00, 0x0B, 0xFF, 0xFF, 0x00, 0x00, 0x00, 0x00, 0x00, 0x00, 0x00, 0x00,
    0x00, 0x00, 0x00, 0x00, 0x00, 0x00, 0x00, 0x00, 0x00, 0x00, 0x00, 0x00,
    0x10, 0x00, 0x00, 0x00, 0x80, 0x00, 0x00, 0x00, 0x80, 0x00, 0x00, 0x00,
    0x00, 0x00, 0x00, 0x04, 0x00, 0x00, 0x00, 0x04, 0x00, 0x00, 0x00, 0x04,
    0x00, 0x00, 0x00, 0x04, 0x00, 0x00, 0x00, 0x04, 0x00, 0x00, 0x00, 0x04,
    0x00, 0x00, 0x00, 0x04, 0x00, 0x00, 0x00, 0x04, 0xFF, 0xFF, 0xF4, 0x00,
    0xFF, 0xFF, 0xF4, 0x00, 0xFF, 0xFF, 0xF4, 0x00, 0xFF, 0xFF, 0xF4, 0x00,
    0xFF, 0xFF, 0xF4, 0x00, 0xFF, 0xFF, 0xF4, 0x00, 0xFF, 0xFF, 0xF4, 0x00,
    0xFF, 0xFF, 0xF4, 0x00, 0x00, 0x0B, 0xFF, 0xFF, 0x00, 0x0B, 0xFF, 0xFF,
    0x00, 0x0B, 0xFF, 0xFF, 0x00, 0x0B, 0xFF, 0xFF, 0x00, 0x0B, 0xFF, 0xFF,
    0x00, 0x0B, 0xFF, 0xFF, 0x00, 0x0B, 0xFF, 0xFF, 0x00, 0x0B, 0xFF, 0xFF,
    0xB2, 0x00, 0x00, 0x00, 0xB2, 0x00, 0x00, 0x00, 0xB2, 0x00, 0x00, 0x00,
    0xB2, 0x00, 0x00, 0x00, 0xB1, 0x00, 0x00, 0x00, 0xB2, 0x00, 0x00, 0x00,
    0xB2, 0x00, 0x00, 0x00, 0xB2, 0x00, 0x00, 0x00, 0x00, 0x00, 0x00, 0x04,
    0x00, 0x00, 0x00, 0x04, 0x00, 0x00, 0x00, 0x04, 0x00, 0x00, 0x00, 0x04,
    0x00, 0x00, 0x00, 0x02, 0x00, 0x00, 0x00, 0x00, 0x00, 0x00, 0x00, 0x00,
    0x00, 0x00, 0x00, 0x00, 0xFF, 0xFF, 0xF4, 0x00, 0xFF, 0xFF, 0xF4, 0x00,
    0xFF, 0xFF, 0xF4, 0x00, 0xFF, 0xFF, 0xF4, 0x00, 0x88, 0x88, 0x82, 0x00,
    0x00, 0x00, 0x00, 0x00, 0x00, 0x00, 0x00, 0x00, 0x00, 0x00, 0x00, 0x00,
    0x00, 0x0B, 0xFF, 0xFF, 0x00, 0x0B, 0xFF, 0xFF, 0x00, 0x0B, 0xFF, 0xFF,
    0x00, 0x0B, 0xFF, 0xFF, 0x00, 0x04, 0x88, 0x88, 0x00, 0x00, 0x00, 0x00,
    0x00, 0x00, 0x00, 0x00, 0x00, 0x00, 0x00, 0x00, 0xB2, 0x00, 0x00, 0x00,
    0xB2, 0x00, 0x00, 0x00, 0xB2, 0x00, 0x00, 0x00, 0xB2, 0x00, 0x00, 0x00,
    0x41, 0x00, 0x00, 0x00, 0x00, 0x00, 0x00, 0x00, 0x00, 0x00, 0x00, 0x00,
    0x00, 0x00, 0x00, 0x00, 0x00, 0x00, 0x00, 0x00, 0x00, 0x00, 0x00, 0x00,
    0x00, 0x00, 0x00, 0x00, 0x00, 0x00, 0x00, 0x00, 0x00, 0x00, 0x00, 0x00,
    0x00, 0x00, 0x00, 0x00, 0x00, 0x00, 0x00, 0x00, 0x00, 0x00, 0x00, 0x00,
    0x00, 0x00, 0x00, 0x00, 0x00, 0x00, 0x00, 0x00, 0x00, 0x00, 0x00, 0x00,
    0x00, 0x00, 0x00, 0x00, 0x00, 0x00, 0x00, 0x00, 0x00, 0x00, 0x00, 0x00,
    0x00, 0x00, 0x00, 0x00, 0x00, 0x00, 0x00, 0x00, 0x00, 0x00, 0x00, 0x00,
    0x00, 0x00, 0x00, 0x00, 0x00, 0x00, 0x00, 0x00, 0x00, 0x00, 0x00, 0x00,
    0x00, 0x00, 0x00, 0x00, 0x00, 0x00, 0x00, 0x00, 0x00, 0x00, 0x00, 0x00,
    0x00, 0x00, 0x00, 0x00, 0x00, 0x00, 0x00, 0x00, 0x00, 0x00, 0x00, 0x00,
    0x00, 0x00, 0x00, 0x00, 0x00, 0x00, 0x00, 0x00, 0x00, 0x00, 0x00, 0x00,
    0x00, 0x00, 0x00, 0x00, 0x00, 0x00, 0x00, 0x00, 0x00, 0x00, 0x00, 0x00,
    0x00, 0x00, 0x00, 0x00, 0x00, 0x00, 0x00, 0x00, 0x00, 0x00, 0x00, 0x00,
    0x00, 0x00, 0x00, 0x00, 0x00, 0x00, 0x00, 0x00, 0x00, 0x00, 0x00, 0x00,
    0x00, 0x00, 0x00, 0x00, 0x00, 0x00, 0x00, 0x02, 0x00, 0x00, 0x00, 0x00,
    0x00, 0x00, 0x00, 0x00, 0x00, 0x00, 0x8B, 0xDF, 0x00, 0x2D, 0xFF, 0xFF,
    0x08, 0xFF, 0xFF, 0xD4, 0x2E, 0xFF, 0xFE, 0x10, 0x8F, 0xFF, 0xF8, 0x00,
    0xFF, 0xFF, 0xF4, 0x00, 0x00, 0x00, 0x00, 0x00, 0x10, 0x00, 0x00, 0x00,
    0xFE, 0xB8, 0x20, 0x00, 0xFF, 0xFF, 0xF8, 0x00, 0x48, 0xFF, 0xFF, 0xB1,
    0x00, 0x8F, 0xFF, 0xF8, 0x00, 0x1F, 0xFF, 0xFF, 0x00, 0x0B, 0xFF, 0xFF,
    0x00, 0x00, 0x00, 0x00, 0x00, 0x00, 0x00, 0x00, 0x00, 0x00, 0x00, 0x00,
    0x00, 0x00, 0x00, 0x00, 0x00, 0x00, 0x00, 0x00, 0x00, 0x00, 0x00, 0x00,
    0x20, 0x00, 0x00, 0x00, 0x80, 0x00, 0x00, 0x00, 0x00, 0x00, 0x00, 0x08,
    0x00, 0x00, 0x00, 0x08, 0x00, 0x00, 0x00, 0x0B, 0x00, 0x00, 0x00, 0x0B,
    0x00, 0x00, 0x00, 0x0B, 0x00, 0x00, 0x00, 0x08, 0x00, 0x00, 0x00, 0x04,
    0x00, 0x00, 0x00, 0x01, 0xFF, 0xFF, 0xF2, 0x00, 0xFF, 0xFF, 0xF0, 0x00,
    0xFF, 0xFF, 0xF0, 0x00, 0xFF, 0xFF, 0xF0, 0x00, 0xFF, 0xFF, 0xF0, 0x00,
    0xFF, 0xFF, 0xF0, 0x00, 0xFF, 0xFF, 0xF2, 0x00, 0xEF, 0xFF, 0xF4, 0x00,
    0x00, 0x08, 0xFF, 0xFF, 0x00, 0x08, 0xFF, 0xFF, 0x00, 0x08, 0xFF, 0xFF,
    0x00, 0x08, 0xFF, 0xFF, 0x00, 0x08, 0xFF, 0xFF, 0x00, 0x08, 0xFF, 0xFF,
    0x00, 0x0B, 0xFF, 0xFF, 0x00, 0x0D, 0xFF, 0xFF, 0xD0, 0x00, 0x00, 0x00,
    0xF1, 0x00, 0x00, 0x00, 0xF4, 0x00, 0x00, 0x00, 0xF4, 0x00, 0x00, 0x00,
    0xF4, 0x00, 0x00, 0x00, 0xF1, 0x00, 0x00, 0x00, 0xD0, 0x00, 0x00, 0x00,
    0x80, 0x00, 0x00, 0x00, 0x00, 0x00, 0x00, 0x00, 0x00, 0x00, 0x00, 0x00,
    0x00, 0x00, 0x00, 0x00, 0x00, 0x00, 0x00, 0x00, 0x00, 0x00, 0x00, 0x00,
    0x00, 0x00, 0x00, 0x00, 0x00, 0x00, 0x00, 0x00, 0x00, 0x00, 0x00, 0x00,
    0x8F, 0xFF, 0xF8, 0x10, 0x1D, 0xFF, 0xFF, 0x20, 0x04, 0xDF, 0xFF, 0xE8,
    0x00, 0x18, 0xFF, 0xFF, 0x00, 0x00, 0x28, 0x8B, 0x00, 0x00, 0x00, 0x00,
    0x00, 0x00, 0x00, 0x00, 0x00, 0x00, 0x00, 0x00, 0x00, 0x2F, 0xFF, 0xFE,
    0x00, 0xBF, 0xFF, 0xF8, 0x8B, 0xFF, 0xFF, 0x80, 0xFF, 0xFF, 0xD4, 0x00,
    0xBB, 0x84, 0x00, 0x00, 0x00, 0x00, 0x00, 0x00, 0x00, 0x00, 0x00, 0x00,
    0x00, 0x00, 0x00, 0x00, 0x10, 0x00, 0x00, 0x00, 0x00, 0x00, 0x00, 0x00,
    0x00, 0x00, 0x00, 0x00, 0x00, 0x00, 0x00, 0x00, 0x00, 0x00, 0x00, 0x00,
    0x00, 0x00, 0x00, 0x00, 0x00, 0x00, 0x00, 0x00, 0x00, 0x00, 0x00, 0x00,
    0x00, 0x00, 0x00, 0x00, 0x00, 0x00, 0x00, 0x00, 0x00, 0x00, 0x00, 0x00,
    0x00, 0x00, 0x00, 0x00, 0x00, 0x00, 0x00, 0x00, 0x00, 0x00, 0x00, 0x00,
    0x00, 0x00, 0x00, 0x00, 0x00, 0x00, 0x00, 0x00, 0x00, 0x00, 0x00, 0x00,
    0x00, 0x00, 0x00, 0x00, 0x00, 0x00, 0x00, 0x00, 0x00, 0x00, 0x00, 0x00,
    0x00, 0x00, 0x00, 0x00, 0x00, 0x00, 0x00, 0x00, 0x00, 0x00, 0x00, 0x00,
    0x00, 0x00, 0x00, 0x00, 0x00, 0x00, 0x00, 0x00, 0x00, 0x00, 0x00, 0x00,
    0x00, 0x00, 0x00, 0x00, 0x00, 0x00, 0x00, 0x00, 0x00, 0x00, 0x00, 0x00,
    0x00, 0x00, 0x00, 0x00, 0x00, 0x00, 0x00, 0x00, 0x00, 0x00, 0x00, 0x00,
    0x00, 0x00, 0x00, 0x00, 0x00, 0x00, 0x00, 0x00, 0x00, 0x00, 0x00, 0x00,
    0x00, 0x00, 0x00, 0x00, 0x00, 0x00, 0x00, 0x00, 0x00, 0x00, 0x00, 0x00,
    0x00, 0x00, 0x00, 0x00, 0x00, 0x00, 0x00, 0x00, 0x00, 0x00, 0x00, 0x00,
    0x00, 0x00, 0x00, 0x00, 0x00, 0x00, 0x00, 0x02, 0x00, 0x00, 0x00, 0x04,
    0x00, 0x00, 0x00, 0x04, 0x00, 0x00, 0x00, 0x04, 0x00, 0x00, 0x00, 0x04,
    0x00, 0x00, 0x00, 0x04, 0x00, 0x00, 0x00, 0x00, 0x00, 0x00, 0x00, 0x00,
    0x88, 0x88, 0x40, 0x28, 0xFF, 0xFF, 0xE8, 0xFF, 0xFF, 0xFF, 0xFF, 0xD8,
    0xFF, 0xFF, 0xFD, 0x10, 0xFF, 0xFF, 0xF4, 0x00, 0xFF, 0xFF, 0xF4, 0x00,
    0x00, 0x00, 0x00, 0x00, 0x01, 0x00, 0x00, 0x00, 0xDF, 0xEB, 0x81, 0x00,
    0xFF, 0xFF, 0xFD, 0x20, 0x8D, 0xFF, 0xFF, 0xE2, 0x01, 0xDF, 0xFF, 0xFD,
    0x00, 0x4F, 0xFF, 0xFF, 0x00, 0x1F, 0xFF, 0xFF, 0x00, 0x00, 0x00, 0x00,
    0x00, 0x00, 0x00, 0x00, 0x00, 0x00, 0x00, 0x00, 0x00, 0x00, 0x00, 0x00,
    0x00, 0x00, 0x00, 0x00, 0x00, 0x00, 0x00, 0x00, 0x80, 0x00, 0x00, 0x00,
    0xB0, 0x00, 0x00, 0x00, 0x00, 0x00, 0x00, 0x04, 0x00, 0x00, 0x00, 0x04,
    0x00, 0x00, 0x00, 0x04, 0x00, 0x00, 0x00, 0x04, 0x00, 0x00, 0x00, 0x04,
    0x00, 0x00, 0x00, 0x04, 0x00, 0x00, 0x00, 0x04, 0x00, 0x00, 0x00, 0x04,
    0xFF, 0xFF, 0xF4, 0x00, 0xFF, 0xFF, 0xF4, 0x00, 0xFF, 0xFF, 0xF4, 0x00,
    0xFF, 0xFF, 0xF4, 0x00, 0xFF, 0xFF, 0xF4, 0x00, 0xFF, 0xFF, 0xF4, 0x00,
    0xFF, 0xFF, 0xF4, 0x00, 0xFF, 0xFF, 0xF4, 0x00, 0x00, 0x0D, 0xFF, 0xFF,
    0x00, 0x0B, 0xFF, 0xFF, 0x00, 0x0B, 0xFF, 0xFF, 0x00, 0x0B, 0xFF, 0xFF,
    0x00, 0x0B, 0xFF, 0xFF, 0x00, 0x0B, 0xFF, 0xFF, 0x00, 0x0E, 0xFF, 0xFF,
    0x00, 0x2F, 0xFF, 0xFF, 0xE0, 0x00, 0x00, 0x00, 0xF1, 0x00, 0x00, 0x00,
    0xF4, 0x00, 0x00, 0x00, 0xF4, 0x00, 0x00, 0x00, 0xF4, 0x00, 0x00, 0x00,
    0xF1, 0x00, 0x00, 0x00, 0xE0, 0x00, 0x00, 0x00, 0xB0, 0x00, 0x00, 0x00,
    0x00, 0x00, 0x00, 0x04, 0x00, 0x00, 0x00, 0x04, 0x00, 0x00, 0x00, 0x04,
    0x00, 0x00, 0x00, 0x04, 0x00, 0x00, 0x00, 0x04, 0x00, 0x00, 0x00, 0x04,
    0x00, 0x00, 0x00, 0x04, 0x00, 0x00, 0x00, 0x04, 0xFF, 0xFF, 0xF4, 0x00,
    0xFF, 0xFF, 0xFE, 0x20, 0xFF, 0xFF, 0xFF, 0xFD, 0xFF, 0xFF, 0xF8, 0xDF,
    0xFF, 0xFF, 0xF4, 0x04, 0xFF, 0xFF, 0xF4, 0x00, 0xFF, 0xFF, 0xF4, 0x00,
    0xFF, 0xFF, 0xF4, 0x00, 0x00, 0x8F, 0xFF, 0xFF, 0x02, 0xEF, 0xFF, 0xFB,
    0xBF, 0xFF, 0xFF, 0xD1, 0xFF, 0xFF, 0xFB, 0x10, 0xBB, 0xB8, 0x20, 0x00,
    0x00, 0x00, 0x00, 0x00, 0x00, 0x00, 0x00, 0x00, 0x00, 0x00, 0x00, 0x00,
    0x40, 0x00, 0x00, 0x00, 0x00, 0x00, 0x00, 0x00, 0x00, 0x00, 0x00, 0x00,
    0x00, 0x00, 0x00, 0x00, 0x00, 0x00, 0x00, 0x00, 0x00, 0x00, 0x00, 0x00,
    0x00, 0x00, 0x00, 0x00, 0x00, 0x00, 0x00, 0x00, 0x00, 0x00, 0x00, 0x00,
    0x00, 0x00, 0x00, 0x00, 0x00, 0x00, 0x00, 0x00, 0x00, 0x00, 0x00, 0x00,
    0x00, 0x00, 0x00, 0x00, 0x00, 0x00, 0x00, 0x00, 0x00, 0x00, 0x00, 0x00,
    0x00, 0x00, 0x00, 0x00, 0x00, 0x00, 0x00, 0x00, 0x00, 0x00, 0x00, 0x00,
    0x00, 0x00, 0x00, 0x00, 0x00, 0x00, 0x00, 0x00, 0x00, 0x00, 0x00, 0x00,
    0x00, 0x00, 0x00, 0x00, 0x00, 0x00, 0x00, 0x00, 0x00, 0x00, 0x00, 0x00,
    0x00, 0x00, 0x00, 0x00, 0x00, 0x00, 0x00, 0x00, 0x00, 0x00, 0x00, 0x00,
    0x00, 0x00, 0x00, 0x00, 0x00, 0x00, 0x00, 0x00, 0x00, 0x00, 0x00, 0x00,
    0x00, 0x00, 0x00, 0x00, 0x00, 0x00, 0x00, 0x00, 0x00, 0x00, 0x00, 0x00,
    0x00, 0x00, 0x00, 0x00, 0x00, 0x00, 0x00, 0x00, 0x00, 0x00, 0x00, 0x00,
    0x00, 0x00, 0x00, 0x00, 0x00, 0x00, 0x00, 0x00, 0x00, 0x00, 0x00, 0x00,
    0x00, 0x00, 0x00, 0x00, 0x00, 0x00, 0x00, 0x00, 0x00, 0x00, 0x00, 0x00,
    0x00, 0x00, 0x00, 0x00, 0x00, 0x00, 0x00, 0x00, 0x00, 0x00, 0x00, 0x00,
    0x00, 0x00, 0x00, 0x00, 0x00, 0x00, 0x00, 0x00, 0x00, 0x00, 0x00, 0x02,
    0x00, 0x00, 0x00, 0x00, 0x00, 0x00, 0x00, 0x00, 0x00, 0x02, 0xBD, 0xEE,
    0x00, 0x8F, 0xFF, 0xFF, 0x08, 0xFF, 0xFF, 0xF8, 0x4F, 0xFF, 0xFF, 0x80,
    0xDF, 0xFF, 0xFD, 0x00, 0xFF, 0xFF, 0xF8, 0x00, 0x00, 0x00, 0x00, 0x00,
    0x00, 0x00, 0x00, 0x00, 0xB8, 0x02, 0x88, 0x88, 0xFF, 0xB8, 0xFF, 0xFF,
    0x8B, 0xFF, 0xFF, 0xFF, 0x00, 0x8F, 0xFF, 0xFF, 0x00, 0x0B, 0xFF, 0xFF,
    0x00, 0x0B, 0xFF, 0xFF, 0x00, 0x00, 0x00, 0x00, 0x00, 0x00, 0x00, 0x00,
    0x40, 0x00, 0x00, 0x00, 0xB1, 0x00, 0x00, 0x00, 0xB0, 0x00, 0x00, 0x00,
    0xB0, 0x00, 0x00, 0x00, 0xB0, 0x00, 0x00, 0x00, 0xB0, 0x00, 0x00, 0x00,
    0x00, 0x00, 0x00, 0x08, 0x00, 0x00, 0x00, 0x08, 0x00, 0x00, 0x00, 0x0B,
    0x00, 0x00, 0x00, 0x0B, 0x00, 0x00, 0x00, 0x0B, 0x00, 0x00, 0x00, 0x08,
    0x00, 0x00, 0x00, 0x08, 0x00, 0x00, 0x00, 0x02, 0xFF, 0xFF, 0xF8, 0x00,
    0xFF, 0xFF, 0xF4, 0x00, 0xFF, 0xFF, 0xF4, 0x00, 0xFF, 0xFF, 0xF4, 0x00,
    0xFF, 0xFF, 0xF4, 0x00, 0xFF, 0xFF, 0xF4, 0x00, 0xFF, 0xFF, 0xF8, 0x00,
    0xFF, 0xFF, 0xF8, 0x00, 0x00, 0x0B, 0xFF, 0xFF, 0x00, 0x0B, 0xFF, 0xFF,
    0x00, 0x0B, 0xFF, 0xFF, 0x00, 0x0B, 0xFF, 0xFF, 0x00, 0x0B, 0xFF, 0xFF,
    0x00, 0x0B, 0xFF, 0xFF, 0x00, 0x0B, 0xFF, 0xFF, 0x00, 0x0B, 0xFF, 0xFF,
    0xB0, 0x00, 0x00, 0x00, 0xB0, 0x00, 0x00, 0x00, 0xB0, 0x00, 0x00, 0x00,
    0xB0, 0x00, 0x00, 0x00, 0xB0, 0x00, 0x00, 0x00, 0xB0, 0x00, 0x00, 0x00,
    0xB0, 0x00, 0x00, 0x00, 0xB0, 0x00, 0x00, 0x00, 0x00, 0x00, 0x00, 0x00,
    0x00, 0x00, 0x00, 0x00, 0x00, 0x00, 0x00, 0x00, 0x00, 0x00, 0x00, 0x00,
    0x00, 0x00, 0x00, 0x00, 0x00, 0x00, 0x00, 0x00, 0x00, 0x00, 0x00, 0x00,
    0x00, 0x00, 0x00, 0x00, 0xBF, 0xFF, 0xFE, 0x00, 0x4F, 0xFF, 0xFF, 0x80,
    0x08, 0xFF, 0xFF, 0xFD, 0x00, 0x8E, 0xFF, 0xFF, 0x00, 0x01, 0x8B, 0xBB,
    0x00, 0x00, 0x00, 0x00, 0x00, 0x00, 0x00, 0x00, 0x00, 0x00, 0x00, 0x00,
    0x00, 0x0D, 0xFF, 0xFF, 0x00, 0x8F, 0xFF, 0xFF, 0xBE, 0xFF, 0xFF, 0xFF,
    0xFF, 0x8B, 0xFF, 0xFF, 0x82, 0x0B, 0xFF, 0xFF, 0x00, 0x0B, 0xFF, 0xFF,
    0x00, 0x0B, 0xFF, 0xFF, 0x00, 0x0B, 0xFF, 0xFF, 0xB0, 0x00, 0x00, 0x00,
    0xB0, 0x00, 0x00, 0x00, 0xB0, 0x00, 0x00, 0x00, 0xB0, 0x00, 0x00, 0x00,
    0xB0, 0x00, 0x00, 0x00, 0xB0, 0x00, 0x00, 0x00, 0xB0, 0x00, 0x00, 0x00,
    0xB1, 0x00, 0x00, 0x00, 0x00, 0x00, 0x00, 0x00, 0x00, 0x00, 0x00, 0x00,
    0x00, 0x00, 0x00, 0x00, 0x00, 0x00, 0x00, 0x00, 0x00, 0x00, 0x00, 0x00,
    0x00, 0x00, 0x00, 0x00, 0x00, 0x00, 0x00, 0x00, 0x00, 0x00, 0x00, 0x00,
    0x00, 0x00, 0x00, 0x00, 0x00, 0x00, 0x00, 0x00, 0x00, 0x00, 0x00, 0x00,
    0x00, 0x00, 0x00, 0x00, 0x00, 0x00, 0x00, 0x00, 0x00, 0x00, 0x00, 0x00,
    0x00, 0x00, 0x00, 0x00, 0x00, 0x00, 0x00, 0x00, 0x00, 0x00, 0x00, 0x00,
    0x00, 0x00, 0x00, 0x00, 0x00, 0x00, 0x00, 0x00, 0x00, 0x00, 0x00, 0x00,
    0x00, 0x00, 0x00, 0x00, 0x00, 0x00, 0x00, 0x00, 0x00, 0x00, 0x00, 0x00,
    0x00, 0x00, 0x00, 0x00, 0x00, 0x00, 0x00, 0x00, 0x00, 0x00, 0x00, 0x00,
    0x00, 0x00, 0x00, 0x00, 0x00, 0x00, 0x00, 0x00, 0x00, 0x00, 0x00, 0x00,
    0x00, 0x00, 0x00, 0x00, 0x00, 0x00, 0x00, 0x00, 0x00, 0x00, 0x00, 0x00,
    0x00, 0x00, 0x00, 0x00, 0x00, 0x00, 0x00, 0x00, 0x00, 0x00, 0x00, 0x00,
    0x00, 0x00, 0x00, 0x00, 0x00, 0x00, 0x00, 0x00, 0x00, 0x00, 0x00, 0x00,
    0x00, 0x00, 0x00, 0x00, 0x00, 0x00, 0x00, 0x00, 0x00, 0x00, 0x00, 0x00,
    0x00, 0x00, 0x00, 0x00, 0x00, 0x28, 0x88, 0x88, 0x00, 0x4F, 0xFF, 0xFF,
    0x00, 0x4F, 0xFF, 0xFF, 0x00, 0x4F, 0xFF, 0xFF, 0x00, 0x4F, 0xFF, 0xFF,
    0x00, 0x4F, 0xFF, 0xFF, 0x00, 0x00, 0x00, 0x00, 0x00, 0x00, 0x00, 0x00,
    0x00, 0x18, 0xBF, 0x80, 0x22, 0xEF, 0xFF, 0x80, 0x8D, 0xFF, 0xFF, 0x80,
    0xBF, 0xFF, 0xFF, 0x80, 0xFF, 0xFE, 0xBD, 0x40, 0xFD, 0x40, 0x00, 0x00,
    0x00, 0x00, 0x00, 0x00, 0x00, 0x00, 0x00, 0x00, 0x00, 0x00, 0x00, 0x00,
    0x00, 0x00, 0x00, 0x00, 0x00, 0x00, 0x00, 0x00, 0x00, 0x00, 0x00, 0x00,
    0x00, 0x00, 0x00, 0x00, 0x00, 0x00, 0x00, 0x00, 0x00, 0x00, 0x00, 0x00,
    0x00, 0x00, 0x00, 0x00, 0x00, 0x00, 0x00, 0x00, 0x00, 0x00, 0x00, 0x00,
    0x00, 0x00, 0x00, 0x00, 0x00, 0x00, 0x00, 0x00, 0x00, 0x00, 0x00, 0x00,
    0x00, 0x00, 0x00, 0x00, 0x00, 0x4F, 0xFF, 0xFF, 0x00, 0x4F, 0xFF, 0xFF,
    0x00, 0x4F, 0xFF, 0xFF, 0x00, 0x4F, 0xFF, 0xFF, 0x00, 0x4F, 0xFF, 0xFF,
    0x00, 0x4F, 0xFF, 0xFF, 0x00, 0x4F, 0xFF, 0xFF, 0x00, 0x4F, 0xFF, 0xFF,
    0xD1, 0x00, 0x00, 0x00, 0x80, 0x00, 0x00, 0x00, 0x40, 0x00, 0x00, 0x00,
    0x40, 0x00, 0x00, 0x00, 0x40, 0x00, 0x00, 0x00, 0x40, 0x00, 0x00, 0x00,
    0x40, 0x00, 0x00, 0x00, 0x40, 0x00, 0x00, 0x00, 0x00, 0x00, 0x00, 0x00,
    0x00, 0x00, 0x00, 0x00, 0x00, 0x00, 0x00, 0x00, 0x00, 0x00, 0x00, 0x00,
    0x00, 0x00, 0x00, 0x00, 0x00, 0x00, 0x00, 0x00, 0x00, 0x00, 0x00, 0x00,
    0x00, 0x00, 0x00, 0x00, 0x00, 0x00, 0x00, 0x00, 0x00, 0x00, 0x00, 0x00,
    0x00, 0x00, 0x00, 0x00, 0x00, 0x00, 0x00, 0x00, 0x00, 0x00, 0x00, 0x00,
    0x00, 0x00, 0x00, 0x00, 0x00, 0x00, 0x00, 0x00, 0x00, 0x00, 0x00, 0x00,
    0x00, 0x4F, 0xFF, 0xFF, 0x00, 0x4F, 0xFF, 0xFF, 0x00, 0x4F, 0xFF, 0xFF,
    0x00, 0x4F, 0xFF, 0xFF, 0x00, 0x14, 0x44, 0x44, 0x00, 0x00, 0x00, 0x00,
    0x00, 0x00, 0x00, 0x00, 0x00, 0x00, 0x00, 0x00, 0x40, 0x00, 0x00, 0x00,
    0x40, 0x00, 0x00, 0x00, 0x40, 0x00, 0x00, 0x00, 0x40, 0x00, 0x00, 0x00,
    0x10, 0x00, 0x00, 0x00, 0x00, 0x00, 0x00, 0x00, 0x00, 0x00, 0x00, 0x00,
    0x00, 0x00, 0x00, 0x00, 0x00, 0x00, 0x00, 0x00, 0x00, 0x00, 0x00, 0x00,
    0x00, 0x00, 0x00, 0x00, 0x00, 0x00, 0x00, 0x00, 0x00, 0x00, 0x00, 0x00,
    0x00, 0x00, 0x00, 0x00, 0x00, 0x00, 0x00, 0x00, 0x00, 0x00, 0x00, 0x00,
    0x00, 0x00, 0x00, 0x00, 0x00, 0x00, 0x00, 0x00, 0x00, 0x00, 0x00, 0x00,
    0x00, 0x00, 0x00, 0x00, 0x00, 0x00, 0x00, 0x00, 0x00, 0x00, 0x00, 0x00,
    0x00, 0x00, 0x00, 0x00, 0x00, 0x00, 0x00, 0x00, 0x00, 0x00, 0x00, 0x00,
    0x00, 0x00, 0x00, 0x00, 0x00, 0x00, 0x00, 0x00, 0x00, 0x00, 0x00, 0x00,
    0x00, 0x00, 0x00, 0x00, 0x00, 0x00, 0x00, 0x00, 0x00, 0x00, 0x00, 0x00,
    0x00, 0x00, 0x00, 0x00, 0x00, 0x00, 0x00, 0x00, 0x00, 0x00, 0x00, 0x00,
    0x00, 0x00, 0x00, 0x00, 0x00, 0x00, 0x00, 0x00, 0x00, 0x00, 0x00, 0x00,
    0x00, 0x00, 0x00, 0x00, 0x00, 0x00, 0x00, 0x00, 0x00, 0x00, 0x00, 0x00,
    0x00, 0x00, 0x00, 0x00, 0x00, 0x00, 0x00, 0x00, 0x00, 0x00, 0x00, 0x00,
    0x00, 0x00, 0x00, 0x00, 0x00, 0x00, 0x00, 0x00, 0x00, 0x00, 0x00, 0x00,
    0x00, 0x00, 0x00, 0x00, 0x00, 0x00, 0x00, 0x00, 0x00, 0x00, 0x00, 0x00,
    0x00, 0x00, 0x00, 0x00, 0x00, 0x00, 0x00, 0x00, 0x00, 0x00, 0x00, 0x00,
    0x00, 0x00, 0x00, 0x00, 0x00, 0x00, 0x00, 0x00, 0x00, 0x00, 0x00, 0x00,
    0x00, 0x00, 0x00, 0x00, 0x00, 0x00, 0x00, 0x00, 0x00, 0x00, 0x00, 0x01,
    0x00, 0x02, 0x8B, 0xDF, 0x00, 0x8F, 0xFF, 0xFF, 0x08, 0xFF, 0xFF, 0xD4,
    0x0E, 0xFF, 0xFF, 0x41, 0x4F, 0xFF, 0xFF, 0x40, 0x4F, 0xFF, 0xFF, 0x80,
    0x00, 0x00, 0x00, 0x00, 0x00, 0x00, 0x00, 0x00, 0xFE, 0xB8, 0x20, 0x00,
    0xFF, 0xFF, 0xF8, 0x00, 0x4B, 0xFF, 0xFF, 0xB0, 0x00, 0xEF, 0xFF, 0xF2,
    0x00, 0xBF, 0xFF, 0xF8, 0x00, 0xBF, 0xFF, 0xFB, 0x00, 0x00, 0x00, 0x00,
    0x00, 0x00, 0x00, 0x00, 0x00, 0x00, 0x00, 0x00, 0x00, 0x00, 0x00, 0x00,
    0x00, 0x00, 0x00, 0x00, 0x00, 0x00, 0x00, 0x00, 0x00, 0x00, 0x00, 0x00,
    0x00, 0x00, 0x00, 0x00, 0x00, 0x00, 0x00, 0x00, 0x00, 0x00, 0x00, 0x00,
    0x00, 0x00, 0x00, 0x00, 0x00, 0x00, 0x00, 0x00, 0x00, 0x00, 0x00, 0x00,
    0x00, 0x00, 0x00, 0x00, 0x00, 0x00, 0x00, 0x00, 0x00, 0x00, 0x00, 0x00,
    0x2F, 0xFF, 0xFF, 0xFB, 0x0B, 0xFF, 0xFF, 0xFF, 0x02, 0xEF, 0xFF, 0xFF,
    0x00, 0x18, 0xFF, 0xFF, 0x00, 0x00, 0x28, 0xEF, 0x24, 0x44, 0x42, 0x04,
    0xBF, 0xFF, 0xFB, 0x00, 0x8F, 0xFF, 0xFB, 0x00, 0x40, 0x22, 0x44, 0x42,
    0xFE, 0x82, 0x00, 0x00, 0xFF, 0xFF, 0xB4, 0x00, 0xFF, 0xFF, 0xFF, 0x80,
    0xFF, 0xFF, 0xFF, 0xF8, 0xBF, 0xFF, 0xFF, 0xFD, 0x02, 0xDF, 0xFF, 0xFF,
    0x00, 0x8F, 0xFF, 0xFF, 0x00, 0x00, 0x00, 0x00, 0x00, 0x00, 0x00, 0x00,
    0x00, 0x00, 0x00, 0x00, 0x00, 0x00, 0x00, 0x00, 0x00, 0x00, 0x00, 0x00,
    0x00, 0x00, 0x00, 0x00, 0x20, 0x00, 0x00, 0x00, 0x40, 0x00, 0x00, 0x00,
    0x00, 0x00, 0x00, 0x00, 0x00, 0x00, 0x00, 0x00, 0x00, 0x00, 0x00, 0x00,
    0x00, 0x00, 0x00, 0x00, 0x00, 0x00, 0x00, 0x00, 0x00, 0x00, 0x00, 0x00,
    0x00, 0x00, 0x00, 0x00, 0x00, 0x00, 0x00, 0x00, 0x8F, 0xFF, 0xFE, 0x10,
    0x0D, 0xFF, 0xFF, 0x80, 0x04, 0xFF, 0xFF, 0xF8, 0x00, 0x2D, 0xFF, 0xFF,
    0x00, 0x00, 0x28, 0x8B, 0x00, 0x00, 0x00, 0x00, 0x00, 0x00, 0x00, 0x00,
    0x00, 0x00, 0x00, 0x00, 0x00, 0x4F, 0xFF, 0xFF, 0x00, 0x8F, 0xFF, 0xFD,
    0x88, 0xFF, 0xFF, 0xF2, 0xFF, 0xFF, 0xFD, 0x20, 0xBB, 0x88, 0x20, 0x00,
    0x00, 0x00, 0x00, 0x00, 0x00, 0x00, 0x00, 0x00, 0x00, 0x00, 0x00, 0x00,
    0x20, 0x00, 0x00, 0x00, 0x00, 0x00, 0x00, 0x00, 0x00, 0x00, 0x00, 0x00,
    0x00, 0x00, 0x00, 0x00, 0x00, 0x00, 0x00, 0x00, 0x00, 0x00, 0x00, 0x00,
    0x00, 0x00, 0x00, 0x00, 0x00, 0x00, 0x00, 0x00, 0x00, 0x00, 0x00, 0x00,
    0x00, 0x00, 0x00, 0x00, 0x00, 0x00, 0x00, 0x00, 0x00, 0x00, 0x00, 0x00,
    0x00, 0x00, 0x00, 0x00, 0x00, 0x00, 0x00, 0x00, 0x00, 0x00, 0x00, 0x00,
    0x00, 0x00, 0x00, 0x00, 0x00, 0x00, 0x00, 0x00, 0x00, 0x00, 0x00, 0x00,
    0x00, 0x00, 0x00, 0x00, 0x00, 0x00, 0x00, 0x00, 0x00, 0x00, 0x24, 0x88,
    0x00, 0x00, 0x8F, 0xFF, 0x00, 0x00, 0x8F, 0xFF, 0x00, 0x00, 0x8F, 0xFF,
    0x00, 0x00, 0x00, 0x10, 0x00, 0x00, 0x00, 0x00, 0x00, 0x00, 0x00, 0x00,
    0x00, 0x00, 0x00, 0x00, 0xBB, 0x40, 0x00, 0x00, 0xFF, 0x40, 0x00, 0x00,
    0xFF, 0x40, 0x00, 0x00, 0xFF, 0x40, 0x00, 0x00, 0x00, 0x00, 0x00, 0x00,
    0x00, 0x00, 0x00, 0x00, 0x00, 0x00, 0x00, 0x00, 0x00, 0x00, 0x00, 0x00,
    0x00, 0x00, 0x00, 0x00, 0x00, 0x00, 0x00, 0x00, 0x00, 0x00, 0x00, 0x00,
    0x00, 0x00, 0x00, 0x00, 0x00, 0x00, 0x00, 0x00, 0x00, 0x00, 0x00, 0x00,
    0x00, 0x00, 0x00, 0x00, 0x00, 0x00, 0x00, 0x00, 0x00, 0x00, 0x00, 0x00,
    0x00, 0x00, 0x00, 0x00, 0x00, 0x00, 0x00, 0x00, 0x00, 0x00, 0x00, 0x00,
    0x00, 0x00, 0x8F, 0xFF, 0x00, 0x00, 0x8F, 0xFF, 0x28, 0x88, 0xDF, 0xFF,
    0x4F, 0xFF, 0xFF, 0xFF, 0x2B, 0xBB, 0xDF, 0xFF, 0x00, 0x00, 0x8F, 0xFF,
    0x00, 0x00, 0x8F, 0xFF, 0x00, 0x00, 0x8F, 0xFF, 0xFF, 0x40, 0x00, 0x00,
    0xFF, 0x40, 0x00, 0x00, 0xFF, 0xB8, 0x88, 0x40, 0xFF, 0xEF, 0xFF, 0xB0,
    0xFF, 0xDB, 0xBD, 0x80, 0xFF, 0x40, 0x00, 0x00, 0xFF, 0x40, 0x00, 0x00,
    0xFF, 0x40, 0x00, 0x00, 0x00, 0x00, 0x00, 0x00, 0x00, 0x00, 0x00, 0x00,
    0x00, 0x00, 0x00, 0x00, 0x00, 0x00, 0x00, 0x00, 0x00, 0x00, 0x00, 0x00,
    0x00, 0x00, 0x00, 0x00, 0x00, 0x00, 0x00, 0x00, 0x00, 0x00, 0x00, 0x00,
    0x00, 0x00, 0x00, 0x00, 0x00, 0x00, 0x00, 0x00, 0x00, 0x00, 0x00, 0x00,
    0x00, 0x00, 0x00, 0x00, 0x00, 0x00, 0x00, 0x00, 0x00, 0x00, 0x00, 0x00,
    0x00, 0x00, 0x00, 0x00, 0x00, 0x00, 0x00, 0x00, 0x00, 0x00, 0x8F, 0xFF,
    0x00, 0x00, 0x8F, 0xFF, 0x00, 0x00, 0x8F, 0xFF, 0x00, 0x00, 0x8F, 0xFF,
    0x00, 0x00, 0x8F, 0xFF, 0x00, 0x00, 0x8F, 0xFF, 0x00, 0x00, 0x8F, 0xFF,
    0x00, 0x00, 0x8F, 0xFF, 0xFF, 0x40, 0x00, 0x00, 0xFF, 0x40, 0x00, 0x00,
    0xFF, 0x40, 0x00, 0x00, 0xFF, 0x40, 0x00, 0x00, 0xFF, 0x40, 0x00, 0x00,
    0xFF, 0x40, 0x00, 0x00, 0xFF, 0x40, 0x00, 0x00, 0xFF, 0x40, 0x00, 0x00,
    0x00, 0x00, 0x00, 0x00, 0x00, 0x00, 0x00, 0x00, 0x00, 0x00, 0x00, 0x00,
    0x00, 0x00, 0x00, 0x00, 0x00, 0x00, 0x00, 0x00, 0x00, 0x00, 0x00, 0x00,
    0x00, 0x00, 0x00, 0x00, 0x00, 0x00, 0x00, 0x00, 0x00, 0x00, 0x00, 0x00,
    0x00, 0x00, 0x00, 0x00, 0x00, 0x00, 0x00, 0x00, 0x00, 0x00, 0x00, 0x00,
    0x00, 0x00, 0x00, 0x00, 0x00, 0x00, 0x00, 0x00, 0x00, 0x00, 0x00, 0x00,
    0x00, 0x00, 0x00, 0x00, 0x00, 0x00, 0x4F, 0xFF, 0x00, 0x00, 0x1F, 0xFF,
    0x00, 0x00, 0x08, 0xFF, 0x00, 0x00, 0x01, 0xBF, 0x00, 0x00, 0x00, 0x02,
    0x00, 0x00, 0x00, 0x00, 0x00, 0x00, 0x00, 0x00, 0x00, 0x00, 0x00, 0x00,
    0xFF, 0x80, 0x00, 0x00, 0xFF, 0xD2, 0x04, 0x20, 0xFF, 0xFF, 0xFF, 0xB0,
    0xFF, 0xFF, 0xFF, 0xB0, 0x8B, 0xB8, 0x82, 0x00, 0x00, 0x00, 0x00, 0x00,
    0x00, 0x00, 0x00, 0x00, 0x00, 0x00, 0x00, 0x00, 0x00, 0x00, 0x00, 0x00,
    0x00, 0x00, 0x00, 0x00, 0x00, 0x00, 0x00, 0x00, 0x00, 0x00, 0x00, 0x00,
    0x00, 0x00, 0x00, 0x00, 0x00, 0x00, 0x00, 0x00, 0x00, 0x00, 0x00, 0x00,
    0x00, 0x00, 0x00, 0x00, 0x00, 0x00, 0x00, 0x00, 0x00, 0x00, 0x00, 0x00,
    0x00, 0x00, 0x00, 0x00, 0x00, 0x00, 0x00, 0x00, 0x00, 0x00, 0x00, 0x00,
    0x00, 0x00, 0x00, 0x00, 0x00, 0x00, 0x00, 0x00, 0x00, 0x00, 0x00, 0x00,
    0x00, 0x00, 0x00, 0x00, 0x00, 0x00, 0x00, 0x00, 0x00, 0x00, 0x00, 0x00,
    0x00, 0x00, 0x00, 0x00, 0x00, 0x00, 0x00, 0x00, 0x00, 0x00, 0x00, 0x00,
    0x00, 0x00, 0x00, 0x00, 0x00, 0x00, 0x00, 0x00, 0x00, 0x00, 0x00, 0x00,
    0x00, 0x00, 0x00, 0x00, 0x00, 0x00, 0x00, 0x00, 0x00, 0x00, 0x00, 0x00,
    0x00, 0x00, 0x00, 0x00, 0x00, 0x00, 0x00, 0x00, 0x00, 0x00, 0x00, 0x00,
    0x00, 0x00, 0x00, 0x00, 0x00, 0x00, 0x00, 0x00, 0x00, 0x00, 0x00, 0x00,
    0x00, 0x00, 0x00, 0x00, 0x00, 0x00, 0x00, 0x00, 0x00, 0x00, 0x00, 0x00,
    0x00, 0x00, 0x00, 0x00, 0x00, 0x00, 0x00, 0x00, 0x00, 0x00, 0x00, 0x00,
    0x00, 0x00, 0x00, 0x00, 0x00, 0x00, 0x00, 0x00, 0x00, 0x00, 0x00, 0x01,
    0x00, 0x00, 0x00, 0x00, 0x00, 0x00, 0x00, 0x00, 0x00, 0x00, 0x00, 0x00,
    0x00, 0x00, 0x00, 0x00, 0x00, 0x00, 0x00, 0x00, 0x00, 0x00, 0x00, 0x00,
    0x00, 0x00, 0x00, 0x00, 0xBB, 0xBB, 0xD4, 0x00, 0xFF, 0xFF, 0xF8, 0x00,
    0xFF, 0xFF, 0xF8, 0x00, 0xFF, 0xFF, 0xF8, 0x00, 0xFF, 0xFF, 0xF8, 0x00,
    0xFF, 0xFF, 0xF8, 0x00, 0x00, 0x00, 0x00, 0x00, 0x00, 0x00, 0x00, 0x00,
    0x00, 0x04, 0xDB, 0xBB, 0x00, 0x08, 0xFF, 0xFF, 0x00, 0x08, 0xFF, 0xFF,
    0x00, 0x08, 0xFF, 0xFF, 0x00, 0x08, 0xFF, 0xFF, 0x00, 0x08, 0xFF, 0xFF,
    0x00, 0x00, 0x00, 0x00, 0x00, 0x00, 0x00, 0x00, 0xB1, 0x00, 0x00, 0x00,
    0xF1, 0x00, 0x00, 0x00, 0xF1, 0x00, 0x00, 0x00, 0xF1, 0x00, 0x00, 0x00,
    0xF1, 0x00, 0x00, 0x00, 0xF1, 0x00, 0x00, 0x00, 0x00, 0x00, 0x00, 0x00,
    0x00, 0x00, 0x00, 0x00, 0x00, 0x00, 0x00, 0x00, 0x00, 0x00, 0x00, 0x00,
    0x00, 0x00, 0x00, 0x00, 0x00, 0x00, 0x00, 0x00, 0x00, 0x00, 0x00, 0x00,
    0x00, 0x00, 0x00, 0x00, 0xFF, 0xFF, 0xF8, 0x00, 0xFF, 0xFF, 0xF8, 0x00,
    0xFF, 0xFF, 0xF8, 0x00, 0xFF, 0xFF, 0xF8, 0x00, 0xFF, 0xFF, 0xF8, 0x00,
    0xFF, 0xFF, 0xF8, 0x00, 0xEF, 0xFF, 0xF8, 0x00, 0xBF, 0xFF, 0xF8, 0x00,
    0x00, 0x08, 0xFF, 0xFF, 0x00, 0x08, 0xFF, 0xFF, 0x00, 0x08, 0xFF, 0xFF,
    0x00, 0x08, 0xFF, 0xFF, 0x00, 0x08, 0xFF, 0xFF, 0x00, 0x08, 0xFF, 0xFF,
    0x00, 0x08, 0xFF, 0xFF, 0x00, 0x0B, 0xFF, 0xFF, 0xF1, 0x00, 0x00, 0x00,
    0xF1, 0x00, 0x00, 0x00, 0xF1, 0x00, 0x00, 0x00, 0xF1, 0x00, 0x00, 0x00,
    0xF1, 0x00, 0x00, 0x00, 0xF1, 0x00, 0x00, 0x00, 0xF1, 0x00, 0x00, 0x00,
    0xF1, 0x00, 0x00, 0x00, 0x00, 0x00, 0x00, 0x00, 0x00, 0x00, 0x00, 0x00,
    0x00, 0x00, 0x00, 0x00, 0x00, 0x00, 0x00, 0x00, 0x00, 0x00, 0x00, 0x00,
    0x00, 0x00, 0x00, 0x00, 0x00, 0x00, 0x00, 0x00, 0x00, 0x00, 0x00, 0x00,
    0x8F, 0xFF, 0xFD, 0x00, 0x2F, 0xFF, 0xFF, 0xB4, 0x08, 0xFF, 0xFF, 0xFF,
    0x00, 0x8F, 0xFF, 0xFF, 0x00, 0x02, 0x8B, 0xB8, 0x00, 0x00, 0x00, 0x00,
    0x00, 0x00, 0x00, 0x00, 0x00, 0x00, 0x00, 0x00, 0x00, 0x8F, 0xFF, 0xFF,
    0x48, 0xFF, 0xFF, 0xFF, 0xFF, 0xD8, 0xFF, 0xFF, 0xFD, 0x22, 0xFF, 0xFF,
    0x40, 0x00, 0x44, 0x44, 0x00, 0x00, 0x00, 0x00, 0x00, 0x00, 0x00, 0x00,
    0x00, 0x00, 0x00, 0x00, 0xF1, 0x00, 0x00, 0x00, 0xF1, 0x00, 0x00, 0x00,
    0xF1, 0x00, 0x00, 0x00, 0xF1, 0x00, 0x00, 0x00, 0x42, 0x10, 0x00, 0x00,
    0x00, 0x00, 0x00, 0x00, 0x00, 0x00, 0x00, 0x00, 0x00, 0x00, 0x00, 0x00,
    0x00, 0x00, 0x00, 0x00, 0x00, 0x00, 0x00, 0x00, 0x00, 0x00, 0x00, 0x00,
    0x00, 0x00, 0x00, 0x00, 0x00, 0x00, 0x00, 0x00, 0x00, 0x00, 0x00, 0x00,
    0x00, 0x00, 0x00, 0x00, 0x00, 0x00, 0x00, 0x00, 0x00, 0x00, 0x00, 0x00,
    0x00, 0x00, 0x00, 0x00, 0x00, 0x00, 0x00, 0x00, 0x00, 0x00, 0x00, 0x00,
    0x00, 0x00, 0x00, 0x00, 0x00, 0x00, 0x00, 0x00, 0x00, 0x00, 0x00, 0x00,
    0x00, 0x00, 0x00, 0x00, 0x00, 0x00, 0x00, 0x00, 0x00, 0x00, 0x00, 0x00,
    0x00, 0x00, 0x00, 0x00, 0x00, 0x00, 0x00, 0x00, 0x00, 0x00, 0x00, 0x00,
    0x00, 0x00, 0x00, 0x00, 0x00, 0x00, 0x00, 0x00, 0x00, 0x00, 0x00, 0x00,
    0x00, 0x00, 0x00, 0x00, 0x00, 0x00, 0x00, 0x00, 0x00, 0x00, 0x00, 0x00,
    0x00, 0x00, 0x00, 0x00, 0x00, 0x00, 0x00, 0x00, 0x00, 0x00, 0x00, 0x00,
    0x00, 0x00, 0x00, 0x00, 0x00, 0x00, 0x00, 0x00, 0x00, 0x00, 0x00, 0x00,
    0x00, 0x00, 0x00, 0x00, 0x00, 0x00, 0x00, 0x08, 0x00, 0x00, 0x00, 0x0B,
    0x00, 0x00, 0x00, 0x08, 0x00, 0x00, 0x00, 0x02, 0x00, 0x00, 0x00, 0x00,
    0x00, 0x00, 0x00, 0x00, 0x00, 0x00, 0x00, 0x00, 0x00, 0x00, 0x00, 0x00,
    0x88, 0x88, 0x80, 0x00, 0xFF, 0xFF, 0xF4, 0x00, 0xFF, 0xFF, 0xF8, 0x00,
    0xFF, 0xFF, 0xFB, 0x00, 0xDF, 0xFF, 0xFD, 0x00, 0x8F, 0xFF, 0xFF, 0x20,
    0x00, 0x00, 0x00, 0x00, 0x00, 0x00, 0x00, 0x00, 0x00, 0x00, 0x88, 0x88,
    0x00, 0x04, 0xFF, 0xFF, 0x00, 0x08, 0xFF, 0xFF, 0x00, 0x0B, 0xFF, 0xFF,
    0x00, 0x0D, 0xFF, 0xFF, 0x00, 0x2F, 0xFF, 0xFF, 0x00, 0x00, 0x00, 0x00,
    0x00, 0x00, 0x00, 0x00, 0x88, 0x00, 0x00, 0x00, 0xFB, 0x00, 0x00, 0x00,
    0xF8, 0x00, 0x00, 0x00, 0xF2, 0x00, 0x00, 0x00, 0xD0, 0x00, 0x00, 0x00,
    0x80, 0x00, 0x00, 0x00, 0x00, 0x00, 0x00, 0x00, 0x00, 0x00, 0x00, 0x00,
    0x00, 0x00, 0x00, 0x00, 0x00, 0x00, 0x00, 0x00, 0x00, 0x00, 0x00, 0x00,
    0x00, 0x00, 0x00, 0x00, 0x00, 0x00, 0x00, 0x00, 0x00, 0x00, 0x00, 0x00,
    0x8F, 0xFF, 0xFF, 0x80, 0x2F, 0xFF, 0xFF, 0x80, 0x0D, 0xFF, 0xFF, 0xD0,
    0x08, 0xFF, 0xFF, 0xF1, 0x04, 0xFF, 0xFF, 0xF4, 0x01, 0xEF, 0xFF, 0xF8,
    0x00, 0xBF, 0xFF, 0xFB, 0x00, 0x8F, 0xFF, 0xFD, 0x00, 0x8F, 0xFF, 0xFF,
    0x00, 0x8F, 0xFF, 0xFF, 0x00, 0xDF, 0xFF, 0xFD, 0x01, 0xFF, 0xFF, 0xF8,
    0x04, 0xFF, 0xFF, 0xF4, 0x08, 0xFF, 0xFF, 0xE1, 0x0B, 0xFF, 0xFF, 0xB0,
    0x1D, 0xFF, 0xFF, 0x80, 0x80, 0x00, 0x00, 0x00, 0x20, 0x00, 0x00, 0x00,
    0x00, 0x00, 0x00, 0x00, 0x00, 0x00, 0x00, 0x00, 0x00, 0x00, 0x00, 0x00,
    0x00, 0x00, 0x00, 0x00, 0x00, 0x00, 0x00, 0x00, 0x00, 0x00, 0x00, 0x00,
    0x00, 0x00, 0x00, 0x00, 0x00, 0x00, 0x00, 0x00, 0x00, 0x00, 0x00, 0x00,
    0x00, 0x00, 0x00, 0x00, 0x00, 0x00, 0x00, 0x00, 0x00, 0x00, 0x00, 0x00,
    0x00, 0x00, 0x00, 0x00, 0x00, 0x00, 0x00, 0x00, 0x00, 0x2F, 0xFF, 0xFF,
    0x00, 0x0E, 0xFF, 0xFF, 0x00, 0x08, 0xFF, 0xFF, 0x00, 0x08, 0xFF, 0xFF,
    0x00, 0x01, 0x44, 0x44, 0x00, 0x00, 0x00, 0x00, 0x00, 0x00, 0x00, 0x00,
    0x00, 0x00, 0x00, 0x00, 0x8F, 0xFF, 0xFF, 0x20, 0xDF, 0xFF, 0xFE, 0x00,
    0xFF, 0xFF, 0xF8, 0x00, 0xFF, 0xFF, 0xF8, 0x00, 0x44, 0x44, 0x41, 0x00,
    0x00, 0x00, 0x00, 0x00, 0x00, 0x00, 0x00, 0x00, 0x00, 0x00, 0x00, 0x00,
    0x00, 0x00, 0x00, 0x00, 0x00, 0x00, 0x00, 0x00, 0x00, 0x00, 0x00, 0x00,
    0x00, 0x00, 0x00, 0x00, 0x00, 0x00, 0x00, 0x00, 0x00, 0x00, 0x00, 0x00,
    0x00, 0x00, 0x00, 0x00, 0x00, 0x00, 0x00, 0x00, 0x00, 0x00, 0x00, 0x00,
    0x00, 0x00, 0x00, 0x00, 0x00, 0x00, 0x00, 0x00, 0x00, 0x00, 0x00, 0x00,
    0x00, 0x00, 0x00, 0x00, 0x00, 0x00, 0x00, 0x00, 0x00, 0x00, 0x00, 0x00,
    0x00, 0x00, 0x00, 0x00, 0x00, 0x00, 0x00, 0x00, 0x00, 0x00, 0x00, 0x00,
    0x00, 0x00, 0x00, 0x00, 0x00, 0x00, 0x00, 0x00, 0x00, 0x00, 0x00, 0x00,
    0x00, 0x00, 0x00, 0x00, 0x00, 0x00, 0x00, 0x00, 0x00, 0x00, 0x00, 0x00,
    0x00, 0x00, 0x00, 0x00, 0x00, 0x00, 0x00, 0x00, 0x00, 0x00, 0x00, 0x00,
    0x00, 0x00, 0x00, 0x00, 0x00, 0x00, 0x00, 0x00, 0x00, 0x00, 0x00, 0x00,
    0x00, 0x00, 0x00, 0x00, 0x00, 0x00, 0x00, 0x00, 0x00, 0x00, 0x00, 0x00,
    0x00, 0x00, 0x00, 0x00, 0x00, 0x00, 0x00, 0x00, 0x00, 0x00, 0x00, 0x00,
    0x00, 0x00, 0x00, 0x00, 0x00, 0x00, 0x00, 0x00, 0x00, 0x00, 0x00, 0x00,
    0x00, 0x00, 0x00, 0x00, 0x00, 0x00, 0x00, 0x00, 0x00, 0x00, 0x00, 0x00,
    0x00, 0x88, 0x88, 0x88, 0x00, 0xBF, 0xFF, 0xFF, 0x00, 0x8F, 0xFF, 0xFF,
    0x00, 0x2F, 0xFF, 0xFF, 0x00, 0x0E, 0xFF, 0xFF, 0x00, 0x0B, 0xFF, 0xFF,
    0x00, 0x00, 0x00, 0x00, 0x00, 0x00, 0x00, 0x00, 0x00, 0x00, 0x00, 0x28,
    0x40, 0x00, 0x00, 0x8F, 0x80, 0x00, 0x00, 0xDF, 0xB0, 0x00, 0x01, 0xFF,
    0xE0, 0x00, 0x04, 0xFF, 0xF2, 0x00, 0x08, 0xFD, 0x00, 0x00, 0x00, 0x00,
    0x00, 0x00, 0x00, 0x00, 0x88, 0x20, 0x00, 0x00, 0xFF, 0x80, 0x00, 0x00,
    0xFF, 0xD0, 0x00, 0x00, 0xEF, 0xF1, 0x00, 0x00, 0x8F, 0xF4, 0x00, 0x00,
    0x1D, 0xF8, 0x00, 0x02, 0x00, 0x00, 0x00, 0x00, 0x00, 0x00, 0x00, 0x00,
    0x08, 0x88, 0x88, 0x80, 0x4F, 0xFF, 0xFF, 0xB0, 0x8F, 0xFF, 0xFF, 0x80,
    0xBF, 0xFF, 0xFF, 0x20, 0xEF, 0xFF, 0xFE, 0x00, 0xFF, 0xFF, 0xFB, 0x00,
    0x00, 0x08, 0xFF, 0xFF, 0x00, 0x02, 0xFF, 0xFF, 0x00, 0x00, 0xDF, 0xFF,
    0x00, 0x00, 0x8F, 0xFF, 0x00, 0x00, 0x8F, 0xFF, 0x00, 0x00, 0x2F, 0xFF,
    0x00, 0x00, 0x0D, 0xFF, 0x00, 0x00, 0x08, 0xFF, 0xF8, 0x00, 0x0B, 0xFB,
    0xF8, 0x00, 0x0E, 0xF8, 0xFD, 0x00, 0x2F, 0xF4, 0xFF, 0x10, 0x8F, 0xF1,
    0xFF, 0x40, 0x8F, 0xD0, 0xFF, 0x80, 0xDF, 0x80, 0xFF, 0xB2, 0xFF, 0x40,
    0xFF, 0xD8, 0xFF, 0x20, 0x0B, 0xFB, 0x00, 0x08, 0x08, 0xFE, 0x00, 0x08,
    0x04, 0xFF, 0x20, 0x0D, 0x01, 0xFF, 0x80, 0x1F, 0x00, 0xDF, 0x80, 0x4F,
    0x00, 0x8F, 0xD0, 0x8F, 0x00, 0x4F, 0xF2, 0xBF, 0x00, 0x2F, 0xF8, 0xDF,
    0xFF, 0xFF, 0xF8, 0x00, 0xFF, 0xFF, 0xF2, 0x00, 0xFF, 0xFF, 0xD0, 0x00,
    0xFF, 0xFF, 0x80, 0x00, 0xFF, 0xFF, 0x80, 0x00, 0xFF, 0xFF, 0x20, 0x00,
    0xFF, 0xFD, 0x00, 0x00, 0xFF, 0xF8, 0x00, 0x00, 0x00, 0x00, 0x08, 0xFF,
    0x00, 0x00, 0x01, 0xFF, 0x00, 0x00, 0x00, 0xDF, 0x00, 0x00, 0x00, 0x8F,
    0x00, 0x00, 0x00, 0x24, 0x00, 0x00, 0x00, 0x00, 0x00, 0x00, 0x00, 0x00,
    0x00, 0x00, 0x00, 0x00, 0xFF, 0xED, 0xFD, 0x00, 0xFF, 0xFF, 0xF8, 0x00,
    0xFF, 0xFF, 0xF8, 0x00, 0xFF, 0xFF, 0xF2, 0x00, 0x44, 0x44, 0x40, 0x00,
    0x00, 0x00, 0x00, 0x00, 0x00, 0x00, 0x00, 0x00, 0x00, 0x00, 0x00, 0x00,
    0x00, 0x0D, 0xFD, 0xEF, 0x00, 0x08, 0xFF, 0xFF, 0x00, 0x08, 0xFF, 0xFF,
    0x00, 0x02, 0xFF, 0xFF, 0x00, 0x00, 0x44, 0x44, 0x00, 0x00, 0x00, 0x00,
    0x00, 0x00, 0x00, 0x00, 0x00, 0x00, 0x00, 0x00, 0xFF, 0xF8, 0x00, 0x00,
    0xFF, 0xF1, 0x00, 0x00, 0xFF, 0xD0, 0x00, 0x00, 0xFF, 0x80, 0x00, 0x00,
    0x44, 0x20, 0x00, 0x00, 0x00, 0x00, 0x00, 0x00, 0x00, 0x00, 0x00, 0x00,
    0x00, 0x00, 0x00, 0x00, 0x00, 0x00, 0x00, 0x00, 0x00, 0x00, 0x00, 0x00,
    0x00, 0x00, 0x00, 0x00, 0x00, 0x00, 0x00, 0x00, 0x00, 0x00, 0x00, 0x00,
    0x00, 0x00, 0x00, 0x00, 0x00, 0x00, 0x00, 0x00, 0x00, 0x00, 0x00, 0x00,
    0x00, 0x00, 0x00, 0x00, 0x00, 0x00, 0x00, 0x00, 0x00, 0x00, 0x00, 0x00,
    0x00, 0x00, 0x00, 0x00, 0x00, 0x00, 0x00, 0x00, 0x00, 0x00, 0x00, 0x00,
    0x00, 0x00, 0x00, 0x00, 0x00, 0x00, 0x00, 0x00, 0x00, 0x00, 0x00, 0x00,
    0x00, 0x00, 0x00, 0x00, 0x00, 0x00, 0x00, 0x00, 0x00, 0x00, 0x00, 0x00,
    0x00, 0x00, 0x00, 0x00, 0x00, 0x00, 0x00, 0x00, 0x00, 0x00, 0x00, 0x00,
    0x00, 0x00, 0x00, 0x00, 0x00, 0x00, 0x00, 0x00, 0x00, 0x00, 0x00, 0x00,
    0x00, 0x00, 0x00, 0x00, 0x00, 0x00, 0x00, 0x00, 0x00, 0x00, 0x00, 0x00,
    0x00, 0x00, 0x00, 0x00, 0x00, 0x00, 0x00, 0x00, 0x00, 0x00, 0x00, 0x00,
    0x00, 0x00, 0x00, 0x00, 0x00, 0x00, 0x00, 0x00, 0x00, 0x00, 0x00, 0x04,
    0x00, 0x00, 0x00, 0x02, 0x00, 0x00, 0x00, 0x00, 0x00, 0x00, 0x00, 0x00,
    0x00, 0x00, 0x00, 0x00, 0x00, 0x00, 0x00, 0x00, 0x00, 0x00, 0x00, 0x00,
    0x00, 0x00, 0x00, 0x00, 0x88, 0x88, 0x88, 0x20, 0xEF, 0xFF, 0xFF, 0xD0,
    0x8F, 0xFF, 0xFF, 0xF8, 0x0B, 0xFF, 0xFF, 0xFE, 0x02, 0xEF, 0xFF, 0xFF,
    0x00, 0x8F, 0xFF, 0xFF, 0x00, 0x00, 0x00, 0x00, 0x00, 0x00, 0x00, 0x00,
    0x00, 0x00, 0x02, 0x88, 0x00, 0x00, 0x0D, 0xFF, 0x00, 0x00, 0x8F, 0xFB,
    0x20, 0x04, 0xFF, 0xD1, 0xB0, 0x1E, 0xFE, 0x20, 0xF4, 0xBF, 0xF8, 0x00,
    0x00, 0x00, 0x00, 0x00, 0x00, 0x00, 0x00, 0x00, 0x81, 0x00, 0x00, 0x00,
    0x80, 0x00, 0x00, 0x00, 0x00, 0x00, 0x00, 0x00, 0x00, 0x00, 0x00, 0x00,
    0x00, 0x00, 0x00, 0x00, 0x00, 0x00, 0x00, 0x00, 0x00, 0x00, 0x00, 0x00,
    0x00, 0x00, 0x00, 0x00, 0x00, 0x00, 0x00, 0x00, 0x00, 0x00, 0x00, 0x00,
    0x00, 0x00, 0x00, 0x00, 0x00, 0x00, 0x00, 0x00, 0x00, 0x00, 0x00, 0x00,
    0x00, 0x00, 0x00, 0x00, 0x00, 0x0B, 0xFF, 0xFF, 0x00, 0x02, 0xEF, 0xFF,
    0x00, 0x00, 0x8F, 0xFF, 0x00, 0x00, 0x0B, 0xFF, 0x00, 0x00, 0x1D, 0xFF,
    0x00, 0x00, 0xBF, 0xFF, 0x00, 0x08, 0xFF, 0x8B, 0x00, 0x4F, 0xFD, 0x02,
    0xFF, 0xFF, 0x80, 0x00, 0xFF, 0xFB, 0x00, 0x00, 0xFF, 0xF8, 0x00, 0x00,
    0xFF, 0xFD, 0x10, 0x00, 0xFF, 0xFF, 0x80, 0x00, 0xFF, 0xFF, 0xF4, 0x00,
    0xFF, 0xFF, 0xFD, 0x10, 0xFF, 0xFF, 0xFF, 0x80, 0x00, 0x00, 0x00, 0x00,
    0x00, 0x00, 0x00, 0x00, 0x00, 0x00, 0x00, 0x00, 0x00, 0x00, 0x00, 0x00,
    0x00, 0x00, 0x00, 0x00, 0x00, 0x00, 0x00, 0x00, 0x00, 0x00, 0x00, 0x00,
    0x00, 0x00, 0x00, 0x00, 0x00, 0x00, 0x00, 0x00, 0x00, 0x00, 0x00, 0x00,
    0x00, 0x00, 0x00, 0x00, 0x00, 0x00, 0x00, 0x08, 0x00, 0x00, 0x00, 0x04,
    0x00, 0x00, 0x00, 0x00, 0x00, 0x00, 0x00, 0x00, 0x00, 0x00, 0x00, 0x00,
    0x02, 0xEF, 0xE2, 0x00, 0x1D, 0xFF, 0x80, 0x00, 0x8F, 0xF8, 0x00, 0x00,
    0xFF, 0xD1, 0x00, 0x00, 0x44, 0x20, 0x00, 0x00, 0x00, 0x00, 0x00, 0x00,
    0x00, 0x00, 0x00, 0x00, 0x00, 0x00, 0x00, 0x00, 0x8F, 0xFF, 0xFF, 0xF4,
    0x1D, 0xFF, 0xFF, 0xFD, 0x04, 0xFF, 0xFF, 0xFF, 0x00, 0xBF, 0xFF, 0xFF,
    0x00, 0x14, 0x44, 0x44, 0x00, 0x00, 0x00, 0x00, 0x00, 0x00, 0x00, 0x00,
    0x00, 0x00, 0x00, 0x00, 0x00, 0x00, 0x00, 0x00, 0x10, 0x00, 0x00, 0x00,
    0x80, 0x00, 0x00, 0x00, 0xF4, 0x00, 0x00, 0x00, 0x42, 0x00, 0x00, 0x00,
    0x00, 0x00, 0x00, 0x00, 0x00, 0x00, 0x00, 0x00, 0x00, 0x00, 0x00, 0x00,
    0x00, 0x00, 0x00, 0x00, 0x00, 0x00, 0x00, 0x00, 0x00, 0x00, 0x00, 0x00,
    0x00, 0x00, 0x00, 0x00, 0x00, 0x00, 0x00, 0x00, 0x00, 0x00, 0x00, 0x00,
    0x00, 0x00, 0x00, 0x00, 0x00, 0x00, 0x00, 0x00, 0x00, 0x00, 0x00, 0x00,
    0x00, 0x00, 0x00, 0x00, 0x00, 0x00, 0x00, 0x00, 0x00, 0x00, 0x00, 0x00,
    0x00, 0x00, 0x00, 0x00, 0x00, 0x00, 0x00, 0x00, 0x00, 0x00, 0x00, 0x00,
    0x00, 0x00, 0x00, 0x00, 0x00, 0x00, 0x00, 0x00, 0x00, 0x00, 0x00, 0x00,
    0x00, 0x00, 0x00, 0x00, 0x00, 0x00, 0x00, 0x00, 0x00, 0x00, 0x00, 0x00,
    0x00, 0x00, 0x00, 0x00, 0x00, 0x00, 0x00, 0x00, 0x00, 0x00, 0x00, 0x00,
    0x00, 0x00, 0x00, 0x00, 0x00, 0x00, 0x00, 0x00, 0x00, 0x00, 0x00, 0x00,
    0x00, 0x00, 0x00, 0x00, 0x00, 0x00, 0x00, 0x00, 0x00, 0x00, 0x00, 0x00,
    0x00, 0x00, 0x00, 0x00, 0x00, 0x00, 0x00, 0x00, 0x00, 0x00, 0x00, 0x00,
    0x00, 0x00, 0x00, 0x00, 0x00, 0x00, 0x00, 0x18, 0x00, 0x00, 0x00, 0x0D,
    0x00, 0x00, 0x00, 0x02, 0x00, 0x00, 0x00, 0x00, 0x00, 0x00, 0x00, 0x00,
    0x00, 0x00, 0x00, 0x00, 0x00, 0x00, 0x00, 0x00, 0x00, 0x00, 0x00, 0x00,
    0x88, 0x88, 0x84, 0x00, 0xFF, 0xFF, 0xFE, 0x10, 0xFF, 0xFF, 0xFF, 0x80,
    0x8F, 0xFF, 0xFF, 0xE0, 0x2F, 0xFF, 0xFF, 0xF8, 0x08, 0xFF, 0xFF, 0xFD,
    0x00, 0x00, 0x00, 0x00, 0x00, 0x00, 0x00, 0x00, 0x00, 0x00, 0x00, 0x18,
    0x00, 0x00, 0x00, 0x8F, 0x00, 0x00, 0x00, 0xDF, 0x00, 0x00, 0x04, 0xFF,
    0x00, 0x00, 0x08, 0xFF, 0x00, 0x00, 0x1F, 0xFD, 0x00, 0x00, 0x00, 0x00,
    0x00, 0x00, 0x00, 0x00, 0x88, 0x00, 0x00, 0x00, 0xF8, 0x00, 0x00, 0x00,
    0xF2, 0x00, 0x00, 0x00, 0x80, 0x00, 0x00, 0x00, 0x40, 0x00, 0x00, 0x00,
    0x00, 0x00, 0x00, 0x00, 0x00, 0x00, 0x00, 0x00, 0x00, 0x00, 0x00, 0x00,
    0x00, 0x00, 0x00, 0x00, 0x00, 0x00, 0x00, 0x00, 0x00, 0x00, 0x00, 0x00,
    0x00, 0x00, 0x00, 0x00, 0x00, 0x00, 0x00, 0x00, 0x00, 0x00, 0x00, 0x00,
    0x02, 0xEF, 0xFF, 0xFF, 0x00, 0x8F, 0xFF, 0xFF, 0x00, 0x1E, 0xFF, 0xFF,
    0x00, 0x08, 0xFF, 0xFF, 0x00, 0x01, 0xEF, 0xFF, 0x00, 0x00, 0x8F, 0xFF,
    0x00, 0x00, 0x0D, 0xFF, 0x00, 0x00, 0x08, 0xFF, 0x80, 0x00, 0x8F, 0xF8,
    0xD0, 0x00, 0xDF, 0xE0, 0xF8, 0x04, 0xFF, 0x80, 0xFD, 0x0B, 0xFF, 0x20,
    0xFF, 0x8E, 0xF8, 0x00, 0xFF, 0xFF, 0xF4, 0x00, 0xFF, 0xFF, 0xD0, 0x00,
    0xFF, 0xFF, 0x80, 0x00, 0x00, 0x00, 0x00, 0x00, 0x00, 0x00, 0x00, 0x00,
    0x00, 0x00, 0x00, 0x00, 0x00, 0x00, 0x00, 0x00, 0x00, 0x00, 0x00, 0x00,
    0x00, 0x00, 0x00, 0x00, 0x00, 0x00, 0x00, 0x00, 0x00, 0x00, 0x00, 0x00,
    0x00, 0x00, 0x00, 0x00, 0x00, 0x00, 0x00, 0x00, 0x00, 0x00, 0x00, 0x00,
    0x00, 0x00, 0x00, 0x00, 0x00, 0x00, 0x00, 0x00, 0x00, 0x00, 0x00, 0x00,
    0x00, 0x00, 0x00, 0x00, 0x00, 0x00, 0x00, 0x00, 0x00, 0x00, 0x00, 0xDF,
    0x00, 0x00, 0x00, 0x8F, 0x00, 0x00, 0x00, 0x0B, 0x00, 0x00, 0x00, 0x04,
    0x00, 0x00, 0x00, 0x08, 0x00, 0x00, 0x00, 0x1E, 0x00, 0x00, 0x00, 0x8F,
    0x00, 0x00, 0x00, 0xDF, 0xFF, 0xFE, 0x00, 0x00, 0xFF, 0xF8, 0x00, 0x00,
    0xFF, 0xF1, 0x00, 0x00, 0xFF, 0x80, 0x00, 0x00, 0xFF, 0x20, 0x00, 0x00,
    0xFB, 0x00, 0x00, 0x00, 0xF8, 0x00, 0x00, 0x00, 0xD0, 0x00, 0x00, 0x00,
    0x00, 0x00, 0x00, 0x00, 0x00, 0x00, 0x00, 0x00, 0x00, 0x00, 0x00, 0x00,
    0x00, 0x00, 0x00, 0x00, 0x00, 0x00, 0x00, 0x00, 0x00, 0x00, 0x00, 0x00,
    0x00, 0x00, 0x00, 0x00, 0x00, 0x00, 0x00, 0x00, 0x00, 0x00, 0x00, 0x00,
    0x00, 0x00, 0x00, 0x00, 0x00, 0x00, 0x00, 0x00, 0x00, 0x00, 0x00, 0x00,
    0x00, 0x00, 0x00, 0x00, 0x00, 0x00, 0x00, 0x00, 0x00, 0x00, 0x00, 0x00,
    0x00, 0x00, 0x00, 0x00, 0x00, 0x00, 0x00, 0x00, 0x00, 0x00, 0x00, 0x00,
    0x00, 0x00, 0x00, 0x00, 0x00, 0x00, 0x00, 0x00, 0x00, 0x00, 0x00, 0x00,
    0x00, 0x00, 0x00, 0x00, 0x00, 0x00, 0x00, 0x00, 0x00, 0x00, 0x00, 0x00,
    0x00, 0x00, 0x00, 0x00, 0x00, 0x00, 0x00, 0x00, 0x00, 0x00, 0x00, 0x00,
    0x00, 0x00, 0x00, 0x00, 0x00, 0x00, 0x00, 0x00, 0x00, 0x00, 0x00, 0x00,
    0x00, 0x00, 0x00, 0x00, 0x00, 0x00, 0x00, 0x00, 0x00, 0x00, 0x00, 0x00,
    0x00, 0x00, 0x00, 0x00, 0x00, 0x00, 0x00, 0x00, 0x00, 0x00, 0x00, 0x00,
    0x00, 0x00, 0x00, 0x00, 0x00, 0x00, 0x00, 0x00, 0x00, 0x00, 0x00, 0x00,
    0x00, 0x00, 0x00, 0x00, 0x00, 0x00, 0x00, 0x00, 0x00, 0x00, 0x00, 0x00,
    0x00, 0x00, 0x00, 0x00, 0x00, 0x00, 0x00, 0x00, 0x00, 0x00, 0x00, 0x00,
    0x00, 0x00, 0x00, 0x00, 0x00, 0x00, 0x00, 0x00, 0x00, 0x00, 0x00, 0x00,
    0x00, 0x00, 0x00, 0x00, 0x00, 0x00, 0x00, 0x00, 0x48, 0x88, 0x88, 0x88,
    0x8F, 0xFF, 0xFF, 0xFF, 0x4D, 0xBB, 0xBB, 0xBB, 0x00, 0x00, 0x00, 0x00,
    0x00, 0x00, 0x00, 0x00, 0x00, 0x00, 0x00, 0x04, 0x00, 0x00, 0x00, 0x00,
    0x00, 0x00, 0x00, 0x00, 0x88, 0x88, 0x88, 0x88, 0xFF, 0xFF, 0xFF, 0xFF,
    0xBD, 0xFF, 0xFF, 0xFF, 0x0D, 0xFF, 0xFF, 0xFF, 0x8F, 0xFF, 0xFF, 0xF8,
    0xFF, 0xFF, 0xFF, 0x80, 0x00, 0x00, 0x00, 0x00, 0x00, 0x00, 0x00, 0x00,
    0x40, 0x00, 0x00, 0x00, 0xB0, 0x00, 0x00, 0x00, 0xB0, 0x00, 0x00, 0x00,
    0x20, 0x00, 0x00, 0x00, 0x00, 0x00, 0x00, 0x00, 0x00, 0x00, 0x00, 0x00,
    0x00, 0x00, 0x00, 0x00, 0x00, 0x00, 0x00, 0x00, 0x00, 0x00, 0x00, 0x00,
    0x00, 0x00, 0x00, 0x00, 0x00, 0x00, 0x00, 0x00, 0x00, 0x00, 0x00, 0x00,
    0x00, 0x00, 0x00, 0x00, 0x00, 0x00, 0x00, 0x00, 0x00, 0x00, 0x00, 0x2E,
    0x00, 0x00, 0x01, 0xDF, 0x00, 0x00, 0x08, 0xFF, 0x00, 0x00, 0x8F, 0xFF,
    0x00, 0x02, 0xFF, 0xFF, 0x00, 0x1D, 0xFF, 0xFF, 0x00, 0xBF, 0xFF, 0xFF,
    0x08, 0xFF, 0xFF, 0xFF, 0xFF, 0xFF, 0xFD, 0x10, 0xFF, 0xFF, 0xE2, 0x00,
    0xFF, 0xFF, 0x80, 0x00, 0xFF, 0xF8, 0x00, 0x00, 0xFF, 0xD0, 0x00, 0x00,
    0xFE, 0x20, 0x00, 0x00, 0xF4, 0x00, 0x00, 0x00, 0x80, 0x00, 0x00, 0x00,
    0x00, 0x00, 0x00, 0x00, 0x00, 0x00, 0x00, 0x00, 0x00, 0x00, 0x00, 0x00,
    0x00, 0x00, 0x00, 0x00, 0x00, 0x00, 0x00, 0x00, 0x00, 0x00, 0x00, 0x00,
    0x00, 0x00, 0x00, 0x00, 0x00, 0x00, 0x00, 0x00, 0x00, 0x00, 0x00, 0x00,
    0x00, 0x00, 0x00, 0x01, 0x00, 0x00, 0x00, 0x08, 0x00, 0x00, 0x00, 0x08,
    0x00, 0x00, 0x00, 0x02, 0x00, 0x00, 0x00, 0x00, 0x00, 0x00, 0x00, 0x00,
    0x00, 0x00, 0x00, 0x00, 0x4F, 0xFF, 0xFF, 0xFB, 0xEF, 0xFF, 0xFF, 0xE2,
    0xFF, 0xFF, 0xFF, 0xFE, 0xFF, 0xFF, 0xFF, 0xFF, 0x44, 0x44, 0x44, 0x44,
    0x00, 0x00, 0x00, 0x00, 0x00, 0x00, 0x00, 0x00, 0x00, 0x00, 0x00, 0x00,
    0x00, 0x00, 0x00, 0x00, 0x00, 0x00, 0x00, 0x00, 0xFF, 0xFF, 0xFF, 0xFF,
    0xFF, 0xFF, 0xFF, 0xFF, 0x44, 0x44, 0x44, 0x44, 0x00, 0x00, 0x00, 0x00,
    0x00, 0x00, 0x00, 0x00, 0x00, 0x00, 0x00, 0x00, 0x00, 0x00, 0x00, 0x00,
    0x00, 0x00, 0x00, 0x00, 0xF4, 0x00, 0x00, 0x00, 0xF4, 0x00, 0x00, 0x00,
    0x41, 0x00, 0x00, 0x00, 0x00, 0x00, 0x00, 0x00, 0x00, 0x00, 0x00, 0x00,
    0x00, 0x00, 0x00, 0x00, 0x00, 0x00, 0x00, 0x00, 0x00, 0x00, 0x00, 0x00,
    0x00, 0x00, 0x00, 0x00, 0x00, 0x00, 0x00, 0x00, 0x00, 0x00, 0x00, 0x00,
    0x00, 0x00, 0x00, 0x00, 0x00, 0x00, 0x00, 0x00, 0x00, 0x00, 0x00, 0x00,
    0x00, 0x00, 0x00, 0x00, 0x00, 0x00, 0x00, 0x00, 0x00, 0x00, 0x00, 0x00,
    0x00, 0x00, 0x00, 0x00, 0x00, 0x00, 0x00, 0x00, 0x00, 0x00, 0x00, 0x00,
    0x00, 0x00, 0x00, 0x00, 0x00, 0x00, 0x34, 0x44, 0x00, 0x00, 0x00, 0x00,
    0x00, 0x00, 0x00, 0x00, 0x00, 0x00, 0x00, 0x00, 0x00, 0x00, 0x00, 0x00,
    0x00, 0x00, 0x00, 0x00, 0x00, 0x00, 0x00, 0x00, 0x00, 0x00, 0x00, 0x00,
    0x20, 0x00, 0x00, 0x00, 0x00, 0x00, 0x00, 0x00, 0x00, 0x00, 0x00, 0x00,
    0x00, 0x00, 0x00, 0x00, 0x00, 0x00, 0x00, 0x00, 0x00, 0x00, 0x00, 0x00,
    0x00, 0x00, 0x00, 0x00, 0x00, 0x00, 0x00, 0x00, 0x00, 0x00, 0x00, 0x00,
    0x00, 0x00, 0x00, 0x00, 0x00, 0x00, 0x00, 0x00, 0x00, 0x00, 0x00, 0x00,
    0x00, 0x00, 0x00, 0x00, 0x00, 0x00, 0x00, 0xEF, 0x00, 0x00, 0x00, 0xEF,
    0x00, 0x00, 0x00, 0x00, 0x00, 0x00, 0x00, 0x00, 0x00, 0x00, 0xCF, 0xFF,
    0x00, 0x00, 0xFF, 0xFF, 0x00, 0x01, 0xFF, 0xFF, 0x00, 0x04, 0xFF, 0xFF,
    0xFF, 0xFF, 0xFF, 0xFF, 0xBB, 0xBC, 0xFF, 0xFF, 0x00, 0x07, 0xFF, 0xFF,
    0x00, 0x08, 0xFF, 0xFD, 0xF1, 0x00, 0x00, 0x00, 0xD0, 0x00, 0x00, 0x00,
    0xA0, 0x00, 0x00, 0x00, 0xA3, 0x46, 0x88, 0x8B, 0xFF, 0xFF, 0xFF, 0xFF,
    0xBB, 0xB9, 0x78, 0x87, 0x00, 0x00, 0x00, 0x00, 0x00, 0x00, 0x00, 0x00,
    0x00, 0x00, 0x00, 0x00, 0x00, 0x00, 0x00, 0x00, 0x00, 0x00, 0x00, 0x00,
    0x80, 0x00, 0x00, 0x00, 0xB0, 0x00, 0x00, 0x00, 0x30, 0x00, 0x00, 0x00,
    0x00, 0x00, 0x00, 0x00, 0x00, 0x00, 0x00, 0x00, 0x00, 0x00, 0x00, 0x00,
    0x00, 0x00, 0x00, 0x00, 0x00, 0x00, 0x00, 0x00, 0x00, 0x00, 0x00, 0x00,
    0x00, 0x00, 0x00, 0x08, 0x00, 0x00, 0x00, 0x4F, 0x00, 0x00, 0x00, 0xAF,
    0x00, 0x00, 0x01, 0xEF, 0x00, 0x08, 0xFF, 0xFE, 0x00, 0x2C, 0xFF, 0xFF,
    0x06, 0xEF, 0xFF, 0xF9, 0x9F, 0xFF, 0xFF, 0xF7, 0xFF, 0xFE, 0xFF, 0xF7,
    0xFF, 0x97, 0xFF, 0xF7, 0xFF, 0x25, 0xFF, 0xF7, 0xFC, 0x04, 0xFF, 0xFD,
    0xBB, 0xB9, 0x63, 0x00, 0xFF, 0xFF, 0xFF, 0xC5, 0x06, 0xFF, 0xFF, 0xFF,
    0x09, 0xFE, 0x8F, 0xFF, 0x0E, 0xFB, 0x0B, 0xFF, 0x4F, 0xF6, 0x07, 0xFF,
    0xAF, 0xE1, 0x04, 0xFF, 0xFF, 0x80, 0x04, 0xFF, 0x00, 0x00, 0x00, 0x00,
    0x00, 0x00, 0x00, 0x00, 0x90, 0x00, 0x00, 0x00, 0xF7, 0x00, 0x00, 0x00,
    0xFE, 0x10, 0x00, 0x00, 0xFF, 0x50, 0x00, 0x00, 0xFF, 0x80, 0x00, 0x00,
    0xFF, 0x80, 0x00, 0x00, 0x00, 0x00, 0x04, 0xFF, 0x00, 0x00, 0x04, 0xFF,
    0x00, 0x00, 0x03, 0xFF, 0x00, 0x00, 0x00, 0xEF, 0x00, 0x00, 0x00, 0x6F,
    0x00, 0x00, 0x00, 0x04, 0x00, 0x00, 0x00, 0x00, 0x00, 0x00, 0x00, 0x00,
    0xF8, 0x04, 0xFF, 0xFF, 0xF8, 0x01, 0xFF, 0xFF, 0xF9, 0x01, 0xFF, 0xFF,
    0xFF, 0xBE, 0xFF, 0xF6, 0xFF, 0xFF, 0xFB, 0x30, 0xAB, 0xA7, 0x30, 0x02,
    0x00, 0x00, 0x00, 0x00, 0x00, 0x00, 0x00, 0x00, 0xFD, 0x10, 0x07, 0xFF,
    0xF4, 0x00, 0x0A, 0xFF, 0x60, 0x00, 0x4F, 0xFF, 0x00, 0x05, 0xEF, 0xFF,
    0x58, 0xCF, 0xFF, 0xFC, 0xFF, 0xFF, 0xFC, 0x60, 0x9A, 0x85, 0x20, 0x00,
    0x00, 0x00, 0x00, 0x00, 0xFF, 0x60, 0x00, 0x00, 0xFF, 0x20, 0x00, 0x00,
    0xFB, 0x00, 0x00, 0x00, 0xE2, 0x00, 0x00, 0x00, 0x30, 0x00, 0x00, 0x00,
    0x00, 0x00, 0x00, 0x00, 0x00, 0x00, 0x00, 0x00, 0x00, 0x00, 0x00, 0x00,
    0x00, 0x00, 0x00, 0x00, 0x00, 0x00, 0x00, 0x00, 0x00, 0x00, 0x00, 0x00,
    0x00, 0x00, 0x00, 0x00, 0x00, 0x00, 0x00, 0x00, 0x00, 0x00, 0x00, 0x00,
    0x00, 0x00, 0x10, 0x00, 0x00, 0x07, 0xFF, 0xFF, 0x00, 0x00, 0x00, 0x00,
    0x00, 0x04, 0x88, 0x87, 0x00, 0x0A, 0xFF, 0xFF, 0x00, 0x0B, 0xFF, 0xFF,
    0x00, 0x0E, 0xFF, 0xFF, 0x00, 0x0F, 0xFF, 0xFF, 0x00, 0x2F, 0xFF, 0xFF,
    0xFF, 0xFF, 0xFF, 0xFF, 0x00, 0x00, 0x00, 0x00, 0x42, 0x00, 0x00, 0x00,
    0xF6, 0x00, 0x00, 0x00, 0xF3, 0x00, 0x00, 0x00, 0xE0, 0x00, 0x00, 0x00,
    0xB0, 0x00, 0x00, 0x00, 0xC7, 0x79, 0xBB, 0xBB, 0xFF, 0xFF, 0xFF, 0xFF,
    0x00, 0x00, 0x00, 0x00, 0x00, 0x00, 0x00, 0x00, 0x00, 0x00, 0x00, 0x00,
    0x00, 0x00, 0x00, 0x00, 0x00, 0x00, 0x00, 0x00, 0x00, 0x10, 0x00, 0x00,
    0xEF, 0xE1, 0x00, 0x00, 0xFF, 0xF0, 0x00, 0x00, 0x00, 0x08, 0xFF, 0xFF,
    0x00, 0x04, 0x88, 0x74, 0x00, 0x00, 0x00, 0x00, 0x00, 0x00, 0x00, 0x00,
    0x00, 0x00, 0x00, 0x00, 0x00, 0x00, 0x00, 0x00, 0x00, 0x00, 0x00, 0x00,
    0x00, 0x00, 0x00, 0x07, 0xFF, 0xFF, 0xFF, 0xFF, 0x43, 0xAF, 0xFF, 0xFF,
    0x00, 0x8F, 0xFF, 0xFF, 0x00, 0x8F, 0xFF, 0xFC, 0x00, 0xBF, 0xFF, 0xFE,
    0x00, 0xBF, 0xFF, 0xFF, 0x3B, 0xFF, 0xFF, 0xFD, 0xFF, 0xFF, 0xFF, 0xF8,
    0xFF, 0xEB, 0xBB, 0xBB, 0x20, 0x00, 0x00, 0x00, 0x00, 0x00, 0x00, 0x00,
    0x00, 0x00, 0x00, 0x00, 0xBB, 0xBB, 0x87, 0x20, 0xFF, 0xFF, 0xFF, 0xFD,
    0x77, 0xDF, 0xFF, 0xFF, 0x00, 0xEF, 0xFF, 0xFF, 0x97, 0x70, 0x00, 0x00,
    0x00, 0x00, 0x00, 0x00, 0x00, 0x00, 0x00, 0x00, 0x00, 0x00, 0x00, 0x00,
    0x00, 0x00, 0x00, 0x00, 0x71, 0x00, 0x00, 0x00, 0xFD, 0x40, 0x00, 0x00,
    0xFF, 0xF5, 0x00, 0x00, 0x00, 0x00, 0x00, 0x9F, 0x00, 0x00, 0x08, 0xFF,
    0x00, 0x00, 0x3F, 0xFF, 0x00, 0x00, 0xBF, 0xFF, 0x00, 0x02, 0xFF, 0xFF,
    0x00, 0x07, 0xFF, 0xFF, 0x00, 0x0A, 0xFF, 0xFF, 0x00, 0x0B, 0xFF, 0xFF,
    0xFF, 0xFF, 0xFF, 0xF8, 0xFF, 0xEF, 0xFF, 0xF7, 0xFA, 0x8F, 0xFF, 0xF7,
    0xF1, 0x7F, 0xFF, 0xF7, 0x90, 0x5F, 0xFF, 0xF7, 0x50, 0x4F, 0xFF, 0xFD,
    0x20, 0x4F, 0xFF, 0xFF, 0x00, 0x1F, 0xFF, 0xFF, 0x03, 0xFF, 0xE5, 0xFF,
    0x08, 0xFF, 0xC0, 0x8F, 0x0D, 0xFF, 0x70, 0x2F, 0x3F, 0xFF, 0x20, 0x0D,
    0xAF, 0xF9, 0x00, 0x0B, 0xFF, 0xF3, 0x00, 0x0B, 0xFF, 0x90, 0x00, 0x0D,
    0xFE, 0x10, 0x00, 0x2F, 0xFF, 0xFE, 0x10, 0x00, 0xFF, 0xFF, 0x90, 0x00,
    0xFF, 0xFF, 0xE0, 0x00, 0xFF, 0xFF, 0xF2, 0x00, 0xFF, 0xFF, 0xF4, 0x00,
    0xFF, 0xFF, 0xF4, 0x00, 0xFF, 0xFF, 0xF2, 0x00, 0xFF, 0xFF, 0xE0, 0x00,
    0x00, 0x0B, 0xFF, 0xFF, 0x00, 0x09, 0xFF, 0xFF, 0x00, 0x06, 0xFF, 0xFF,
    0x00, 0x01, 0xEF, 0xFF, 0x00, 0x00, 0x3D, 0xFF, 0x00, 0x00, 0x01, 0x58,
    0x00, 0x00, 0x00, 0x00, 0x00, 0x00, 0x00, 0x00, 0x00, 0x0E, 0xFF, 0xFF,
    0x40, 0x0C, 0xFF, 0xFF, 0xEB, 0xEF, 0xFF, 0xF6, 0xFF, 0xFF, 0xFC, 0x30,
    0xFF, 0xFC, 0x60, 0x03, 0x86, 0x20, 0x00, 0x00, 0x00, 0x00, 0x00, 0x00,
    0x00, 0x00, 0x00, 0x00, 0xF3, 0x00, 0x00, 0x8F, 0x60, 0x00, 0x03, 0xFF,
    0x00, 0x00, 0x6E, 0xFF, 0x14, 0x7D, 0xFF, 0xFF, 0xFF, 0xFF, 0xFF, 0xFF,
    0xEF, 0xFF, 0xEB, 0x72, 0x57, 0x43, 0x00, 0x00, 0x00, 0x00, 0x00, 0x00,
    0xFF, 0xFF, 0x80, 0x00, 0xFF, 0xFE, 0x20, 0x00, 0xFF, 0xF6, 0x00, 0x00,
    0xFE, 0x60, 0x00, 0x00, 0xA2, 0x00, 0x00, 0x00, 0x00, 0x00, 0x00, 0x00,
    0x00, 0x00, 0x00, 0x00, 0x00, 0x00, 0x00, 0x00, 0x00, 0x00, 0x00, 0x00,
    0x00, 0x00, 0x00, 0x00, 0x00, 0x00, 0x00, 0x00, 0x00, 0x00, 0x00, 0x00,
    0x00, 0x00, 0x00, 0x00, 0x00, 0x00, 0x00, 0x00, 0x00, 0x00, 0x00, 0x00,
    0x00, 0x00, 0x00, 0x00, 0x00, 0x00, 0x00, 0x00, 0x00, 0x00, 0x00, 0x00,
    0x00, 0x00, 0x00, 0x00, 0x00, 0x00, 0x00, 0x00, 0x00, 0x00, 0x00, 0x00,
    0x00, 0x00, 0x00, 0x00, 0x00, 0x00, 0x00, 0x00, 0x00, 0x00, 0x00, 0x00,
    0x00, 0x00, 0x00, 0x00, 0x00, 0x00, 0x00, 0x00, 0x00, 0x00, 0x00, 0x00,
    0x00, 0x00, 0x00, 0x00, 0x00, 0x00, 0x00, 0x00, 0x00, 0x00, 0x00, 0x00,
    0x00, 0x00, 0x00, 0x00, 0x00, 0x00, 0x00, 0x00, 0x00, 0x00, 0x00, 0x00,
    0x00, 0x00, 0x00, 0x00, 0x00, 0x00, 0x00, 0x00, 0x00, 0x00, 0x00, 0x00,
    0x00, 0x00, 0x00, 0x00, 0x00, 0x00, 0x00, 0x00, 0x00, 0x00, 0x00, 0x00,
    0x00, 0x00, 0x00, 0x00, 0x00, 0x00, 0x00, 0x00, 0x00, 0x00, 0x00, 0x38,
    0x00, 0x00, 0x00, 0x6F, 0x00, 0x00, 0x00, 0x8F, 0x00, 0x00, 0x00, 0xBF,
    0x00, 0x00, 0x00, 0xCF, 0x00, 0x00, 0x00, 0xFF, 0x00, 0x00, 0x00, 0xFF,
    0x00, 0x00, 0x00, 0x00, 0x63, 0x00, 0x00, 0x00, 0xFF, 0xFA, 0x00, 0x00,
    0xFF, 0xFA, 0x00, 0x00, 0xFF, 0xF6, 0x00, 0x00, 0xFF, 0xF2, 0x00, 0x00,
    0xFF, 0xD0, 0x00, 0x00, 0xFF, 0xB0, 0x00, 0x00, 0x00, 0x00, 0x00, 0x00,
    0x00, 0x00, 0x00, 0x00, 0x00, 0x00, 0x01, 0x00, 0x00, 0x03, 0xCE, 0x10,
    0x00, 0x04, 0xFF, 0xC0, 0x00, 0x00, 0xBF, 0xF7, 0x00, 0x00, 0x6F, 0xFE,
    0x00, 0x00, 0x1F, 0xFF, 0x00, 0x00, 0x00, 0x00, 0x00, 0x00, 0x00, 0x00,
    0x00, 0x00, 0x00, 0x00, 0x00, 0x00, 0x00, 0x00, 0x00, 0x00, 0x00, 0x00,
    0x00, 0x00, 0x00, 0x00, 0x20, 0x00, 0x00, 0x00, 0x80, 0x00, 0x00, 0x00,
    0x00, 0x00, 0x02, 0xFF, 0x00, 0x00, 0x04, 0xFF, 0x00, 0x00, 0x04, 0xFF,
    0x00, 0x00, 0x04, 0xFF, 0x00, 0x00, 0x04, 0xFF, 0x00, 0x00, 0x04, 0xFF,
    0x00, 0x00, 0x03, 0xFF, 0x00, 0x00, 0x00, 0xFF, 0xFF, 0x80, 0x00, 0x00,
    0xFF, 0x70, 0x00, 0x00, 0xFF, 0x40, 0x00, 0x00, 0xFF, 0x40, 0x00, 0x00,
    0xFF, 0x40, 0x00, 0x00, 0xFF, 0x40, 0x00, 0x00, 0xFF, 0x60, 0x00, 0x00,
    0xFF, 0x80, 0x00, 0x10, 0x00, 0x00, 0x0C, 0xFF, 0x00, 0x00, 0x09, 0xFF,
    0x00, 0x00, 0x08, 0xFF, 0x00, 0x00, 0x07, 0xFF, 0x00, 0x00, 0x04, 0xFF,
    0x00, 0x00, 0x04, 0xFF, 0x00, 0x00, 0x04, 0xFF, 0x00, 0x00, 0x04, 0xFF,
    0xE1, 0x00, 0x00, 0x00, 0xF6, 0x00, 0x00, 0x00, 0xFA, 0x00, 0x00, 0x00,
    0xFE, 0x10, 0x00, 0x00, 0xFF, 0x40, 0x00, 0x00, 0xFF, 0x60, 0x00, 0x00,
    0xFF, 0x80, 0x00, 0x00, 0xFF, 0xA0, 0x00, 0x00, 0x00, 0x00, 0x00, 0xCF,
    0x00, 0x00, 0x00, 0x8F, 0x00, 0x00, 0x00, 0x2F, 0x00, 0x00, 0x00, 0x08,
    0x00, 0x00, 0x00, 0x00, 0x00, 0x00, 0x00, 0x00, 0x00, 0x00, 0x00, 0x00,
    0x00, 0x00, 0x00, 0x00, 0xFF, 0xD0, 0x07, 0xA0, 0xFF, 0xFA, 0x9F, 0xF4,
    0xFF, 0xFF, 0xFF, 0xB0, 0xFF, 0xFF, 0xFC, 0x10, 0x6D, 0xFD, 0x70, 0x00,
    0x00, 0x10, 0x00, 0x00, 0x00, 0x00, 0x00, 0x00, 0x00, 0x00, 0x00, 0x00,
    0x00, 0x00, 0x04, 0xFF, 0x00, 0x00, 0x04, 0xC8, 0x00, 0x00, 0x00, 0x00,
    0x00, 0x00, 0x00, 0x00, 0x00, 0x00, 0x00, 0x00, 0x00, 0x00, 0x00, 0x00,
    0x00, 0x00, 0x00, 0x00, 0x00, 0x00, 0x00, 0x00, 0xFE, 0x80, 0x00, 0x00,
    0x40, 0x00, 0x00, 0x00, 0x00, 0x00, 0x00, 0x00, 0x00, 0x00, 0x00, 0x00,
    0x00, 0x00, 0x00, 0x00, 0x00, 0x00, 0x00, 0x00, 0x00, 0x00, 0x00, 0x00,
    0x00, 0x00, 0x00, 0x00, 0x00, 0x00, 0x00, 0x00, 0x00, 0x00, 0x00, 0x00,
    0x00, 0x00, 0x00, 0x00, 0x00, 0x00, 0x03, 0x10, 0x00, 0x00, 0x4F, 0xFC,
    0x00, 0x00, 0x6F, 0xFF, 0x00, 0x00, 0x8F, 0xFF, 0x00, 0x00, 0xBF, 0xFF,
    0x00, 0x00, 0x00, 0x00, 0x00, 0x00, 0x00, 0x00, 0x00, 0x00, 0x00, 0x00,
    0x00, 0x00, 0x00, 0x00, 0x97, 0x52, 0x00, 0x00, 0xFF, 0xF3, 0x00, 0x00,
    0xFF, 0xD0, 0x00, 0x00, 0xFF, 0x90, 0x00, 0x00, 0x00, 0x00, 0x00, 0x00,
    0x00, 0x00, 0x00, 0x00, 0x00, 0x00, 0x00, 0x00, 0x00, 0x00, 0x00, 0x00,
    0x00, 0x00, 0x00, 0x00, 0x00, 0x00, 0x00, 0x42, 0x00, 0x00, 0x1A, 0xFC,
    0x00, 0x00, 0x1E, 0xFF, 0x00, 0x00, 0x00, 0x00, 0x00, 0x00, 0x00, 0x00,
    0x00, 0x00, 0x00, 0x00, 0x00, 0x00, 0x00, 0x00, 0x00, 0x00, 0x00, 0x00,
    0x00, 0x00, 0x00, 0x00, 0x10, 0x00, 0x00, 0x00, 0xA0, 0x00, 0x00, 0x00,
    0x00, 0x00, 0xDF, 0xFF, 0x00, 0x00, 0xFF, 0xFF, 0x00, 0x03, 0xFF, 0xFF,
    0x00, 0x04, 0xFF, 0xFF, 0x00, 0x04, 0xFF, 0xFF, 0x00, 0x06, 0xFF, 0xFF,
    0x00, 0x08, 0xFF, 0xFF, 0x00, 0x08, 0xFF, 0xFF, 0xFF, 0x60, 0x00, 0x00,
    0xFF, 0x20, 0x00, 0x00, 0xFE, 0x00, 0x00, 0x00, 0xFB, 0x00, 0x00, 0x00,
    0xF9, 0x00, 0x00, 0x00, 0xF8, 0x00, 0x00, 0x00, 0xF7, 0x00, 0x00, 0x00,
    0xF4, 0x00, 0x00, 0x00, 0x00, 0x00, 0x08, 0xFF, 0x00, 0x00, 0x02, 0xFF,
    0x00, 0x00, 0x00, 0xCF, 0x00, 0x00, 0x00, 0x8F, 0x00, 0x00, 0x00, 0x4F,
    0x00, 0x00, 0x00, 0x1F, 0x00, 0x00, 0x00, 0x0E, 0x00, 0x00, 0x00, 0x0B,
    0xF7, 0x00, 0x00, 0x00, 0xFE, 0x10, 0x00, 0x00, 0xFF, 0x90, 0x00, 0x00,
    0xFF, 0xF2, 0x00, 0x00, 0xFF, 0xF8, 0x00, 0x00, 0xFF, 0xFD, 0x00, 0x00,
    0xFF, 0xFF, 0x40, 0x00, 0xFF, 0xFF, 0x80, 0x00, 0x00, 0x08, 0xFF, 0xFF,
    0x00, 0x08, 0xFF, 0xFF, 0x00, 0x08, 0xFF, 0xFF, 0x00, 0x08, 0xFF, 0xFF,
    0x00, 0x05, 0xFF, 0xFF, 0x00, 0x04, 0xFF, 0xFF, 0x00, 0x01, 0xEF, 0xFF,
    0x00, 0x00, 0xBF, 0xFF, 0xF4, 0x00, 0x00, 0x00, 0xF4, 0x00, 0x00, 0x00,
    0xF4, 0x00, 0x00, 0x00, 0xF4, 0x00, 0x00, 0x00, 0xF7, 0x00, 0x00, 0x00,
    0xF8, 0x00, 0x00, 0x00, 0xFD, 0x00, 0x05, 0x80, 0xFF, 0x80, 0x6E, 0xF5,
    0x00, 0x00, 0x00, 0x0B, 0x00, 0x00, 0x00, 0x08, 0x00, 0x00, 0x00, 0x08,
    0x00, 0x00, 0x00, 0x08, 0x00, 0x00, 0x00, 0x08, 0x00, 0x00, 0x00, 0x08,
    0x00, 0x00, 0x00, 0x08, 0x00, 0x00, 0x00, 0x08, 0xFF, 0xFF, 0xC0, 0x00,
    0xFF, 0xFF, 0xF1, 0x00, 0xFF, 0xFF, 0xF4, 0x00, 0xFF, 0xFF, 0xF6, 0x00,
    0xFF, 0xFF, 0xF8, 0x00, 0xFF, 0xFF, 0xF9, 0x00, 0xFF, 0xFF, 0xFB, 0x00,
    0xFF, 0xC7, 0x40, 0x00, 0x00, 0x00, 0x7F, 0xFF, 0x00, 0x00, 0x1E, 0xFF,
    0x00, 0x00, 0x06, 0xFF, 0x00, 0x00, 0x00, 0x6E, 0x00, 0x00, 0x00, 0x01,
    0x00, 0x00, 0x00, 0x00, 0x00, 0x00, 0x00, 0x00, 0x00, 0x00, 0x00, 0x00,
    0xFF, 0xFF, 0xFF, 0xF7, 0xFF, 0xFF, 0xFF, 0x90, 0xFF, 0xFF, 0xFB, 0x00,
    0xFF, 0xFF, 0x80, 0x00, 0x68, 0x72, 0x00, 0x00, 0x00, 0x00, 0x00, 0x00,
    0x00, 0x00, 0x00, 0x00, 0x00, 0x00, 0x00, 0x00, 0x00, 0x00, 0x00, 0x05,
    0x00, 0x00, 0x00, 0x00, 0x00, 0x00, 0x00, 0x00, 0x00, 0x00, 0x00, 0x00,
    0x00, 0x00, 0x00, 0x00, 0x00, 0x00, 0x00, 0x00, 0x00, 0x00, 0x00, 0x00,
    0x00, 0x00, 0x00, 0x00, 0x71, 0x00, 0x00, 0x00, 0x00, 0x00, 0x00, 0x00,
    0x00, 0x00, 0x00, 0x00, 0x00, 0x00, 0x00, 0x00, 0x00, 0x00, 0x00, 0x00,
    0x00, 0x00, 0x00, 0x00, 0x00, 0x00, 0x00, 0x00, 0x00, 0x00, 0x00, 0x00,
    0x00, 0x00, 0x00, 0x00, 0x00, 0x00, 0x00, 0x00, 0x00, 0x00, 0x00, 0x00,
    0x00, 0x00, 0x00, 0x00, 0x00, 0x00, 0x00, 0x00, 0x00, 0x00, 0x00, 0x00,
    0x00, 0x00, 0x00, 0x00, 0x00, 0x00, 0x00, 0x00, 0x00, 0x00, 0x00, 0x00,
    0x00, 0x00, 0x00, 0x00, 0x00, 0x00, 0x00, 0x00, 0x00, 0x00, 0x00, 0x00,
    0x00, 0x00, 0x00, 0x00, 0x00, 0x00, 0x00, 0x00, 0x00, 0x00, 0x00, 0x00,
    0x00, 0x38, 0x88, 0x88, 0x00, 0x00, 0x00, 0x00, 0x00, 0x00, 0x00, 0x00,
    0x00, 0x00, 0x00, 0x00, 0x00, 0x00, 0x00, 0x00, 0x00, 0x00, 0x00, 0x00,
    0x00, 0x00, 0x00, 0x00, 0x00, 0x00, 0x00, 0x00, 0x74, 0x30, 0x00, 0x00,
    0x00, 0x00, 0x00, 0x00, 0x00, 0x00, 0x00, 0x00, 0x00, 0x00, 0x00, 0x00,
    0x00, 0x00, 0x00, 0x00, 0x00, 0x00, 0x00, 0x00, 0x00, 0x00, 0x00, 0x00,
    0x00, 0x00, 0x00, 0x00, 0x00, 0x00, 0x00, 0x00, 0x00, 0x00, 0x00, 0x00,
    0x00, 0x00, 0x00, 0x00, 0x00, 0x00, 0x00, 0x00, 0x00, 0x00, 0x00, 0x00,
    0x00, 0x00, 0x00, 0x00, 0x00, 0x00, 0x00, 0x00, 0x00, 0x00, 0x00, 0x00,
    0x00, 0x00, 0x00, 0x02, 0x00, 0xBF, 0xFF, 0xFF, 0x00, 0x46, 0x8A, 0xEF,
    0x00, 0x00, 0x00, 0x03, 0x00, 0x00, 0x00, 0x00, 0x00, 0x00, 0x00, 0x00,
    0x00, 0x00, 0x02, 0x58, 0x00, 0x38, 0xCF, 0xFF, 0x8D, 0xFF, 0xFF, 0xEA,
    0xFF, 0xFF, 0xC9, 0x50, 0xFF, 0xFF, 0xFF, 0xA0, 0x7D, 0xFF, 0xFF, 0x20,
    0x00, 0x4B, 0xF9, 0x00, 0x00, 0x00, 0x52, 0x00, 0xAB, 0xBA, 0x62, 0x00,
    0xFF, 0xFF, 0xFF, 0x80, 0x78, 0xCF, 0xFF, 0xF9, 0x00, 0x00, 0x00, 0x00,
    0x00, 0x00, 0x00, 0x00, 0x00, 0x00, 0x00, 0x00, 0x00, 0x00, 0x00, 0x00,
    0x00, 0x00, 0x00, 0x00, 0x00, 0x00, 0x00, 0x00, 0x00, 0x00, 0x00, 0x00,
    0x00, 0x00, 0x00, 0x00, 0x00, 0x00, 0x00, 0x4F, 0x00, 0x00, 0x00, 0x0D,
    0x00, 0x00, 0x00, 0x06, 0x00, 0x00, 0x00, 0x00, 0x00, 0x00, 0x00, 0x00,
    0x00, 0x00, 0x00, 0x00, 0x00, 0x00, 0x00, 0x00, 0x00, 0x00, 0x00, 0x00,
    0xFF, 0xFF, 0xB5, 0x00, 0xFF, 0xC4, 0x00, 0x00, 0xF7, 0x00, 0x00, 0x00,
    0x10, 0x00, 0x00, 0x00, 0x00, 0x00, 0x00, 0x00, 0x00, 0x00, 0x00, 0x00,
    0x00, 0x00, 0x00, 0x00, 0x00, 0x00, 0x00, 0x00, 0x00, 0x09, 0xFF, 0xFF,
    0x00, 0x01, 0xFF, 0xFF, 0x00, 0x00, 0xBF, 0xFF, 0x00, 0x00, 0xBF, 0xFF,
    0x00, 0x00, 0xBF, 0xFF, 0x00, 0x00, 0xEF, 0xFF, 0x00, 0x02, 0xFF, 0xFF,
    0x00, 0x07, 0xFF, 0xFF, 0x60, 0x00, 0x00, 0x00, 0xC0, 0x00, 0x00, 0x00,
    0xF2, 0x00, 0x00, 0x00, 0xF4, 0x00, 0x00, 0x00, 0xF4, 0x00, 0x00, 0x00,
    0xF1, 0x00, 0x00, 0x00, 0xD0, 0x00, 0x00, 0x00, 0x80, 0x00, 0x00, 0x00,
    0x00, 0x00, 0x00, 0x00, 0x00, 0x00, 0x00, 0x00, 0x00, 0x00, 0x00, 0x00,
    0x00, 0x00, 0x00, 0x00, 0x00, 0x00, 0x00, 0x00, 0x00, 0x00, 0x00, 0x00,
    0x00, 0x00, 0x00, 0x00, 0x00, 0x00, 0x00, 0x00, 0x00, 0x00, 0x00, 0x00,
    0x00, 0x00, 0x00, 0x00, 0x00, 0x00, 0x00, 0x00, 0x00, 0x00, 0x00, 0x02,
    0x00, 0x00, 0x16, 0xAF, 0x00, 0x2D, 0xFF, 0xFF, 0x00, 0x0A, 0xFB, 0x95,
    0x00, 0x00, 0x00, 0x00, 0x00, 0x1D, 0xFF, 0xFE, 0x00, 0x9F, 0xFF, 0xF5,
    0x08, 0xFF, 0xFF, 0x60, 0xBF, 0xFF, 0xE5, 0x00, 0xFF, 0xFA, 0x20, 0x00,
    0xE9, 0x20, 0x00, 0x00, 0x00, 0x00, 0x00, 0x00, 0x00, 0x00, 0x00, 0x00,
    0x10, 0x00, 0x00, 0x00, 0x00, 0x00, 0x00, 0x00, 0x00, 0x00, 0x00, 0x00,
    0x00, 0x00, 0x00, 0x00, 0x00, 0x00, 0x00, 0x00, 0x00, 0x00, 0x00, 0x00,
    0x00, 0x00, 0x00, 0x00, 0x00, 0x00, 0x00, 0x00, 0x00, 0x00, 0x00, 0x00,
    0x00, 0x00, 0x00, 0x00, 0x00, 0x00, 0x00, 0x00, 0x00, 0x00, 0x00, 0x00,
    0x00, 0x00, 0x00, 0x00, 0x00, 0x00, 0x00, 0x00, 0x00, 0x00, 0x00, 0x00,
    0x00, 0x00, 0x00, 0x00, 0x00, 0x00, 0x00, 0x00, 0x09, 0xBB, 0xBB, 0xBB,
    0x5F, 0xFF, 0xFF, 0xFF, 0x49, 0xBC, 0xFF, 0xFF, 0x00, 0x00, 0x14, 0x7B,
    0x00, 0x00, 0x00, 0x00, 0x00, 0x00, 0x00, 0x00, 0x00, 0x00, 0x00, 0x00,
    0x00, 0x00, 0x00, 0x00, 0x97, 0x74, 0x20, 0x00, 0xFF, 0xFF, 0xFE, 0xB8,
    0xFF, 0xFF, 0xFF, 0xFF, 0xFF, 0xFF, 0xFF, 0xFD, 0x16, 0xBF, 0xFF, 0xF6,
    0x00, 0x02, 0xBF, 0xD0, 0x00, 0x00, 0x05, 0x50, 0x00, 0x00, 0x00, 0x00,
    0x00, 0x00, 0x00, 0x00, 0x30, 0x00, 0x00, 0x00, 0x60, 0x00, 0x00, 0x00,
    0x00, 0x00, 0x00, 0x00, 0x00, 0x00, 0x00, 0x00, 0x00, 0x00, 0x00, 0x00,
    0x00, 0x00, 0x00, 0x00, 0x00, 0x00, 0x00, 0x00, 0x00, 0x00, 0x00, 0x00,
    0x00, 0x00, 0x00, 0x00, 0x00, 0x00, 0x02, 0x8D, 0x00, 0x00, 0xAF, 0xFF,
    0x00, 0x00, 0x8F, 0xFF, 0x00, 0x00, 0x1E, 0xFF, 0x00, 0x00, 0x07, 0xD4,
    0x00, 0x00, 0x00, 0x14, 0x00, 0x05, 0x8C, 0xFF, 0x59, 0xEF, 0xFF, 0xFF,
    0xFF, 0xFF, 0xFF, 0xEA, 0xFF, 0xFF, 0xA5, 0x00, 0xFF, 0x92, 0x00, 0x00,
    0xA2, 0x00, 0x00, 0x00, 0x00, 0x00, 0x00, 0x00, 0x58, 0x88, 0x51, 0x00,
    0xFF, 0xFF, 0xFF, 0xB4, 0xFF, 0xFF, 0xFF, 0xFF, 0x77, 0x9E, 0xFF, 0xFF,
    0x00, 0x02, 0xDF, 0xFF, 0x00, 0x00, 0x4F, 0xFF, 0x00, 0x00, 0x0E, 0xFF,
    0x00, 0x00, 0x0B, 0xFF, 0x00, 0x00, 0x00, 0x00, 0x00, 0x00, 0x00, 0x00,
    0x90, 0x00, 0x00, 0x00, 0xF9, 0x00, 0x00, 0x00, 0xFF, 0x40, 0x00, 0x00,
    0xFF, 0xD0, 0x00, 0x00, 0xFF, 0xF3, 0x00, 0x00, 0xFF, 0xF6, 0x00, 0x00,
    0x00, 0x00, 0x00, 0x10, 0x00, 0x00, 0x00, 0x00, 0x00, 0x00, 0x00, 0x00,
    0x00, 0x00, 0x00, 0x00, 0x00, 0x00, 0x00, 0x00, 0x00, 0x00, 0x00, 0x00,
    0x00, 0x00, 0x00, 0x00, 0x00, 0x00, 0x00, 0x00, 0x00, 0x00, 0x00, 0x00,
    0x00, 0x00, 0x00, 0x00, 0x00, 0x00, 0x00, 0x00, 0x00, 0x00, 0x00, 0x00,
    0x00, 0x00, 0x00, 0x00, 0x00, 0x00, 0x00, 0x00, 0x00, 0x00, 0x00, 0x00,
    0x00, 0x00, 0x00, 0x00, 0x00, 0x00, 0x0B, 0xFF, 0x00, 0x00, 0x0B, 0xFF,
    0x00, 0x00, 0x0D, 0xFF, 0x00, 0x00, 0x1F, 0xFF, 0x00, 0x00, 0x5F, 0xFF,
    0x00, 0x00, 0x9F, 0xFF, 0x00, 0x02, 0xFF, 0xFF, 0x00, 0x0A, 0xFF, 0xFF,
    0xFF, 0xF8, 0x00, 0x00, 0xFF, 0xF8, 0x00, 0x00, 0xFF, 0xF7, 0x00, 0x00,
    0xFF, 0xF4, 0x00, 0x00, 0xFF, 0xE0, 0x00, 0x00, 0xFF, 0x90, 0x00, 0x00,
    0xFF, 0x20, 0x00, 0x00, 0xF8, 0x00, 0x00, 0x00, 0x00, 0x00, 0x00, 0x00,
    0x00, 0x00, 0x00, 0x00, 0x00, 0x00, 0x00, 0x00, 0x00, 0x00, 0x00, 0x00,
    0x00, 0x00, 0x00, 0x00, 0x00, 0x00, 0x00, 0x00, 0x00, 0x00, 0x00, 0x00,
    0x00, 0x00, 0x00, 0x00, 0x00, 0x00, 0x00, 0x00, 0x00, 0x00, 0x00, 0x00,
    0x00, 0x00, 0x00, 0x02, 0x00, 0x00, 0x03, 0x9F, 0x03, 0x69, 0xDF, 0xFF,
    0x07, 0xFF, 0xFF, 0xFF, 0x00, 0xCE, 0xB8, 0x51, 0x00, 0x00, 0x00, 0x00,
    0x00, 0x6F, 0xFF, 0xFF, 0x07, 0xFF, 0xFF, 0xFB, 0xAF, 0xFF, 0xFF, 0x80,
    0xFF, 0xFF, 0xD5, 0x00, 0xFF, 0xE8, 0x10, 0x00, 0xB6, 0x00, 0x00, 0x00,
    0x00, 0x00, 0x00, 0x00, 0x00, 0x00, 0x00, 0x00, 0xA0, 0x00, 0x00, 0x00,
    0x10, 0x00, 0x00, 0x00, 0x00, 0x00, 0x00, 0x00, 0x00, 0x00, 0x00, 0x00,
    0x00, 0x00, 0x00, 0x00, 0x00, 0x00, 0x00, 0x00, 0x00, 0x00, 0x00, 0x00,
    0x00, 0x00, 0x00, 0x00, 0x00, 0x00, 0x00, 0x00, 0x00, 0x00, 0x00, 0x00,
    0x00, 0x00, 0x00, 0x00, 0x00, 0x00, 0x00, 0x00, 0x00, 0x00, 0x00, 0x00,
    0x00, 0x00, 0x00, 0x00, 0x00, 0x00, 0x00, 0x00, 0x00, 0x00, 0x00, 0x00,
    0x00, 0x00, 0x00, 0x00, 0x00, 0x00, 0x00, 0x00, 0x00, 0x00, 0x00, 0x00,
    0x00, 0x00, 0x00, 0x00, 0x00, 0x00, 0x00, 0x00, 0x00, 0x00, 0x00, 0x00,
    0x00, 0x00, 0x00, 0x00, 0x00, 0x01, 0x42, 0x00, 0x00, 0x00, 0x00, 0x00,
    0x00, 0x00, 0x00, 0x00, 0x00, 0x00, 0x00, 0x00, 0x00, 0x00, 0x00, 0x00,
    0x00, 0x00, 0x00, 0x00, 0x00, 0x00, 0x00, 0x00, 0x00, 0x00, 0x00, 0x00,
    0x00, 0x00, 0x00, 0x00, 0x00, 0x00, 0x00, 0x00, 0x00, 0x00, 0x00, 0x00,
    0x00, 0x00, 0x00, 0x00, 0x00, 0x00, 0x00, 0x00, 0x00, 0x00, 0x00, 0x00,
    0x00, 0x00, 0x00, 0x00, 0x00, 0x00, 0x00, 0x00, 0x00, 0x00, 0x00, 0x00,
    0x00, 0x00, 0x00, 0x00, 0x00, 0x00, 0x00, 0x00, 0x00, 0x00, 0x00, 0x00,
    0x00, 0x00, 0x00, 0x00, 0x00, 0x00, 0x00, 0x00, 0x00, 0x00, 0x00, 0x00,
    0x00, 0x00, 0x00, 0x03, 0x00, 0x00, 0x00, 0x08, 0x00, 0x0A, 0xFF, 0xFE,
    0x00, 0x07, 0xCF, 0xFF, 0x00, 0x00, 0x02, 0x8E, 0x00, 0x00, 0x00, 0x01,
    0x00, 0x00, 0x00, 0x00, 0x00, 0x00, 0x00, 0x00, 0x45, 0x88, 0x79, 0xBB,
    0xFF, 0xFF, 0xFF, 0xFF, 0xB9, 0x62, 0x00, 0x00, 0xFF, 0xFF, 0xC2, 0x00,
    0xFF, 0xFF, 0xB0, 0x00, 0x8E, 0xFE, 0x10, 0x00, 0x02, 0xC4, 0x00, 0x00,
    0x00, 0x24, 0x47, 0x10, 0xEF, 0xFF, 0xFF, 0x80, 0xFF, 0xFF, 0xFD, 0x40,
    0x00, 0x00, 0x00, 0x00, 0x00, 0x00, 0x00, 0x00, 0x00, 0x00, 0x00, 0x00,
    0x00, 0x00, 0x00, 0x00, 0x00, 0x00, 0x00, 0x00, 0x00, 0x00, 0x00, 0x00,
    0x00, 0x00, 0x00, 0x00, 0x00, 0x00, 0x00, 0x00, 0x00, 0x00, 0x00, 0x05,
    0x00, 0x00, 0x00, 0x00, 0x00, 0x00, 0x00, 0x00, 0x00, 0x00, 0x00, 0x00,
    0x00, 0x00, 0x00, 0x00, 0x00, 0x00, 0x00, 0x00, 0x00, 0x00, 0x00, 0x00,
    0x00, 0x00, 0x00, 0x00, 0xCA, 0x88, 0x74, 0x4B, 0x00, 0x00, 0x00, 0x8F,
    0x00, 0x00, 0x07, 0xFF, 0x00, 0x00, 0x5F, 0xFF, 0x00, 0x03, 0xEF, 0xFF,
    0x00, 0x1C, 0xFF, 0xFF, 0x00, 0xAF, 0xFF, 0xF8, 0x07, 0xFF, 0xFF, 0x80,
    0xFF, 0xFF, 0xC1, 0x00, 0xFF, 0xFA, 0x10, 0x00, 0xFF, 0x90, 0x00, 0x00,
    0xFC, 0x10, 0x00, 0x00, 0xFB, 0xBA, 0x50, 0x00, 0xFF, 0xFF, 0xF2, 0x00,
    0xAF, 0xFF, 0xF6, 0x00, 0x1F, 0xFF, 0xF8, 0x00, 0x00, 0x00, 0x00, 0x00,
    0x00, 0x00, 0x00, 0x00, 0x00, 0x00, 0x00, 0x00, 0x00, 0x00, 0x00, 0x00,
    0x00, 0x00, 0x00, 0x00, 0x00, 0x00, 0x00, 0x00, 0x00, 0x00, 0x00, 0x00,
    0x00, 0x00, 0x00, 0x00, 0x00, 0x00, 0x00, 0x00, 0x00, 0x00, 0x00, 0x01,
    0x00, 0x00, 0x00, 0x09, 0x00, 0x00, 0x00, 0x4F, 0x00, 0x00, 0x00, 0xAF,
    0x00, 0x00, 0x00, 0x07, 0x00, 0x00, 0x00, 0x00, 0x00, 0x00, 0x00, 0x00,
    0x3F, 0xFF, 0xFC, 0x00, 0xDF, 0xFF, 0xE2, 0x00, 0xFF, 0xFF, 0x70, 0x00,
    0xFF, 0xFB, 0x00, 0x00, 0xFF, 0xF3, 0x00, 0x00, 0xEF, 0x90, 0x00, 0x00,
    0x2B, 0x30, 0x00, 0x00, 0x00, 0x00, 0x00, 0x00, 0x0F, 0xFF, 0xF8, 0x00,
    0x0F, 0xFF, 0xF8, 0x00, 0x0F, 0xFF, 0xF8, 0x00, 0x0F, 0xFF, 0xFD, 0x20,
    0x0B, 0xFF, 0xFF, 0xFF, 0x01, 0x9E, 0xFF, 0xFF, 0x00, 0x00, 0x10, 0x00,
    0x00, 0x00, 0x00, 0x00, 0x00, 0x00, 0x00, 0x00, 0x00, 0x00, 0x00, 0x00,
    0x00, 0x00, 0x00, 0x00, 0x01, 0x30, 0x00, 0x00, 0xFF, 0xB0, 0x00, 0x00,
    0xFF, 0x80, 0x00, 0x00, 0x01, 0x00, 0x00, 0x00, 0x00, 0x00, 0x00, 0x00,
    0x00, 0x00, 0x00, 0x00, 0x00, 0x00, 0x00, 0x00, 0x00, 0x00, 0x00, 0x00,
    0x00, 0x00, 0x00, 0x00, 0x00, 0x00, 0x00, 0x00, 0x00, 0x00, 0x00, 0x00,
    0x00, 0x00, 0x00, 0x00, 0x00, 0x00, 0x00, 0x00, 0x00, 0x00, 0x00, 0x00,
    0x00, 0x68, 0x64, 0x41, 0x03, 0xFF, 0xFF, 0xFF, 0x04, 0xCF, 0xFF, 0xFF,
    0x00, 0x01, 0x6B, 0xFF, 0x00, 0x00, 0x00, 0x3A, 0x00, 0x00, 0x00, 0x00,
    0x00, 0x00, 0x00, 0x00, 0x00, 0x00, 0x00, 0x00, 0x00, 0x00, 0x00, 0x00,
    0xEB, 0x84, 0x10, 0x00, 0xFF, 0xFF, 0xFC, 0x30, 0xFF, 0xFF, 0xFD, 0x10,
    0xFF, 0xFF, 0xF4, 0x00, 0x4C, 0xFF, 0x80, 0x00, 0x00, 0x8B, 0x00, 0x00,
    0x00, 0x00, 0x00, 0x00, 0x00, 0x00, 0x00, 0x00, 0x00, 0x00, 0x00, 0x00,
    0x00, 0x00, 0x00, 0x00, 0x00, 0x00, 0x00, 0x00, 0x00, 0x00, 0x00, 0x00,
    0x00, 0x00, 0x00, 0x00, 0x00, 0x00, 0x00, 0x00, 0x00, 0x00, 0x00, 0x00,
    0x00, 0x00, 0x00, 0x00, 0x00, 0x00, 0x1B, 0xBD, 0x00, 0x00, 0x0F, 0xFF,
    0x00, 0x00, 0x09, 0xB8, 0x00, 0x00, 0x00, 0x00, 0x00, 0x00, 0x00, 0x00,
    0x00, 0x00, 0x00, 0x00, 0x00, 0x00, 0x00, 0x00, 0x10, 0x02, 0x44, 0x68,
    0xFF, 0xFF, 0xFF, 0xFF, 0xFF, 0xFF, 0xFF, 0xEF, 0x78, 0x74, 0x42, 0x4F,
    0x00, 0x00, 0x01, 0xDF, 0x00, 0x00, 0x1C, 0xFF, 0x00, 0x00, 0x9F, 0xFF,
    0x00, 0x01, 0x02, 0x41, 0x8A, 0xBC, 0xFF, 0xFB, 0xFF, 0xFF, 0xFF, 0xFF,
    0xFF, 0xFF, 0xFF, 0xE3, 0xFF, 0xFF, 0xFC, 0x10, 0xFF, 0xFF, 0xC1, 0x00,
    0xFF, 0xFC, 0x10, 0x00, 0xFF, 0xC1, 0x00, 0x00, 0x00, 0x00, 0x00, 0x00,
    0x00, 0x00, 0x00, 0x00, 0x30, 0x00, 0x00, 0x00, 0x00, 0x00, 0x00, 0x00,
    0x00, 0x00, 0x00, 0x00, 0x00, 0x00, 0x00, 0x00, 0x00, 0x00, 0x00, 0x00,
    0x00, 0x00, 0x00, 0x00, 0x00, 0x00, 0x00, 0x00, 0x00, 0x00, 0x00, 0x00,
    0x00, 0x00, 0x00, 0x00, 0x00, 0x00, 0x00, 0x00, 0x00, 0x00, 0x00, 0x00,
    0x00, 0x00, 0x00, 0x05, 0x00, 0x00, 0x00, 0x2E, 0x00, 0x00, 0x00, 0xBF,
    0x00, 0x07, 0xFF, 0xFF, 0x00, 0x4F, 0xFF, 0xFF, 0x01, 0xEF, 0xFF, 0xFF,
    0x0C, 0xFF, 0xFF, 0xFF, 0x8F, 0xFF, 0xFF, 0xA3, 0xFF, 0xFF, 0xFD, 0x10,
    0xFF, 0xFF, 0xF4, 0x00, 0xFF, 0xFF, 0x80, 0x00, 0xFC, 0x10, 0x00, 0x00,
    0xF9, 0x78, 0x61, 0x00, 0xFF, 0xFF, 0xFC, 0x10, 0xFF, 0xFF, 0xFF, 0x70,
    0x9F, 0xFF, 0xFF, 0xA0, 0x1F, 0xFF, 0xFF, 0xB0, 0x0F, 0xFF, 0xFF, 0xB0,
    0x0F, 0xFF, 0xFF, 0xB0, 0x00, 0x00, 0x00, 0x00, 0x00, 0x00, 0x00, 0x00,
    0x00, 0x00, 0x00, 0x00, 0x00, 0x00, 0x00, 0x00, 0x00, 0x00, 0x00, 0x00,
    0x00, 0x00, 0x00, 0x00, 0x00, 0x00, 0x00, 0x00, 0x00, 0x00, 0x00, 0x00,
    0x00, 0x00, 0x08, 0xFF, 0x00, 0x00, 0x3F, 0xFF, 0x00, 0x00, 0xCF, 0xFF,
    0x00, 0x07, 0xFF, 0xFF, 0x00, 0x02, 0xAF, 0xFF, 0x00, 0x00, 0x05, 0xDF,
    0x00, 0x00, 0x00, 0x19, 0x00, 0x00, 0x00, 0x00, 0xFF, 0xFC, 0x00, 0x00,
    0xFF, 0xF3, 0x00, 0x00, 0xFF, 0x80, 0x00, 0x00, 0xFD, 0x00, 0x00, 0x00,
    0xF4, 0x00, 0x00, 0x00, 0xB0, 0x00, 0x00, 0x00, 0x40, 0x00, 0x00, 0x00,
    0x00, 0x00, 0x00, 0x00, 0x0F, 0xFF, 0xFF, 0xB0, 0x0F, 0xFF, 0xFF, 0xB0,
    0x0F, 0xFF, 0xFF, 0xF4, 0x0C, 0xFF, 0xFF, 0xFF, 0x04, 0xEF, 0xFF, 0xFF,
    0x00, 0x27, 0x9B, 0xBB, 0x00, 0x00, 0x00, 0x00, 0x00, 0x00, 0x00, 0x00,
    0x00, 0x00, 0x00, 0x00, 0x00, 0x00, 0x00, 0x00, 0x00, 0x00, 0x10, 0x00,
    0xBB, 0xBB, 0xF7, 0x00, 0xFF, 0xFF, 0xF4, 0x00, 0xBB, 0xBB, 0xB2, 0x00,
    0x00, 0x00, 0x00, 0x00, 0x00, 0x00, 0x00, 0x00, 0x00, 0x00, 0x00, 0x00,
    0x00, 0x00, 0x00, 0x00, 0x00, 0x00, 0x00, 0x00, 0x00, 0x00, 0x00, 0x00,
    0x00, 0x00, 0x00, 0x00, 0x00, 0x00, 0x00, 0x00, 0x00, 0x00, 0x00, 0x00,
    0x00, 0x00, 0x00, 0x00, 0x00, 0x00, 0x00, 0x00, 0x00, 0x00, 0x00, 0x00,
    0x00, 0x00, 0x00, 0x00, 0x00, 0x00, 0x00, 0x00, 0x00, 0x00, 0x00, 0x00,
    0x00, 0x00, 0x00, 0x00, 0x00, 0x00, 0x00, 0x00, 0x00, 0x01, 0x44, 0x41,
    0x00, 0x00, 0x00, 0x00, 0x00, 0x00, 0x00, 0x00, 0x00, 0x00, 0x00, 0x00,
    0x00, 0x00, 0x00, 0x00, 0x00, 0x00, 0x00, 0x00, 0x00, 0x00, 0x00, 0x00,
    0x00, 0x00, 0x00, 0x00, 0x00, 0x00, 0x2A, 0x90, 0x00, 0x00, 0x00, 0x00,
    0x00, 0x00, 0x00, 0x00, 0x00, 0x00, 0x00, 0x00, 0x00, 0x00, 0x00, 0x00,
    0x00, 0x00, 0x00, 0x00, 0x00, 0x00, 0x00, 0x00, 0x00, 0x00, 0x00, 0x00,
    0x00, 0x00, 0x00, 0x00, 0x00, 0x00, 0x00, 0x00, 0x00, 0x00, 0x00, 0x00,
    0x00, 0x00, 0x00, 0x00, 0x00, 0x00, 0x00, 0x00, 0x00, 0x00, 0x03, 0xBB,
    0x00, 0x00, 0x04, 0xFF, 0x00, 0x00, 0x01, 0x44, 0x00, 0x00, 0x00, 0x00,
    0x00, 0x04, 0xFF, 0xFE, 0x00, 0x04, 0xFF, 0xFF, 0x00, 0x04, 0xFF, 0xFF,
    0x00, 0x04, 0xFF, 0xFF, 0xBB, 0xBC, 0xFF, 0xFF, 0xFF, 0xFF, 0xFF, 0xFF,
    0x44, 0x47, 0xFF, 0xFF, 0x00, 0x04, 0xFF, 0xFF, 0x00, 0x00, 0xAF, 0xFC,
    0x00, 0x00, 0x1E, 0xFF, 0x00, 0x00, 0x04, 0xFF, 0x10, 0x34, 0x42, 0xAF,
    0xFF, 0xFF, 0xFB, 0x2F, 0xFB, 0xBB, 0xC6, 0x0A, 0x10, 0x00, 0x00, 0x06,
    0x00, 0x00, 0x00, 0x02, 0x10, 0x00, 0x00, 0x00, 0xC1, 0x00, 0x00, 0x00,
    0xFC, 0x10, 0x00, 0x00, 0xFF, 0xC0, 0x00, 0x00, 0xFF, 0xF8, 0x00, 0x00,
    0xFF, 0xFE, 0x20, 0x00, 0xFF, 0xB2, 0x00, 0x00, 0xD5, 0x00, 0x00, 0x00,
    0x00, 0x00, 0x00, 0x00, 0x00, 0x00, 0x00, 0x00, 0x00, 0x00, 0x00, 0x00,
    0x00, 0x00, 0x00, 0x03, 0x00, 0x00, 0x00, 0x2E, 0x00, 0x00, 0x00, 0xBF,
    0x00, 0x00, 0x04, 0xFF, 0x00, 0x00, 0x08, 0xFF, 0x00, 0x04, 0xFF, 0xFF,
    0x00, 0x2A, 0xFF, 0xFF, 0x19, 0xFF, 0xFF, 0xFF, 0xEF, 0xFD, 0xFF, 0xFF,
    0xFF, 0x64, 0xFF, 0xFF, 0xFB, 0x04, 0xFF, 0xFF, 0xF4, 0x04, 0xFF, 0xFF,
    0xE0, 0x04, 0xFF, 0xFF, 0x87, 0x86, 0x40, 0x00, 0xFF, 0xFF, 0xFE, 0x81,
    0x89, 0xDF, 0xFF, 0xFE, 0x00, 0x04, 0xEF, 0xFF, 0x00, 0x00, 0x3E, 0xFF,
    0x00, 0x00, 0x08, 0xFF, 0x00, 0x00, 0x04, 0xFF, 0x00, 0x00, 0x04, 0xFF,
    0x10, 0x00, 0x00, 0x00, 0x00, 0x00, 0x00, 0x00, 0x30, 0x00, 0x00, 0x00,
    0xE2, 0x00, 0x00, 0x00, 0xFA, 0x00, 0x00, 0x00, 0xFE, 0x10, 0x00, 0x00,
    0xFF, 0x40, 0x00, 0x00, 0xFF, 0x40, 0x00, 0x00, 0x00, 0x00, 0x0B, 0xFF,
    0x00, 0x00, 0x0B, 0xFF, 0x00, 0x00, 0x08, 0xFF, 0x00, 0x00, 0x03, 0xFF,
    0x00, 0x00, 0x00, 0x6F, 0x00, 0x00, 0x00, 0x04, 0x00, 0x00, 0x00, 0x00,
    0x00, 0x00, 0x00, 0x00, 0xB0, 0x04, 0xFF, 0xFF, 0xB0, 0x04, 0xFF, 0xFF,
    0xD0, 0x04, 0xFF, 0xFF, 0xF4, 0x06, 0xFF, 0xFD, 0xFF, 0xBE, 0xFF, 0xF8,
    0xAF, 0xFF, 0xFF, 0x90, 0x01, 0x44, 0x41, 0x00, 0x00, 0x00, 0x00, 0x00,
    0x00, 0x00, 0x06, 0xFF, 0x00, 0x00, 0x0B, 0xFF, 0x00, 0x00, 0x6F, 0xFF,
    0x00, 0x18, 0xFF, 0xFF, 0x0A, 0xFF, 0xFF, 0xE6, 0x0B, 0xFE, 0xA6, 0x10,
    0x02, 0x30, 0x00, 0x00, 0x00, 0x00, 0x00, 0x00, 0xFF, 0x20, 0x00, 0x00,
    0xFD, 0x00, 0x00, 0x00, 0xF7, 0x00, 0x00, 0x00, 0x90, 0x00, 0x00, 0x00,
    0x00, 0x00, 0x00, 0x00, 0x00, 0x00, 0x00, 0x00, 0x00, 0x00, 0x00, 0x00,
    0x00, 0x00, 0x00, 0x00, 0x00, 0x00, 0x00, 0x00, 0x00, 0x00, 0x00, 0x00,
    0x00, 0x00, 0x00, 0x00, 0x00, 0x00, 0x00, 0x00, 0x00, 0x00, 0x00, 0x00,
    0x00, 0x00, 0x00, 0x00, 0x00, 0x00, 0x00, 0x00, 0x00, 0x05, 0xCB, 0xBB,
    0x00, 0x00, 0x00, 0x00, 0x00, 0x00, 0x10, 0x01, 0x00, 0x0A, 0xFF, 0xFF,
    0x00, 0x0B, 0xFF, 0xFF, 0x00, 0x0B, 0xFF, 0xFF, 0x00, 0x0B, 0xFF, 0xFF,
    0x00, 0x0B, 0xFF, 0xFF, 0xBB, 0xBE, 0xFF, 0xFF, 0x00, 0x00, 0x00, 0x02,
    0x00, 0x00, 0x00, 0x8F, 0x70, 0x00, 0x04, 0xFF, 0x80, 0x00, 0x00, 0x9F,
    0x80, 0x00, 0x00, 0x1C, 0x80, 0x00, 0x00, 0x04, 0x70, 0x01, 0x01, 0x41,
    0xDB, 0xEF, 0xFF, 0xF7, 0x00, 0x00, 0x00, 0x00, 0xA1, 0x00, 0x00, 0x00,
    0xFE, 0x30, 0x00, 0x00, 0xFF, 0xE4, 0x00, 0x00, 0xFF, 0xFF, 0x50, 0x00,
    0xFF, 0xFF, 0xE3, 0x00, 0x9F, 0xFF, 0xFE, 0x20, 0x1F, 0xFF, 0xFF, 0xB0,
    0x00, 0x08, 0xFF, 0xFF, 0x00, 0x05, 0xCB, 0xBB, 0x00, 0x00, 0x00, 0x00,
    0x00, 0x00, 0x00, 0x00, 0x00, 0x00, 0x00, 0x00, 0x00, 0x00, 0x00, 0x00,
    0x00, 0x00, 0x00, 0x00, 0x00, 0x00, 0x00, 0x08, 0xFF, 0xFF, 0xFF, 0xFF,
    0xBB, 0xBE, 0xFF, 0xFF, 0x00, 0x0B, 0xFF, 0xFF, 0x00, 0x0B, 0xFF, 0xFF,
    0x00, 0x0B, 0xFF, 0xFF, 0x00, 0x1C, 0xFF, 0xFF, 0x29, 0xEF, 0xFF, 0xFF,
    0xFF, 0xFF, 0xFF, 0xFF, 0xFF, 0xFF, 0xFF, 0xF7, 0xC7, 0x74, 0x44, 0x40,
    0x80, 0x00, 0x00, 0x00, 0x80, 0x00, 0x00, 0x00, 0xC7, 0x88, 0x63, 0x00,
    0xFF, 0xFF, 0xFF, 0xFA, 0xFF, 0xFF, 0xFF, 0xFF, 0xA3, 0x6A, 0xFF, 0xFF,
    0x09, 0xFF, 0xFF, 0xF8, 0x05, 0xFF, 0xFF, 0xB4, 0x00, 0xEF, 0xD5, 0x00,
    0x00, 0x88, 0x10, 0x00, 0x00, 0x00, 0x00, 0x00, 0x40, 0x00, 0x00, 0x00,
    0xFB, 0x10, 0x00, 0x00, 0xFF, 0xE3, 0x00, 0x00, 0x00, 0x00, 0x01, 0xCF,
    0x00, 0x00, 0x1C, 0xFF, 0x00, 0x00, 0xAF, 0xFF, 0x00, 0x04, 0xFF, 0xFF,
    0x00, 0x0A, 0xFF, 0xFC, 0x00, 0x1E, 0xFF, 0xF8, 0x00, 0x4F, 0xFF, 0xF4,
    0x00, 0x4F, 0xFF, 0xF4, 0xFF, 0xDD, 0xFF, 0xFF, 0xFC, 0x1B, 0xFF, 0xFF,
    0xC1, 0x0B, 0xFF, 0xFF, 0x40, 0x0B, 0xFF, 0xFF, 0x00, 0x0B, 0xFF, 0xFF,
    0x00, 0x0B, 0xFF, 0xFF, 0x00, 0x0B, 0xFF, 0xFF, 0x00, 0x0B, 0xFF, 0xFF,
    0x80, 0x00, 0x2A, 0xFF, 0x80, 0x00, 0x00, 0xAF, 0x80, 0x00, 0x00, 0x2F,
    0x80, 0x00, 0x00, 0x0B, 0x80, 0x00, 0x00, 0x08, 0x80, 0x00, 0x00, 0x08,
    0x80, 0x00, 0x00, 0x08, 0x80, 0x00, 0x00, 0x0C, 0xFF, 0xFC, 0x00, 0x00,
    0xFF, 0xFF, 0x70, 0x00, 0xFF, 0xFF, 0xC0, 0x00, 0xFF, 0xFF, 0xF1, 0x00,
    0xFF, 0xFF, 0xF4, 0x00, 0xFF, 0xFF, 0xF4, 0x00, 0xFF, 0xFF, 0xF3, 0x00,
    0xFF, 0xFF, 0xE0, 0x00, 0x00, 0x3F, 0xFF, 0xF4, 0x00, 0x0E, 0xFF, 0xF8,
    0x00, 0x08, 0xFF, 0xFD, 0x00, 0x01, 0xCF, 0xFF, 0x00, 0x00, 0x1A, 0xFF,
    0x00, 0x00, 0x00, 0x28, 0x00, 0x00, 0x00, 0x00, 0x00, 0x00, 0x00, 0x00,
    0x00, 0x0B, 0xFF, 0xFF, 0x00, 0x0B, 0xFF, 0xFF, 0x10, 0x0D, 0xFF, 0xFF,
    0xD7, 0xBF, 0xFF, 0xFF, 0xFF, 0xFF, 0xFF, 0xF8, 0xBE, 0xFF, 0xEA, 0x50,
    0x00, 0x11, 0x00, 0x00, 0x00, 0x00, 0x00, 0x00, 0x80, 0x00, 0x00, 0x4F,
    0x80, 0x00, 0x01, 0xDF, 0x60, 0x00, 0x4D, 0xFF, 0x21, 0x8D, 0xFF, 0xFF,
    0x03, 0xFF, 0xFF, 0xFC, 0x00, 0xBD, 0x97, 0x20, 0x00, 0x00, 0x00, 0x00,
    0x00, 0x00, 0x00, 0x00, 0xFF, 0xFF, 0x90, 0x00, 0xFF, 0xFE, 0x20, 0x00,
    0xFF, 0xF6, 0x00, 0x00, 0xFD, 0x40, 0x00, 0x00, 0x60, 0x00, 0x00, 0x00,
    0x00, 0x00, 0x00, 0x00, 0x00, 0x00, 0x00, 0x00, 0x00, 0x00, 0x00, 0x00,
    0x00, 0x00, 0x00, 0x00, 0x00, 0x00, 0x00, 0x00, 0x00, 0x00, 0x00, 0x00,
    0x00, 0x00, 0x00, 0x00, 0x00, 0x00, 0x00, 0x00, 0x00, 0x00, 0x00, 0x00,
    0x00, 0x00, 0x00, 0x00, 0x00, 0x00, 0x00, 0x00, 0x00, 0x00, 0x00, 0x00,
    0x00, 0x12, 0x00, 0x00, 0x00, 0x6F, 0xC7, 0x20, 0x00, 0xBF, 0xFF, 0xFB,
    0x02, 0xFF, 0xFF, 0xFA, 0x07, 0xFF, 0xFF, 0xF5, 0x0C, 0xFF, 0xFF, 0xE0,
    0x3F, 0xFF, 0xFF, 0x90, 0x00, 0x00, 0x00, 0x00, 0x00, 0x00, 0x00, 0x00,
    0x00, 0x00, 0x00, 0x00, 0x00, 0x00, 0x00, 0x00, 0x00, 0x00, 0x00, 0x00,
    0x00, 0x00, 0x00, 0x03, 0x00, 0x00, 0x00, 0x6F, 0x00, 0x00, 0x00, 0x5F,
    0x00, 0x00, 0x00, 0x00, 0x00, 0x00, 0x00, 0x00, 0x00, 0x00, 0x00, 0x00,
    0x00, 0x00, 0x00, 0x00, 0x00, 0x00, 0x00, 0x00, 0xC6, 0x00, 0x00, 0x00,
    0xFE, 0x30, 0x00, 0x00, 0xFF, 0xE1, 0x00, 0x00, 0x00, 0x00, 0x00, 0x00,
    0x00, 0x00, 0x03, 0x6A, 0x00, 0x59, 0xEF, 0xFF, 0x00, 0xEF, 0xFF, 0xFF,
    0x00, 0xAF, 0xE8, 0x5D, 0x00, 0x46, 0x00, 0x3F, 0x00, 0x00, 0x00, 0x9F,
    0x00, 0x00, 0x00, 0xEF, 0x8F, 0xFF, 0xFF, 0xA7, 0xEF, 0xFF, 0xFF, 0xFF,
    0xFF, 0xFF, 0xFD, 0xBB, 0xFF, 0xFF, 0xF5, 0x00, 0xFF, 0xFF, 0xE0, 0x00,
    0xFF, 0xFF, 0x90, 0x00, 0xFF, 0xFF, 0x50, 0x00, 0xFF, 0xFE, 0x00, 0x00,
    0x88, 0x52, 0x00, 0x0B, 0xFF, 0xFF, 0x91, 0x05, 0xFF, 0xFF, 0xFB, 0x00,
    0x2E, 0xFF, 0xFF, 0x50, 0x09, 0xFF, 0xFF, 0x90, 0x08, 0xFF, 0xFF, 0xC0,
    0x08, 0xFF, 0xFF, 0xF0, 0x08, 0xFF, 0xFF, 0xF0, 0xFF, 0xFB, 0x00, 0x00,
    0xFF, 0xFF, 0x80, 0x00, 0xDF, 0xFF, 0xF3, 0x00, 0x8F, 0xFF, 0xFC, 0x00,
    0x3F, 0xFF, 0xFF, 0x60, 0x0D, 0xFF, 0xFF, 0xE1, 0x09, 0xFF, 0xFF, 0xA1,
    0x06, 0xFF, 0xE6, 0x00, 0x00, 0x00, 0x05, 0xFF, 0x00, 0x00, 0x09, 0xFF,
    0x00, 0x00, 0x0E, 0xFF, 0x00, 0x00, 0x5F, 0xFF, 0x00, 0x00, 0x9F, 0xFF,
    0x00, 0x00, 0xEF, 0xFF, 0x00, 0x05, 0xFF, 0xFF, 0x00, 0x09, 0xFF, 0xFF,
    0xFF, 0xF9, 0x00, 0x00, 0xFF, 0xF5, 0x00, 0x00, 0xFF, 0xE1, 0x00, 0x00,
    0xFF, 0xA0, 0x00, 0x00, 0xFF, 0x60, 0x00, 0x00, 0xFF, 0x10, 0x00, 0x00,
    0xFA, 0x00, 0x00, 0x00, 0xF7, 0x00, 0x00, 0x00, 0x08, 0xFF, 0xFF, 0xF0,
    0x08, 0xFF, 0xFF, 0xF0, 0x0B, 0xFF, 0xFF, 0xE0, 0x0C, 0xFF, 0xFF, 0xB0,
    0x1F, 0xFF, 0xFF, 0xB0, 0x4F, 0xFF, 0xFF, 0x80, 0x8F, 0xFF, 0xFF, 0x60,
    0xCF, 0xFF, 0xFF, 0x30, 0x04, 0xFC, 0x20, 0x00, 0x01, 0x70, 0x00, 0x00,
    0x00, 0x00, 0x00, 0x00, 0x00, 0x00, 0x00, 0x00, 0x00, 0x00, 0x00, 0x00,
    0x00, 0x00, 0x00, 0x00, 0x00, 0x00, 0x00, 0x00, 0x00, 0x00, 0x00, 0x00,
    0x00, 0x1F, 0xFF, 0xFF, 0x00, 0x6F, 0xFF, 0xFF, 0x00, 0xAF, 0xFF, 0xFF,
    0x01, 0xFF, 0xFF, 0xFF, 0x01, 0x6A, 0xFF, 0xFD, 0x00, 0x00, 0x17, 0xD8,
    0x00, 0x00, 0x00, 0x00, 0x00, 0x00, 0x00, 0x00, 0xF2, 0x00, 0x00, 0x03,
    0xC0, 0x48, 0x00, 0x09, 0x70, 0x8F, 0xD5, 0x7F, 0x30, 0xCF, 0xFF, 0xFF,
    0x00, 0x29, 0xFF, 0xFF, 0x00, 0x00, 0x17, 0xAE, 0x00, 0x00, 0x00, 0x00,
    0x00, 0x00, 0x00, 0x00, 0xFF, 0xFF, 0xFE, 0x00, 0xFF, 0xFF, 0xF9, 0x00,
    0xFF, 0xFF, 0xF3, 0x00, 0xFF, 0xFF, 0x90, 0x00, 0xFF, 0xFC, 0x10, 0x00,
    0xFD, 0x70, 0x00, 0x00, 0x10, 0x00, 0x00, 0x00, 0x00, 0x00, 0x00, 0x00,
    0x00, 0x00, 0x00, 0x00, 0x00, 0x00, 0x00, 0x00, 0x00, 0x00, 0x00, 0x00,
    0x00, 0x00, 0x00, 0x00, 0x00, 0x00, 0x00, 0x00, 0x00, 0x00, 0x00, 0x00,
    0x00, 0x00, 0x00, 0x00, 0x00, 0x00, 0x00, 0x00, 0x00, 0x00, 0x00, 0x00,
    0x00, 0x00, 0x00, 0x00, 0x00, 0x00, 0x00, 0x00, 0x00, 0x00, 0x00, 0x00,
    0x00, 0x00, 0x00, 0x00, 0x00, 0x00, 0x00, 0x00, 0x00, 0x00, 0x00, 0x00,
    0x00, 0x00, 0x00, 0x03, 0x00, 0x00, 0x00, 0x00, 0x01, 0x20, 0x00, 0x00,
    0x06, 0xFC, 0x72, 0x00, 0x0B, 0xFF, 0xFF, 0xB0, 0x2F, 0xFF, 0xFF, 0xA0,
    0x7F, 0xFF, 0xFF, 0x50, 0xCF, 0xFF, 0xFE, 0x00, 0xFF, 0xFF, 0xF9, 0x00,
    0x00, 0x00, 0x00, 0x00, 0x00, 0x00, 0x00, 0x00, 0x00, 0x00, 0x00, 0x00,
    0x00, 0x00, 0x00, 0x00, 0x00, 0x00, 0x00, 0x00, 0x00, 0x00, 0x00, 0x4D,
    0x00, 0x00, 0x07, 0xFF, 0x00, 0x00, 0x07, 0xFF, 0x00, 0x00, 0x41, 0x00,
    0x00, 0x08, 0xFD, 0x30, 0x28, 0x34, 0xEF, 0xE4, 0x9F, 0xE4, 0x3F, 0xFD,
    0x1D, 0xFF, 0x56, 0xD3, 0x32, 0xEF, 0xF4, 0x00, 0xE2, 0x4F, 0x90, 0x00,
    0xFC, 0x13, 0x00, 0x00, 0x00, 0x00, 0x00, 0x08, 0x00, 0x00, 0x36, 0xAE,
    0x05, 0x9E, 0xFF, 0xFF, 0x0E, 0xFF, 0xFF, 0xFF, 0x0A, 0xFE, 0x85, 0xDF,
    0x04, 0x60, 0x03, 0xFF, 0x00, 0x00, 0x09, 0xFF, 0x00, 0x00, 0x0E, 0xFF,
    0xFF, 0xFF, 0xFA, 0x78, 0xFF, 0xFF, 0xFF, 0xFF, 0xFF, 0xFF, 0xDB, 0xBF,
    0xFF, 0xFF, 0x50, 0x02, 0xFF, 0xFE, 0x00, 0x00, 0xFF, 0xF9, 0x00, 0x00,
    0xFF, 0xF5, 0x00, 0x00, 0xFF, 0xE0, 0x00, 0x00, 0x85, 0x20, 0x00, 0xDF,
    0xFF, 0xF9, 0x10, 0x6F, 0xFF, 0xFF, 0xB0, 0x1E, 0xEF, 0xFF, 0xF5, 0x09,
    0x9F, 0xFF, 0xF9, 0x05, 0x8F, 0xFF, 0xFC, 0x00, 0x8F, 0xFF, 0xFF, 0x00,
    0x8F, 0xFF, 0xFF, 0x00, 0xFF, 0x90, 0x00, 0x00, 0xFF, 0xF5, 0x00, 0x00,
    0xFF, 0xFE, 0x10, 0x00, 0xFF, 0xFF, 0xA0, 0x00, 0xFF, 0xFF, 0xF4, 0x00,
    0xEF, 0xFF, 0xFC, 0x00, 0xBF, 0xFF, 0xFA, 0x00, 0x8F, 0xFE, 0x50, 0x00,
    0x00, 0x00, 0x5F, 0xFF, 0x00, 0x00, 0x9F, 0xFF, 0x00, 0x00, 0xEF, 0xFF,
    0x00, 0x05, 0xFF, 0xFF, 0x00, 0x09, 0xFF, 0xFF, 0x00, 0x0E, 0xFF, 0xFF,
    0x00, 0x5F, 0xFF, 0xFF, 0x00, 0x9F, 0xFF, 0xFF, 0xFF, 0x90, 0x00, 0x00,
    0xFF, 0x50, 0x00, 0x00, 0xFE, 0x10, 0x00, 0x00, 0xFA, 0x00, 0x00, 0x00,
    0xF6, 0x00, 0x00, 0x01, 0xF1, 0x00, 0x00, 0x04, 0xA0, 0x00, 0x00, 0x08,
    0x70, 0x00, 0x00, 0x0C, 0x8F, 0xFF, 0xFF, 0x00, 0x8F, 0xFF, 0xFF, 0x00,
    0xBF, 0xFF, 0xFE, 0x00, 0xCF, 0xFF, 0xFB, 0x00, 0xFF, 0xFF, 0xFB, 0x00,
    0xFF, 0xFF, 0xF8, 0x00, 0xFF, 0xFF, 0xF6, 0x00, 0xFF, 0xFF, 0xF3, 0x00,
    0x5F, 0xB1, 0x00, 0x00, 0x37, 0x00, 0x00, 0x00, 0x00, 0x00, 0x00, 0x00,
    0x00, 0x00, 0x00, 0x00, 0x00, 0x00, 0x00, 0x00, 0x00, 0x00, 0x00, 0x00,
    0x00, 0x00, 0x00, 0x00, 0x00, 0x00, 0x00, 0x00, 0x01, 0xFF, 0xFF, 0xFF,
    0x06, 0xFF, 0xFF, 0xFC, 0x0A, 0xFF, 0xFF, 0xF7, 0x1F, 0xFF, 0xFF, 0xF3,
    0x16, 0xAF, 0xFF, 0xD0, 0x00, 0x01, 0x7D, 0x80, 0x00, 0x00, 0x00, 0x00,
    0x00, 0x00, 0x00, 0x00, 0x20, 0x00, 0x00, 0x3F, 0x04, 0x80, 0x00, 0x9F,
    0x08, 0xFD, 0x57, 0xFF, 0x0C, 0xFF, 0xFF, 0xFF, 0x02, 0x9F, 0xFF, 0xFF,
    0x00, 0x01, 0x7A, 0xEF, 0x00, 0x00, 0x00, 0x01, 0x00, 0x00, 0x00, 0x00,
    0xFF, 0xFF, 0xE0, 0x00, 0xFF, 0xFF, 0x90, 0x00, 0xFF, 0xFF, 0x30, 0x00,
    0xFF, 0xF9, 0x00, 0x00, 0xFF, 0xC1, 0x00, 0x00, 0xD7, 0x00, 0x00, 0x00,
    0x00, 0x00, 0x00, 0x00, 0x00, 0x00, 0x00, 0x00, 0x00, 0x00, 0x00, 0x00,
    0x00, 0x00, 0x00, 0x00, 0x00, 0x00, 0x00, 0x00, 0x00, 0x00, 0x00, 0x00,
    0x00, 0x00, 0x00, 0x00, 0x00, 0x00, 0x00, 0x00, 0x00, 0x00, 0x00, 0x00,
    0x00, 0x00, 0x00, 0x00, 0x00, 0x00, 0x00, 0x00, 0x00, 0x00, 0x00, 0x00,
    0x00, 0x00, 0x00, 0x00, 0x00, 0x00, 0x00, 0x00, 0x00, 0x00, 0x00, 0x00,
    0x00, 0x00, 0x00, 0x00, 0x00, 0x00, 0x08, 0xCB, 0x00, 0x00, 0x08, 0xFF,
    0x00, 0x00, 0x00, 0x00, 0x00, 0x00, 0x00, 0x01, 0x00, 0x00, 0x6A, 0xDF,
    0x00, 0x00, 0x9F, 0xFF, 0x00, 0x00, 0x2F, 0xFF, 0x00, 0x00, 0x0B, 0xFF,
    0xBB, 0xBB, 0xBD, 0xFF, 0xFF, 0xFF, 0xFF, 0xFF, 0x00, 0x00, 0x00, 0x00,
    0x58, 0x40, 0x00, 0x00, 0xFF, 0x90, 0x00, 0x00, 0xFF, 0xE0, 0x00, 0x00,
    0xFF, 0xF5, 0x00, 0x00, 0xFF, 0xFA, 0x37, 0x79, 0xFF, 0xFF, 0xFF, 0xFF,
    0xFF, 0xFF, 0xFF, 0xCB, 0x00, 0x00, 0x00, 0x00, 0x00, 0x00, 0x00, 0x00,
    0x00, 0x00, 0x00, 0x00, 0x00, 0x00, 0x00, 0x00, 0x00, 0x00, 0x00, 0x00,
    0xCD, 0x10, 0x00, 0x00, 0xFF, 0x00, 0x00, 0x00, 0xB7, 0x00, 0x00, 0x00,
    0x00, 0x00, 0x05, 0xCB, 0x00, 0x00, 0x00, 0x00, 0x00, 0x00, 0x00, 0x00,
    0x00, 0x00, 0x44, 0x44, 0x00, 0x00, 0xFF, 0xFF, 0x00, 0x00, 0xCF, 0xFF,
    0x00, 0x00, 0x34, 0x44, 0x00, 0x00, 0x00, 0x00, 0xBB, 0xBA, 0x87, 0xBF,
    0x00, 0x00, 0x00, 0x1F, 0x00, 0x00, 0x00, 0x09, 0x44, 0x44, 0x46, 0x7A,
    0xFF, 0xFF, 0xFF, 0xFF, 0xFF, 0xFF, 0xFF, 0xFE, 0x44, 0x44, 0x10, 0x00,
    0x00, 0x00, 0x00, 0x00, 0xFF, 0xFF, 0xC0, 0x00, 0xFF, 0xFF, 0xF2, 0x00,
    0xFF, 0xFF, 0xF8, 0x00, 0xFF, 0xFF, 0xFE, 0xBE, 0xFF, 0xFF, 0xFF, 0xFF,
    0xFF, 0xFF, 0xFF, 0xE8, 0x2E, 0xFF, 0xFF, 0xF3, 0x08, 0xFF, 0xFF, 0xFA,
    0x00, 0x00, 0x00, 0x00, 0x00, 0x00, 0x00, 0x00, 0x02, 0x54, 0x00, 0x00,
    0xFF, 0xFB, 0x00, 0x00, 0xFF, 0xFA, 0x00, 0x00, 0x54, 0x30, 0x00, 0x00,
    0x00, 0x00, 0x00, 0x00, 0x00, 0x00, 0x00, 0x00, 0x00, 0x00, 0x00, 0x00,
    0x00, 0x00, 0x00, 0x00, 0x00, 0x00, 0x00, 0x06, 0x00, 0x00, 0x00, 0x9F,
    0x00, 0x00, 0x07, 0xFF, 0x00, 0x00, 0x0E, 0xFF, 0x00, 0x00, 0x3F, 0xFF,
    0x00, 0x00, 0x4F, 0xFF, 0x00, 0x00, 0x00, 0x00, 0x16, 0x9B, 0xEF, 0xFE,
    0xEF, 0xFF, 0xFF, 0xFF, 0xFF, 0xFF, 0xFE, 0xBB, 0xFF, 0xFD, 0x40, 0x00,
    0xFF, 0xF3, 0x00, 0x00, 0xFF, 0xC0, 0x00, 0x00, 0xFF, 0xB0, 0x00, 0x00,
    0x02, 0xFF, 0xFF, 0xFF, 0xB8, 0xCF, 0xFF, 0xFF, 0xFF, 0xFF, 0xFF, 0xFF,
    0xDF, 0xFF, 0xFF, 0xFF, 0x02, 0x7D, 0xFF, 0x92, 0x00, 0x01, 0x73, 0x00,
    0x00, 0x00, 0x00, 0x00, 0x00, 0x00, 0x00, 0x00, 0x20, 0x00, 0x00, 0x00,
    0x90, 0x00, 0x00, 0x00, 0xF3, 0x00, 0x00, 0x00, 0xA2, 0x00, 0x00, 0x00,
    0x00, 0x00, 0x00, 0x00, 0x00, 0x00, 0x00, 0x00, 0x00, 0x00, 0x00, 0x00,
    0x00, 0x00, 0x00, 0x00, 0x00, 0x00, 0x3F, 0xFF, 0x00, 0x00, 0x0E, 0xFF,
    0x00, 0x00, 0x07, 0xFF, 0x00, 0x00, 0x00, 0xBF, 0x00, 0x00, 0x00, 0x07,
    0x00, 0x00, 0x00, 0x00, 0x00, 0x00, 0x00, 0x00, 0x00, 0x00, 0x00, 0x00,
    0xFF, 0xE0, 0x00, 0x00, 0xFF, 0xF7, 0x00, 0x00, 0xFF, 0xFF, 0x81, 0x00,
    0xFF, 0xFF, 0xFF, 0xCB, 0xEF, 0xFF, 0xFF, 0xFF, 0x16, 0xAB, 0xEF, 0xFF,
    0x00, 0x00, 0x01, 0x00, 0x00, 0x00, 0x00, 0x00, 0x00, 0x00, 0x00, 0x00,
    0x00, 0x00, 0x00, 0x00, 0x00, 0x02, 0x47, 0xAE, 0xBD, 0xFF, 0xFF, 0xFF,
    0xFF, 0xFF, 0xFF, 0xFF, 0xFF, 0xCB, 0xB8, 0x74, 0x00, 0x00, 0x00, 0x00,
    0x00, 0x00, 0x00, 0x00, 0x00, 0x00, 0x00, 0x00, 0x00, 0x00, 0x00, 0x00,
    0x40, 0x00, 0x00, 0x00, 0x70, 0x00, 0x00, 0x00, 0x80, 0x00, 0x00, 0x00,
    0x10, 0x00, 0x00, 0x00, 0x00, 0x00, 0x00, 0x00, 0x00, 0x00, 0x00, 0x00,
    0x00, 0x00, 0x00, 0x00, 0x00, 0x00, 0x00, 0x00, 0x00, 0x00, 0x00, 0x00,
    0x00, 0x00, 0x00, 0x00, 0x00, 0x00, 0x00, 0x00, 0x00, 0x00, 0x00, 0x00,
    0x00, 0x00, 0x03, 0x44, 0x00, 0x00, 0x0B, 0xFF, 0x00, 0x00, 0x00, 0x00,
    0x00, 0x00, 0x00, 0x00, 0x00, 0x02, 0x57, 0xBE, 0x00, 0x03, 0xFF, 0xFF,
    0x00, 0x00, 0xBF, 0xFF, 0x00, 0x00, 0x5F, 0xFF, 0x78, 0x87, 0x8F, 0xFF,
    0xFF, 0xFF, 0xFF, 0xFF, 0x00, 0x00, 0x00, 0x00, 0x35, 0x00, 0x00, 0x00,
    0xFF, 0x10, 0x00, 0x01, 0xFF, 0x60, 0x00, 0x00, 0xFF, 0xA0, 0x00, 0x00,
    0xFF, 0xF2, 0x24, 0x57, 0xFF, 0xFF, 0xFF, 0xFF, 0xFF, 0xFF, 0xFF, 0xFF,
    0x00, 0x06, 0xC4, 0x00, 0x14, 0x0C, 0xFF, 0x60, 0xDF, 0x71, 0xCF, 0xF8,
    0xAF, 0xF8, 0x2E, 0xF7, 0x0A, 0xFF, 0x96, 0x50, 0x95, 0xDF, 0xC1, 0x00,
    0xF3, 0x59, 0x00, 0x00, 0xC3, 0x00, 0x00, 0x00, 0x00, 0x00, 0x09, 0xFF,
    0x00, 0x00, 0x00, 0x10, 0x00, 0x00, 0x00, 0x00, 0x00, 0x00, 0x00, 0x00,
    0x00, 0x00, 0xEF, 0xFF, 0x00, 0x00, 0xFF, 0xFF, 0x00, 0x00, 0x78, 0x88,
    0x00, 0x00, 0x00, 0x00, 0xFF, 0xFE, 0xBB, 0xFF, 0x00, 0x10, 0x00, 0x9F,
    0x00, 0x00, 0x00, 0x4F, 0x00, 0x00, 0x34, 0x4D, 0xFF, 0xFF, 0xFF, 0xFF,
    0xFF, 0xFF, 0xFF, 0xFF, 0x88, 0x85, 0x44, 0x43, 0x00, 0x00, 0x00, 0x00,
    0xFF, 0xFF, 0x72, 0x00, 0xFF, 0xFF, 0x80, 0x00, 0xFF, 0xFF, 0xD0, 0x00,
    0xFF, 0xFF, 0xF9, 0x9B, 0xFF, 0xFF, 0xFF, 0xFF, 0xFF, 0xFF, 0xFF, 0xCA,
    0xAF, 0xFF, 0xFF, 0x90, 0x2F, 0xFF, 0xFF, 0xF1, 0x00, 0x00, 0x00, 0x00,
    0x00, 0x00, 0x00, 0x00, 0x00, 0x21, 0x00, 0x00, 0xBE, 0xF4, 0x00, 0x00,
    0xFF, 0xF4, 0x00, 0x00, 0x88, 0x61, 0x00, 0x00, 0x00, 0x00, 0x00, 0x00,
    0x00, 0x00, 0x00, 0x00, 0x00, 0x00, 0x00, 0x00, 0x00, 0x00, 0x00, 0x00,
    0x00, 0x00, 0x00, 0x06, 0x00, 0x00, 0x00, 0xAF, 0x00, 0x00, 0x08, 0xFF,
    0x00, 0x00, 0x2F, 0xFF, 0x00, 0x00, 0x6F, 0xFF, 0x00, 0x00, 0x8F, 0xFF,
    0x00, 0x00, 0x00, 0x00, 0x03, 0x7A, 0xBB, 0xB9, 0xDF, 0xFF, 0xFF, 0xFF,
    0xFF, 0xFF, 0xFF, 0xEF, 0xFF, 0xFE, 0x72, 0x00, 0xFF, 0xF3, 0x00, 0x00,
    0xFF, 0xA0, 0x00, 0x00, 0xFF, 0x80, 0x00, 0x00, 0x0B, 0xFF, 0xFF, 0xF8,
    0x66, 0xFF, 0xFF, 0xFE, 0xFF, 0xFF, 0xFF, 0xFF, 0xFF, 0xFF, 0xFF, 0xFF,
    0x37, 0xDF, 0xFF, 0x92, 0x00, 0x07, 0xA2, 0x00, 0x00, 0x00, 0x00, 0x00,
    0x00, 0x00, 0x00, 0x00, 0x00, 0x00, 0x00, 0x00, 0x10, 0x00, 0x00, 0x00,
    0x80, 0x00, 0x00, 0x00, 0x90, 0x00, 0x00, 0x00, 0x00, 0x00, 0x00, 0x00,
    0x00, 0x00, 0x00, 0x00, 0x00, 0x00, 0x00, 0x00, 0x00, 0x00, 0x00, 0x00,
    0x00, 0x00, 0x8F, 0xFF, 0x00, 0x00, 0x5F, 0xFF, 0x00, 0x00, 0x0E, 0xFF,
    0x00, 0x00, 0x06, 0xFF, 0x00, 0x00, 0x00, 0x5E, 0x00, 0x00, 0x00, 0x01,
    0x00, 0x00, 0x00, 0x00, 0x00, 0x00, 0x00, 0x00, 0xFF, 0x90, 0x00, 0x00,
    0xFF, 0xE1, 0x00, 0x00, 0xFF, 0xFC, 0x20, 0x00, 0xFF, 0xFF, 0xFA, 0x77,
    0xFF, 0xFF, 0xFF, 0xFF, 0x6B, 0xEF, 0xFF, 0xFF, 0x00, 0x01, 0x44, 0x44,
    0x00, 0x00, 0x00, 0x00, 0x00, 0x00, 0x00, 0x00, 0x00, 0x00, 0x00, 0x00,
    0x00, 0x00, 0x36, 0xA9, 0x8A, 0xBE, 0xFF, 0xFD, 0xFF, 0xFF, 0xFF, 0xFF,
    0xFF, 0xFF, 0xDB, 0x96, 0x43, 0x01, 0x00, 0x00, 0x00, 0x00, 0x00, 0x00,
    0x00, 0x00, 0x00, 0x00, 0x00, 0x00, 0x00, 0x00, 0x00, 0x00, 0x00, 0x00,
    0x00, 0x00, 0x00, 0x00, 0x10, 0x00, 0x00, 0x00, 0x10, 0x00, 0x00, 0x00,
    0x00, 0x00, 0x00, 0x00, 0x00, 0x00, 0x00, 0x00, 0x00, 0x00, 0x00, 0x00,
    0x00, 0x00, 0x00, 0x00, 0x00, 0x00, 0x00, 0x00, 0x00, 0x00, 0x00, 0x00,
    0x00, 0x00, 0x00, 0x00, 0x00, 0x00, 0x00, 0x00, 0x00, 0x00, 0x00, 0x00,
    0x00, 0x00, 0x00, 0x00, 0x00, 0x00, 0x00, 0x00, 0x00, 0x00, 0x00, 0x00,
    0x00, 0x00, 0x00, 0x00, 0x00, 0x00, 0x00, 0x00, 0x00, 0x00, 0x00, 0x1C,
    0x00, 0x00, 0x03, 0xCF, 0x00, 0x00, 0x3E, 0xFF, 0x00, 0x05, 0xEF, 0xFF,
    0x00, 0x01, 0x00, 0x00, 0x00, 0x4E, 0x90, 0x00, 0x07, 0xFF, 0xF9, 0x00,
    0x9F, 0xFF, 0xFF, 0xC1, 0xFF, 0xFF, 0xFF, 0xFC, 0xFF, 0xFF, 0xFF, 0xF9,
    0xFF, 0xFF, 0xFC, 0x30, 0xFF, 0xFE, 0x70, 0x00, 0x00, 0x00, 0x00, 0x00,
    0x00, 0x00, 0x00, 0x00, 0x00, 0x00, 0x00, 0x00, 0x00, 0x00, 0x00, 0x00,
    0x10, 0x00, 0x00, 0x00, 0x10, 0x00, 0x00, 0x00, 0x00, 0x00, 0x00, 0x00,
    0x00, 0x00, 0x00, 0x00, 0x00, 0x00, 0x00, 0x00, 0x00, 0x00, 0x00, 0x00,
    0x00, 0x00, 0x00, 0x00, 0x00, 0x00, 0x00, 0x06, 0x00, 0x00, 0x00, 0x6F,
    0x00, 0x00, 0x03, 0xFF, 0x00, 0x00, 0x1E, 0xFF, 0x00, 0x00, 0x7F, 0xFF,
    0x00, 0x6F, 0xFF, 0xFF, 0x06, 0xFF, 0xFF, 0xFF, 0x6F, 0xFF, 0xFF, 0xFC,
    0xFF, 0xFF, 0xFF, 0x91, 0xFF, 0xFF, 0xE6, 0x00, 0xFF, 0xFE, 0x30, 0x00,
    0xFF, 0xD1, 0x00, 0x00, 0xFF, 0xA0, 0x00, 0x00, 0xFF, 0xB2, 0x00, 0x00,
    0xF7, 0x00, 0x00, 0x00, 0x30, 0x00, 0x00, 0x00, 0x00, 0x00, 0x00, 0x00,
    0x00, 0x00, 0x00, 0x00, 0x00, 0x00, 0x00, 0x00, 0x00, 0x00, 0x00, 0x00,
    0x00, 0x00, 0x00, 0x00, 0x00, 0x00, 0x00, 0x00, 0x00, 0x00, 0x00, 0x00,
    0x00, 0x00, 0x00, 0x00, 0x00, 0x00, 0x00, 0x00, 0x00, 0x00, 0x00, 0x00,
    0x00, 0x00, 0x00, 0x00, 0x00, 0x00, 0x00, 0x00, 0x00, 0x00, 0x00, 0x00,
    0x00, 0x00, 0x4F, 0xFF, 0x00, 0x00, 0x06, 0xEF, 0x00, 0x00, 0x00, 0x2B,
    0x00, 0x00, 0x00, 0x00, 0x00, 0x00, 0x00, 0x00, 0x00, 0x00, 0x00, 0x00,
    0x00, 0x00, 0x00, 0x00, 0x00, 0x00, 0x00, 0x00, 0xFF, 0xFB, 0x30, 0x00,
    0xFF, 0xFF, 0xF9, 0x10, 0xFF, 0xFF, 0xFF, 0xE6, 0x8F, 0xFF, 0xFF, 0xFF,
    0x04, 0xEF, 0xFF, 0xFF, 0x00, 0x1C, 0xFF, 0xFF, 0x00, 0x00, 0x9F, 0xFF,
    0x00, 0x00, 0x06, 0xFF, 0x00, 0x00, 0x00, 0x00, 0x00, 0x00, 0x00, 0x00,
    0x00, 0x00, 0x00, 0x00, 0xB2, 0x00, 0x00, 0x00, 0xFF, 0x80, 0x00, 0x00,
    0xFF, 0xFC, 0x30, 0x00, 0xFF, 0xFF, 0xE6, 0x00, 0xFF, 0xFF, 0xFF, 0xB1,
    0x00, 0x00, 0x00, 0x00, 0x00, 0x00, 0x00, 0x00, 0x00, 0x00, 0x00, 0x00,
    0x00, 0x00, 0x00, 0x00, 0x00, 0x00, 0x00, 0x00, 0x00, 0x00, 0x00, 0x00,
    0x00, 0x00, 0x00, 0x00, 0x00, 0x00, 0x00, 0x00, 0x00, 0x00, 0x00, 0x00,
    0x00, 0x00, 0x00, 0x00, 0x00, 0x00, 0x00, 0x00, 0x00, 0x00, 0x00, 0x00,
    0x00, 0x00, 0x00, 0x00, 0x00, 0x00, 0x00, 0x00, 0x00, 0x00, 0x00, 0x00,
    0x00, 0x00, 0x00, 0x00, 0x00, 0x00, 0x00, 0x3E, 0x00, 0x00, 0x00, 0x02,
    0x00, 0x00, 0x00, 0x00, 0x00, 0x00, 0x00, 0x00, 0x00, 0x00, 0x00, 0x00,
    0x00, 0x00, 0x00, 0x00, 0x00, 0x00, 0x00, 0x00, 0x00, 0x00, 0x00, 0x00,
    0xFF, 0xFF, 0xFF, 0xFD, 0xCF, 0xFF, 0xFF, 0xFF, 0x1C, 0xFF, 0xFF, 0xFF,
    0x00, 0x9F, 0xFF, 0xFF, 0x00, 0x09, 0xFF, 0xFF, 0x00, 0x00, 0x9F, 0xF8,
    0x00, 0x00, 0x0A, 0xB0, 0x00, 0x00, 0x00, 0x10, 0x30, 0x00, 0x00, 0x00,
    0xF7, 0x00, 0x00, 0x00, 0xFD, 0x10, 0x00, 0x00, 0xE3, 0x00, 0x00, 0x00,
    0x60, 0x00, 0x00, 0x00, 0x00, 0x00, 0x00, 0x00, 0x00, 0x00, 0x00, 0x00,
    0x00, 0x00, 0x00, 0x00, 0x00, 0x00, 0x00, 0x00, 0x00, 0x00, 0x00, 0x00,
    0x00, 0x00, 0x00, 0x00, 0x00, 0x00, 0x00, 0x00, 0x00, 0x00, 0x00, 0x00,
    0x00, 0x00, 0x00, 0x00, 0x00, 0x00, 0x00, 0x00, 0x00, 0x00, 0x00, 0x00,
    0x00, 0x00, 0x00, 0x00, 0x00, 0x00, 0x00, 0x00, 0x00, 0x00, 0x00, 0x00,
    0x00, 0x00, 0x00, 0x00, 0x00, 0x00, 0x00, 0x1B, 0x00, 0x00, 0x02, 0xCF,
    0x00, 0x00, 0x3E, 0xFF, 0x00, 0x05, 0xEF, 0xFF, 0x00, 0x01, 0x00, 0x00,
    0x00, 0x3E, 0x90, 0x00, 0x06, 0xFF, 0xFB, 0x10, 0x9F, 0xFF, 0xFF, 0xC1,
    0xFF, 0xFF, 0xFF, 0xFD, 0xFF, 0xFF, 0xFF, 0xF9, 0xFF, 0xFF, 0xFC, 0x40,
    0xFF, 0xFF, 0x80, 0x00, 0x00, 0x00, 0x00, 0x00, 0x00, 0x00, 0x00, 0x00,
    0x00, 0x00, 0x00, 0x00, 0x00, 0x00, 0x00, 0x00, 0x20, 0x00, 0x00, 0x00,
    0x10, 0x00, 0x00, 0x00, 0x00, 0x00, 0x00, 0x00, 0x00, 0x00, 0x00, 0x00,
    0x00, 0x00, 0x00, 0x00, 0x00, 0x00, 0x00, 0x00, 0x00, 0x00, 0x00, 0x00,
    0x00, 0x00, 0x00, 0x06, 0x00, 0x00, 0x00, 0x6F, 0x00, 0x00, 0x04, 0xFF,
    0x00, 0x00, 0x1E, 0xFF, 0x00, 0x00, 0x7F, 0xFF, 0x00, 0x6F, 0xFF, 0xFF,
    0x06, 0xFF, 0xFF, 0xFF, 0x6F, 0xFF, 0xFF, 0xFD, 0xFF, 0xFF, 0xFF, 0xA1,
    0xFF, 0xFF, 0xF7, 0x00, 0xFF, 0xFE, 0x30, 0x00, 0xFF, 0xD2, 0x00, 0x00,
    0xFF, 0xA0, 0x00, 0x00, 0xFF, 0xB2, 0x00, 0x00, 0xF7, 0x00, 0x03, 0x23,
    0x30, 0x00, 0x5F, 0xE3, 0x00, 0x00, 0x3E, 0xFD, 0x00, 0x00, 0x04, 0xFF,
    0x00, 0x00, 0x00, 0x9F, 0x00, 0x00, 0x00, 0x2B, 0x00, 0x00, 0x00, 0x00,
    0x79, 0x00, 0x00, 0x00, 0xFF, 0xA1, 0x00, 0x00, 0x5F, 0xFB, 0x00, 0x00,
    0x19, 0xFE, 0x30, 0x00, 0xB2, 0xA1, 0x00, 0x00, 0xF4, 0x00, 0x00, 0x00,
    0x30, 0x00, 0x00, 0x00, 0x00, 0x00, 0x00, 0x00, 0x00, 0x00, 0x4F, 0xFF,
    0x00, 0x00, 0x06, 0xEF, 0x00, 0x00, 0x00, 0x2C, 0x00, 0x00, 0x00, 0x00,
    0x00, 0x00, 0x00, 0x00, 0x00, 0x00, 0x00, 0x00, 0x00, 0x00, 0x00, 0x00,
    0x00, 0x00, 0x00, 0x00, 0xFF, 0xFB, 0x30, 0x00, 0xFF, 0xFF, 0xF9, 0x10,
    0xFF, 0xFF, 0xFF, 0xE7, 0x8F, 0xFF, 0xFF, 0xFF, 0x04, 0xEF, 0xFF, 0xFF,
    0x00, 0x1B, 0xFF, 0xFF, 0x00, 0x00, 0x8F, 0xFF, 0x00, 0x00, 0x06, 0xFF,
    0x00, 0x00, 0x00, 0x00, 0x00, 0x00, 0x00, 0x00, 0x00, 0x00, 0x00, 0x00,
    0xC3, 0x00, 0x00, 0x00, 0xFF, 0x80, 0x00, 0x00, 0xFF, 0xFC, 0x30, 0x00,
    0xFF, 0xFF, 0xF7, 0x00, 0xFF, 0xFF, 0xFF, 0xB1, 0x00, 0x00, 0x00, 0x00,
    0x00, 0x00, 0x00, 0x00, 0x00, 0x00, 0x00, 0x00, 0x00, 0x00, 0x00, 0x00,
    0x00, 0x00, 0x00, 0x00, 0x00, 0x00, 0x00, 0x00, 0x00, 0x00, 0x00, 0x00,
    0x00, 0x00, 0x00, 0x00, 0x00, 0x00, 0x00, 0x00, 0x00, 0x00, 0x00, 0x00,
    0x00, 0x00, 0x00, 0x00, 0x00, 0x00, 0x00, 0x00, 0x00, 0x00, 0x00, 0x00,
    0x00, 0x00, 0x00, 0x00, 0x00, 0x00, 0x00, 0x00, 0x00, 0x00, 0x00, 0x00,
    0x00, 0x00, 0x00, 0x3E, 0x00, 0x00, 0x00, 0x02, 0x00, 0x00, 0x00, 0x00,
    0x00, 0x00, 0x00, 0x00, 0x00, 0x00, 0x00, 0x00, 0x00, 0x00, 0x00, 0x00,
    0x00, 0x00, 0x00, 0x00, 0x00, 0x00, 0x00, 0x00, 0xFF, 0xFF, 0xFF, 0xFE,
    0xCF, 0xFF, 0xFF, 0xFF, 0x1B, 0xFF, 0xFF, 0xFF, 0x00, 0x9F, 0xFF, 0xFF,
    0x00, 0x09, 0xFF, 0xFF, 0x00, 0x00, 0x9F, 0xF8, 0x00, 0x00, 0x0A, 0xB0,
    0x00, 0x00, 0x00, 0x10, 0x40, 0x00, 0x00, 0x00, 0xF8, 0x00, 0x00, 0x00,
    0xFE, 0x20, 0x00, 0x00, 0xF3, 0x00, 0x00, 0x00, 0x60, 0x00, 0x00, 0x00,
    0x00, 0x00, 0x00, 0x00, 0x00, 0x00, 0x00, 0x00, 0x00, 0x00, 0x00, 0x00,
    0x00, 0x00, 0x00, 0x00, 0x00, 0x00, 0x00, 0x00, 0x00, 0x00, 0x10, 0x00,
    0x00, 0x03, 0xFF, 0xCB, 0x00, 0x06, 0xFF, 0xFF, 0x00, 0x08, 0xFF, 0xFF,
    0x00, 0x0A, 0xFF, 0xFF, 0x00, 0x0B, 0xFF, 0xFF, 0x00, 0x00, 0x00, 0x00,
    0x00, 0x00, 0x00, 0x00, 0x00, 0x00, 0x00, 0x00, 0xA5, 0x00, 0x00, 0x00,
    0xF9, 0x00, 0x00, 0x00, 0xF7, 0x00, 0x00, 0x00, 0xF4, 0x00, 0x00, 0x00,
    0xF2, 0x00, 0x00, 0x00, 0x00, 0x00, 0x00, 0x00, 0x00, 0x03, 0x44, 0x10,
    0x00, 0x0B, 0xFF, 0xFF, 0x00, 0x0B, 0xFF, 0xFF, 0x00, 0x0B, 0xFF, 0xFF,
    0x00, 0x08, 0xFF, 0xFF, 0x00, 0x08, 0xFF, 0xFF, 0x00, 0x08, 0xFF, 0xFF,
    0x00, 0x00, 0x00, 0x00, 0x00, 0x00, 0x00, 0x00, 0xE0, 0x00, 0x00, 0x00,
    0xF0, 0x00, 0x00, 0x00, 0xF0, 0x00, 0x00, 0x00, 0xF0, 0x00, 0x00, 0x00,
    0xF1, 0x00, 0x00, 0x00, 0xF4, 0x00, 0x01, 0x00, 0x00, 0x0D, 0xFF, 0xFF,
    0x00, 0x0F, 0xFF, 0xFF, 0x00, 0x0F, 0xFF, 0xFF, 0x00, 0x1F, 0xFF, 0xFF,
    0x00, 0x4F, 0xFF, 0xFF, 0x00, 0x4F, 0xFF, 0xFF, 0x00, 0x4F, 0xFF, 0xFF,
    0x00, 0x4F, 0xFF, 0xFF, 0xF0, 0x00, 0x00, 0x00, 0xE0, 0x0E, 0xFF, 0xFF,
    0xB0, 0x0F, 0xFF, 0xFF, 0xB0, 0x04, 0x44, 0x44, 0xB0, 0x00, 0x00, 0x00,
    0x90, 0x00, 0x00, 0x00, 0x80, 0x00, 0x00, 0x00, 0x80, 0x00, 0x00, 0x00,
    0x00, 0x08, 0xFF, 0xFF, 0xFF, 0xFF, 0xFF, 0xFF, 0xFF, 0xFF, 0xFF, 0xFF,
    0x44, 0x3A, 0xFF, 0xFF, 0x00, 0x08, 0xFF, 0xFF, 0x00, 0x08, 0xFF, 0xFF,
    0x00, 0x08, 0xFF, 0xFF, 0x00, 0x08, 0xFF, 0xFF, 0xFA, 0xAB, 0xEB, 0x00,
    0xFF, 0xFF, 0xFB, 0x00, 0xFF, 0xCB, 0x84, 0x00, 0xF5, 0x00, 0x00, 0x00,
    0xF4, 0x00, 0x00, 0x00, 0xF4, 0x00, 0x00, 0x00, 0xF4, 0x00, 0x00, 0x00,
    0xF4, 0x00, 0x00, 0x00, 0x00, 0x4F, 0xFF, 0xFF, 0x00, 0x4F, 0xFF, 0xFF,
    0x00, 0x4F, 0xFF, 0xFF, 0x00, 0x4F, 0xFF, 0xFF, 0x00, 0x4F, 0xFF, 0xFF,
    0x00, 0x4F, 0xFF, 0xFF, 0x00, 0x1F, 0xFF, 0xFF, 0x00, 0x0F, 0xFF, 0xFF,
    0x80, 0x00, 0x00, 0x00, 0x80, 0x00, 0x00, 0x00, 0x80, 0x00, 0x00, 0x00,
    0x80, 0x00, 0x00, 0x00, 0x80, 0x00, 0x00, 0x00, 0x80, 0x00, 0x00, 0x00,
    0x90, 0x00, 0x00, 0x00, 0xB0, 0x00, 0x00, 0x00, 0x00, 0x08, 0xFF, 0xFF,
    0x00, 0x08, 0xFF, 0xFF, 0x00, 0x08, 0xFF, 0xFF, 0x00, 0x08, 0xFF, 0xFF,
    0x00, 0x08, 0xFF, 0xFF, 0x00, 0x0B, 0xFF, 0xFF, 0x00, 0x0D, 0xFF, 0xFF,
    0x00, 0x4F, 0xFF, 0xFF, 0xF4, 0x00, 0x00, 0x00, 0xF4, 0x00, 0x00, 0x00,
    0xF4, 0x00, 0x00, 0x00, 0xF4, 0x00, 0x00, 0x00, 0xF4, 0x00, 0x00, 0x00,
    0xF1, 0x00, 0x00, 0x00, 0xD0, 0x00, 0x00, 0x00, 0x80, 0x00, 0x00, 0x00,
    0x00, 0x0F, 0xFF, 0xFF, 0x00, 0x0D, 0xFF, 0xFF, 0x00, 0x08, 0xA8, 0x64,
    0x00, 0x00, 0x00, 0x00, 0x00, 0x00, 0x00, 0x00, 0x00, 0x00, 0x00, 0x00,
    0x00, 0x00, 0x00, 0x00, 0x00, 0x00, 0x00, 0x00, 0xB0, 0x00, 0x00, 0x00,
    0xD0, 0x00, 0x00, 0x00, 0x20, 0x00, 0x00, 0x02, 0x00, 0x00, 0x16, 0xBF,
    0x00, 0x05, 0xFF, 0xFF, 0x00, 0x03, 0xFF, 0xFE, 0x00, 0x00, 0x76, 0x30,
    0x00, 0x00, 0x00, 0x00, 0x00, 0xBF, 0xFF, 0xFF, 0x09, 0xFF, 0xFF, 0xF7,
    0xBF, 0xFF, 0xFF, 0x80, 0xFF, 0xFF, 0xE5, 0x00, 0xFF, 0xE8, 0x10, 0x00,
    0xB6, 0x10, 0x00, 0x00, 0x00, 0x00, 0x00, 0x00, 0x00, 0x00, 0x00, 0x00,
    0x20, 0x00, 0x00, 0x00, 0x00, 0x00, 0x00, 0x00, 0x00, 0x00, 0x00, 0x00,
    0x00, 0x00, 0x00, 0x00, 0x00, 0x00, 0x00, 0x00, 0x00, 0x00, 0x00, 0x00,
    0x00, 0x00, 0x00, 0x00, 0x00, 0x00, 0x00, 0x00, 0x00, 0x00, 0x00, 0x00,
    0x00, 0x00, 0x00, 0x00, 0x00, 0x00, 0x00, 0x00, 0x00, 0x02, 0xB9, 0x77,
    0x00, 0x04, 0xFF, 0xFF, 0x00, 0x07, 0xFF, 0xFF, 0x00, 0x09, 0xFF, 0xFF,
    0x00, 0x0B, 0xFF, 0xFF, 0x00, 0x00, 0x00, 0x00, 0x00, 0x00, 0x00, 0x00,
    0x00, 0x00, 0x00, 0x00, 0x43, 0x00, 0x00, 0x00, 0xF9, 0x00, 0x00, 0x00,
    0xF8, 0x00, 0x00, 0x00, 0xF5, 0x00, 0x00, 0x00, 0xF3, 0x00, 0x00, 0x00,
    0x00, 0x00, 0x00, 0x00, 0x00, 0x10, 0x00, 0x00, 0x08, 0xFF, 0xFE, 0xB3,
    0x08, 0xFF, 0xFF, 0xF4, 0x07, 0xFF, 0xFF, 0xF7, 0x04, 0xFF, 0xFF, 0xF7,
    0x04, 0xFF, 0xFF, 0xF8, 0x01, 0xFF, 0xFF, 0xF8, 0x00, 0x00, 0x20, 0x00,
    0x02, 0x05, 0xF9, 0x00, 0xAF, 0x61, 0xEF, 0x80, 0x7F, 0xF2, 0x7F, 0xF4,
    0x0D, 0xFB, 0x2E, 0xF7, 0x08, 0xFF, 0x65, 0x50, 0x01, 0xFC, 0x40, 0x00,
    0x00, 0x10, 0x00, 0x00, 0x00, 0x0C, 0xFF, 0xFF, 0x00, 0x0F, 0xFF, 0xFF,
    0x00, 0x0F, 0xFF, 0xFF, 0x00, 0x1F, 0xFF, 0xFF, 0x00, 0x4F, 0xFF, 0xFF,
    0x00, 0x4F, 0xFF, 0xFF, 0x00, 0x4F, 0xFF, 0xFF, 0x00, 0x4F, 0xFF, 0xFF,
    0xF0, 0x00, 0x00, 0x00, 0xF0, 0x18, 0x88, 0x88, 0xC0, 0x4F, 0xFF, 0xFF,
    0xB0, 0x3B, 0xBB, 0xBB, 0xB0, 0x00, 0x00, 0x00, 0xA0, 0x00, 0x00, 0x00,
    0x80, 0x00, 0x00, 0x00, 0x80, 0x00, 0x00, 0x00, 0x00, 0xFF, 0xFF, 0xFB,
    0x78, 0xFF, 0xFF, 0xFF, 0xFF, 0xFF, 0xFF, 0xFF, 0xBB, 0xEF, 0xFF, 0xFF,
    0x00, 0xBF, 0xFF, 0xFF, 0x00, 0xBF, 0xFF, 0xFF, 0x00, 0xBF, 0xFF, 0xFF,
    0x00, 0x9F, 0xFF, 0xFF, 0x14, 0x47, 0x98, 0x00, 0xFF, 0xFF, 0xFB, 0x00,
    0xFF, 0xFD, 0xB6, 0x00, 0x51, 0x00, 0x00, 0x00, 0x00, 0x00, 0x00, 0x00,
    0x00, 0x00, 0x00, 0x00, 0x00, 0x00, 0x00, 0x00, 0x10, 0x00, 0x00, 0x00,
    0x00, 0x4F, 0xFF, 0xFF, 0x00, 0x4F, 0xFF, 0xFF, 0x00, 0x4F, 0xFF, 0xFF,
    0x00, 0x4F, 0xFF, 0xFF, 0x00, 0x4F, 0xFF, 0xFF, 0x00, 0x4F, 0xFF, 0xFF,
    0x00, 0x2F, 0xFF, 0xFF, 0x00, 0x0F, 0xFF, 0xFF, 0x80, 0x00, 0x00, 0x00,
    0x80, 0x00, 0x00, 0x00, 0x80, 0x00, 0x00, 0x00, 0x80, 0x00, 0x00, 0x00,
    0x80, 0x00, 0x00, 0x00, 0x80, 0x00, 0x00, 0x00, 0x80, 0x00, 0x00, 0x00,
    0xB0, 0x00, 0x00, 0x00, 0x00, 0x8F, 0xFF, 0xFF, 0x00, 0x8F, 0xFF, 0xFF,
    0x00, 0x8F, 0xFF, 0xFF, 0x00, 0x8F, 0xFF, 0xFF, 0x00, 0x8F, 0xFF, 0xFF,
    0x00, 0x8F, 0xFF, 0xFF, 0x00, 0xBF, 0xFF, 0xFE, 0x01, 0xEF, 0xFF, 0xFA,
    0x40, 0x00, 0x00, 0x00, 0x40, 0x00, 0x00, 0x00, 0x40, 0x00, 0x00, 0x00,
    0x40, 0x00, 0x00, 0x00, 0x40, 0x00, 0x00, 0x00, 0x30, 0x00, 0x00, 0x00,
    0x00, 0x00, 0x00, 0x00, 0x00, 0x00, 0x00, 0x00, 0x00, 0x0F, 0xFF, 0xFF,
    0x00, 0x0E, 0xFF, 0xFF, 0x00, 0x0B, 0xFB, 0xB8, 0x00, 0x00, 0x00, 0x00,
    0x00, 0x00, 0x00, 0x00, 0x00, 0x00, 0x00, 0x00, 0x00, 0x00, 0x00, 0x00,
    0x00, 0x00, 0x00, 0x00, 0xB0, 0x00, 0x00, 0x00, 0xD0, 0x00, 0x00, 0x00,
    0x70, 0x00, 0x00, 0x04, 0x00, 0x00, 0x03, 0x9F, 0x00, 0x27, 0xCF, 0xFF,
    0x00, 0x3F, 0xFF, 0xFF, 0x00, 0x0C, 0xFB, 0x73, 0x00, 0x01, 0x10, 0x00,
    0x08, 0xFF, 0xFF, 0xF4, 0x3E, 0xFF, 0xFF, 0xA0, 0xEF, 0xFF, 0xFC, 0x10,
    0xFF, 0xFF, 0xB1, 0x00, 0xFF, 0xE6, 0x00, 0x00, 0xC7, 0x10, 0x00, 0x00,
    0x00, 0x00, 0x00, 0x00, 0x00, 0x00, 0x00, 0x00, 0x00, 0x00, 0x00, 0x00,
    0x00, 0x00, 0x00, 0x00, 0x00, 0x00, 0x00, 0x00, 0x00, 0x00, 0x00, 0x00,
    0x00, 0x00, 0x00, 0x00, 0x00, 0x00, 0x00, 0x00, 0x00, 0x00, 0x00, 0x00,
    0x00, 0x00, 0x00, 0x00, 0x00, 0x00, 0x00, 0x00, 0x00, 0x00, 0x00, 0x00,
    0x00, 0x00, 0x00, 0x00, 0x00, 0x00, 0x00, 0x09, 0x00, 0x00, 0x00, 0x0F,
    0x00, 0x00, 0x00, 0x0E, 0x00, 0x00, 0x00, 0x00, 0x00, 0x00, 0x00, 0x00,
    0x00, 0x00, 0x00, 0x00, 0x00, 0x00, 0x00, 0x00, 0x00, 0x00, 0x24, 0x44,
    0xBC, 0xFE, 0xFF, 0xFF, 0xFF, 0xFF, 0xFF, 0xFF, 0xFF, 0xFF, 0xFF, 0xFF,
    0x01, 0x44, 0x68, 0xAC, 0x00, 0x00, 0x00, 0x00, 0x00, 0x00, 0x00, 0x00,
    0x00, 0x00, 0x00, 0x00, 0x44, 0x41, 0x00, 0x00, 0xFF, 0xFF, 0xFE, 0xBA,
    0xFF, 0xFF, 0xFF, 0xFF, 0xFF, 0xFF, 0xFF, 0xFF, 0xFF, 0xFF, 0xFF, 0xFF,
    0x14, 0x69, 0xDF, 0xFF, 0x00, 0x00, 0x00, 0x00, 0x00, 0x00, 0x00, 0x00,
    0x00, 0x00, 0x00, 0x00, 0x84, 0x00, 0x00, 0x00, 0xF8, 0x00, 0x00, 0x00,
    0xF4, 0x00, 0x00, 0x00, 0xF1, 0x00, 0x00, 0x00, 0xE0, 0x00, 0x00, 0x00,
    0x00, 0x00, 0x00, 0x00, 0x00, 0x00, 0x00, 0x00, 0x00, 0x00, 0x00, 0x00,
    0x00, 0x00, 0x00, 0x00, 0x00, 0x00, 0x00, 0x00, 0x00, 0x00, 0x00, 0x00,
    0x00, 0x00, 0x00, 0x00, 0x00, 0x00, 0x00, 0x00, 0x00, 0x00, 0x00, 0x00,
    0x00, 0x00, 0x00, 0x00, 0x00, 0x00, 0x00, 0x00, 0x00, 0x00, 0x00, 0x00,
    0x00, 0x00, 0x00, 0x00, 0x00, 0x00, 0x00, 0x00, 0x00, 0x00, 0x00, 0x00,
    0x00, 0x00, 0x00, 0x00, 0x00, 0x00, 0x02, 0x7D, 0x00, 0x00, 0x00, 0x00,
    0x00, 0x00, 0x00, 0x00, 0x00, 0x00, 0x00, 0x00, 0x00, 0x00, 0x00, 0x00,
    0x00, 0x00, 0x00, 0x00, 0x00, 0x00, 0x00, 0x00, 0x00, 0x00, 0x00, 0x00,
    0xB0, 0x00, 0x00, 0x00, 0x10, 0x00, 0x00, 0x00, 0x00, 0x00, 0x00, 0x00,
    0x00, 0x00, 0x00, 0x00, 0x00, 0x00, 0x00, 0x00, 0x00, 0x00, 0x00, 0x00,
    0x00, 0x00, 0x00, 0x00, 0x00, 0x00, 0x00, 0x00, 0x00, 0x00, 0x00, 0x00,
    0x00, 0x00, 0x00, 0x1B, 0x00, 0x00, 0x00, 0xBF, 0x00, 0x00, 0x07, 0xFF,
    0x00, 0x00, 0x1E, 0xFF, 0x00, 0x00, 0x7F, 0xFF, 0x00, 0x00, 0xAF, 0xFF,
    0x00, 0x00, 0xBF, 0xFF, 0x00, 0x00, 0x00, 0x00, 0x80, 0x00, 0x00, 0x00,
    0xF7, 0x00, 0x00, 0x00, 0xD1, 0x00, 0x00, 0x00, 0x60, 0x00, 0x00, 0x00,
    0x10, 0x00, 0x00, 0x00, 0x10, 0x00, 0x00, 0x00, 0x70, 0x00, 0x00, 0x00,
    0x00, 0x00, 0x00, 0x00, 0x00, 0x00, 0x00, 0x00, 0x00, 0x00, 0x00, 0x00,
    0x00, 0x00, 0x00, 0x00, 0x00, 0x00, 0x00, 0x00, 0x00, 0x00, 0x00, 0x00,
    0x00, 0x00, 0x00, 0x00, 0x00, 0x00, 0x00, 0x02, 0x00, 0x00, 0x00, 0x00,
    0x00, 0x00, 0x00, 0x00, 0x00, 0x00, 0x00, 0x00, 0x00, 0x00, 0x00, 0x00,
    0x00, 0x00, 0x00, 0x00, 0x00, 0x00, 0x00, 0x00, 0x00, 0x00, 0x00, 0x00,
    0x58, 0xC7, 0x00, 0x00, 0x00, 0x00, 0x9F, 0xFF, 0x00, 0x00, 0x4F, 0xFF,
    0x00, 0x00, 0x06, 0xFF, 0x00, 0x00, 0x00, 0x5D, 0x00, 0x00, 0x00, 0x00,
    0x00, 0x00, 0x00, 0x00, 0x00, 0x00, 0x00, 0x00, 0x00, 0x00, 0x00, 0x00,
    0xFC, 0x85, 0x44, 0x44, 0xFF, 0xFF, 0xFF, 0xFF, 0xFF, 0xFF, 0xFF, 0xFF,
    0xFF, 0xFF, 0xFF, 0xFF, 0x58, 0xCF, 0xFF, 0xFF, 0x00, 0x00, 0x14, 0x44,
    0x00, 0x00, 0x00, 0x00, 0x00, 0x00, 0x00, 0x00, 0x44, 0x77, 0x9B, 0xDF,
    0xFF, 0xFF, 0xFF, 0xFF, 0xFF, 0xFF, 0xFF, 0xFF, 0xFF, 0xFF, 0xFF, 0xFF,
    0xFF, 0xFF, 0xFF, 0xEF, 0x44, 0x44, 0x41, 0x01, 0x00, 0x00, 0x00, 0x00,
    0x00, 0x00, 0x00, 0x00, 0xFF, 0xF8, 0x00, 0x00, 0xFF, 0xF8, 0x00, 0x00,
    0xFF, 0xF8, 0x00, 0x00, 0xFF, 0xF8, 0x00, 0x00, 0xDB, 0xB4, 0x00, 0x00,
    0x00, 0x00, 0x00, 0x00, 0x00, 0x00, 0x00, 0x00, 0x00, 0x00, 0x00, 0x00,
    0x00, 0x00, 0x00, 0x00, 0x00, 0x00, 0x00, 0x00, 0x00, 0x00, 0x00, 0x00,
    0x00, 0x00, 0x00, 0x37, 0x00, 0x00, 0x00, 0xBF, 0x00, 0x00, 0x00, 0xBF,
    0x00, 0x00, 0x00, 0x34, 0x00, 0x00, 0x00, 0x00, 0x00, 0x00, 0x00, 0x00,
    0x00, 0x00, 0x00, 0x00, 0x00, 0x00, 0x00, 0x00, 0x8A, 0xBC, 0xFF, 0xFF,
    0xFF, 0xFF, 0xFF, 0xFF, 0xFF, 0xFF, 0xFF, 0xFF, 0x47, 0x88, 0xBC, 0xFF,
    0x00, 0x00, 0x00, 0x03, 0x00, 0x00, 0x00, 0x00, 0x00, 0x00, 0x00, 0x00,
    0x01, 0x00, 0x00, 0x00, 0xFF, 0xDB, 0xB9, 0x74, 0xFF, 0xFF, 0xFF, 0xFF,
    0xFF, 0xFF, 0xFF, 0xFF, 0xFF, 0xFF, 0xFF, 0xFF, 0x69, 0xCF, 0xFF, 0xFE,
    0x00, 0x06, 0xFC, 0x20, 0x18, 0x34, 0xEF, 0xE4, 0x9F, 0xE3, 0x4F, 0xFE,
    0x5C, 0xFF, 0x56, 0xF7, 0xC3, 0xEF, 0xE3, 0x30, 0x80, 0x7F, 0xB1, 0x00,
    0x50, 0x17, 0x00, 0x00, 0x10, 0x00, 0x00, 0x00, 0x00, 0x00, 0x00, 0x00,
    0x00, 0x00, 0x00, 0x00, 0x00, 0x00, 0x00, 0x00, 0x00, 0x00, 0x00, 0x00,
    0x00, 0x00, 0x00, 0x00, 0x00, 0x00, 0x00, 0x00, 0x00, 0x00, 0x00, 0x00,
    0x00, 0x00, 0x00, 0x00, 0x00, 0x00, 0x00, 0x00, 0x00, 0x00, 0x00, 0x00,
    0x00, 0x00, 0x00, 0x00, 0x00, 0x00, 0x00, 0x00, 0x00, 0x00, 0x00, 0x00,
    0x00, 0x00, 0x00, 0x00, 0x00, 0x00, 0x00, 0x00, 0x00, 0x00, 0x00, 0x00,
    0x00, 0x01, 0x59, 0xFA, 0x00, 0x00, 0x00, 0x23, 0x00, 0x00, 0x00, 0x00,
    0x00, 0x00, 0x00, 0x00, 0x00, 0x00, 0x00, 0x00, 0x00, 0x00, 0x00, 0x00,
    0x00, 0x00, 0x00, 0x00, 0x00, 0x00, 0x00, 0x00, 0x00, 0x00, 0x00, 0x00,
    0x00, 0x00, 0x00, 0x00, 0x00, 0x00, 0x00, 0x00, 0x00, 0x00, 0x00, 0x00,
    0x00, 0x00, 0x00, 0x00, 0x00, 0x00, 0x00, 0x00, 0x00, 0x00, 0x00, 0x00,
    0x00, 0x00, 0x00, 0x00, 0x00, 0x00, 0x00, 0x00, 0x00, 0x00, 0x00, 0x3D,
    0x00, 0x00, 0x03, 0xEF, 0x00, 0x00, 0x0D, 0xFF, 0x00, 0x00, 0x7F, 0xFD,
    0x00, 0x00, 0xDF, 0xF6, 0x00, 0x02, 0xFF, 0xF4, 0x00, 0x04, 0xFF, 0xF9,
    0x00, 0x00, 0x00, 0x00, 0x50, 0x00, 0x00, 0x00, 0xF2, 0x00, 0x00, 0x00,
    0x70, 0x00, 0x00, 0x00, 0x00, 0x00, 0x00, 0x00, 0x00, 0x00, 0x00, 0x00,
    0x00, 0x00, 0x00, 0x00, 0x00, 0x00, 0x00, 0x00, 0x00, 0x00, 0x00, 0x00,
    0x00, 0x00, 0x00, 0x00, 0x00, 0x00, 0x00, 0x00, 0x00, 0x00, 0x00, 0x00,
    0x00, 0x00, 0x00, 0x00, 0x00, 0x00, 0x00, 0x00, 0x00, 0x00, 0x00, 0x00,
    0x00, 0x00, 0x00, 0x00, 0x00, 0x00, 0x00, 0x00, 0x00, 0x00, 0x00, 0x00,
    0x00, 0x00, 0x00, 0x00, 0x00, 0x00, 0x00, 0x00, 0x00, 0x00, 0x00, 0x00,
    0x00, 0x00, 0x00, 0x00, 0x00, 0x00, 0x00, 0x00, 0x37, 0x70, 0x00, 0x00,
    0x00, 0x04, 0xFF, 0xFF, 0x00, 0x00, 0xDF, 0xFF, 0x00, 0x00, 0x5F, 0xFF,
    0x00, 0x00, 0x04, 0xDF, 0x00, 0x00, 0x00, 0x05, 0x00, 0x00, 0x00, 0x00,
    0x00, 0x00, 0x00, 0x00, 0x00, 0x00, 0x00, 0x00, 0xA5, 0x20, 0x00, 0x00,
    0xFF, 0xFE, 0xFF, 0xFF, 0xFF, 0xFF, 0xFF, 0xFF, 0xFF, 0xFF, 0xFF, 0xFF,
    0x9B, 0xEF, 0xFF, 0xFF, 0x00, 0x00, 0x34, 0x44, 0x00, 0x00, 0x00, 0x00,
    0x00, 0x00, 0x00, 0x00, 0x02, 0x45, 0x79, 0xBE, 0xEF, 0xFF, 0xFF, 0xFF,
    0xFF, 0xFF, 0xFF, 0xFF, 0xFF, 0xFF, 0xFF, 0xFF, 0xFF, 0xFF, 0xFF, 0xFF,
    0x44, 0x44, 0x41, 0x00, 0x00, 0x00, 0x00, 0x00, 0x00, 0x00, 0x00, 0x00,
    0xFF, 0xB0, 0x00, 0x00, 0xFF, 0xB0, 0x00, 0x00, 0xFF, 0xB0, 0x00, 0x00,
    0xFF, 0xB0, 0x00, 0x00, 0xCB, 0x70, 0x00, 0x00, 0x00, 0x00, 0x00, 0x00,
    0x00, 0x00, 0x00, 0x00, 0x00, 0x00, 0x00, 0x00, 0x00, 0x00, 0x00, 0x00,
    0x00, 0x00, 0x00, 0x00, 0x00, 0x00, 0x00, 0x00, 0x00, 0x00, 0x00, 0x00,
    0x00, 0x00, 0x00, 0x00, 0x00, 0x00, 0x00, 0x00, 0x00, 0x00, 0x00, 0x00,
    0x00, 0x00, 0x00, 0x00, 0x00, 0x00, 0x00, 0x00, 0x00, 0x00, 0x00, 0x01,
    0x00, 0x00, 0x4A, 0xDF, 0x00, 0x00, 0x3F, 0xFF, 0x00, 0x00, 0x0A, 0xFF,
    0x00, 0x00, 0x04, 0xFF, 0x00, 0x00, 0x00, 0xBF, 0x00, 0x02, 0x43, 0x8F,
    0x00, 0x00, 0x00, 0x00, 0x59, 0x50, 0x00, 0x00, 0xFF, 0xD0, 0x00, 0x00,
    0xFF, 0xF6, 0x00, 0x00, 0xFF, 0xFC, 0x00, 0x00, 0xFF, 0xFF, 0x40, 0x00,
    0xFF, 0xFF, 0xB0, 0x00, 0xFF, 0xFF, 0xFB, 0xBD, 0x00, 0x00, 0x00, 0x00,
    0x00, 0x00, 0x00, 0x00, 0x00, 0x00, 0x00, 0x00, 0x00, 0x00, 0x00, 0x00,
    0x00, 0x00, 0x00, 0x00, 0x00, 0x00, 0x00, 0x00, 0x02, 0x47, 0x20, 0x00,
    0xFF, 0xFF, 0x40, 0x00, 0x00, 0x00, 0xEF, 0xFF, 0x00, 0x00, 0xFF, 0xFF,
    0x00, 0x00, 0x97, 0x88, 0x00, 0x00, 0x00, 0x00, 0x00, 0x00, 0x00, 0x00,
    0x00, 0x00, 0x00, 0x00, 0x00, 0x00, 0x00, 0x00, 0x00, 0x00, 0x00, 0x00,
    0xFF, 0xEF, 0xFF, 0xFF, 0xFF, 0xFF, 0xFF, 0xFF, 0x88, 0x88, 0x87, 0x44,
    0x00, 0x00, 0x00, 0x00, 0x00, 0x00, 0x00, 0x00, 0x00, 0x00, 0x00, 0x00,
    0x00, 0x00, 0x00, 0x00, 0x02, 0x79, 0xBB, 0xBB, 0xFF, 0xFF, 0xFF, 0xFF,
    0xFF, 0xFF, 0xFF, 0xC9, 0xBF, 0xFF, 0xFF, 0x90, 0x4F, 0xFF, 0xFF, 0xF2,
    0x0B, 0xFF, 0xFF, 0xF9, 0x04, 0xFF, 0xFF, 0xFF, 0x00, 0xBF, 0xFF, 0xFF,
    0x85, 0x6F, 0xFF, 0xFF, 0xFF, 0xFF, 0x40, 0x00, 0x86, 0x41, 0x00, 0x00,
    0x00, 0x00, 0x00, 0x00, 0x00, 0x00, 0x00, 0x00, 0x00, 0x00, 0x00, 0x00,
    0x20, 0x00, 0x00, 0x00, 0xA0, 0x00, 0x00, 0x00, 0xF4, 0x00, 0x00, 0x00,
    0x00, 0x00, 0x00, 0x03, 0x00, 0x00, 0x00, 0x6E, 0x00, 0x00, 0x03, 0xFF,
    0x00, 0x00, 0x0B, 0xFF, 0x00, 0x00, 0x2F, 0xFF, 0x00, 0x00, 0x6F, 0xFF,
    0x00, 0x00, 0x8F, 0xFF, 0x00, 0x00, 0x7F, 0xFF, 0xBF, 0xFF, 0xFF, 0xFF,
    0xFF, 0xFF, 0xFF, 0xFE, 0xFF, 0xFF, 0xB5, 0x10, 0xFF, 0xF9, 0x00, 0x00,
    0xFF, 0xD0, 0x00, 0x00, 0xFF, 0x80, 0x00, 0x00, 0xFF, 0x80, 0x00, 0x00,
    0xFF, 0x80, 0x00, 0x00, 0xFF, 0xFF, 0xFF, 0xFF, 0xFF, 0xFF, 0xFF, 0xFF,
    0x03, 0x7D, 0xFF, 0xFF, 0x00, 0x00, 0x7E, 0xFF, 0x00, 0x00, 0x03, 0xEC,
    0x00, 0x00, 0x00, 0x10, 0x00, 0x00, 0x00, 0x00, 0x00, 0x00, 0x00, 0x00,
    0xFB, 0x00, 0x00, 0x00, 0xFF, 0x50, 0x00, 0x00, 0xFF, 0xC0, 0x00, 0x00,
    0xFA, 0x20, 0x00, 0x00, 0x40, 0x00, 0x00, 0x00, 0x00, 0x00, 0x00, 0x00,
    0x00, 0x00, 0x00, 0x00, 0x00, 0x00, 0x00, 0x00, 0x00, 0x00, 0x4F, 0xFF,
    0x00, 0x00, 0x1E, 0xFF, 0x00, 0x00, 0x07, 0xFF, 0x00, 0x00, 0x00, 0x9F,
    0x00, 0x00, 0x00, 0x08, 0x00, 0x00, 0x00, 0x00, 0x00, 0x00, 0x00, 0x00,
    0x00, 0x00, 0x00, 0x00, 0xFF, 0xD0, 0x00, 0x00, 0xFF, 0xF8, 0x00, 0x00,
    0xFF, 0xFF, 0x91, 0x00, 0xFF, 0xFF, 0xFF, 0xB8, 0xFF, 0xFF, 0xFF, 0xFF,
    0x27, 0xBE, 0xFF, 0xFF, 0x00, 0x00, 0x24, 0x44, 0x00, 0x00, 0x00, 0x00,
    0x00, 0x00, 0x00, 0x00, 0x00, 0x00, 0x00, 0x00, 0x00, 0x00, 0x01, 0x58,
    0x77, 0x9B, 0xDF, 0xFF, 0xFF, 0xFF, 0xFF, 0xFF, 0xFF, 0xFF, 0xFD, 0xB9,
    0x44, 0x30, 0x10, 0x00, 0x00, 0x00, 0x00, 0x00, 0x00, 0x00, 0x00, 0x00,
    0x00, 0x00, 0x00, 0x00, 0xD5, 0x00, 0x00, 0x00, 0xF9, 0x00, 0x00, 0x00,
    0xFC, 0x00, 0x00, 0x00, 0x75, 0x00, 0x00, 0x00, 0x00, 0x00, 0x00, 0x00,
    0x00, 0x00, 0x00, 0x00, 0x00, 0x00, 0x00, 0x00, 0x00, 0x00, 0x00, 0x00,
    0x00, 0x00, 0x00, 0x00, 0x00, 0x00, 0x00, 0x00, 0x00, 0x00, 0x00, 0x00,
    0x00, 0x00, 0x00, 0x00, 0x00, 0x00, 0x00, 0x00, 0x00, 0x00, 0x00, 0x00,
    0x00, 0x00, 0x00, 0x00, 0x00, 0x00, 0x00, 0x02, 0x00, 0x00, 0x6B, 0xEF,
    0x00, 0x00, 0x6F, 0xFF, 0x00, 0x00, 0x0E, 0xFF, 0x00, 0x00, 0x08, 0xFF,
    0x00, 0x00, 0x01, 0xDF, 0x00, 0x03, 0x43, 0xBF, 0x00, 0x00, 0x00, 0x00,
    0x69, 0x30, 0x00, 0x00, 0xFF, 0x90, 0x00, 0x00, 0xFF, 0xF2, 0x00, 0x00,
    0xFF, 0xF8, 0x00, 0x00, 0xFF, 0xFE, 0x10, 0x00, 0xFF, 0xFF, 0x80, 0x00,
    0xFF, 0xFF, 0xEB, 0xBE, 0x29, 0x80, 0xDF, 0x80, 0x3F, 0xF4, 0x5F, 0xF4,
    0x0A, 0xFC, 0x2E, 0xFC, 0x05, 0xFF, 0x57, 0xFD, 0x00, 0xEF, 0xB2, 0x50,
    0x00, 0x75, 0x00, 0x00, 0x03, 0x46, 0x00, 0x00, 0xFF, 0xFF, 0x00, 0x00,
    0x00, 0x04, 0xFF, 0xFF, 0x00, 0x04, 0xFF, 0xFF, 0x00, 0x03, 0x97, 0x88,
    0x00, 0x00, 0x00, 0x00, 0x00, 0x00, 0x00, 0x00, 0x00, 0x00, 0x00, 0x00,
    0x00, 0x00, 0x00, 0x00, 0x00, 0x00, 0x00, 0x00, 0xFF, 0xFF, 0xFF, 0xFF,
    0xFF, 0xFF, 0xFF, 0xFF, 0x88, 0x88, 0x86, 0x44, 0x00, 0x00, 0x00, 0x00,
    0x00, 0x00, 0x00, 0x00, 0x00, 0x00, 0x00, 0x00, 0x00, 0x00, 0x00, 0x00,
    0x03, 0x79, 0xBB, 0xBA, 0xFF, 0xFF, 0xFF, 0xFF, 0xFF, 0xFF, 0xFF, 0xB8,
    0xEF, 0xFF, 0xFF, 0x60, 0x8F, 0xFF, 0xFF, 0xD0, 0x1E, 0xFF, 0xFF, 0xF6,
    0x08, 0xFF, 0xFF, 0xFD, 0x01, 0xEF, 0xFF, 0xFF, 0x84, 0x9F, 0xFF, 0xFF,
    0xFF, 0xFE, 0x00, 0x00, 0x75, 0x41, 0x00, 0x00, 0x00, 0x00, 0x00, 0x00,
    0x00, 0x00, 0x00, 0x00, 0x00, 0x00, 0x00, 0x00, 0x00, 0x00, 0x00, 0x00,
    0x70, 0x00, 0x00, 0x00, 0xE1, 0x00, 0x00, 0x00, 0x00, 0x00, 0x00, 0x05,
    0x00, 0x00, 0x00, 0x8F, 0x00, 0x00, 0x07, 0xFF, 0x00, 0x00, 0x1E, 0xFF,
    0x00, 0x00, 0x6F, 0xFF, 0x00, 0x00, 0x9F, 0xFF, 0x00, 0x00, 0xBF, 0xFF,
    0x00, 0x00, 0xBF, 0xFF, 0xDF, 0xFF, 0xFF, 0xFF, 0xFF, 0xFF, 0xFF, 0xFE,
    0xFF, 0xFF, 0x94, 0x10, 0xFF, 0xF6, 0x00, 0x00, 0xFF, 0x90, 0x00, 0x00,
    0xFF, 0x50, 0x00, 0x00, 0xFF, 0x40, 0x00, 0x00, 0xFF, 0x50, 0x00, 0x00,
    0xFF, 0xFF, 0xFF, 0xFF, 0xFF, 0xFF, 0xFF, 0xFF, 0x14, 0x8E, 0xFF, 0xFF,
    0x00, 0x01, 0x9F, 0xFF, 0x00, 0x00, 0x06, 0xFA, 0x00, 0x00, 0x00, 0x10,
    0x00, 0x00, 0x00, 0x00, 0x00, 0x00, 0x00, 0x00, 0xF8, 0x00, 0x00, 0x00,
    0xFE, 0x20, 0x00, 0x00, 0xFF, 0x90, 0x00, 0x00, 0xE7, 0x10, 0x00, 0x00,
    0x20, 0x00, 0x00, 0x00, 0x00, 0x00, 0x00, 0x00, 0x00, 0x00, 0x00, 0x00,
    0x00, 0x00, 0x00, 0x00, 0x00, 0x00, 0x8F, 0xFF, 0x00, 0x00, 0x4F, 0xFF,
    0x00, 0x00, 0x0B, 0xFF, 0x00, 0x00, 0x01, 0xCF, 0x00, 0x00, 0x00, 0x1B,
    0x00, 0x00, 0x00, 0x00, 0x00, 0x00, 0x00, 0x00, 0x00, 0x00, 0x00, 0x00,
    0xFF, 0x90, 0x00, 0x00, 0xFF, 0xF4, 0x00, 0x00, 0xFF, 0xFE, 0x70, 0x00,
    0xFF, 0xFF, 0xFE, 0xA7, 0xFF, 0xFF, 0xFF, 0xFF, 0x38, 0xBE, 0xFF, 0xFF,
    0x00, 0x00, 0x24, 0x44, 0x00, 0x00, 0x00, 0x00, 0x00, 0x00, 0x00, 0x00,
    0x00, 0x00, 0x00, 0x00, 0x00, 0x00, 0x02, 0x6A, 0x87, 0x9B, 0xDF, 0xFF,
    0xFF, 0xFF, 0xFF, 0xFF, 0xFF, 0xFE, 0xFC, 0xB9, 0x44, 0x20, 0x00, 0x00,
    0x00, 0x00, 0x00, 0x00, 0x00, 0x00, 0x00, 0x00, 0x00, 0x00, 0x00, 0x00,
    0xD2, 0x00, 0x00, 0x00, 0xF5, 0x00, 0x00, 0x00, 0xF9, 0x00, 0x00, 0x00,
    0x73, 0x00, 0x00, 0x00, 0x00, 0x00, 0x00, 0x00, 0x00, 0x00, 0x00, 0x00,
    0x00, 0x00, 0x00, 0x00, 0x00, 0x00, 0x00, 0x00, 0x00, 0x00, 0x00, 0xAD,
    0x00, 0x00, 0x00, 0xBF, 0x00, 0x00, 0x00, 0xBF, 0x00, 0x00, 0x00, 0xBF,
    0x00, 0x00, 0x00, 0xDF, 0x00, 0x00, 0x00, 0xFF, 0x00, 0x00, 0x00, 0x00,
    0x00, 0x00, 0x00, 0x00, 0xBB, 0x97, 0x20, 0x00, 0xFF, 0xFF, 0x40, 0x00,
    0xFF, 0xFF, 0x20, 0x00, 0xFF, 0xFF, 0x00, 0x00, 0xFF, 0xFF, 0x00, 0x00,
    0xFF, 0xFF, 0x00, 0x00, 0x00, 0x00, 0x00, 0x00, 0x00, 0x00, 0x00, 0x00,
    0x00, 0x00, 0x00, 0x00, 0x00, 0x00, 0x00, 0x00, 0x00, 0x00, 0x00, 0x00,
    0x00, 0x00, 0x00, 0x00, 0x00, 0x00, 0x00, 0x00, 0x00, 0x00, 0x00, 0x00,
    0x00, 0x00, 0x00, 0x00, 0x00, 0x00, 0x00, 0x00, 0x00, 0x00, 0x00, 0x00,
    0x00, 0x00, 0x00, 0x00, 0x00, 0x00, 0x00, 0x00, 0x00, 0x00, 0x00, 0x00,
    0x00, 0x00, 0x00, 0x00, 0x00, 0x00, 0x00, 0x00, 0x00, 0x00, 0x00, 0xFF,
    0x00, 0x00, 0x00, 0xFF, 0x00, 0x00, 0x00, 0xFF, 0x00, 0x00, 0x00, 0xFF,
    0x00, 0x00, 0x00, 0xFF, 0x00, 0x00, 0x00, 0xFF, 0x00, 0x00, 0x00, 0xFF,
    0x00, 0x00, 0x02, 0xFF, 0xFF, 0xFF, 0x00, 0x00, 0xFF, 0xFE, 0x00, 0x00,
    0xFF, 0xFB, 0x00, 0x00, 0xFF, 0xFB, 0x00, 0x00, 0xFF, 0xFB, 0x00, 0x00,
    0xFF, 0xFB, 0x00, 0x00, 0xFF, 0xFB, 0x00, 0x00, 0xFF, 0xF9, 0x00, 0x00,
    0x00, 0x00, 0x00, 0x00, 0x00, 0x00, 0x00, 0x00, 0x00, 0x00, 0x00, 0x00,
    0x00, 0x00, 0x00, 0x00, 0x00, 0x00, 0x00, 0x00, 0x00, 0x00, 0x00, 0x00,
    0x00, 0x00, 0x00, 0x00, 0x00, 0x00, 0x00, 0x00, 0x00, 0x00, 0x00, 0x00,
    0x00, 0x00, 0x00, 0x00, 0x00, 0x00, 0x00, 0x00, 0x00, 0x00, 0x00, 0x00,
    0x00, 0x00, 0x00, 0x00, 0x00, 0x00, 0x00, 0x00, 0x00, 0x00, 0x00, 0x00,
    0x00, 0x00, 0x00, 0x00, 0x00, 0x00, 0x04, 0xFF, 0x00, 0x00, 0x04, 0xFF,
    0x00, 0x00, 0x04, 0xFF, 0x00, 0x00, 0x04, 0xFF, 0x00, 0x00, 0x04, 0xFF,
    0x00, 0x00, 0x04, 0xFF, 0x00, 0x00, 0x04, 0xFF, 0x00, 0x00, 0x02, 0xFF,
    0xFF, 0xF8, 0x00, 0x00, 0xFF, 0xF8, 0x00, 0x00, 0xFF, 0xF8, 0x00, 0x00,
    0xFF, 0xF8, 0x00, 0x00, 0xFF, 0xF8, 0x00, 0x00, 0xFF, 0xF8, 0x00, 0x00,
    0xFF, 0xFC, 0x00, 0x00, 0xFF, 0xFF, 0x30, 0x00, 0x00, 0x00, 0x00, 0x00,
    0x00, 0x00, 0x00, 0x00, 0x00, 0x00, 0x00, 0x00, 0x00, 0x00, 0x00, 0x00,
    0x00, 0x00, 0x00, 0x00, 0x00, 0x00, 0x00, 0x00, 0x00, 0x00, 0x00, 0x08,
    0x00, 0x00, 0x00, 0x6F, 0x00, 0x00, 0x00, 0x00, 0x00, 0xA9, 0x20, 0x00,
    0x04, 0xFF, 0x30, 0x00, 0x0B, 0xFD, 0x00, 0x00, 0x4F, 0xF8, 0x00, 0x00,
    0xCF, 0xF1, 0x00, 0x00, 0xFF, 0x90, 0x00, 0x00, 0xFF, 0x20, 0x00, 0x00,
    0x00, 0x00, 0x00, 0xEF, 0x00, 0x00, 0x00, 0x9F, 0x00, 0x00, 0x00, 0x4F,
    0x00, 0x00, 0x00, 0x09, 0x00, 0x00, 0x00, 0x00, 0x00, 0x00, 0x00, 0x00,
    0x00, 0x00, 0x00, 0x00, 0x00, 0x00, 0x00, 0x00, 0xFF, 0xFF, 0xD2, 0x00,
    0xFF, 0xFF, 0xFE, 0x96, 0xFF, 0xFF, 0xFF, 0xFF, 0xFF, 0xFF, 0xFF, 0xFF,
    0x8F, 0xFF, 0xFF, 0xFF, 0x04, 0x9E, 0xFF, 0xFF, 0x00, 0x00, 0x24, 0x44,
    0x00, 0x00, 0x00, 0x00, 0x00, 0x00, 0x1A, 0xFF, 0x44, 0x69, 0xEF, 0xFF,
    0xFF, 0xFF, 0xFF, 0xFD, 0xFF, 0xFF, 0xFF, 0xC1, 0xFF, 0xFF, 0xE7, 0x00,
    0xFE, 0xB7, 0x10, 0x00, 0x20, 0x00, 0x00, 0x00, 0x00, 0x00, 0x00, 0x00,
    0xF8, 0x00, 0x00, 0x00, 0xC0, 0x00, 0x00, 0x00, 0x10, 0x00, 0x00, 0x00,
    0x00, 0x00, 0x00, 0x00, 0x00, 0x00, 0x00, 0x00, 0x00, 0x00, 0x00, 0x00,
    0x00, 0x00, 0x00, 0x00, 0x00, 0x00, 0x00, 0x00, 0x00, 0x00, 0x00, 0x00,
    0x00, 0x00, 0x00, 0x32, 0x00, 0x00, 0x00, 0xBF, 0x00, 0x00, 0x00, 0xBF,
    0x00, 0x00, 0x00, 0xBF, 0x00, 0x00, 0x00, 0xBF, 0x00, 0x00, 0x00, 0xEF,
    0x00, 0x00, 0x00, 0xFF, 0x00, 0x00, 0x00, 0x00, 0x01, 0x00, 0x00, 0x00,
    0xEF, 0xDB, 0x30, 0x00, 0xFF, 0xFF, 0x40, 0x00, 0xFF, 0xFF, 0x10, 0x00,
    0xFF, 0xFF, 0x00, 0x00, 0xFF, 0xFF, 0x00, 0x00, 0xFF, 0xFF, 0x00, 0x00,
    0x00, 0x00, 0x00, 0x00, 0x00, 0x00, 0x00, 0x00, 0x00, 0x00, 0x00, 0x00,
    0x00, 0x00, 0x00, 0x00, 0x00, 0x00, 0x00, 0x00, 0x00, 0x00, 0x00, 0x33,
    0x00, 0x00, 0x05, 0xFE, 0x00, 0x4C, 0x61, 0xEF, 0x00, 0x00, 0x00, 0x00,
    0x00, 0x00, 0x00, 0x00, 0x00, 0x00, 0x00, 0x00, 0x00, 0x00, 0x00, 0x00,
    0x00, 0x00, 0x00, 0x00, 0x00, 0x00, 0x00, 0x00, 0x30, 0x00, 0x00, 0x00,
    0xE3, 0x00, 0x00, 0x00, 0x00, 0x00, 0x00, 0xFF, 0x00, 0x00, 0x00, 0xFF,
    0x00, 0x00, 0x00, 0xFF, 0x00, 0x00, 0x00, 0xFF, 0x00, 0x00, 0x00, 0xFF,
    0x00, 0x00, 0x00, 0xFF, 0x00, 0x00, 0x00, 0xFF, 0x00, 0x00, 0x03, 0xFF,
    0xFF, 0xFF, 0x00, 0x00, 0xFF, 0xFD, 0x00, 0x00, 0xFF, 0xFB, 0x00, 0x00,
    0xFF, 0xFB, 0x00, 0x00, 0xFF, 0xFB, 0x00, 0x00, 0xFF, 0xFB, 0x00, 0x00,
    0xFF, 0xFB, 0x00, 0x00, 0xFF, 0xF8, 0x00, 0x00, 0x00, 0x9F, 0xF5, 0x3F,
    0x00, 0x0B, 0xFF, 0x48, 0x00, 0x02, 0xEF, 0xD3, 0x00, 0x00, 0x7E, 0x50,
    0x00, 0x00, 0x01, 0x00, 0x00, 0x00, 0x00, 0x00, 0x00, 0x00, 0x00, 0x00,
    0x00, 0x00, 0x00, 0x00, 0xFD, 0x10, 0x00, 0x00, 0xE4, 0x00, 0x00, 0x00,
    0x10, 0x00, 0x00, 0x00, 0x00, 0x00, 0x00, 0x00, 0x00, 0x00, 0x00, 0x00,
    0x00, 0x00, 0x00, 0x00, 0x00, 0x00, 0x00, 0x00, 0x00, 0x00, 0x00, 0x00,
    0x00, 0x00, 0x04, 0xFF, 0x00, 0x00, 0x04, 0xFF, 0x00, 0x00, 0x04, 0xFF,
    0x00, 0x00, 0x04, 0xFF, 0x00, 0x00, 0x04, 0xFF, 0x00, 0x00, 0x04, 0xFF,
    0x00, 0x00, 0x04, 0xFF, 0x00, 0x00, 0x01, 0xFF, 0xFF, 0xF8, 0x00, 0x00,
    0xFF, 0xF8, 0x00, 0x00, 0xFF, 0xF8, 0x00, 0x00, 0xFF, 0xF8, 0x00, 0x00,
    0xFF, 0xF8, 0x00, 0x00, 0xFF, 0xF9, 0x00, 0x00, 0xFF, 0xFD, 0x00, 0x00,
    0xFF, 0xFF, 0x60, 0x00, 0x00, 0x00, 0x00, 0x00, 0x00, 0x00, 0x00, 0x00,
    0x00, 0x00, 0x00, 0x00, 0x00, 0x00, 0x00, 0x00, 0x00, 0x00, 0x00, 0x00,
    0x00, 0x00, 0x00, 0x01, 0x00, 0x00, 0x00, 0x0B, 0x00, 0x00, 0x01, 0x9F,
    0x00, 0x10, 0x00, 0x00, 0x01, 0xDC, 0x30, 0x00, 0x06, 0xFF, 0x30, 0x00,
    0x0D, 0xFC, 0x00, 0x00, 0x6F, 0xF6, 0x00, 0x00, 0xEF, 0xE0, 0x00, 0x00,
    0xFF, 0x80, 0x00, 0x00, 0xFE, 0x10, 0x00, 0x00, 0x00, 0x00, 0x00, 0xDF,
    0x00, 0x00, 0x00, 0x8F, 0x00, 0x00, 0x00, 0x2F, 0x00, 0x00, 0x00, 0x06,
    0x00, 0x00, 0x00, 0x00, 0x00, 0x00, 0x00, 0x00, 0x00, 0x00, 0x00, 0x00,
    0x00, 0x00, 0x00, 0x00, 0xFF, 0xFF, 0xE5, 0x00, 0xFF, 0xFF, 0xFF, 0xD9,
    0xFF, 0xFF, 0xFF, 0xFF, 0xFF, 0xFF, 0xFF, 0xFF, 0x5E, 0xFF, 0xFF, 0xFF,
    0x01, 0x6A, 0xDF, 0xFF, 0x00, 0x00, 0x01, 0x01, 0x00, 0x00, 0x00, 0x00,
    0x00, 0x00, 0x4D, 0xFF, 0x78, 0xAD, 0xFF, 0xFF, 0xFF, 0xFF, 0xFF, 0xFA,
    0xFF, 0xFF, 0xFF, 0x80, 0xFF, 0xFF, 0xB4, 0x00, 0xDB, 0x83, 0x00, 0x00,
    0x00, 0x00, 0x00, 0x00, 0x00, 0x00, 0x00, 0x00, 0xF5, 0x00, 0x00, 0x00,
    0x90, 0x00, 0x00, 0x00, 0x00, 0x00, 0x00, 0x00, 0x00, 0x00, 0x00, 0x00,
    0x00, 0x00, 0x00, 0x00, 0x00, 0x00, 0x00, 0x00, 0x00, 0x00, 0x00, 0x00,
    0x00, 0x00, 0x00, 0x00, 0x00, 0x00, 0x00, 0x00, 0x00, 0x00, 0x00, 0x00,
    0x00, 0x00, 0x00, 0x00, 0x00, 0x00, 0x00, 0x00, 0x00, 0x00, 0x00, 0x00,
    0x00, 0x00, 0x00, 0x00, 0x00, 0x35, 0x88, 0x79, 0x00, 0xBF, 0xFF, 0xFF,
    0x00, 0x00, 0x00, 0x00, 0x00, 0x00, 0x00, 0x00, 0x00, 0x00, 0x00, 0x00,
    0x00, 0x00, 0x00, 0x00, 0x00, 0x00, 0x00, 0x00, 0x00, 0x00, 0x00, 0x10,
    0xBB, 0xBB, 0xBE, 0xFE, 0xFF, 0xFF, 0xFF, 0xFF, 0x00, 0x00, 0x00, 0x00,
    0x8C, 0x97, 0x87, 0x10, 0xBF, 0xFF, 0xFF, 0x40, 0xBF, 0xFF, 0xFF, 0x40,
    0x8F, 0xFF, 0xFF, 0x40, 0x8F, 0xFF, 0xFF, 0x74, 0xFF, 0xFF, 0xFF, 0xFF,
    0xFF, 0xFF, 0xFF, 0xFF, 0x00, 0x00, 0x00, 0x00, 0x00, 0x00, 0x00, 0x00,
    0x00, 0x00, 0x00, 0x00, 0x00, 0x00, 0x00, 0x00, 0x00, 0x00, 0x00, 0x00,
    0x44, 0x44, 0x43, 0x00, 0xFF, 0xFF, 0xFB, 0x00, 0xFF, 0xFF, 0xFB, 0x00,
    0x00, 0xBF, 0xFE, 0xBB, 0x00, 0x21, 0x00, 0x00, 0x00, 0x00, 0x00, 0x00,
    0x00, 0x00, 0x00, 0x00, 0x00, 0x00, 0x00, 0x00, 0x00, 0x00, 0x00, 0x04,
    0x00, 0x00, 0x00, 0x09, 0x00, 0x00, 0x00, 0x0C, 0xBB, 0xA7, 0x77, 0x77,
    0x00, 0x00, 0x00, 0x00, 0x00, 0x6C, 0xFF, 0xC5, 0x1C, 0xFF, 0xFF, 0xFF,
    0xBF, 0xFF, 0xFF, 0xFF, 0xFF, 0xFF, 0xE3, 0x07, 0xFF, 0xFF, 0x60, 0x00,
    0xFF, 0xFF, 0x20, 0x00, 0xCF, 0xFF, 0xFF, 0x74, 0x8F, 0xFF, 0xFF, 0x40,
    0x8F, 0xFF, 0xFF, 0x70, 0xFF, 0xFF, 0xFF, 0x80, 0xFF, 0xFF, 0xFF, 0x80,
    0xFF, 0xFF, 0xFF, 0x80, 0xBF, 0xFF, 0xFF, 0x80, 0x6F, 0xFF, 0xFF, 0x80,
    0x44, 0x44, 0x43, 0x00, 0x00, 0x00, 0x00, 0x00, 0x00, 0x00, 0x00, 0x00,
    0x00, 0x00, 0x00, 0x00, 0x00, 0x00, 0x00, 0x00, 0x00, 0x00, 0x00, 0x00,
    0x00, 0x00, 0x00, 0x00, 0x00, 0x00, 0x00, 0x00, 0x00, 0x00, 0x00, 0x0F,
    0x00, 0x00, 0x00, 0x0F, 0x00, 0x00, 0x00, 0x0E, 0x00, 0x00, 0x00, 0x0B,
    0x00, 0x00, 0x00, 0x08, 0x00, 0x00, 0x00, 0x02, 0x00, 0x00, 0x00, 0x00,
    0x00, 0x00, 0x00, 0x00, 0xFF, 0xFF, 0x00, 0x00, 0xFF, 0xFF, 0x00, 0x00,
    0xFF, 0xFF, 0x30, 0x00, 0xFF, 0xFF, 0xA0, 0x01, 0xFF, 0xFF, 0xFA, 0x7D,
    0xEF, 0xFF, 0xFF, 0xFF, 0x6F, 0xFF, 0xFF, 0xFE, 0x03, 0xAE, 0xFC, 0x82,
    0x4F, 0xFF, 0xFF, 0x80, 0x4F, 0xFF, 0xFF, 0x80, 0x8F, 0xFF, 0xFF, 0x80,
    0xDF, 0xFF, 0xFF, 0x70, 0xFF, 0xFF, 0xFF, 0x40, 0xFF, 0xFF, 0xFF, 0x10,
    0xCF, 0xFF, 0xFB, 0x00, 0xCF, 0xFF, 0xF6, 0x00, 0x00, 0x00, 0x00, 0x00,
    0x00, 0x00, 0x00, 0x00, 0x00, 0x00, 0x00, 0x00, 0x00, 0x00, 0x00, 0x00,
    0x00, 0x00, 0x00, 0x00, 0x00, 0x00, 0x00, 0x00, 0x00, 0x00, 0x00, 0x00,
    0x00, 0x00, 0x00, 0x00, 0x00, 0x00, 0x00, 0x00, 0x00, 0x00, 0x00, 0x00,
    0x00, 0x00, 0x00, 0x00, 0x00, 0x00, 0x00, 0x00, 0x00, 0x00, 0x00, 0x00,
    0x00, 0x00, 0x00, 0x00, 0x00, 0x00, 0x00, 0x00, 0x00, 0x00, 0x00, 0x00,
    0x00, 0x00, 0x10, 0x05, 0x00, 0x00, 0x00, 0x3E, 0x00, 0x00, 0x05, 0xEF,
    0x00, 0x03, 0xAF, 0xFF, 0x38, 0xCF, 0xFF, 0xFF, 0x8F, 0xFF, 0xFF, 0xA4,
    0x1D, 0xC8, 0x51, 0x00, 0x00, 0x00, 0x00, 0x00, 0xFF, 0xFF, 0xD0, 0x00,
    0xFF, 0xFF, 0x30, 0x00, 0xFF, 0xF6, 0x00, 0x00, 0xFE, 0x60, 0x00, 0x00,
    0xB2, 0x00, 0x00, 0x00, 0x00, 0x00, 0x00, 0x00, 0x00, 0x00, 0x00, 0x00,
    0x00, 0x00, 0x00, 0x00, 0x00, 0x00, 0x00, 0x00, 0x00, 0x00, 0x00, 0x00,
    0x00, 0x00, 0x00, 0x00, 0x00, 0x00, 0x00, 0x00, 0x00, 0x00, 0x00, 0x00,
    0x00, 0x00, 0x00, 0x00, 0x00, 0x00, 0x00, 0x00, 0x00, 0x00, 0x00, 0x00,
    0x00, 0x00, 0x00, 0x00, 0x00, 0x00, 0x00, 0x00, 0x00, 0x00, 0x00, 0x00,
    0x00, 0x00, 0x00, 0x00, 0x00, 0x00, 0x00, 0x00, 0x00, 0x00, 0x00, 0x00,
    0x00, 0x02, 0x44, 0x46, 0x00, 0xEF, 0xFF, 0xFF, 0x00, 0x00, 0x00, 0x00,
    0x00, 0x00, 0x00, 0x00, 0x00, 0x00, 0x00, 0x00, 0x00, 0x00, 0x00, 0x00,
    0x00, 0x00, 0x00, 0x00, 0x00, 0x00, 0x00, 0x00, 0x88, 0x87, 0x8B, 0xBB,
    0xFF, 0xFF, 0xFF, 0xFF, 0x00, 0x00, 0x00, 0x00, 0x78, 0x54, 0x42, 0x00,
    0xFF, 0xFF, 0xFE, 0x00, 0xFF, 0xFF, 0xFF, 0x00, 0xCF, 0xFF, 0xFF, 0x00,
    0xBF, 0xFF, 0xFF, 0x10, 0xEF, 0xFF, 0xFF, 0xFF, 0xFF, 0xFF, 0xFF, 0xFF,
    0x07, 0x32, 0xDD, 0x10, 0x8F, 0xC2, 0xDF, 0xC0, 0x2E, 0xF8, 0x4F, 0xF9,
    0x08, 0xFF, 0x4C, 0xFD, 0x02, 0xFF, 0xB5, 0x71, 0x01, 0xB9, 0x30, 0x00,
    0xFF, 0xFE, 0xF7, 0x00, 0xFF, 0xFF, 0xF8, 0x00, 0x00, 0xFF, 0xFF, 0xFF,
    0x00, 0x54, 0x42, 0x00, 0x00, 0x00, 0x00, 0x00, 0x00, 0x00, 0x00, 0x00,
    0x00, 0x00, 0x00, 0x00, 0x00, 0x00, 0x00, 0x06, 0x00, 0x00, 0x00, 0x0C,
    0x00, 0x00, 0x00, 0x1F, 0xFF, 0xDB, 0xBB, 0xBB, 0x00, 0x00, 0x00, 0x00,
    0x00, 0x49, 0xBB, 0x71, 0x1B, 0xFF, 0xFF, 0xFD, 0xCF, 0xFF, 0xFF, 0xFF,
    0xFF, 0xFF, 0xE5, 0x4C, 0xFF, 0xFF, 0x40, 0x02, 0xFF, 0xFE, 0x00, 0x00,
    0xDF, 0xFF, 0xFF, 0x87, 0x8F, 0xFF, 0xFF, 0x00, 0x7F, 0xFF, 0xFF, 0x20,
    0xCF, 0xFF, 0xFF, 0x40, 0xFF, 0xFF, 0xFF, 0x40, 0xFF, 0xFF, 0xFF, 0x40,
    0xFF, 0xFF, 0xFF, 0x40, 0xAF, 0xFF, 0xFF, 0x40, 0x88, 0x88, 0x84, 0x00,
    0x00, 0x00, 0x00, 0x00, 0x00, 0x00, 0x00, 0x00, 0x00, 0x00, 0x00, 0x00,
    0x00, 0x00, 0x00, 0x00, 0x00, 0x00, 0x00, 0x00, 0x00, 0x00, 0x00, 0x00,
    0x00, 0x00, 0x00, 0x00, 0x00, 0x00, 0x00, 0x4F, 0x00, 0x00, 0x00, 0x4F,
    0x00, 0x00, 0x00, 0x4F, 0x00, 0x00, 0x00, 0x1F, 0x00, 0x00, 0x00, 0x0D,
    0x00, 0x00, 0x00, 0x07, 0x00, 0x00, 0x00, 0x00, 0x00, 0x00, 0x00, 0x00,
    0xFF, 0xFB, 0x00, 0x00, 0xFF, 0xFB, 0x00, 0x00, 0xFF, 0xFD, 0x00, 0x00,
    0xFF, 0xFF, 0x40, 0x01, 0xFF, 0xFF, 0xE5, 0x4C, 0xFF, 0xFF, 0xFF, 0xFF,
    0xCF, 0xFF, 0xFF, 0xFF, 0x19, 0xFF, 0xFF, 0xA4, 0x8F, 0xFF, 0xFF, 0x40,
    0x8F, 0xFF, 0xFF, 0x40, 0xAF, 0xFF, 0xFF, 0x40, 0xEF, 0xFF, 0xFF, 0x40,
    0xFF, 0xFF, 0xFF, 0x10, 0xFF, 0xFF, 0xFD, 0x00, 0xDF, 0xFF, 0xF9, 0x00,
    0xCF, 0xFF, 0xF4, 0x00, 0x00, 0x00, 0x00, 0x00, 0x00, 0x00, 0x00, 0x00,
    0x00, 0x00, 0x00, 0x00, 0x00, 0x00, 0x00, 0x00, 0x00, 0x00, 0x00, 0x00,
    0x00, 0x00, 0x00, 0x00, 0x00, 0x00, 0x00, 0x00, 0x00, 0x00, 0x00, 0x00,
    0x00, 0x00, 0x00, 0x00, 0x00, 0x00, 0x00, 0x00, 0x00, 0x00, 0x00, 0x00,
    0x00, 0x00, 0x00, 0x00, 0x00, 0x00, 0x00, 0x00, 0x00, 0x00, 0x00, 0x00,
    0x00, 0x00, 0x00, 0x00, 0x00, 0x00, 0x00, 0x00, 0x00, 0x14, 0x41, 0x05,
    0x00, 0x00, 0x00, 0x3E, 0x00, 0x00, 0x04, 0xEF, 0x00, 0x01, 0x9F, 0xFF,
    0x25, 0x9F, 0xFF, 0xFF, 0xCF, 0xFF, 0xFF, 0xD6, 0x6F, 0xEB, 0x83, 0x00,
    0x03, 0x00, 0x00, 0x00, 0xFF, 0xFF, 0xB0, 0x00, 0xFF, 0xFE, 0x30, 0x00,
    0xFF, 0xF6, 0x00, 0x00, 0xFF, 0x60, 0x00, 0x00, 0xC3, 0x00, 0x00, 0x00,
    0x00, 0x00, 0x00, 0x00, 0x00, 0x00, 0x00, 0x00, 0x00, 0x00, 0x00, 0x00,
    0x00, 0x00, 0x00, 0x00, 0x00, 0x00, 0x00, 0x00, 0x00, 0x00, 0x00, 0x00,
    0x00, 0x00, 0x00, 0x00, 0x00, 0x00, 0x00, 0x00, 0x00, 0x00, 0x00, 0x00,
    0x00, 0x00, 0x00, 0x00, 0x00, 0x00, 0x00, 0x00, 0x00, 0x00, 0x00, 0x00,
    0x00, 0x00, 0x00, 0x00, 0x00, 0x00, 0x00, 0x00, 0x00, 0x00, 0x00, 0x3B,
    0x00, 0x00, 0x00, 0x4F, 0x00, 0x00, 0x00, 0x4F, 0x00, 0x00, 0x00, 0x4F,
    0x00, 0x00, 0x00, 0x4F, 0x00, 0x00, 0x00, 0x00, 0x00, 0x00, 0x00, 0x00,
    0x00, 0x00, 0x00, 0x00, 0xBB, 0xBC, 0x60, 0x00, 0xFF, 0xFF, 0x80, 0x00,
    0xFF, 0xFF, 0x80, 0x00, 0xFF, 0xFF, 0x80, 0x00, 0xFF, 0xFF, 0x80, 0x00,
    0x00, 0x00, 0x00, 0x00, 0x00, 0x00, 0x00, 0x00, 0x00, 0x0B, 0xDB, 0xBB,
    0x00, 0x0B, 0xFF, 0xFF, 0x00, 0x0B, 0xFF, 0xFF, 0x00, 0x0B, 0xFF, 0xFF,
    0x00, 0x0B, 0xFF, 0xFF, 0x00, 0x0B, 0xFF, 0xFF, 0x00, 0x00, 0x00, 0x00,
    0x00, 0x00, 0x00, 0x00, 0x60, 0x00, 0x00, 0x00, 0xB0, 0x00, 0x00, 0x00,
    0xB0, 0x00, 0x00, 0x00, 0xB0, 0x00, 0x00, 0x00, 0xB0, 0x00, 0x00, 0x00,
    0xB0, 0x00, 0x00, 0x00, 0x00, 0x00, 0x00, 0x4F, 0x00, 0x00, 0x00, 0x4F,
    0x00, 0x34, 0x44, 0x7F, 0x00, 0xEF, 0xFF, 0xFF, 0x00, 0xFF, 0xFF, 0xFF,
    0x00, 0x78, 0x53, 0x7F, 0x00, 0x00, 0x00, 0x4F, 0x00, 0x00, 0x00, 0x4F,
    0xFF, 0xFF, 0x80, 0x00, 0xFF, 0xFF, 0x80, 0x00, 0xFF, 0xFF, 0xA5, 0x88,
    0xFF, 0xFF, 0xFF, 0xFF, 0xFF, 0xFF, 0xFF, 0xEF, 0xFF, 0xFF, 0xA1, 0x00,
    0xFF, 0xFF, 0x80, 0x00, 0xFF, 0xFF, 0x80, 0x00, 0x00, 0x0B, 0xFF, 0xFF,
    0x00, 0x0B, 0xFF, 0xFF, 0x87, 0x7D, 0xFF, 0xFF, 0xFF, 0xFF, 0xFF, 0xFF,
    0xFF, 0xFF, 0xFF, 0xFF, 0x00, 0x0B, 0xFF, 0xFF, 0x00, 0x0B, 0xFF, 0xFF,
    0x00, 0x0B, 0xFF, 0xFF, 0xB0, 0x00, 0x00, 0x00, 0xB0, 0x00, 0x00, 0x00,
    0xD7, 0x78, 0x85, 0x00, 0xFF, 0xFF, 0xFB, 0x00, 0xFF, 0xFF, 0xFA, 0x00,
    0xB0, 0x00, 0x10, 0x00, 0xB0, 0x00, 0x00, 0x00, 0xB0, 0x00, 0x00, 0x00,
    0x00, 0x00, 0x00, 0x4F, 0x00, 0x00, 0x00, 0x4F, 0x00, 0x00, 0x00, 0x4F,
    0x00, 0x00, 0x00, 0x4F, 0x00, 0x00, 0x00, 0x4F, 0x00, 0x00, 0x00, 0x4F,
    0x00, 0x00, 0x00, 0x3F, 0x00, 0x00, 0x00, 0x0F, 0xFF, 0xFF, 0x80, 0x00,
    0xFF, 0xFF, 0x80, 0x00, 0xFF, 0xFF, 0x80, 0x00, 0xFF, 0xFF, 0x80, 0x02,
    0xFF, 0xFF, 0x80, 0x04, 0xFF, 0xFF, 0x80, 0x04, 0xFF, 0xFF, 0xB0, 0x02,
    0xFF, 0xFF, 0xD0, 0x00, 0x00, 0x0B, 0xFF, 0xFF, 0x00, 0x0B, 0xFF, 0xFF,
    0x00, 0x0D, 0xFF, 0xFF, 0x44, 0x8F, 0xFF, 0xFF, 0xFF, 0xFF, 0xFF, 0xFF,
    0xFF, 0xFF, 0xFF, 0xE6, 0x88, 0x88, 0x86, 0x10, 0x00, 0x00, 0x00, 0x00,
    0xB0, 0x00, 0x00, 0x00, 0xB0, 0x00, 0x00, 0x00, 0xB0, 0x00, 0x00, 0x00,
    0x80, 0x00, 0x00, 0x00, 0x20, 0x00, 0x00, 0x00, 0x00, 0x00, 0x00, 0x00,
    0x00, 0x00, 0x00, 0x00, 0x00, 0x00, 0x00, 0x00, 0x00, 0x00, 0x00, 0x0C,
    0x00, 0x00, 0x00, 0x07, 0x00, 0x00, 0x00, 0x01, 0x00, 0x00, 0x00, 0x00,
    0x00, 0x00, 0x00, 0x00, 0x00, 0x00, 0x00, 0x00, 0x00, 0x00, 0x00, 0x00,
    0x00, 0x00, 0x00, 0x00, 0xFF, 0xFF, 0xF4, 0x00, 0xFF, 0xFF, 0xFE, 0x30,
    0xEF, 0xFF, 0xFF, 0xF8, 0x3E, 0xFF, 0xFF, 0xFF, 0x02, 0x9E, 0xFF, 0xFF,
    0x00, 0x00, 0x45, 0x88, 0x00, 0x00, 0x00, 0x00, 0x00, 0x00, 0x00, 0x00,
    0x00, 0x00, 0x00, 0x00, 0x00, 0x00, 0x00, 0x00, 0x41, 0x00, 0x00, 0x34,
    0xFF, 0xEF, 0xFF, 0xFF, 0xFF, 0xFF, 0xFF, 0xFF, 0x88, 0x88, 0x88, 0x88,
    0x00, 0x00, 0x00, 0x00, 0x00, 0x00, 0x00, 0x00, 0x00, 0x00, 0x00, 0x00,
    0x00, 0x00, 0x00, 0x00, 0x45, 0x50, 0x00, 0x00, 0xFF, 0xB0, 0x00, 0x00,
    0xFF, 0xB0, 0x00, 0x00, 0x88, 0x50, 0x00, 0x00, 0x00, 0x00, 0x00, 0x00,
    0x00, 0x00, 0x00, 0x00, 0x00, 0x00, 0x00, 0x00, 0x00, 0x00, 0x00, 0x00,
    0x00, 0x00, 0x00, 0x01, 0x00, 0x00, 0x00, 0xAF, 0x00, 0x00, 0x00, 0xBF,
    0x00, 0x00, 0x00, 0xBF, 0x00, 0x00, 0x00, 0xBF, 0x00, 0x00, 0x00, 0xBF,
    0x00, 0x00, 0x00, 0x00, 0x00, 0x00, 0x00, 0x00, 0x10, 0x00, 0x00, 0x00,
    0xFE, 0xBB, 0x30, 0x00, 0xFF, 0xFF, 0x40, 0x00, 0xFF, 0xFF, 0x40, 0x00,
    0xFF, 0xFF, 0x20, 0x00, 0xFF, 0xFF, 0x00, 0x00, 0x00, 0x00, 0x00, 0x00,
    0x00, 0x00, 0x00, 0x00, 0x00, 0x5D, 0xBB, 0xA7, 0x00, 0x4F, 0xFF, 0xFF,
    0x00, 0x4F, 0xFF, 0xFF, 0x00, 0x4F, 0xFF, 0xFF, 0x00, 0x4F, 0xFF, 0xFF,
    0x00, 0x4F, 0xFF, 0xFF, 0x00, 0x00, 0x00, 0x00, 0x00, 0x00, 0x01, 0x00,
    0x23, 0x30, 0xBE, 0x30, 0x9F, 0xE2, 0xAF, 0xE1, 0x5C, 0xFA, 0x2F, 0xFA,
    0x35, 0xFF, 0x5A, 0xFE, 0x41, 0xFF, 0xC4, 0x71, 0x40, 0xBA, 0x40, 0x00,
    0x00, 0x00, 0x00, 0xBF, 0x00, 0x00, 0x00, 0xBF, 0x00, 0x00, 0x00, 0xBF,
    0x05, 0xCB, 0xBB, 0xEF, 0x08, 0xFF, 0xFF, 0xFF, 0x05, 0xCB, 0x87, 0xDF,
    0x00, 0x00, 0x00, 0xBF, 0x00, 0x00, 0x00, 0xBF, 0xFF, 0xFF, 0x00, 0x00,
    0xFF, 0xFF, 0x00, 0x00, 0xFF, 0xFF, 0x54, 0x44, 0xFF, 0xFF, 0xFF, 0xFF,
    0xFF, 0xFF, 0xFF, 0xFF, 0xFF, 0xFF, 0x54, 0x44, 0xFF, 0xFF, 0x00, 0x00,
    0xFF, 0xFF, 0x00, 0x00, 0x00, 0x4F, 0xFF, 0xFF, 0x00, 0x4F, 0xFF, 0xFF,
    0x44, 0x7F, 0xFF, 0xFF, 0xFF, 0xFF, 0xFF, 0xFF, 0xFF, 0xFF, 0xFF, 0xFF,
    0x40, 0x5F, 0xFF, 0xFF, 0x00, 0x4F, 0xFF, 0xFF, 0x00, 0x4F, 0xFF, 0xFF,
    0x40, 0x00, 0x00, 0x00, 0x40, 0x00, 0x00, 0x00, 0xA7, 0x88, 0x50, 0x00,
    0xFF, 0xFF, 0xB0, 0x00, 0xFE, 0xFF, 0xA0, 0x00, 0x50, 0x01, 0x00, 0x00,
    0x40, 0x00, 0x00, 0x00, 0x40, 0x00, 0x00, 0x00, 0x00, 0x00, 0x00, 0xBF,
    0x00, 0x00, 0x00, 0xBF, 0x00, 0x00, 0x00, 0xBF, 0x00, 0x00, 0x00, 0xBF,
    0x00, 0x00, 0x00, 0xBF, 0x00, 0x00, 0x00, 0xBF, 0x00, 0x00, 0x00, 0xBF,
    0x00, 0x00, 0x00, 0x9F, 0xFF, 0xFF, 0x00, 0x00, 0xFF, 0xFF, 0x00, 0x00,
    0xFF, 0xFF, 0x00, 0x00, 0xFF, 0xFF, 0x00, 0x00, 0xFF, 0xFF, 0x00, 0x0D,
    0xFF, 0xFF, 0x00, 0x0B, 0xFF, 0xFF, 0x00, 0x08, 0xFF, 0xFF, 0x10, 0x00,
    0x00, 0x4F, 0xFF, 0xFF, 0x00, 0x4F, 0xFF, 0xFF, 0x00, 0x5F, 0xFF, 0xFF,
    0x01, 0xBF, 0xFF, 0xFF, 0xFF, 0xFF, 0xFF, 0xFB, 0xFF, 0xFF, 0xFF, 0xE3,
    0xCB, 0xBB, 0xB7, 0x10, 0x00, 0x00, 0x00, 0x00, 0x40, 0x00, 0x00, 0x00,
    0x40, 0x00, 0x00, 0x00, 0x40, 0x00, 0x00, 0x00, 0x10, 0x00, 0x00, 0x00,
    0x00, 0x00, 0x00, 0x00, 0x00, 0x00, 0x00, 0x00, 0x00, 0x00, 0x00, 0x00,
    0x00, 0x00, 0x00, 0x00, 0x00, 0x00, 0x00, 0x7F, 0x00, 0x00, 0x00, 0x3F,
    0x00, 0x00, 0x00, 0x0B, 0x00, 0x00, 0x00, 0x02, 0x00, 0x00, 0x00, 0x00,
    0x00, 0x00, 0x00, 0x00, 0x00, 0x00, 0x00, 0x00, 0x00, 0x00, 0x00, 0x00,
    0xFF, 0xFF, 0x60, 0x00, 0xFF, 0xFF, 0xD1, 0x00, 0xFF, 0xFF, 0xFD, 0x61,
    0xEF, 0xFF, 0xFF, 0xFF, 0x2B, 0xFF, 0xFF, 0xFF, 0x00, 0x26, 0x8B, 0xBB,
    0x00, 0x00, 0x00, 0x00, 0x00, 0x00, 0x00, 0x00, 0x00, 0x00, 0x00, 0x00,
    0x00, 0x00, 0x00, 0x00, 0x00, 0x00, 0x00, 0x00, 0xEB, 0xBB, 0xBB, 0xCF,
    0xFF, 0xFF, 0xFF, 0xFF, 0xBB, 0xBB, 0xBB, 0xBB, 0x00, 0x00, 0x00, 0x00,
    0x00, 0x00, 0x00, 0x00, 0x00, 0x00, 0x00, 0x00, 0x00, 0x00, 0x00, 0x00,
    0x02, 0x10, 0x00, 0x00, 0xFF, 0x40, 0x00, 0x00, 0xFF, 0x40, 0x00, 0x00,
    0xBB, 0x30, 0x00, 0x00, 0x00, 0x00, 0x00, 0x00, 0x00, 0x00, 0x00, 0x00,
    0x00, 0x00, 0x00, 0x00, 0x00, 0x00, 0x00, 0x20, 0x00, 0x00, 0x06, 0xFB,
    0x00, 0x00, 0x1D, 0xFF, 0x00, 0x00, 0x04, 0xFF, 0x00, 0x00, 0x00, 0x6F,
    0x00, 0x00, 0x00, 0x09, 0x00, 0x00, 0x00, 0x01, 0x00, 0x00, 0x00, 0x00,
    0x00, 0x00, 0x00, 0x00, 0x20, 0x00, 0x00, 0x00, 0xF8, 0x00, 0x00, 0x00,
    0xFF, 0xC3, 0x00, 0x00, 0xFF, 0xFE, 0x60, 0x00, 0xFF, 0xFF, 0xF8, 0x00,
    0xDF, 0xFF, 0xFF, 0x90, 0x00, 0x00, 0x00, 0x00, 0x00, 0x00, 0x66, 0x20,
    0x00, 0x00, 0xEF, 0xFC, 0x00, 0x06, 0xFF, 0xFF, 0x00, 0x0B, 0xFF, 0xFF,
    0x00, 0x2F, 0xFF, 0xFF, 0x00, 0x9F, 0xFF, 0xFF, 0x01, 0xEF, 0xFF, 0xFB,
    0x00, 0x00, 0x00, 0x00, 0x00, 0x00, 0x00, 0x00, 0x84, 0x10, 0x00, 0x00,
    0xFF, 0x60, 0x00, 0x00, 0xFB, 0x00, 0x00, 0x00, 0xE2, 0x00, 0x00, 0x00,
    0x70, 0x00, 0x00, 0x00, 0x00, 0x00, 0x00, 0x00, 0x00, 0x00, 0x00, 0x00,
    0x00, 0x00, 0x00, 0x00, 0x00, 0x00, 0x00, 0x00, 0x00, 0x00, 0x00, 0x00,
    0x00, 0x00, 0x00, 0x00, 0x00, 0x04, 0x47, 0x89, 0x00, 0x7F, 0xFF, 0xFF,
    0x00, 0x4F, 0xFF, 0xFF, 0x4F, 0xFF, 0xFE, 0x40, 0x09, 0xFF, 0xE3, 0x00,
    0x01, 0xEE, 0x30, 0x00, 0x00, 0x64, 0x00, 0x04, 0x00, 0x00, 0x03, 0x5E,
    0xBB, 0xDF, 0xFF, 0xFF, 0xFF, 0xFF, 0xFF, 0xFF, 0xCB, 0xA8, 0x76, 0x7E,
    0x09, 0xFF, 0xFF, 0xE1, 0x2F, 0xFF, 0xFF, 0x30, 0xAF, 0xFF, 0xF6, 0x00,
    0xFF, 0xFF, 0x70, 0x00, 0xFF, 0xFE, 0x88, 0xBB, 0xFF, 0xFF, 0xFF, 0xFF,
    0xFF, 0xFF, 0xFF, 0xDB, 0xFF, 0xFD, 0x72, 0x00, 0x00, 0x00, 0x00, 0x00,
    0x00, 0x00, 0x00, 0x00, 0x00, 0x00, 0x00, 0x00, 0x00, 0x01, 0x10, 0x00,
    0xBB, 0xDF, 0xF7, 0x00, 0xFF, 0xFF, 0xF8, 0x00, 0xA8, 0x88, 0x84, 0x00,
    0x00, 0x00, 0x00, 0x00, 0x00, 0x28, 0x54, 0x10, 0x00, 0x00, 0x00, 0x00,
    0x00, 0x00, 0x00, 0x00, 0x00, 0x00, 0x00, 0x00, 0x00, 0x00, 0x00, 0x00,
    0x00, 0x00, 0x00, 0x00, 0x00, 0x00, 0x00, 0x00, 0x00, 0x00, 0x00, 0x00,
    0x00, 0x00, 0x06, 0xEF, 0x00, 0x01, 0xBF, 0xFF, 0x00, 0x0C, 0xFF, 0xFE,
    0x00, 0x8F, 0xFF, 0xF7, 0x04, 0xFF, 0xFF, 0xE0, 0x09, 0xFF, 0xFF, 0xA0,
    0x0E, 0xFF, 0xFF, 0x80, 0x0F, 0xFF, 0xFF, 0x80, 0xFE, 0x70, 0x00, 0x00,
    0xE3, 0x00, 0x00, 0x00, 0x30, 0x00, 0x00, 0x00, 0x00, 0x00, 0x00, 0x00,
    0x00, 0x00, 0x00, 0x00, 0x00, 0x00, 0x00, 0x00, 0x00, 0x00, 0x00, 0x00,
    0x00, 0x00, 0x00, 0x00, 0x00, 0x00, 0x00, 0x00, 0x00, 0x00, 0x00, 0x00,
    0x00, 0x00, 0x00, 0x00, 0x00, 0x00, 0x00, 0x00, 0x00, 0x00, 0x00, 0x00,
    0x00, 0x00, 0x00, 0x00, 0x00, 0x00, 0x00, 0x00, 0x00, 0x00, 0x00, 0x00,
    0x00, 0x00, 0x00, 0x00, 0x00, 0x00, 0x00, 0x00, 0x00, 0x00, 0x00, 0x00,
    0x00, 0x00, 0x00, 0x00, 0x00, 0x00, 0x00, 0x00, 0x00, 0x00, 0x00, 0x00,
    0x00, 0x00, 0x00, 0x00, 0x00, 0x00, 0x00, 0x00, 0x0E, 0xFF, 0xFF, 0x90,
    0x0A, 0xFF, 0xFF, 0xE1, 0x04, 0xFF, 0xFF, 0xF9, 0x00, 0x7F, 0xFF, 0xFF,
    0x00, 0x06, 0xEF, 0xFF, 0x00, 0x00, 0x17, 0xDF, 0x00, 0x00, 0x00, 0x02,
    0x00, 0x00, 0x00, 0x00, 0x00, 0x00, 0x00, 0x00, 0x00, 0x00, 0x00, 0x00,
    0x00, 0x00, 0x00, 0x00, 0xB5, 0x20, 0x00, 0x02, 0xFF, 0xFE, 0xFF, 0xEF,
    0xFF, 0xFF, 0xFF, 0xFF, 0x47, 0x88, 0x88, 0x88, 0x00, 0x00, 0x00, 0x00,
    0x00, 0x00, 0x00, 0x00, 0x00, 0x00, 0x00, 0x00, 0x00, 0x00, 0x00, 0x00,
    0x41, 0x00, 0x00, 0x00, 0xF1, 0x00, 0x00, 0x00, 0xD0, 0x00, 0x00, 0x00,
    0x50, 0x00, 0x00, 0x00, 0x00, 0x00, 0x00, 0x00, 0x00, 0x00, 0x00, 0x00,
    0x00, 0x00, 0x02, 0x10, 0x00, 0x00, 0x4E, 0xD4, 0x00, 0x00, 0xAF, 0xFF,
    0x00, 0x00, 0x1E, 0xFF, 0x00, 0x00, 0x03, 0xEF, 0x00, 0x00, 0x00, 0x6F,
    0x00, 0x00, 0x00, 0x0A, 0x00, 0x00, 0x00, 0x00, 0x00, 0x00, 0x00, 0x00,
    0x00, 0x00, 0x00, 0x00, 0xA1, 0x00, 0x00, 0x00, 0xFE, 0x50, 0x00, 0x00,
    0xFF, 0xF8, 0x00, 0x00, 0xFF, 0xFF, 0xB1, 0x00, 0xFF, 0xFF, 0xFC, 0x00,
    0x00, 0x00, 0x00, 0x00, 0x00, 0x04, 0x73, 0x00, 0x00, 0x0A, 0xFF, 0xD9,
    0x00, 0x2F, 0xFF, 0xFF, 0x00, 0x7F, 0xFF, 0xFF, 0x00, 0xDF, 0xFF, 0xFF,
    0x05, 0xFF, 0xFF, 0xF9, 0x0B, 0xFF, 0xFF, 0xE1, 0x00, 0x00, 0x00, 0x00,
    0x00, 0x00, 0x00, 0x00, 0x52, 0x00, 0x00, 0x00, 0xF9, 0x00, 0x00, 0x00,
    0xD1, 0x00, 0x68, 0x00, 0x89, 0x61, 0xEF, 0x90, 0x5F, 0xF3, 0x7F, 0xF6,
    0x0B, 0xFD, 0x3D, 0xFE, 0x00, 0x00, 0x00, 0x01, 0x00, 0x00, 0x00, 0x00,
    0x00, 0x00, 0x00, 0x00, 0x00, 0x00, 0x00, 0x00, 0x00, 0x00, 0x00, 0x00,
    0x00, 0x34, 0x68, 0x8B, 0x04, 0xFF, 0xFF, 0xFF, 0x01, 0xFF, 0xFF, 0xFD,
    0xEF, 0xFF, 0xF6, 0x00, 0x6F, 0xFF, 0x60, 0x00, 0x0B, 0xF6, 0x00, 0x07,
    0x04, 0x60, 0x00, 0x1E, 0x00, 0x00, 0x24, 0xBF, 0xBD, 0xFE, 0xFF, 0xFF,
    0xFF, 0xFF, 0xFF, 0xFF, 0xBB, 0x87, 0x76, 0xCF, 0x4F, 0xFF, 0xFF, 0x40,
    0xCF, 0xFF, 0xF8, 0x00, 0xFF, 0xFF, 0x90, 0x00, 0xFF, 0xFB, 0x00, 0x00,
    0xFF, 0xF9, 0x7A, 0xBB, 0xFF, 0xFF, 0xFF, 0xFF, 0xFF, 0xFF, 0xFE, 0xBB,
    0xFF, 0xE8, 0x30, 0x00, 0x04, 0xFF, 0x97, 0xE6, 0x00, 0xDF, 0xC2, 0x10,
    0x00, 0x66, 0x00, 0x00, 0x00, 0x00, 0x00, 0x00, 0xBB, 0xEF, 0xA0, 0x00,
    0xFF, 0xFF, 0xB0, 0x00, 0x97, 0x88, 0x50, 0x00, 0x00, 0x00, 0x00, 0x00,
    0x00, 0x76, 0x42, 0x00, 0x00, 0x00, 0x00, 0x00, 0x00, 0x00, 0x00, 0x00,
    0x00, 0x00, 0x00, 0x00, 0x00, 0x00, 0x00, 0x00, 0x00, 0x00, 0x00, 0x00,
    0x00, 0x00, 0x00, 0x00, 0x00, 0x00, 0x00, 0x00, 0x00, 0x00, 0x4D, 0xFF,
    0x00, 0x08, 0xFF, 0xFF, 0x00, 0x9F, 0xFF, 0xF6, 0x05, 0xFF, 0xFF, 0xA0,
    0x1E, 0xFF, 0xFF, 0x30, 0x6F, 0xFF, 0xFE, 0x00, 0xAF, 0xFF, 0xFB, 0x00,
    0xBF, 0xFF, 0xFB, 0x00, 0xF9, 0x10, 0x00, 0x00, 0x60, 0x00, 0x00, 0x00,
    0x00, 0x00, 0x00, 0x00, 0x00, 0x00, 0x00, 0x00, 0x00, 0x00, 0x00, 0x00,
    0x00, 0x00, 0x00, 0x00, 0x00, 0x00, 0x00, 0x00, 0x00, 0x00, 0x00, 0x00,
    0x00, 0x00, 0x00, 0x00, 0x00, 0x00, 0x00, 0x00, 0x00, 0x00, 0x00, 0x00,
    0x00, 0x00, 0x00, 0x00, 0x00, 0x00, 0x00, 0x00, 0x00, 0x00, 0x00, 0x00,
    0x00, 0x00, 0x00, 0x00, 0x00, 0x00, 0x00, 0x00, 0x00, 0x00, 0x00, 0x00,
    0x00, 0x00, 0x00, 0x00, 0x00, 0x00, 0x00, 0x00, 0x00, 0x00, 0x00, 0x00,
    0x00, 0x00, 0x00, 0x00, 0x00, 0x00, 0x00, 0x00, 0x00, 0x00, 0x00, 0x00,
    0x00, 0x00, 0x00, 0x00, 0xAF, 0xFF, 0xFD, 0x00, 0x7F, 0xFF, 0xFF, 0x40,
    0x1E, 0xFF, 0xFF, 0xC1, 0x04, 0xFF, 0xFF, 0xFD, 0x00, 0x3D, 0xFF, 0xFF,
    0x00, 0x00, 0x6C, 0xFF, 0x00, 0x00, 0x00, 0x14, 0x00, 0x00, 0x00, 0x00,
    0x00, 0x00, 0x00, 0x00, 0x00, 0x00, 0x00, 0x00, 0x00, 0x00, 0x00, 0x00,
    0x73, 0x00, 0x00, 0x14, 0xFF, 0xFF, 0xFE, 0xFF, 0xFF, 0xFF, 0xFF, 0xFF,
    0x78, 0x88, 0x88, 0x87, 0x00, 0x00, 0x00, 0x00, 0x00, 0x00, 0x00, 0x00,
    0x00, 0x00, 0x00, 0x00, 0x00, 0x00, 0x00, 0x00, 0x20, 0x00, 0x00, 0x00,
    0x40, 0x00, 0x00, 0x00, 0x20, 0x00, 0x00, 0x00, 0x00, 0x00, 0x00, 0x00,
    0x00, 0x00, 0x00, 0x00, 0x00, 0x00, 0x00, 0x00, 0x00, 0x00, 0x00, 0x00,
    0x00, 0x00, 0x00, 0x00, 0x00, 0x00, 0x00, 0x00, 0x00, 0x00, 0x00, 0x00,
    0x00, 0x00, 0x00, 0x00, 0x00, 0x00, 0x00, 0x00, 0x00, 0x44, 0x44, 0x43,
    0x00, 0x00, 0x00, 0x00, 0x00, 0x42, 0x00, 0x00, 0x01, 0xFF, 0xDA, 0x85,
    0x06, 0xFF, 0xFF, 0xFC, 0x0A, 0xFF, 0xFF, 0xF6, 0x0E, 0xFF, 0xFF, 0xF1,
    0x5F, 0xFF, 0xFF, 0xA0, 0xBF, 0xFF, 0xFF, 0xDA, 0x00, 0x00, 0x00, 0x00,
    0x00, 0x00, 0x00, 0x00, 0x00, 0x00, 0x00, 0x00, 0x00, 0x00, 0x00, 0x00,
    0x00, 0x00, 0x00, 0x00, 0x00, 0x00, 0x00, 0x00, 0x01, 0x10, 0x00, 0x00,
    0xDF, 0xF7, 0x00, 0x00, 0x00, 0x00, 0x00, 0x00, 0x00, 0x00, 0x00, 0x00,
    0x00, 0x00, 0x00, 0x00, 0x00, 0x00, 0x00, 0x00, 0x00, 0x00, 0x00, 0x00,
    0x00, 0x00, 0x00, 0x00, 0x00, 0x00, 0x00, 0x00, 0x00, 0x00, 0x00, 0x00,
    0x00, 0xFF, 0xFF, 0xFF, 0x00, 0xFF, 0xFF, 0xFF, 0x00, 0x44, 0x44, 0x3A,
    0x00, 0x00, 0x00, 0x0C, 0x00, 0x00, 0x00, 0x3F, 0x00, 0x00, 0x00, 0x8F,
    0x00, 0x00, 0x00, 0xCF, 0x00, 0x00, 0x02, 0xFF, 0xFF, 0xFF, 0xFF, 0xFF,
    0xFF, 0xFF, 0xFD, 0xBB, 0xFF, 0xFF, 0xF6, 0x00, 0xFF, 0xFF, 0xF1, 0x00,
    0xFF, 0xFF, 0xC0, 0x00, 0xFF, 0xFF, 0x70, 0x00, 0xFF, 0xFF, 0x20, 0x00,
    0xFF, 0xFC, 0x00, 0x00, 0xFF, 0xF8, 0x00, 0x00, 0x87, 0x83, 0x00, 0x00,
    0x00, 0x00, 0x00, 0x00, 0x08, 0xCB, 0xBB, 0xBB, 0x0B, 0xFF, 0xFF, 0xFF,
    0x0A, 0xFF, 0xFF, 0xFF, 0x00, 0x14, 0x47, 0x9D, 0x00, 0x00, 0x00, 0x00,
    0x00, 0x00, 0x00, 0x00, 0x00, 0x00, 0x00, 0x00, 0x00, 0x00, 0x00, 0x00,
    0xB9, 0x77, 0x43, 0x00, 0xFF, 0xFF, 0xFA, 0x00, 0xFF, 0xFF, 0xF8, 0x00,
    0xFF, 0xFF, 0xF6, 0x00, 0x37, 0xCF, 0xF4, 0x00, 0x00, 0x00, 0x07, 0xFF,
    0x00, 0x00, 0x0A, 0xFF, 0x00, 0x00, 0x1F, 0xFF, 0x00, 0x00, 0x6F, 0xFF,
    0x00, 0x00, 0x9F, 0xFF, 0x00, 0x00, 0xEF, 0xFF, 0x00, 0x05, 0xFF, 0xFF,
    0x00, 0x08, 0xFF, 0xFF, 0xFF, 0xF8, 0x00, 0x00, 0xFF, 0xF3, 0x00, 0x00,
    0xFF, 0xD0, 0x00, 0x00, 0xFF, 0x90, 0x00, 0x00, 0xFF, 0x50, 0x00, 0x63,
    0xFE, 0x10, 0x04, 0xFF, 0xFA, 0x00, 0x0B, 0xFF, 0xF7, 0x00, 0x3F, 0xFC,
    0x00, 0x00, 0x00, 0x00, 0x00, 0x00, 0x00, 0x00, 0x00, 0x00, 0x00, 0x00,
    0x00, 0x00, 0x00, 0x00, 0x00, 0x00, 0x00, 0x00, 0x90, 0x00, 0x00, 0x00,
    0x30, 0x00, 0x00, 0x00, 0x00, 0x00, 0x00, 0x00, 0x00, 0x03, 0x81, 0x00,
    0x00, 0x00, 0x00, 0x00, 0x00, 0x00, 0x00, 0x00, 0x00, 0x00, 0x00, 0x00,
    0x00, 0x00, 0x00, 0x00, 0x00, 0x00, 0x00, 0x00, 0x00, 0x00, 0x00, 0x00,
    0x00, 0x00, 0x00, 0x00, 0x00, 0x0D, 0xFF, 0xFF, 0x00, 0x3F, 0xFF, 0xFF,
    0x00, 0x8F, 0xFF, 0xFF, 0x00, 0xCF, 0xFF, 0xFF, 0x00, 0x7B, 0xEF, 0xFF,
    0x00, 0x00, 0x14, 0x88, 0x00, 0x00, 0x00, 0x00, 0x00, 0x00, 0x00, 0x00,
    0xF2, 0x00, 0x7F, 0xFC, 0xD0, 0x00, 0x8F, 0xFF, 0x80, 0x00, 0x6F, 0xFF,
    0x50, 0x00, 0x1E, 0xFF, 0x10, 0x00, 0x03, 0xDF, 0x00, 0x00, 0x00, 0x05,
    0x00, 0x00, 0x00, 0x00, 0x00, 0x00, 0x00, 0x00, 0x00, 0x00, 0x00, 0x00,
    0x82, 0x00, 0x00, 0x02, 0xFF, 0xEF, 0xFF, 0xEF, 0xFF, 0xFF, 0xFF, 0xFF,
    0xFF, 0xFF, 0xFF, 0xFF, 0xAB, 0xEF, 0xFF, 0xFF, 0x00, 0x00, 0x00, 0x00,
    0x00, 0x00, 0x00, 0x00, 0x00, 0x00, 0x00, 0x00, 0x44, 0x69, 0xB1, 0x00,
    0xFF, 0xFF, 0xF0, 0x00, 0xFF, 0xFF, 0xF0, 0x00, 0xFF, 0xFF, 0xF0, 0x00,
    0xFF, 0xFE, 0xA0, 0x00, 0x00, 0x10, 0x00, 0x00, 0x00, 0x00, 0x00, 0x00,
    0x00, 0x00, 0x00, 0x00, 0x00, 0x00, 0x00, 0x00, 0x00, 0x00, 0x00, 0x00,
    0x00, 0x00, 0x00, 0x00, 0x00, 0x00, 0x00, 0x00, 0x00, 0x00, 0x00, 0x00,
    0x00, 0x00, 0x00, 0x00, 0x00, 0x34, 0x44, 0x43, 0x00, 0x00, 0x00, 0x00,
    0x00, 0x32, 0x00, 0x00, 0x00, 0xCF, 0xEB, 0x85, 0x02, 0xFF, 0xFF, 0xFE,
    0x07, 0xFF, 0xFF, 0xF9, 0x0A, 0xFF, 0xFF, 0xF5, 0x1F, 0xFF, 0xFF, 0xE0,
    0x8F, 0xFF, 0xFF, 0xEB, 0x00, 0x00, 0x00, 0x00, 0x00, 0x00, 0x00, 0x00,
    0x10, 0x00, 0x00, 0x00, 0x10, 0x00, 0x00, 0x03, 0x00, 0x00, 0x00, 0x00,
    0x00, 0x00, 0x00, 0x00, 0x00, 0x10, 0x00, 0x00, 0xCF, 0xF7, 0x00, 0x00,
    0x00, 0x04, 0x70, 0x00, 0x00, 0x2E, 0xFC, 0x30, 0x8B, 0x26, 0xFF, 0xE4,
    0xEF, 0xE2, 0x5F, 0xF8, 0x3E, 0xFE, 0x39, 0x60, 0x05, 0xFF, 0xC1, 0x00,
    0x00, 0x9D, 0x20, 0x00, 0x00, 0x11, 0x00, 0x00, 0x00, 0xBF, 0xFF, 0xFF,
    0x00, 0xBF, 0xFF, 0xFF, 0x00, 0x34, 0x44, 0x38, 0x00, 0x00, 0x00, 0x09,
    0x00, 0x00, 0x00, 0x0D, 0x00, 0x00, 0x00, 0x3F, 0x00, 0x00, 0x00, 0x8F,
    0x00, 0x00, 0x00, 0xCF, 0xFF, 0xFF, 0xFF, 0xFF, 0xFF, 0xFF, 0xFE, 0xBB,
    0xFF, 0xFF, 0xF9, 0x00, 0xFF, 0xFF, 0xF5, 0x00, 0xFF, 0xFF, 0xF1, 0x00,
    0xFF, 0xFF, 0xA0, 0x00, 0xFF, 0xFF, 0x60, 0x00, 0xFF, 0xFF, 0x10, 0x00,
    0xFF, 0xF8, 0x00, 0x00, 0x97, 0x83, 0x00, 0x00, 0x00, 0x00, 0x00, 0x00,
    0x08, 0xCB, 0xBB, 0xBB, 0x0B, 0xFF, 0xFF, 0xFF, 0x0A, 0xFF, 0xFF, 0xFF,
    0x00, 0x14, 0x47, 0xAD, 0x00, 0x00, 0x00, 0x00, 0x00, 0x00, 0x00, 0x00,
    0x00, 0x00, 0x00, 0x00, 0x00, 0x00, 0x00, 0x00, 0xB9, 0x77, 0x43, 0x00,
    0xFF, 0xFF, 0xFA, 0x00, 0xFF, 0xFF, 0xF8, 0x00, 0xFF, 0xFF, 0xF6, 0x00,
    0x37, 0xDF, 0xF4, 0x00, 0x00, 0x00, 0x02, 0xFF, 0x00, 0x00, 0x07, 0xFF,
    0x00, 0x00, 0x0B, 0xFF, 0x00, 0x00, 0x1F, 0xFF, 0x00, 0x00, 0x6F, 0xFF,
    0x00, 0x00, 0x9F, 0xFF, 0x00, 0x00, 0xEF, 0xFF, 0x00, 0x05, 0xFF, 0xFF,
    0xFF, 0xFC, 0x00, 0x00, 0xFF, 0xF7, 0x00, 0x00, 0xFF, 0xF3, 0x00, 0x00,
    0xFF, 0xD0, 0x00, 0x00, 0xFF, 0x80, 0x00, 0x33, 0xFF, 0x50, 0x01, 0xDF,
    0xFE, 0x10, 0x08, 0xFF, 0xFA, 0x00, 0x0D, 0xFF, 0x00, 0x00, 0x00, 0x00,
    0x00, 0x00, 0x00, 0x00, 0x00, 0x00, 0x00, 0x00, 0x00, 0x00, 0x00, 0x00,
    0x00, 0x00, 0x00, 0x00, 0x80, 0x00, 0x00, 0x00, 0x70, 0x00, 0x00, 0x00,
    0x20, 0x00, 0x00, 0x00, 0x00, 0x03, 0x91, 0x00, 0x00, 0x00, 0x00, 0x00,
    0x00, 0x00, 0x00, 0x00, 0x00, 0x00, 0x00, 0x00, 0x00, 0x00, 0x00, 0x00,
    0x00, 0x00, 0x00, 0x00, 0x00, 0x00, 0x00, 0x00, 0x00, 0x00, 0x00, 0x00,
    0x00, 0x08, 0xFF, 0xFF, 0x00, 0x0D, 0xFF, 0xFF, 0x00, 0x3F, 0xFF, 0xFF,
    0x00, 0x7F, 0xFF, 0xFF, 0x00, 0x8E, 0xFF, 0xFF, 0x00, 0x00, 0x37, 0xAD,
    0x00, 0x00, 0x00, 0x00, 0x00, 0x00, 0x00, 0x00, 0xF7, 0x00, 0x2F, 0xFF,
    0xF2, 0x00, 0x4F, 0xFF, 0xD0, 0x00, 0x3F, 0xFF, 0x90, 0x00, 0x0D, 0xFF,
    0x50, 0x00, 0x03, 0xEF, 0x20, 0x00, 0x00, 0x28, 0x00, 0x00, 0x00, 0x00,
    0x00, 0x00, 0x00, 0x00, 0x00, 0x00, 0x00, 0x00, 0x70, 0x00, 0x00, 0x00,
    0xFE, 0xBB, 0xBB, 0xBD, 0xFF, 0xFF, 0xFF, 0xFF, 0xFF, 0xFF, 0xFF, 0xFF,
    0xDF, 0xFF, 0xFF, 0xFF, 0x01, 0x44, 0x44, 0x44, 0x00, 0x00, 0x00, 0x00,
    0x00, 0x00, 0x00, 0x00, 0x10, 0x35, 0x80, 0x00, 0xFF, 0xFF, 0xF0, 0x00,
    0xFF, 0xFF, 0xF0, 0x00, 0xFF, 0xFF, 0xF0, 0x00, 0xFF, 0xFF, 0xE0, 0x00,
    0x44, 0x43, 0x00, 0x00, 0x00, 0x00, 0x00, 0x00, 0x00, 0x00, 0x00, 0x00,
    0x00, 0x00, 0x00, 0x00, 0x00, 0x00, 0x00, 0x00, 0x00, 0x00, 0x00, 0x00,
    0x00, 0x00, 0x00, 0x00, 0x00, 0x00, 0x00, 0x00, 0x00, 0x00, 0x00, 0x00,
    0x00, 0x05, 0xCB, 0xBB, 0x00, 0x00, 0x00, 0x00, 0x00, 0x05, 0x30, 0x00,
    0x00, 0x2F, 0xFE, 0xB9, 0x00, 0x6F, 0xFF, 0xFF, 0x00, 0x9F, 0xFF, 0xFF,
    0x00, 0xEF, 0xFF, 0xFE, 0x04, 0xFF, 0xFF, 0xFA, 0xBD, 0xFF, 0xFF, 0xFF,
    0x00, 0x00, 0x00, 0x00, 0x00, 0x00, 0x00, 0x00, 0x50, 0x00, 0x00, 0x00,
    0xA0, 0x00, 0x00, 0x00, 0x50, 0x00, 0x00, 0x00, 0x00, 0x00, 0x00, 0x00,
    0x00, 0x34, 0x44, 0x47, 0xEF, 0xFF, 0xFF, 0xFF, 0x00, 0x00, 0x00, 0x00,
    0x00, 0x00, 0x00, 0x00, 0x00, 0x00, 0x00, 0x00, 0x00, 0x00, 0x00, 0x00,
    0x00, 0x00, 0x00, 0x00, 0x00, 0x00, 0x00, 0x00, 0x89, 0x30, 0x00, 0x00,
    0xFF, 0x40, 0x00, 0x00, 0x00, 0x08, 0xFF, 0xFF, 0x00, 0x05, 0xCB, 0xBB,
    0x00, 0x00, 0x00, 0x00, 0x00, 0x00, 0x00, 0x00, 0x00, 0x00, 0x00, 0x05,
    0x00, 0x00, 0x00, 0x09, 0x00, 0x00, 0x00, 0x0E, 0x00, 0x00, 0x00, 0x6F,
    0xFF, 0xFF, 0xFF, 0xFF, 0xCF, 0xFF, 0xFF, 0xC7, 0x8F, 0xFF, 0xFF, 0x50,
    0xDF, 0xFF, 0xFD, 0x00, 0xFF, 0xFF, 0xF8, 0x00, 0xFF, 0xFF, 0xF2, 0x00,
    0xFF, 0xFF, 0xB0, 0x04, 0xFF, 0xFF, 0x88, 0xEF, 0xFF, 0xFF, 0xFF, 0xFF,
    0x87, 0x44, 0x44, 0x10, 0x00, 0x00, 0x00, 0x00, 0x00, 0x00, 0x00, 0x00,
    0x00, 0x00, 0x00, 0x00, 0x00, 0x00, 0x00, 0x00, 0x7A, 0xBB, 0xB8, 0x51,
    0xFF, 0xFF, 0xFF, 0xFF, 0xFE, 0x30, 0x00, 0x00, 0x10, 0x00, 0x00, 0x00,
    0x00, 0x00, 0x00, 0x00, 0x00, 0x00, 0x00, 0x00, 0x00, 0x00, 0x00, 0x00,
    0x00, 0x00, 0x00, 0x00, 0x00, 0x00, 0x00, 0x00, 0x91, 0x00, 0x00, 0x00,
    0x00, 0x00, 0x00, 0xAF, 0x00, 0x00, 0x02, 0xFF, 0x00, 0x00, 0x08, 0xFF,
    0x00, 0x00, 0x1E, 0xFF, 0x00, 0x00, 0x2D, 0xFF, 0x00, 0x00, 0x00, 0x4A,
    0x00, 0x00, 0x00, 0x00, 0x00, 0x00, 0x00, 0x00, 0xFF, 0xFF, 0xFF, 0xFF,
    0xFF, 0xFF, 0xFF, 0xA5, 0xFF, 0xFF, 0xA2, 0x00, 0xFF, 0xF9, 0x00, 0x00,
    0xFF, 0x90, 0x00, 0x00, 0xFD, 0x10, 0x00, 0x00, 0x23, 0x00, 0x00, 0x00,
    0x00, 0x00, 0x00, 0x00, 0xFF, 0xFF, 0xFF, 0xFF, 0x44, 0x6A, 0xFF, 0xFF,
    0x00, 0x00, 0x3D, 0xFF, 0x00, 0x00, 0x03, 0xFF, 0x00, 0x00, 0x00, 0xAF,
    0x00, 0x00, 0x00, 0x8F, 0x00, 0x00, 0x00, 0x8F, 0x00, 0x00, 0x00, 0xBF,
    0xFE, 0x30, 0x00, 0x00, 0xFF, 0xE3, 0x00, 0x00, 0xFF, 0xFB, 0x00, 0x00,
    0xFF, 0xFF, 0x30, 0x00, 0xFF, 0xFF, 0x70, 0x00, 0xFF, 0xFF, 0x80, 0x00,
    0xFF, 0xFF, 0x70, 0x00, 0xFF, 0xFF, 0x40, 0x00, 0x00, 0x00, 0x00, 0x00,
    0x00, 0x00, 0x00, 0x00, 0x00, 0x00, 0x00, 0x00, 0x00, 0x00, 0x00, 0x00,
    0x00, 0x00, 0x00, 0x00, 0x00, 0x00, 0x00, 0x00, 0x00, 0x00, 0x00, 0x00,
    0x00, 0x00, 0x00, 0x00, 0x00, 0x00, 0x00, 0x00, 0x00, 0x00, 0x00, 0x00,
    0x00, 0x00, 0x00, 0x00, 0x04, 0x97, 0x88, 0x79, 0x03, 0xFF, 0xFF, 0xFF,
    0x00, 0xDF, 0xFF, 0xFF, 0x00, 0x01, 0x00, 0x00, 0x00, 0x00, 0x00, 0x00,
    0x00, 0x00, 0x03, 0xFF, 0x00, 0x00, 0x3E, 0xFF, 0x00, 0x39, 0xFF, 0xFF,
    0xBD, 0xFF, 0xFF, 0xFF, 0xFF, 0xFF, 0xFF, 0xFC, 0xFF, 0xCB, 0x96, 0x20,
    0x00, 0x00, 0x00, 0x00, 0x00, 0x00, 0x00, 0x00, 0xFF, 0xFE, 0x00, 0x00,
    0xFF, 0xF7, 0x00, 0x00, 0xFF, 0xC0, 0x00, 0x00, 0xFA, 0x10, 0x00, 0x00,
    0x60, 0x00, 0x00, 0x00, 0x00, 0x00, 0x00, 0x00, 0x00, 0x00, 0x00, 0x00,
    0x00, 0x00, 0x00, 0x00, 0x00, 0x00, 0x00, 0x00, 0x00, 0x00, 0x00, 0x00,
    0x00, 0x00, 0x00, 0x00, 0x00, 0x00, 0x00, 0x00, 0x00, 0x00, 0x00, 0x00,
    0x00, 0x00, 0x00, 0x00, 0x00, 0x00, 0x00, 0x00, 0x00, 0x05, 0x88, 0x88,
    0x00, 0x00, 0x00, 0x00, 0x00, 0x12, 0x00, 0x00, 0x00, 0x5F, 0xDA, 0x74,
    0x00, 0x8F, 0xFF, 0xFF, 0x00, 0xCF, 0xFF, 0xFF, 0x02, 0xFF, 0xFF, 0xFC,
    0x07, 0xFF, 0xFF, 0xF7, 0x7C, 0xFF, 0xFF, 0xFC, 0x00, 0x00, 0x00, 0x00,
    0x00, 0x00, 0x00, 0x00, 0x20, 0x00, 0x00, 0x00, 0x70, 0x00, 0x00, 0x00,
    0x20, 0x00, 0x00, 0x00, 0x00, 0x00, 0x00, 0x00, 0x00, 0x01, 0x00, 0x14,
    0xBB, 0xEF, 0xFF, 0xFF, 0x00, 0x03, 0xB6, 0x00, 0x15, 0x08, 0xFF, 0x80,
    0xAF, 0xB1, 0xAF, 0xF8, 0x4F, 0xFA, 0x1D, 0xFB, 0x08, 0xFF, 0x96, 0x70,
    0x00, 0xCF, 0xC1, 0x00, 0x45, 0x58, 0x00, 0x00, 0xFE, 0x10, 0x00, 0x00,
    0x00, 0x0B, 0xFF, 0xFF, 0x00, 0x0A, 0xFF, 0xFE, 0x00, 0x00, 0x10, 0x00,
    0x00, 0x00, 0x00, 0x01, 0x00, 0x00, 0x00, 0x07, 0x00, 0x00, 0x00, 0x0C,
    0x00, 0x00, 0x00, 0x2F, 0x00, 0x00, 0x00, 0x8F, 0xFF, 0xFF, 0xFF, 0xFF,
    0xFF, 0xFF, 0xFF, 0xCB, 0xBF, 0xFF, 0xFF, 0x20, 0xFF, 0xFF, 0xFB, 0x00,
    0xFF, 0xFF, 0xF6, 0x00, 0xFF, 0xFF, 0xE1, 0x00, 0xFF, 0xFF, 0x90, 0x01,
    0xFF, 0xFF, 0x56, 0xCF, 0xFF, 0xFF, 0xFF, 0xFF, 0xB9, 0x78, 0x87, 0x44,
    0x00, 0x00, 0x00, 0x00, 0x00, 0x00, 0x00, 0x00, 0x00, 0x00, 0x00, 0x00,
    0x00, 0x00, 0x00, 0x00, 0x47, 0x88, 0x74, 0x10, 0xFF, 0xFF, 0xFF, 0xFA,
    0xFE, 0x00, 0x00, 0x00, 0x42, 0x00, 0x00, 0x00, 0x00, 0x00, 0x00, 0x00,
    0x00, 0x00, 0x00, 0x00, 0x00, 0x00, 0x00, 0x00, 0x00, 0x00, 0x00, 0x00,
    0x00, 0x00, 0x00, 0x00, 0x40, 0x00, 0x00, 0x00, 0x00, 0x00, 0x00, 0xDF,
    0x00, 0x00, 0x04, 0xFF, 0x00, 0x00, 0x09, 0xFF, 0x00, 0x00, 0x2F, 0xFF,
    0x00, 0x00, 0x6F, 0xFF, 0x00, 0x00, 0x03, 0x9E, 0x00, 0x00, 0x00, 0x01,
    0x00, 0x00, 0x00, 0x00, 0xFF, 0xFF, 0xEF, 0xFF, 0xFF, 0xFF, 0xFF, 0xC8,
    0xFF, 0xFF, 0xB4, 0x00, 0xFF, 0xF9, 0x00, 0x00, 0xFF, 0x90, 0x00, 0x00,
    0xFC, 0x00, 0x00, 0x00, 0x64, 0x00, 0x00, 0x00, 0x00, 0x00, 0x00, 0x00,
    0xFF, 0xFF, 0xFF, 0xFF, 0x78, 0xBF, 0xFF, 0xFF, 0x00, 0x01, 0x9F, 0xFF,
    0x00, 0x00, 0x09, 0xFF, 0x00, 0x00, 0x01, 0xFF, 0x00, 0x00, 0x00, 0xBF,
    0x00, 0x00, 0x00, 0xBF, 0x00, 0x00, 0x00, 0xDF, 0xF8, 0x00, 0x00, 0x00,
    0xFF, 0x90, 0x00, 0x00, 0xFF, 0xF6, 0x00, 0x00, 0xFF, 0xFD, 0x00, 0x00,
    0xFF, 0xFF, 0x20, 0x00, 0xFF, 0xFF, 0x40, 0x00, 0xFF, 0xFF, 0x40, 0x00,
    0xFF, 0xFF, 0x10, 0x00, 0x00, 0x00, 0x00, 0x00, 0x00, 0x00, 0x00, 0x00,
    0x00, 0x00, 0x00, 0x00, 0x00, 0x00, 0x00, 0x00, 0x00, 0x00, 0x00, 0x00,
    0x00, 0x00, 0x00, 0x00, 0x00, 0x00, 0x00, 0x00, 0x00, 0x00, 0x00, 0x00,
    0x00, 0x00, 0x00, 0x00, 0x00, 0x00, 0x00, 0x00, 0x00, 0x00, 0x00, 0x00,
    0x05, 0x54, 0x44, 0x45, 0x08, 0xFF, 0xFF, 0xFF, 0x04, 0xFF, 0xFF, 0xFF,
    0x00, 0x44, 0x44, 0x44, 0x00, 0x00, 0x00, 0x00, 0x00, 0x00, 0x04, 0xFF,
    0x00, 0x00, 0x3D, 0xFF, 0x00, 0x17, 0xEF, 0xFF, 0x7A, 0xFF, 0xFF, 0xFF,
    0xFF, 0xFF, 0xFF, 0xFE, 0xFF, 0xFF, 0xC8, 0x50, 0x44, 0x10, 0x00, 0x00,
    0x00, 0x00, 0x00, 0x00, 0xFF, 0xFC, 0x00, 0x00, 0xFF, 0xF6, 0x00, 0x00,
    0xFF, 0xB0, 0x00, 0x00, 0xFB, 0x10, 0x00, 0x00, 0x70, 0x00, 0x00, 0x00,
    0x00, 0x00, 0x00, 0x00, 0x00, 0x00, 0x00, 0x00, 0x00, 0x00, 0x00, 0x00,
    0x00, 0x00, 0x00, 0x00, 0x00, 0x00, 0x00, 0x00, 0x00, 0x00, 0x00, 0x00,
    0x00, 0x00, 0x00, 0x00, 0x00, 0x00, 0x00, 0x00, 0x00, 0x00, 0x00, 0x00,
    0x00, 0x00, 0x00, 0x00, 0x00, 0x00, 0x00, 0x00, 0x00, 0x00, 0x00, 0x00,
    0x00, 0x00, 0x00, 0x00, 0x00, 0x00, 0x00, 0x00, 0x00, 0x00, 0x00, 0x00,
    0x00, 0x00, 0x00, 0x00, 0x00, 0x00, 0x00, 0x00, 0x00, 0x00, 0x00, 0x00,
    0x00, 0x00, 0x00, 0x00, 0x00, 0x00, 0x00, 0x00, 0x00, 0x00, 0x00, 0x00,
    0x00, 0x00, 0x00, 0x00, 0x00, 0x00, 0x00, 0x00, 0x00, 0x00, 0x00, 0x00,
    0x00, 0x00, 0x00, 0x00, 0x00, 0x00, 0x00, 0x00, 0x00, 0x00, 0x00, 0x00,
    0x00, 0x00, 0x00, 0x00, 0x00, 0x00, 0x00, 0x00, 0x00, 0x00, 0x00, 0x00,
    0x00, 0x00, 0x00, 0x00, 0x00, 0x00, 0x00, 0x00, 0x00, 0x00, 0x00, 0x00,
    0x00, 0x00, 0x00, 0x00, 0x00, 0x00, 0x00, 0x00, 0x00, 0x00, 0x00, 0x00,
    0x00, 0x00, 0x00, 0x00, 0x00, 0x00, 0x00, 0x00, 0x00, 0x00, 0x00, 0x00,
    0x00, 0x00, 0x00, 0x14, 0x00, 0x00, 0x6D, 0xFF, 0x00, 0x00, 0x6F, 0xFF,
    0x00, 0x00, 0x2F, 0xE9, 0x00, 0x00, 0x00, 0x00, 0x00, 0x00, 0x00, 0x00,
    0x00, 0x00, 0x00, 0x00, 0x00, 0x14, 0x7A, 0xCF, 0x8B, 0xEF, 0xFF, 0xFF,
    0xFF, 0xFF, 0xD9, 0x74, 0xFC, 0x73, 0x00, 0x00, 0x20, 0x00, 0x00, 0x00,
    0x00, 0x00, 0x00, 0x00, 0x00, 0x00, 0x00, 0x00, 0x24, 0x44, 0x10, 0x00,
    0xFF, 0xFF, 0xFC, 0x71, 0xFF, 0xFF, 0xFF, 0xFE, 0x45, 0x8E, 0xFF, 0xFF,
    0x00, 0x01, 0xAF, 0xFF, 0x00, 0x00, 0x0D, 0xFF, 0x00, 0x00, 0x00, 0x00,
    0x00, 0x00, 0x00, 0x00, 0x00, 0x00, 0x00, 0x00, 0x00, 0x00, 0x00, 0x00,
    0x40, 0x00, 0x00, 0x00, 0xF4, 0x00, 0x00, 0x00, 0xFE, 0x10, 0x00, 0x00,
    0xFF, 0x70, 0x00, 0x00, 0x00, 0x00, 0x04, 0x00, 0x00, 0x00, 0x00, 0x00,
    0x00, 0x00, 0x00, 0x00, 0x00, 0x00, 0x00, 0x00, 0x00, 0x00, 0x00, 0x00,
    0x00, 0x00, 0x00, 0x00, 0x00, 0x00, 0x00, 0x00, 0x00, 0x00, 0x00, 0x00,
    0x00, 0x00, 0x00, 0x00, 0x00, 0x00, 0x00, 0x00, 0x00, 0x00, 0x00, 0x00,
    0x00, 0x00, 0x00, 0x00, 0x00, 0x00, 0x00, 0x00, 0x00, 0x00, 0x00, 0x00,
    0x00, 0x00, 0x00, 0x00, 0x00, 0x00, 0x00, 0x00, 0x00, 0x00, 0x06, 0xFF,
    0x00, 0x00, 0x02, 0xFF, 0x00, 0x00, 0x00, 0xFF, 0x00, 0x00, 0x01, 0xFF,
    0x00, 0x00, 0x04, 0xFF, 0x00, 0x00, 0x08, 0xFF, 0x00, 0x00, 0x2E, 0xFF,
    0x00, 0x01, 0xCF, 0xFF, 0xFF, 0xB0, 0x00, 0x00, 0xFF, 0xE0, 0x00, 0x00,
    0xFF, 0xF0, 0x00, 0x00, 0xFF, 0xE0, 0x00, 0x00, 0xFF, 0xB0, 0x00, 0x00,
    0xFF, 0x70, 0x00, 0x00, 0xFE, 0x10, 0x00, 0x00, 0xF4, 0x00, 0x00, 0x00,
    0x00, 0x00, 0x00, 0x00, 0x00, 0x00, 0x00, 0x00, 0x00, 0x00, 0x00, 0x00,
    0x00, 0x00, 0x00, 0x00, 0x00, 0x00, 0x00, 0x00, 0x00, 0x00, 0x00, 0x00,
    0x00, 0x00, 0x00, 0x00, 0x00, 0x00, 0x00, 0x00, 0x00, 0x00, 0x00, 0x00,
    0x00, 0x00, 0x00, 0x03, 0x00, 0x6C, 0xBC, 0xFF, 0x00, 0x6F, 0xFF, 0xFF,
    0x00, 0x28, 0x87, 0x43, 0x00, 0x00, 0x00, 0x00, 0x00, 0x00, 0x00, 0x00,
    0x00, 0x00, 0x00, 0x00, 0x00, 0x6E, 0xFF, 0xFF, 0x7D, 0xFF, 0xFF, 0xD3,
    0xFF, 0xFF, 0xD6, 0x00, 0xFC, 0x94, 0x00, 0x00, 0x00, 0x00, 0x00, 0x00,
    0x00, 0x00, 0x00, 0x00, 0x00, 0x00, 0x00, 0x00, 0x00, 0x00, 0x00, 0x00,
    0x60, 0x00, 0x00, 0x00, 0x00, 0x00, 0x00, 0x00, 0x00, 0x00, 0x00, 0x00,
    0x00, 0x00, 0x00, 0x00, 0x00, 0x00, 0x00, 0x00, 0x00, 0x00, 0x00, 0x00,
    0x00, 0x00, 0x00, 0x00, 0x00, 0x00, 0x00, 0x00, 0x00, 0x00, 0x00, 0x00,
    0x00, 0x00, 0x00, 0x00, 0x00, 0x00, 0x00, 0x00, 0x00, 0x00, 0x00, 0x00,
    0x00, 0x00, 0x00, 0x00, 0x00, 0x00, 0x00, 0x00, 0x00, 0x00, 0x00, 0x00,
    0x00, 0x00, 0x00, 0x02, 0x00, 0x00, 0x00, 0x00, 0x00, 0x00, 0x00, 0x00,
    0x00, 0x00, 0x00, 0x00, 0x00, 0x00, 0x00, 0x00, 0x00, 0x00, 0x00, 0x00,
    0x00, 0x00, 0x00, 0x00, 0x00, 0x01, 0x46, 0x9B, 0x69, 0xCF, 0xFF, 0xFF,
    0x00, 0x00, 0x00, 0x00, 0x00, 0x00, 0x00, 0x00, 0x00, 0x00, 0x00, 0x00,
    0x00, 0x00, 0x00, 0x00, 0x00, 0x00, 0x00, 0x00, 0x00, 0x00, 0x00, 0x00,
    0xCF, 0xFF, 0xEC, 0x95, 0xFF, 0xFF, 0xFF, 0xFF, 0x00, 0x00, 0x00, 0x00,
    0x00, 0x00, 0x00, 0x00, 0x00, 0x00, 0x00, 0x00, 0x00, 0x00, 0x00, 0x00,
    0x00, 0x00, 0x00, 0x00, 0x00, 0x00, 0x00, 0x00, 0x00, 0x00, 0x00, 0x00,
    0xD6, 0x00, 0x00, 0x00, 0x00, 0x03, 0x69, 0xDF, 0x07, 0xFF, 0xFF, 0xFF,
    0x06, 0xFF, 0xFF, 0xFF, 0x01, 0xFF, 0xFC, 0x71, 0x00, 0xBA, 0x30, 0x00,
    0x00, 0x00, 0x00, 0x00, 0x00, 0x00, 0x00, 0x00, 0x00, 0x00, 0x00, 0x00,
    0xFF, 0xFF, 0xFF, 0xFF, 0xFF, 0xFC, 0x96, 0x30, 0xA6, 0x20, 0x00, 0x00,
    0x00, 0x00, 0x00, 0x00, 0x00, 0x00, 0x00, 0x00, 0x00, 0x00, 0x00, 0x00,
    0x00, 0x00, 0x00, 0x00, 0x00, 0x00, 0x00, 0x00, 0xEF, 0xFF, 0xFF, 0xFF,
    0x01, 0x48, 0xEF, 0xFF, 0x00, 0x00, 0x1C, 0xFF, 0x00, 0x00, 0x01, 0xCF,
    0x00, 0x00, 0x00, 0x4F, 0x00, 0x00, 0x00, 0x0C, 0x00, 0x00, 0x00, 0x09,
    0x00, 0x00, 0x00, 0x08, 0xFF, 0x91, 0x00, 0x00, 0xFF, 0xFA, 0x00, 0x00,
    0xFF, 0xFF, 0x70, 0x00, 0xFF, 0xFF, 0xE0, 0x00, 0xFF, 0xFF, 0xF5, 0x00,
    0xFF, 0xFF, 0xF8, 0x00, 0xFF, 0xFF, 0xFB, 0x00, 0xFF, 0xFF, 0xFB, 0x00,
    0x00, 0x00, 0x00, 0x00, 0x00, 0x00, 0x00, 0x00, 0x00, 0x00, 0x00, 0x00,
    0x00, 0x00, 0x00, 0x00, 0x00, 0x00, 0x00, 0x00, 0x00, 0x00, 0x00, 0x00,
    0x00, 0x00, 0x00, 0x00, 0x00, 0x00, 0x00, 0x00, 0x00, 0x00, 0x00, 0x00,
    0x00, 0x00, 0x00, 0x00, 0x00, 0x00, 0x00, 0x00, 0x00, 0x00, 0x00, 0x00,
    0x00, 0x00, 0x00, 0x00, 0x00, 0x00, 0x00, 0x00, 0x00, 0x00, 0x00, 0x00,
    0x00, 0x00, 0x00, 0x00, 0x00, 0x00, 0x00, 0x08, 0x00, 0x00, 0x00, 0x09,
    0x00, 0x00, 0x00, 0x0D, 0x00, 0x00, 0x00, 0x3F, 0x00, 0x00, 0x00, 0xBF,
    0x00, 0x00, 0x07, 0xFF, 0x00, 0x00, 0x8F, 0xFF, 0x00, 0x4B, 0xFF, 0xFF,
    0xFF, 0xFF, 0xFB, 0x00, 0xFF, 0xFF, 0xF9, 0x00, 0xFF, 0xFF, 0xF6, 0x00,
    0xFF, 0xFF, 0xF1, 0x00, 0xFF, 0xFF, 0x90, 0x00, 0xFF, 0xFE, 0x10, 0x00,
    0xFF, 0xE3, 0x00, 0x00, 0xFE, 0x30, 0x00, 0x00, 0x00, 0x00, 0x00, 0x00,
    0x00, 0x00, 0x00, 0x00, 0x00, 0x00, 0x00, 0x00, 0x00, 0x00, 0x00, 0x00,
    0x00, 0x00, 0x00, 0x00, 0x00, 0x00, 0x00, 0x00, 0x00, 0x00, 0x00, 0x00,
    0x00, 0x00, 0x00, 0x00, 0x00, 0x00, 0x00, 0x02, 0x07, 0x87, 0x9B, 0xDF,
    0x0D, 0xFF, 0xFF, 0xFF, 0x0A, 0xFF, 0xFF, 0xEB, 0x02, 0x44, 0x30, 0x00,
    0x00, 0x00, 0x00, 0x00, 0x00, 0x00, 0x00, 0x00, 0x00, 0x00, 0x00, 0x00,
    0x6B, 0xFF, 0xFF, 0xFF, 0xFF, 0xFF, 0xFF, 0xD4, 0xFF, 0xFE, 0x94, 0x00,
    0xA7, 0x30, 0x00, 0x00, 0x00, 0x00, 0x00, 0x00, 0x00, 0x00, 0x00, 0x00,
    0x00, 0x00, 0x00, 0x00, 0x00, 0x00, 0x00, 0x00, 0xB1, 0x00, 0x00, 0x00,
    0x00, 0x00, 0x00, 0x00, 0x00, 0x00, 0x00, 0x00, 0x00, 0x00, 0x00, 0x00,
    0x00, 0x00, 0x00, 0x00, 0x00, 0x00, 0x00, 0x00, 0x00, 0x00, 0x00, 0x00,
    0x00, 0x00, 0x00, 0x00, 0x00, 0x00, 0x00, 0x00, 0x00, 0x00, 0x00, 0x00,
    0x00, 0x00, 0x00, 0x00, 0x00, 0x00, 0x00, 0x00, 0x00, 0x00, 0x00, 0x00,
    0x00, 0x00, 0x00, 0x00, 0x00, 0x00, 0x00, 0x00, 0x00, 0x00, 0x00, 0x01,
    0x00, 0x00, 0x00, 0x00, 0x00, 0x00, 0x00, 0x00, 0x00, 0x00, 0x00, 0x00,
    0x00, 0x00, 0x00, 0x00, 0x00, 0x00, 0x00, 0x00, 0x00, 0x00, 0x00, 0x00,
    0x00, 0x00, 0x36, 0x8B, 0x58, 0xBE, 0xFF, 0xFF, 0x00, 0x00, 0x00, 0x00,
    0x00, 0x00, 0x00, 0x00, 0x00, 0x00, 0x00, 0x00, 0x00, 0x00, 0x00, 0x00,
    0x00, 0x00, 0x00, 0x00, 0x00, 0x00, 0x00, 0x00, 0xBE, 0xFF, 0xFC, 0xA6,
    0xFF, 0xFF, 0xFF, 0xFF, 0x00, 0x00, 0x62, 0x00, 0x00, 0x0A, 0xFE, 0x40,
    0x6D, 0x53, 0xEF, 0xF6, 0x9F, 0xF5, 0x2E, 0xFD, 0x0B, 0xFF, 0x56, 0xB1,
    0x01, 0xEF, 0xF3, 0x00, 0x10, 0x5E, 0x40, 0x00, 0xE7, 0x10, 0x00, 0x00,
    0x00, 0x02, 0x58, 0xCF, 0x04, 0xFF, 0xFF, 0xFF, 0x02, 0xFF, 0xFF, 0xFF,
    0x00, 0xCF, 0xFE, 0x83, 0x00, 0x8D, 0x60, 0x00, 0x00, 0x10, 0x00, 0x00,
    0x00, 0x00, 0x00, 0x00, 0x00, 0x00, 0x00, 0x00, 0xFF, 0xFF, 0xFF, 0xFF,
    0xFF, 0xFD, 0x96, 0x41, 0xD8, 0x30, 0x00, 0x00, 0x00, 0x00, 0x00, 0x00,
    0x00, 0x00, 0x00, 0x00, 0x00, 0x00, 0x00, 0x00, 0x00, 0x00, 0x00, 0x00,
    0x00, 0x00, 0x00, 0x00, 0xEF, 0xFF, 0xFF, 0xFF, 0x01, 0x47, 0xDF, 0xFF,
    0x00, 0x00, 0x19, 0xFF, 0x00, 0x00, 0x00, 0x9F, 0x00, 0x00, 0x00, 0x1E,
    0x00, 0x00, 0x00, 0x09, 0x00, 0x00, 0x00, 0x06, 0x00, 0x00, 0x00, 0x04,
    0xFF, 0xC1, 0x00, 0x00, 0xFF, 0xFC, 0x10, 0x00, 0xFF, 0xFF, 0x90, 0x00,
    0xFF, 0xFF, 0xF2, 0x00, 0xFF, 0xFF, 0xF8, 0x00, 0xFF, 0xFF, 0xFB, 0x00,
    0xFF, 0xFF, 0xFE, 0x00, 0xFF, 0xFF, 0xFF, 0x00, 0x00, 0x00, 0x00, 0x00,
    0x00, 0x00, 0x00, 0x00, 0x00, 0x00, 0x00, 0x00, 0x00, 0x00, 0x00, 0x00,
    0x00, 0x00, 0x00, 0x00, 0x00, 0x00, 0x00, 0x00, 0x00, 0x00, 0x00, 0x00,
    0x00, 0x00, 0x00, 0x00, 0x00, 0x00, 0x00, 0x00, 0x00, 0x00, 0x00, 0x00,
    0x00, 0x00, 0x00, 0x00, 0x00, 0x00, 0x00, 0x00, 0x00, 0x00, 0x00, 0x00,
    0x00, 0x00, 0x00, 0x00, 0x00, 0x00, 0x00, 0x00, 0x00, 0x00, 0x00, 0x00,
    0x00, 0x00, 0x00, 0x04, 0x00, 0x00, 0x00, 0x06, 0x00, 0x00, 0x00, 0x08,
    0x00, 0x00, 0x00, 0x0D, 0x00, 0x00, 0x00, 0x6F, 0x00, 0x00, 0x02, 0xEF,
    0x00, 0x00, 0x2C, 0xFF, 0x00, 0x06, 0xEF, 0xFF, 0xFF, 0xFF, 0xFF, 0x00,
    0xFF, 0xFF, 0xFD, 0x00, 0xFF, 0xFF, 0xFA, 0x00, 0xFF, 0xFF, 0xF6, 0x00,
    0xFF, 0xFF, 0xD0, 0x00, 0xFF, 0xFF, 0x50, 0x00, 0xFF, 0xF9, 0x00, 0x00,
    0xFF, 0x90, 0x00, 0x00, 0x00, 0x00, 0x00, 0x00, 0x00, 0x00, 0x00, 0x00,
    0x00, 0x00, 0x00, 0x00, 0x00, 0x00, 0x00, 0x00, 0x00, 0x00, 0x00, 0x00,
    0x00, 0x00, 0x00, 0x00, 0x00, 0x00, 0x00, 0x00, 0x00, 0x00, 0x00, 0x00,
    0x00, 0x00, 0x00, 0x00, 0x03, 0x44, 0x47, 0x9C, 0x0A, 0xFF, 0xFF, 0xFF,
    0x07, 0xFF, 0xFF, 0xFF, 0x02, 0x88, 0x74, 0x41, 0x00, 0x00, 0x00, 0x00,
    0x00, 0x00, 0x00, 0x00, 0x00, 0x00, 0x00, 0x00, 0x17, 0xDF, 0xFF, 0xFF,
    0xFF, 0xFF, 0xFF, 0xFA, 0xFF, 0xFF, 0xE9, 0x30, 0xEB, 0x84, 0x00, 0x00,
    0x00, 0x00, 0x00, 0x00, 0x00, 0x00, 0x00, 0x00, 0x00, 0x00, 0x00, 0x00,
    0x00, 0x00, 0x00, 0x00, 0xF7, 0x00, 0x00, 0x00, 0x20, 0x00, 0x00, 0x00,
    0x00, 0x00, 0x00, 0x00, 0x00, 0x00, 0x00, 0x00, 0x00, 0x00, 0x00, 0x00,
    0x00, 0x00, 0x00, 0x00, 0x00, 0x00, 0x00, 0x00, 0x00, 0x00, 0x00, 0x00,
    0x00, 0x00, 0x00, 0x00, 0x00, 0x00, 0x00, 0x00, 0x00, 0x00, 0x00, 0x00,
    0x00, 0x00, 0x00, 0x00, 0x00, 0x02, 0x44, 0x58, 0x00, 0x7F, 0xFF, 0xFF,
    0x00, 0x8F, 0xFF, 0xFF, 0x00, 0x59, 0x77, 0x44, 0x00, 0x00, 0x00, 0x00,
    0x00, 0x00, 0x00, 0x00, 0x00, 0x00, 0x00, 0x00, 0x00, 0x00, 0x00, 0x00,
    0x88, 0x8A, 0xBB, 0xBB, 0xFF, 0xFF, 0xFF, 0xFF, 0xFE, 0xFD, 0xBB, 0xBA,
    0x20, 0x10, 0x00, 0x06, 0x00, 0x00, 0x00, 0x00, 0x00, 0x00, 0x00, 0x00,
    0x00, 0x00, 0x00, 0x00, 0x00, 0x00, 0x00, 0x14, 0xEF, 0xFF, 0xFF, 0xFF,
    0xFF, 0xFF, 0xFF, 0xFF, 0xAF, 0xFF, 0xFF, 0xB8, 0xDF, 0xFF, 0x92, 0x00,
    0x00, 0x00, 0x00, 0x00, 0x00, 0x00, 0x00, 0x00, 0x00, 0x00, 0x00, 0x00,
    0x44, 0x44, 0x41, 0x00, 0xFF, 0xFF, 0xF4, 0x00, 0xFF, 0xFF, 0xF4, 0x00,
    0x64, 0x44, 0x41, 0x00, 0x00, 0x00, 0x00, 0x00, 0x00, 0x00, 0x00, 0x00,
    0x00, 0x00, 0x00, 0x00, 0x00, 0x00, 0x00, 0x00, 0x00, 0x00, 0x00, 0x00,
    0x00, 0x00, 0x00, 0x00, 0x00, 0x00, 0x00, 0x00, 0x00, 0x00, 0x00, 0x00,
    0x00, 0x00, 0x00, 0x00, 0x00, 0x00, 0x02, 0xBF, 0x00, 0x00, 0x3E, 0xFF,
    0x00, 0x03, 0xEF, 0xFF, 0x00, 0x1D, 0xFF, 0xFF, 0x00, 0xAF, 0xFF, 0xFF,
    0x03, 0xFF, 0xFF, 0xF9, 0x09, 0xFF, 0xFF, 0xF6, 0x0D, 0xFF, 0xFF, 0xF3,
    0xFF, 0xE3, 0x00, 0x00, 0xFE, 0x20, 0x00, 0x00, 0xF3, 0x00, 0x00, 0x00,
    0x80, 0x00, 0x00, 0x00, 0x10, 0x00, 0x00, 0x00, 0x00, 0x00, 0x00, 0x00,
    0x00, 0x00, 0x00, 0x00, 0x00, 0x00, 0x00, 0x00, 0x00, 0x00, 0x00, 0x00,
    0x00, 0x00, 0x00, 0x00, 0x00, 0x00, 0x00, 0x00, 0x00, 0x00, 0x00, 0x00,
    0x00, 0x00, 0x00, 0x00, 0x00, 0x00, 0x00, 0x00, 0x00, 0x00, 0x00, 0x00,
    0x00, 0x00, 0x00, 0x00, 0x00, 0x00, 0x00, 0x00, 0x00, 0x00, 0x00, 0x00,
    0x00, 0x00, 0x00, 0x00, 0x00, 0x00, 0x00, 0x00, 0x00, 0x00, 0x00, 0x00,
    0x00, 0x00, 0x00, 0x00, 0x00, 0x00, 0x00, 0x00, 0x00, 0x00, 0x00, 0x00,
    0x1F, 0xFF, 0xFF, 0xF0, 0x4F, 0xFF, 0xFF, 0xF0, 0x4F, 0xFF, 0xFF, 0xF0,
    0x4F, 0xFF, 0xFF, 0xF2, 0x1F, 0xFF, 0xFF, 0xF5, 0x0C, 0xFF, 0xFF, 0xF9,
    0x07, 0xFF, 0xFF, 0xFE, 0x01, 0xDF, 0xFF, 0xFF, 0x00, 0x00, 0x00, 0x00,
    0x00, 0x00, 0x00, 0x00, 0x00, 0x00, 0x00, 0x00, 0x00, 0x00, 0x00, 0x00,
    0x00, 0x00, 0x00, 0x00, 0x00, 0x00, 0x00, 0x00, 0x10, 0x00, 0x00, 0x00,
    0xA0, 0x00, 0x00, 0x00, 0x00, 0x00, 0x00, 0x00, 0x00, 0x00, 0x00, 0x00,
    0x00, 0x00, 0x00, 0x00, 0x00, 0x00, 0x00, 0x00, 0x00, 0x00, 0x00, 0x00,
    0x00, 0x00, 0x00, 0x00, 0x00, 0x00, 0x00, 0x00, 0x00, 0x00, 0x00, 0x00,
    0x00, 0x00, 0x00, 0x00, 0x00, 0x00, 0x00, 0x00, 0x00, 0x00, 0x00, 0x00,
    0x00, 0x00, 0x00, 0x00, 0x00, 0x00, 0x00, 0x00, 0x00, 0x00, 0x00, 0x00,
    0x00, 0x00, 0x00, 0x00, 0x00, 0x00, 0x00, 0x00, 0x00, 0x4F, 0xFF, 0xFF,
    0x00, 0x06, 0xEF, 0xFF, 0x00, 0x00, 0x3B, 0xFF, 0x00, 0x00, 0x00, 0x4A,
    0x00, 0x00, 0x00, 0x00, 0x00, 0x00, 0x00, 0x00, 0x00, 0x00, 0x00, 0x00,
    0x00, 0x00, 0x00, 0x00, 0xF9, 0x00, 0x00, 0x00, 0xFF, 0xD6, 0x00, 0x00,
    0xFF, 0xFF, 0xEB, 0x87, 0xFF, 0xFF, 0xFF, 0xFF, 0x15, 0x9B, 0xEF, 0xFF,
    0x00, 0x00, 0x00, 0x24, 0x00, 0x00, 0x00, 0x00, 0x00, 0x00, 0x00, 0x00,
    0x00, 0x00, 0x00, 0x00, 0x00, 0x00, 0x00, 0x00, 0x84, 0x00, 0x00, 0x00,
    0xF6, 0x00, 0x00, 0x00, 0xF3, 0x00, 0x00, 0x00, 0x40, 0x00, 0x00, 0x00,
    0x00, 0x00, 0x00, 0x00, 0x00, 0x00, 0x00, 0x00, 0x00, 0x00, 0x00, 0x00,
    0x00, 0x00, 0x00, 0x00, 0x00, 0x00, 0x00, 0x00, 0x00, 0x00, 0x00, 0x00,
    0x00, 0x03, 0x44, 0x58, 0x00, 0xAF, 0xFF, 0xFF, 0x00, 0xBF, 0xFF, 0xFF,
    0x00, 0x88, 0x86, 0x44, 0x00, 0x00, 0x00, 0x00, 0x00, 0x00, 0x00, 0x00,
    0x00, 0x00, 0x00, 0x00, 0x00, 0x00, 0x00, 0x00, 0x87, 0x9B, 0xBB, 0xBD,
    0xFF, 0xFF, 0xFF, 0xFF, 0xFE, 0xFD, 0xBB, 0xB8, 0x10, 0x10, 0x00, 0x18,
    0x00, 0x00, 0x00, 0x00, 0x00, 0x00, 0x00, 0x00, 0x00, 0x00, 0x00, 0x00,
    0x10, 0x00, 0x00, 0x24, 0xFF, 0xFF, 0xFE, 0xFF, 0xFF, 0xFF, 0xFF, 0xFF,
    0xBF, 0xFF, 0xFE, 0xA8, 0xEF, 0xFE, 0x71, 0x00, 0x00, 0x00, 0x00, 0x00,
    0x00, 0x00, 0x00, 0x00, 0x00, 0x00, 0x00, 0x00, 0x44, 0x44, 0x40, 0x00,
    0xFF, 0xFF, 0xF0, 0x00, 0xFF, 0xFF, 0xF0, 0x00, 0x54, 0x44, 0x40, 0x00,
    0x00, 0x00, 0x00, 0x00, 0x00, 0x00, 0x00, 0x00, 0x00, 0x00, 0x00, 0x00,
    0x00, 0x00, 0x00, 0x00, 0x00, 0x00, 0x00, 0x00, 0x00, 0x00, 0x00, 0x00,
    0x00, 0x00, 0x00, 0x00, 0x00, 0x00, 0x00, 0x00, 0x00, 0x00, 0x00, 0x00,
    0x00, 0x00, 0x04, 0xDF, 0x00, 0x00, 0x6F, 0xFF, 0x00, 0x06, 0xFF, 0xFF,
    0x00, 0x3F, 0xFF, 0xFF, 0x01, 0xDF, 0xFF, 0xFC, 0x07, 0xFF, 0xFF, 0xF6,
    0x0D, 0xFF, 0xFF, 0xF2, 0x2F, 0xFF, 0xFF, 0xE0, 0xFF, 0xC1, 0x00, 0x00,
    0xFB, 0x00, 0x00, 0x00, 0xD1, 0x00, 0x00, 0x00, 0x40, 0x00, 0x00, 0x01,
    0x00, 0x00, 0x00, 0x00, 0x00, 0x00, 0x00, 0x00, 0x00, 0x00, 0x00, 0x00,
    0x00, 0x00, 0x00, 0x00, 0x00, 0x00, 0x20, 0x00, 0x00, 0x08, 0xF9, 0x00,
    0x7B, 0x17, 0xFF, 0x90, 0xEF, 0xC0, 0xAF, 0xF8, 0x4F, 0xFA, 0x2E, 0xE6,
    0x09, 0xFF, 0x73, 0x20, 0x01, 0xEE, 0x40, 0x00, 0x00, 0x41, 0x00, 0x00,
    0x00, 0x00, 0x00, 0x00, 0x00, 0x00, 0x00, 0x00, 0x00, 0x00, 0x00, 0x00,
    0x00, 0x00, 0x00, 0x00, 0x00, 0x00, 0x00, 0x00, 0x00, 0x00, 0x00, 0x00,
    0x00, 0x00, 0x00, 0x00, 0x00, 0x00, 0x00, 0x00, 0x5F, 0xFF, 0xFF, 0xB0,
    0x8F, 0xFF, 0xFF, 0xB0, 0x8F, 0xFF, 0xFF, 0xB0, 0x8F, 0xFF, 0xFF, 0xD0,
    0x5F, 0xFF, 0xFF, 0xF1, 0x1F, 0xFF, 0xFF, 0xF6, 0x0A, 0xFF, 0xFF, 0xFB,
    0x03, 0xFF, 0xFF, 0xFF, 0x00, 0x00, 0x00, 0x00, 0x00, 0x00, 0x00, 0x00,
    0x00, 0x00, 0x00, 0x00, 0x00, 0x00, 0x00, 0x00, 0x00, 0x00, 0x00, 0x00,
    0x00, 0x00, 0x00, 0x00, 0x00, 0x00, 0x00, 0x00, 0x70, 0x00, 0x00, 0x00,
    0x00, 0x00, 0x00, 0x00, 0x00, 0x00, 0x00, 0x00, 0x00, 0x00, 0x00, 0x00,
    0x00, 0x00, 0x00, 0x00, 0x00, 0x00, 0x00, 0x00, 0x00, 0x00, 0x00, 0x00,
    0x00, 0x00, 0x00, 0x00, 0x00, 0x00, 0x00, 0x00, 0x00, 0x00, 0x00, 0x00,
    0x00, 0x00, 0x00, 0x00, 0x00, 0x00, 0x00, 0x00, 0x00, 0x00, 0x00, 0x00,
    0x00, 0x00, 0x00, 0x00, 0x00, 0x00, 0x00, 0x00, 0x00, 0x00, 0x00, 0x00,
    0x00, 0x00, 0x00, 0x00, 0x00, 0x8F, 0xFF, 0xFF, 0x00, 0x08, 0xFF, 0xFF,
    0x00, 0x00, 0x5D, 0xFF, 0x00, 0x00, 0x01, 0x6C, 0x00, 0x00, 0x00, 0x00,
    0x00, 0x00, 0x00, 0x00, 0x00, 0x00, 0x00, 0x00, 0x00, 0x00, 0x00, 0x00,
    0xF6, 0x00, 0x00, 0x00, 0xFF, 0xB4, 0x00, 0x00, 0xFF, 0xFF, 0xDA, 0x88,
    0xFF, 0xFF, 0xFF, 0xFF, 0x27, 0x9B, 0xEF, 0xFF, 0x00, 0x00, 0x00, 0x34,
    0x00, 0x00, 0x00, 0x00, 0x00, 0x00, 0x00, 0x00, 0x00, 0x00, 0x00, 0x00,
    0x00, 0x00, 0x00, 0x00, 0x82, 0x00, 0x00, 0x00, 0xF3, 0x00, 0x00, 0x00,
    0xE0, 0x00, 0x00, 0x00, 0x30, 0x00, 0x00, 0x00, 0x00, 0x00, 0x00, 0x00,
    0x00, 0x00, 0x00, 0x00, 0x00, 0x00, 0x00, 0x00, 0x00, 0x00, 0x00, 0x00,
    0x00, 0x00, 0x00, 0x00, 0x00, 0x00, 0x00, 0x00, 0x00, 0x00, 0x00, 0x00,
    0x00, 0x00, 0x00, 0x00, 0x00, 0x00, 0x00, 0x00, 0x00, 0x00, 0x00, 0x00,
    0x00, 0x00, 0x00, 0x00, 0x00, 0x05, 0x87, 0x44, 0x00, 0x0B, 0xFF, 0xFF,
    0x00, 0x0B, 0xFF, 0xFF, 0x00, 0x0B, 0xFF, 0xFF, 0x00, 0x0B, 0xFF, 0xFF,
    0x00, 0x0B, 0xFF, 0xFF, 0x00, 0x0B, 0xFF, 0xFF, 0x00, 0x00, 0x00, 0x00,
    0x41, 0x00, 0x00, 0x00, 0xF5, 0x00, 0x00, 0x00, 0xF4, 0x00, 0x00, 0x00,
    0xF1, 0x00, 0x00, 0x00, 0xF0, 0x00, 0x00, 0x00, 0xC0, 0x00, 0x00, 0x00,
    0xB0, 0x00, 0x00, 0x00, 0x00, 0x00, 0x00, 0x00, 0x00, 0x00, 0x00, 0x00,
    0x00, 0x00, 0x00, 0x00, 0x00, 0x00, 0x00, 0x00, 0x00, 0x00, 0x00, 0x00,
    0x00, 0x00, 0x00, 0x00, 0x00, 0x00, 0x00, 0x00, 0x00, 0x00, 0x00, 0x00,
    0x00, 0x00, 0x00, 0x00, 0x00, 0x00, 0x00, 0x00, 0x00, 0x00, 0x00, 0x00,
    0x00, 0x00, 0x00, 0x00, 0x00, 0x00, 0x00, 0x00, 0x00, 0x00, 0x00, 0x00,
    0x00, 0x00, 0x00, 0x00, 0x00, 0x00, 0x00, 0x00, 0x00, 0x0B, 0xFF, 0xFF,
    0x00, 0x0B, 0xFF, 0xFF, 0x00, 0x0B, 0xFF, 0xFF, 0x00, 0x09, 0xFF, 0xFF,
    0x00, 0x08, 0xFF, 0xFF, 0x00, 0x05, 0xFF, 0xFF, 0x00, 0x05, 0xFF, 0xFF,
    0x06, 0xDF, 0xFF, 0xFF, 0xB0, 0x00, 0x00, 0x00, 0xB0, 0x00, 0x00, 0x00,
    0xB0, 0x00, 0x00, 0x03, 0xC0, 0x01, 0x59, 0xDF, 0xF7, 0xBF, 0xFF, 0xFF,
    0xFF, 0xFF, 0xFF, 0xFF, 0xFF, 0xFE, 0xB9, 0x74, 0xC7, 0x41, 0x00, 0x00,
    0x00, 0x00, 0x00, 0x00, 0x00, 0x10, 0x00, 0x00, 0x7B, 0xE2, 0x00, 0x00,
    0xFF, 0xF5, 0x00, 0x00, 0xFF, 0xF8, 0x00, 0x00, 0xFF, 0xF8, 0x00, 0x00,
    0x30, 0x00, 0x00, 0x00, 0x00, 0x00, 0x00, 0x00, 0x00, 0x00, 0x00, 0x03,
    0x00, 0x00, 0x00, 0x6F, 0x00, 0x00, 0x05, 0xFF, 0x00, 0x00, 0x1E, 0xFF,
    0x00, 0x00, 0x6F, 0xFF, 0x00, 0x00, 0x9F, 0xFF, 0x00, 0x00, 0xBF, 0xFF,
    0x00, 0x00, 0xBF, 0xFF, 0xCF, 0xFF, 0xFE, 0x82, 0xFF, 0xFF, 0x91, 0x00,
    0xFF, 0xF9, 0x00, 0x00, 0xFF, 0xD0, 0x00, 0x00, 0xFF, 0x80, 0x00, 0x00,
    0xFF, 0x40, 0x00, 0x00, 0xFF, 0x40, 0x00, 0x00, 0xFF, 0x70, 0x00, 0x00,
    0x00, 0x00, 0x00, 0x00, 0x00, 0x00, 0x00, 0x00, 0x00, 0x00, 0x00, 0x00,
    0x00, 0x00, 0x00, 0x00, 0x00, 0x00, 0x00, 0x00, 0x00, 0x00, 0x00, 0x00,
    0x00, 0x00, 0x00, 0x00, 0x00, 0x00, 0x00, 0x00, 0x00, 0x00, 0x00, 0x00,
    0x00, 0x00, 0x00, 0x00, 0x00, 0x00, 0x00, 0x00, 0x00, 0x00, 0x00, 0x00,
    0x00, 0x00, 0x00, 0x00, 0x00, 0x00, 0x00, 0x00, 0x00, 0x00, 0x00, 0x00,
    0x00, 0x00, 0x00, 0x00, 0x00, 0x00, 0x8F, 0xFF, 0x00, 0x00, 0x3F, 0xFF,
    0x00, 0x00, 0x08, 0xFF, 0x00, 0x00, 0x00, 0x9F, 0x00, 0x00, 0x00, 0x05,
    0x00, 0x00, 0x00, 0x00, 0x00, 0x00, 0x00, 0x00, 0x00, 0x00, 0x00, 0x00,
    0xFF, 0xD0, 0x00, 0x00, 0xFF, 0xFA, 0x10, 0x00, 0xFF, 0xFF, 0xE9, 0x64,
    0xFF, 0xFF, 0xFF, 0xFF, 0xCF, 0xFF, 0xFF, 0xFF, 0x02, 0x69, 0xBB, 0xEF,
    0x00, 0x00, 0x00, 0x00, 0x00, 0x00, 0x00, 0x00, 0x00, 0x00, 0x00, 0x00,
    0x00, 0x00, 0x00, 0x00, 0x10, 0x00, 0x01, 0x45, 0xFF, 0xFF, 0xEF, 0xFF,
    0xFF, 0xFF, 0xFF, 0xFF, 0xFF, 0xFF, 0xFF, 0xFE, 0x00, 0x00, 0x00, 0x10,
    0x00, 0x00, 0x00, 0x00, 0x00, 0x00, 0x00, 0x00, 0x00, 0x11, 0x00, 0x00,
    0x8A, 0xF7, 0x00, 0x00, 0xFF, 0xF8, 0x00, 0x00, 0xFF, 0xF8, 0x00, 0x00,
    0xBB, 0xC5, 0x00, 0x00, 0x00, 0x00, 0x00, 0x00, 0x00, 0x00, 0x00, 0x00,
    0x00, 0x00, 0x00, 0x00, 0x00, 0x00, 0x00, 0x00, 0x00, 0x00, 0x00, 0x00,
    0x00, 0x00, 0x00, 0x00, 0x00, 0x00, 0x00, 0x00, 0x00, 0x00, 0x00, 0x00,
    0x00, 0x00, 0x00, 0x00, 0x00, 0x00, 0x00, 0x00, 0x00, 0x00, 0x00, 0x00,
    0x00, 0x24, 0x41, 0x01, 0x00, 0x8F, 0xFF, 0xEF, 0x00, 0x8F, 0xFF, 0xFF,
    0x00, 0x8F, 0xFF, 0xFF, 0x00, 0x8F, 0xFF, 0xFF, 0x00, 0x8F, 0xFF, 0xFF,
    0x00, 0x8F, 0xFF, 0xFF, 0x00, 0x00, 0x00, 0x00, 0x00, 0x00, 0x00, 0x00,
    0x80, 0x00, 0x00, 0x00, 0x80, 0x00, 0x00, 0x01, 0x50, 0x00, 0x00, 0x00,
    0x40, 0x00, 0x00, 0x00, 0x20, 0x00, 0x00, 0x00, 0x00, 0x00, 0x00, 0x00,
    0x00, 0x00, 0x00, 0x00, 0x00, 0x00, 0x00, 0x00, 0x00, 0x04, 0xC6, 0x00,
    0x7C, 0x36, 0xFF, 0x60, 0xBF, 0xC1, 0xBF, 0xF3, 0x2F, 0xF8, 0x4F, 0xFA,
    0x09, 0xFF, 0x5A, 0x81, 0x03, 0xFE, 0x50, 0x00, 0x00, 0x00, 0x00, 0x00,
    0x00, 0x00, 0x00, 0x00, 0x00, 0x00, 0x00, 0x00, 0x00, 0x00, 0x00, 0x00,
    0x00, 0x00, 0x00, 0x00, 0x00, 0x00, 0x00, 0x00, 0x00, 0x00, 0x00, 0x00,
    0x00, 0x00, 0x00, 0x00, 0x00, 0x8F, 0xFF, 0xFF, 0x00, 0x8F, 0xFF, 0xFF,
    0x00, 0x8F, 0xFF, 0xFF, 0x00, 0x7F, 0xFF, 0xFF, 0x00, 0x4F, 0xFF, 0xFF,
    0x00, 0x2F, 0xFF, 0xFF, 0x00, 0x0E, 0xFF, 0xFF, 0x17, 0xDF, 0xFF, 0xFF,
    0x00, 0x00, 0x00, 0x00, 0x00, 0x00, 0x00, 0x00, 0x00, 0x00, 0x00, 0x02,
    0x10, 0x00, 0x58, 0xDF, 0x66, 0xAF, 0xFF, 0xFF, 0xFF, 0xFF, 0xFF, 0xFF,
    0xFF, 0xFF, 0xEB, 0x97, 0xC8, 0x51, 0x00, 0x00, 0x00, 0x71, 0x00, 0x00,
    0x00, 0x00, 0x00, 0x00, 0x7B, 0x40, 0x00, 0x00, 0xFF, 0x80, 0x00, 0x00,
    0xFF, 0xB0, 0x00, 0x00, 0xFF, 0xD0, 0x00, 0x00, 0x44, 0x20, 0x00, 0x00,
    0x00, 0x00, 0x00, 0x00, 0x00, 0x00, 0x00, 0x06, 0x00, 0x00, 0x01, 0xBF,
    0x00, 0x00, 0x1C, 0xFF, 0x00, 0x00, 0x9F, 0xFF, 0x00, 0x01, 0xFF, 0xFF,
    0x00, 0x05, 0xFF, 0xFF, 0x00, 0x08, 0xFF, 0xFF, 0x00, 0x08, 0xFF, 0xFF,
    0xEF, 0xFF, 0xFD, 0x72, 0xFF, 0xFE, 0x60, 0x00, 0xFF, 0xE3, 0x00, 0x00,
    0xFF, 0x40, 0x00, 0x00, 0xFC, 0x00, 0x00, 0x00, 0xF8, 0x00, 0x00, 0x00,
    0xF8, 0x00, 0x00, 0x00, 0xF9, 0x00, 0x00, 0x00, 0x00, 0x00, 0x00, 0x00,
    0x00, 0x00, 0x00, 0x00, 0x00, 0x00, 0x00, 0x00, 0x00, 0x00, 0x00, 0x00,
    0x00, 0x00, 0x00, 0x00, 0x00, 0x00, 0x00, 0x00, 0x00, 0x00, 0x00, 0x00,
    0x00, 0x00, 0x00, 0x00, 0x00, 0x00, 0x00, 0x00, 0x00, 0x00, 0x00, 0x00,
    0x00, 0x00, 0x00, 0x00, 0x00, 0x00, 0x00, 0x00, 0x00, 0x00, 0x00, 0x00,
    0x00, 0x00, 0x00, 0x00, 0x00, 0x00, 0x00, 0x00, 0x00, 0x00, 0x00, 0x00,
    0x00, 0x05, 0xFF, 0xFF, 0x00, 0x01, 0xFF, 0xFF, 0x00, 0x00, 0x8F, 0xFF,
    0x00, 0x00, 0x09, 0xFF, 0x00, 0x00, 0x00, 0x7E, 0x00, 0x00, 0x00, 0x00,
    0x00, 0x00, 0x00, 0x00, 0x00, 0x00, 0x00, 0x00, 0xFE, 0x10, 0x00, 0x00,
    0xFF, 0xA1, 0x00, 0x00, 0xFF, 0xFD, 0x73, 0x00, 0xFF, 0xFF, 0xFF, 0xFC,
    0xFF, 0xFF, 0xFF, 0xFF, 0x59, 0xBE, 0xFF, 0xFF, 0x00, 0x00, 0x03, 0x44,
    0x00, 0x00, 0x00, 0x00, 0x00, 0x00, 0x00, 0x00, 0x00, 0x00, 0x00, 0x00,
    0x00, 0x00, 0x00, 0x14, 0xBB, 0xBB, 0xBE, 0xFF, 0xFF, 0xFF, 0xFF, 0xFF,
    0xFF, 0xFF, 0xFF, 0xFF, 0x44, 0x44, 0x44, 0x41, 0x00, 0x00, 0x00, 0x00,
    0x00, 0x00, 0x00, 0x00, 0x00, 0x00, 0x00, 0x00, 0x6A, 0x90, 0x00, 0x00,
    0xFF, 0xB0, 0x00, 0x00, 0xFF, 0xB0, 0x00, 0x00, 0xFF, 0xA0, 0x00, 0x00,
    0x01, 0x00, 0x00, 0x00, 0x00, 0x00, 0x00, 0x00, 0x00, 0x00, 0x00, 0x00,
    0x00, 0x00, 0x00, 0x00, 0x00, 0x00, 0x00, 0x00, 0x00, 0x00, 0x00, 0x00,
    0x00, 0x00, 0x00, 0x00, 0x00, 0x00, 0x00, 0x00, 0x00, 0x00, 0x00, 0x02,
    0x00, 0x24, 0x44, 0x3A, 0x00, 0x00, 0x00, 0x00, 0x00, 0x00, 0x00, 0x00,
    0x09, 0xEB, 0x85, 0x30, 0x1E, 0xFF, 0xFF, 0x80, 0x6F, 0xFF, 0xFF, 0x10,
    0xBF, 0xFF, 0xF9, 0x00, 0xFF, 0xFF, 0xF3, 0x00, 0xFF, 0xFF, 0xE8, 0xBB,
    0x00, 0x00, 0x00, 0x00, 0x00, 0x00, 0x00, 0x00, 0x00, 0x00, 0x00, 0x00,
    0x00, 0x00, 0x00, 0x00, 0x00, 0x00, 0x00, 0x00, 0x00, 0x00, 0x00, 0x00,
    0x00, 0x02, 0xEC, 0x85, 0xE4, 0x0C, 0xFF, 0xFF, 0x00, 0x00, 0x00, 0x00,
    0x00, 0x00, 0x00, 0x00, 0x00, 0x00, 0x00, 0x00, 0x00, 0x00, 0x00, 0x00,
    0x00, 0x00, 0x00, 0x00, 0x00, 0x00, 0x00, 0x00, 0x00, 0x00, 0x00, 0x00,
    0xFB, 0x61, 0x00, 0x00, 0x00, 0x4F, 0xFF, 0xFF, 0x00, 0x4F, 0xFF, 0xFF,
    0x00, 0x14, 0x44, 0xBF, 0x00, 0x00, 0x01, 0xEF, 0x00, 0x00, 0x06, 0xFF,
    0x00, 0x00, 0x0A, 0xFF, 0x00, 0x00, 0x1F, 0xFF, 0x00, 0x00, 0x6F, 0xFF,
    0xFF, 0xFF, 0xFF, 0xFF, 0xFF, 0xFF, 0xFE, 0xBB, 0xFF, 0xFA, 0x00, 0x00,
    0xFF, 0xF4, 0x00, 0x00, 0xFF, 0xD0, 0x00, 0x00, 0xFF, 0x80, 0x00, 0x00,
    0xFF, 0x30, 0x00, 0x00, 0xFD, 0x00, 0x00, 0x00, 0xF4, 0x03, 0x9F, 0xFF,
    0x92, 0x00, 0x01, 0x7E, 0x00, 0x00, 0x00, 0x02, 0x00, 0x00, 0x00, 0x00,
    0x00, 0xEF, 0xFC, 0xC5, 0x00, 0xFF, 0xFF, 0xF8, 0x00, 0xFF, 0xFF, 0xF8,
    0x00, 0xFF, 0xFF, 0xF8, 0xFF, 0xFF, 0xA6, 0x10, 0xFF, 0xFF, 0xFD, 0x10,
    0xAF, 0xFF, 0xF5, 0x00, 0x04, 0xEF, 0xA0, 0x00, 0x00, 0x1A, 0x30, 0x00,
    0x00, 0x00, 0x00, 0x00, 0x00, 0x00, 0x00, 0x00, 0x00, 0x00, 0x00, 0x00,
    0x00, 0x00, 0xCF, 0xFF, 0x00, 0x02, 0xFF, 0xFF, 0x00, 0x07, 0xFF, 0xFF,
    0x00, 0x0C, 0xFF, 0xFF, 0x00, 0x2F, 0xFF, 0xFF, 0x00, 0x7F, 0xFF, 0xFF,
    0x00, 0xCF, 0xFF, 0xFB, 0x02, 0xFF, 0xFF, 0xF8, 0xF8, 0x00, 0x00, 0x00,
    0xF3, 0x00, 0x00, 0x00, 0xD0, 0x00, 0x00, 0x00, 0x90, 0x00, 0x00, 0x00,
    0x50, 0x00, 0x00, 0x00, 0x10, 0x00, 0x16, 0x9B, 0x00, 0x07, 0xEF, 0xFF,
    0x00, 0x9F, 0xFF, 0xFE, 0x00, 0xFF, 0xFF, 0xF8, 0x00, 0xEF, 0xFF, 0xF8,
    0x00, 0xBF, 0xFF, 0xF8, 0x00, 0xBF, 0xFF, 0xF8, 0x00, 0xBF, 0xFF, 0xF8,
    0xBB, 0xEF, 0xFF, 0xF8, 0xFF, 0xFF, 0xFF, 0xFB, 0xBB, 0xFF, 0xFF, 0xFF,
    0x00, 0x00, 0x00, 0x00, 0x00, 0x00, 0x00, 0x00, 0x00, 0x00, 0x00, 0x00,
    0x00, 0x00, 0x00, 0x00, 0x00, 0x00, 0x00, 0x00, 0x00, 0x00, 0x00, 0x00,
    0x30, 0x00, 0x00, 0x00, 0xFD, 0x71, 0x00, 0x00, 0x01, 0x7A, 0xFF, 0xF5,
    0x00, 0x00, 0x14, 0x71, 0x00, 0x00, 0x00, 0x00, 0x00, 0x00, 0x00, 0x00,
    0x00, 0x00, 0x00, 0x00, 0x00, 0x00, 0x00, 0x00, 0x00, 0x00, 0x00, 0x00,
    0x00, 0x00, 0x00, 0x00, 0x03, 0xFF, 0xFF, 0x80, 0x07, 0xFF, 0xFF, 0x10,
    0x07, 0xFF, 0xFF, 0x40, 0x02, 0xFF, 0xFF, 0xE8, 0x00, 0x6F, 0xFF, 0xFF,
    0x00, 0x03, 0x9E, 0xFF, 0x00, 0x00, 0x00, 0x24, 0x00, 0x00, 0x00, 0x00,
    0x00, 0x8F, 0xFF, 0xFF, 0x00, 0x8F, 0xFF, 0xFF, 0x00, 0x9F, 0xFF, 0xFB,
    0x7B, 0xFF, 0xFF, 0xF5, 0xFF, 0xFF, 0xFF, 0x90, 0xFF, 0xFE, 0xB5, 0x00,
    0x44, 0x20, 0x00, 0x00, 0x00, 0x00, 0x00, 0x00, 0xFF, 0xFF, 0xA3, 0x00,
    0xFF, 0xFF, 0xF9, 0x00, 0xCF, 0xFF, 0xB0, 0x00, 0x0A, 0xFC, 0x10, 0x00,
    0x00, 0xA4, 0x00, 0x00, 0x00, 0x00, 0x00, 0x00, 0x00, 0x00, 0x00, 0x00,
    0x00, 0x00, 0x00, 0x00, 0x00, 0x00, 0x00, 0x00, 0x00, 0x00, 0x00, 0x00,
    0x00, 0x00, 0x24, 0x10, 0x00, 0x00, 0xAF, 0xFE, 0x00, 0x00, 0xBF, 0xFF,
    0x00, 0x00, 0xEF, 0xFF, 0x00, 0x00, 0xFF, 0xFF, 0x00, 0x02, 0xFF, 0xFF,
    0x00, 0x00, 0x00, 0x00, 0x00, 0x00, 0x00, 0x00, 0x00, 0x00, 0x00, 0x00,
    0xC9, 0x00, 0x00, 0x00, 0xFB, 0x00, 0x00, 0x00, 0xF8, 0x00, 0x58, 0xAC,
    0xF8, 0x00, 0xEF, 0xFF, 0xF5, 0x00, 0xBF, 0xFF, 0x00, 0x00, 0x00, 0x00,
    0x00, 0x00, 0x00, 0x00, 0x00, 0x00, 0x00, 0x00, 0x00, 0x00, 0x00, 0x00,
    0x01, 0x44, 0x58, 0x88, 0xFF, 0xFF, 0xFF, 0xFF, 0xFF, 0xFF, 0xFF, 0xFF,
    0xFF, 0xFF, 0xFF, 0xFF, 0x00, 0x00, 0x00, 0x00, 0x00, 0x00, 0x00, 0x00,
    0x00, 0x00, 0x00, 0x00, 0x00, 0x00, 0x00, 0x00, 0x88, 0x82, 0x00, 0x00,
    0xFF, 0xF8, 0x00, 0x00, 0xFF, 0xF8, 0x00, 0x00, 0xFF, 0xF8, 0x00, 0x00,
    0x00, 0x04, 0xFF, 0xFF, 0x00, 0x04, 0xFF, 0xFF, 0x00, 0x04, 0xFF, 0xFF,
    0x00, 0x06, 0xFF, 0xFF, 0x00, 0x08, 0xFF, 0xFF, 0x00, 0x08, 0xFF, 0xFF,
    0x00, 0x08, 0xFF, 0xFF, 0x00, 0x08, 0xFF, 0xFF, 0xF4, 0x00, 0x58, 0x54,
    0xF4, 0x00, 0x00, 0x00, 0xF2, 0x00, 0x00, 0x00, 0xF0, 0x00, 0x00, 0x00,
    0xF0, 0x00, 0x00, 0x00, 0xF0, 0x00, 0x00, 0x00, 0xF0, 0x00, 0x00, 0x00,
    0xF0, 0x00, 0x00, 0x00, 0x44, 0x44, 0x57, 0x8B, 0x00, 0x00, 0x00, 0x00,
    0x00, 0x00, 0x00, 0x00, 0x00, 0x00, 0x00, 0x00, 0x00, 0x00, 0x00, 0x00,
    0x00, 0x00, 0x00, 0x00, 0x00, 0x00, 0x00, 0x00, 0x00, 0x00, 0x00, 0x00,
    0xEF, 0xF8, 0x00, 0x00, 0x02, 0x84, 0x00, 0x00, 0x00, 0x00, 0x00, 0x00,
    0x00, 0x00, 0x00, 0x00, 0x00, 0x00, 0x00, 0x00, 0x00, 0x00, 0x00, 0x00,
    0x00, 0x00, 0x00, 0x00, 0x00, 0x00, 0x00, 0x00, 0x00, 0x08, 0xFF, 0xFF,
    0x00, 0x08, 0xFF, 0xFF, 0x00, 0x08, 0xFF, 0xFF, 0x00, 0x08, 0xFF, 0xFF,
    0x00, 0x08, 0xFF, 0xFF, 0x00, 0x08, 0xFF, 0xFF, 0x00, 0x08, 0xFF, 0xFF,
    0x00, 0x07, 0xFF, 0xFF, 0xF0, 0x00, 0x00, 0x00, 0xF0, 0x00, 0x00, 0x00,
    0xF0, 0x00, 0x07, 0x30, 0xF0, 0x00, 0x7F, 0xF4, 0xF0, 0x01, 0xEF, 0xD1,
    0xF0, 0x06, 0xFF, 0x80, 0xF0, 0x09, 0xFF, 0x80, 0xF3, 0x0B, 0xFF, 0xE6,
    0x00, 0x00, 0x00, 0x00, 0x00, 0x00, 0x00, 0x00, 0x00, 0x00, 0x00, 0x00,
    0x00, 0x00, 0x00, 0x00, 0x00, 0x00, 0x00, 0x00, 0x00, 0x00, 0x00, 0x00,
    0x00, 0x00, 0x00, 0x00, 0x10, 0x00, 0x01, 0x44, 0x00, 0x00, 0x00, 0x00,
    0x00, 0x00, 0x00, 0x00, 0x00, 0x00, 0x00, 0x00, 0x00, 0x00, 0x00, 0x00,
    0x00, 0x00, 0x00, 0x00, 0x00, 0x00, 0x00, 0x00, 0x00, 0x00, 0x21, 0x00,
    0x68, 0xBD, 0xF4, 0x00, 0x00, 0x04, 0xFF, 0xFF, 0x00, 0x04, 0xFF, 0xFF,
    0x00, 0x04, 0xFF, 0xFF, 0x00, 0x02, 0xFF, 0xFF, 0x00, 0x00, 0xFF, 0xFF,
    0x00, 0x00, 0x54, 0x10, 0x00, 0x00, 0x00, 0x00, 0x00, 0x00, 0x00, 0x00,
    0xF4, 0x0A, 0xFF, 0xFF, 0xF4, 0x06, 0xFF, 0xFF, 0xF5, 0x00, 0xBF, 0xFF,
    0xF8, 0x00, 0x06, 0xAE, 0xE5, 0x00, 0x00, 0x00, 0x00, 0x00, 0x00, 0x00,
    0x00, 0x00, 0x00, 0x00, 0x00, 0x00, 0x00, 0x00, 0xFE, 0xFF, 0xEF, 0xFF,
    0xFF, 0xFF, 0xFF, 0xFF, 0xFF, 0xFF, 0xFF, 0xFF, 0xFF, 0xFF, 0xFF, 0xFF,
    0x03, 0x44, 0x44, 0x44, 0x00, 0x00, 0x00, 0x00, 0x00, 0x00, 0x00, 0x00,
    0x00, 0x00, 0x00, 0x00, 0xFF, 0xFF, 0xF4, 0x00, 0xFF, 0xFF, 0xF4, 0x00,
    0xFF, 0xFF, 0xF4, 0x00, 0xFF, 0xEF, 0xD3, 0x00, 0x42, 0x01, 0x00, 0x00,
    0x00, 0x00, 0x00, 0x00, 0x00, 0x00, 0x00, 0x00, 0x00, 0x00, 0x00, 0x00,
    0x00, 0x00, 0x00, 0x00, 0x00, 0x00, 0x00, 0x00, 0x00, 0x00, 0x00, 0x00,
    0x00, 0x00, 0x00, 0x00, 0x00, 0x00, 0x00, 0x01, 0x00, 0x00, 0xAB, 0xEF,
    0x00, 0x00, 0xEF, 0xFF, 0x00, 0x00, 0xBF, 0xFF, 0x00, 0x00, 0x00, 0x00,
    0x00, 0x00, 0x00, 0x00, 0x00, 0x00, 0x00, 0x4F, 0x00, 0x00, 0x00, 0x4F,
    0x31, 0x00, 0x00, 0x4F, 0xF4, 0x00, 0x00, 0x4F, 0xF4, 0x00, 0x00, 0x7F,
    0xF4, 0x00, 0x04, 0xBF, 0x00, 0x00, 0x00, 0x00, 0x00, 0x00, 0x00, 0x00,
    0xCB, 0x87, 0x41, 0x00, 0xFF, 0xFF, 0xF1, 0x00, 0xFF, 0xFF, 0xD0, 0x00,
    0xFF, 0xFF, 0xB0, 0x00, 0xFF, 0xFF, 0x80, 0x00, 0xFF, 0xFF, 0xFC, 0x95,
    0x00, 0x00, 0x00, 0x00, 0x00, 0x00, 0x00, 0x00, 0x00, 0x00, 0x00, 0x00,
    0x00, 0x00, 0x00, 0x00, 0x00, 0x00, 0x00, 0x00, 0x00, 0x00, 0x00, 0x00,
    0x00, 0x00, 0x00, 0x00, 0x00, 0x00, 0x00, 0x00, 0x00, 0x00, 0xBF, 0xFF,
    0x00, 0x00, 0x8F, 0xFF, 0x00, 0x00, 0x6F, 0xFF, 0x00, 0x00, 0x4F, 0xFF,
    0x00, 0x00, 0x0E, 0xFF, 0x00, 0x00, 0x2E, 0xFF, 0x00, 0x00, 0xBF, 0xFF,
    0x00, 0x07, 0xFF, 0xFF, 0xF6, 0x07, 0xDF, 0xFF, 0xFC, 0xDF, 0xFF, 0xFF,
    0xFF, 0xFF, 0xFA, 0xFF, 0xFF, 0xFA, 0x21, 0xFF, 0xFF, 0x50, 0x04, 0xFF,
    0xFF, 0x20, 0x08, 0xFF, 0xFF, 0x50, 0x0B, 0xFF, 0xFF, 0x80, 0x1E, 0xFF,
    0xFF, 0xFF, 0xFF, 0xFF, 0xFF, 0xFF, 0xFF, 0xFF, 0xFF, 0xFC, 0xBF, 0xFF,
    0xFF, 0xF6, 0x08, 0xFF, 0xFF, 0xF3, 0x00, 0xBF, 0xFF, 0xD0, 0x00, 0x5F,
    0xFF, 0x90, 0x00, 0x1F, 0xFF, 0x50, 0x00, 0x0D, 0xE7, 0x00, 0x00, 0x00,
    0xFF, 0x90, 0x00, 0x00, 0xFF, 0xF7, 0x00, 0x00, 0xFF, 0xFE, 0x10, 0x00,
    0xFF, 0xFF, 0x70, 0x00, 0xFF, 0xFF, 0xB0, 0x00, 0xFF, 0xFF, 0xE0, 0x00,
    0xFF, 0xFF, 0xF2, 0x00, 0x00, 0x1E, 0xFF, 0xFF, 0x00, 0x8F, 0xFF, 0xDF,
    0x00, 0xDF, 0xFE, 0x3D, 0x02, 0xFF, 0xFB, 0x09, 0x06, 0xFF, 0xF8, 0x02,
    0x08, 0xFF, 0xF5, 0x00, 0x08, 0xFF, 0xF4, 0x00, 0x07, 0xFF, 0xF4, 0x00,
    0xFF, 0xD0, 0x4F, 0xFF, 0xFF, 0xF2, 0x8F, 0xFF, 0xFF, 0xFA, 0xCF, 0xFF,
    0xFF, 0xFF, 0xFF, 0xFF, 0xFF, 0xFF, 0xFF, 0xFF, 0x9F, 0xFF, 0xFF, 0xFB,
    0x2F, 0xFF, 0xFF, 0xF4, 0x09, 0xFF, 0xFF, 0x85, 0xFE, 0x00, 0x00, 0x0B,
    0xF9, 0x00, 0x00, 0x0B, 0xF3, 0x00, 0x00, 0x0B, 0xB0, 0x00, 0x00, 0x0B,
    0x50, 0x7B, 0xEF, 0xEE, 0x3C, 0xFF, 0xFF, 0xFF, 0xBF, 0xF9, 0x78, 0xDF,
    0xFF, 0x40, 0x00, 0x6F, 0xFF, 0xFF, 0xF4, 0x00, 0xFF, 0xFF, 0xF4, 0x00,
    0xFF, 0xFF, 0xF4, 0x00, 0xFF, 0xFF, 0xF3, 0x00, 0xFF, 0xFF, 0xF0, 0x00,
    0xFF, 0xFF, 0xC0, 0x00, 0xFF, 0xFF, 0xB1, 0x00, 0xFF, 0xFF, 0xFC, 0x30,
    0x03, 0xFF, 0xF8, 0x00, 0x00, 0xCF, 0xFE, 0x89, 0x00, 0x3E, 0xFF, 0xFF,
    0x00, 0x03, 0xBF, 0xFF, 0x00, 0x00, 0x01, 0x44, 0x00, 0x00, 0x00, 0x00,
    0x00, 0x00, 0x00, 0x00, 0x00, 0x00, 0x00, 0x00, 0x4E, 0xFF, 0xFC, 0x0A,
    0xFF, 0xFF, 0xC1, 0x0B, 0xFF, 0xFB, 0x10, 0x07, 0xFC, 0x50, 0x00, 0x01,
    0x10, 0x00, 0x00, 0x00, 0x00, 0x00, 0x00, 0x00, 0x00, 0x00, 0x00, 0x00,
    0x00, 0x00, 0x00, 0x00, 0xFC, 0x00, 0x00, 0xBF, 0xFD, 0x00, 0x04, 0xFF,
    0xFF, 0xA3, 0x7E, 0xFF, 0xDF, 0xFF, 0xFF, 0xFF, 0x19, 0xFF, 0xFF, 0xE9,
    0x00, 0x14, 0x43, 0x00, 0x00, 0x00, 0x00, 0x00, 0x00, 0x00, 0x00, 0x00,
    0xFF, 0xFF, 0xFF, 0xE1, 0xFF, 0xFF, 0xFF, 0xC0, 0xFF, 0x6A, 0xFF, 0x70,
    0xF6, 0x01, 0xEF, 0x20, 0x20, 0x00, 0x7B, 0x00, 0x00, 0x00, 0x13, 0x00,
    0x00, 0x00, 0x00, 0x00, 0x00, 0x00, 0x00, 0x00, 0x00, 0x00, 0x00, 0x00,
    0x00, 0x00, 0x00, 0x34, 0x00, 0x00, 0x00, 0xBF, 0x00, 0x00, 0x00, 0xBF,
    0x00, 0x00, 0x00, 0xBF, 0x00, 0x00, 0x00, 0xBF, 0x00, 0x00, 0x00, 0xBF,
    0x00, 0x00, 0x00, 0xBF, 0x00, 0x00, 0x00, 0x00, 0x41, 0x00, 0x00, 0x00,
    0xFF, 0xFE, 0x30, 0x00, 0xFF, 0xFF, 0x40, 0x00, 0xFF, 0xFF, 0x20, 0x00,
    0xFF, 0xFF, 0x00, 0x00, 0xFF, 0xFF, 0x00, 0x00, 0xFF, 0xFF, 0x00, 0x00,
    0x00, 0x00, 0x00, 0x00, 0x00, 0x00, 0x00, 0x00, 0x00, 0x00, 0x00, 0x00,
    0x00, 0x00, 0x00, 0x00, 0x00, 0x00, 0x00, 0x00, 0x00, 0x00, 0x00, 0x00,
    0x00, 0x00, 0x34, 0x41, 0x05, 0xAE, 0xFF, 0xFF, 0x00, 0x00, 0x00, 0x00,
    0x00, 0x00, 0x00, 0x00, 0x00, 0x00, 0x00, 0x00, 0x00, 0x00, 0x00, 0x00,
    0x00, 0x00, 0x00, 0x00, 0x00, 0x00, 0x00, 0x00, 0x00, 0x00, 0x00, 0x00,
    0xA2, 0x00, 0x00, 0x00, 0x00, 0xBF, 0xFF, 0xFF, 0x00, 0xFF, 0xFF, 0xFF,
    0x00, 0xEF, 0xBB, 0xEF, 0x00, 0x00, 0x00, 0xBF, 0x00, 0x00, 0x00, 0xBF,
    0x00, 0x00, 0x00, 0xBF, 0x00, 0x00, 0x00, 0xBF, 0x00, 0x00, 0x00, 0xCF,
    0xFF, 0xFF, 0x00, 0x06, 0xFF, 0xFD, 0x02, 0xBF, 0xFF, 0xFB, 0x6E, 0xFF,
    0xFF, 0xFF, 0xFF, 0xF9, 0xFF, 0xFF, 0xFF, 0x60, 0xFF, 0xFF, 0xE3, 0x00,
    0xFF, 0xFE, 0x30, 0x00, 0xFF, 0xFB, 0x00, 0x00, 0xDF, 0xFF, 0xFF, 0xFF,
    0xFF, 0xFE, 0xFF, 0xFF, 0xE8, 0x20, 0x4E, 0xFF, 0x10, 0x00, 0x06, 0xFF,
    0x00, 0x00, 0x00, 0xEF, 0x00, 0x00, 0x00, 0xBF, 0x00, 0x00, 0x00, 0x9F,
    0x00, 0x00, 0x00, 0x8F, 0xFE, 0x30, 0x00, 0x00, 0xFF, 0xD1, 0x00, 0x00,
    0xFF, 0xF7, 0x00, 0x00, 0xFF, 0xFC, 0x00, 0x00, 0xFF, 0xFF, 0x10, 0x00,
    0xFF, 0xFF, 0x40, 0x00, 0xFF, 0xFF, 0x70, 0x00, 0xFF, 0xFF, 0x80, 0x00,
    0x00, 0x00, 0x09, 0xFF, 0x00, 0x00, 0x9F, 0xFF, 0x00, 0x09, 0xFF, 0xFF,
    0x00, 0x9F, 0xFF, 0xFF, 0x09, 0xFF, 0xFF, 0xFF, 0x4F, 0xFF, 0xFC, 0xCF,
    0x0B, 0xFF, 0xF3, 0xAF, 0x02, 0xEF, 0x70, 0xBF, 0xFF, 0xFB, 0x00, 0x00,
    0xFF, 0xFB, 0x00, 0x00, 0xFF, 0xFB, 0x00, 0x00, 0xFF, 0xFB, 0x00, 0x00,
    0xFF, 0xFB, 0x00, 0x3C, 0xFF, 0xFB, 0x01, 0xEF, 0xFF, 0xFB, 0x09, 0xFF,
    0xFF, 0xFB, 0x0D, 0xFF, 0x00, 0x00, 0x00, 0x8F, 0x00, 0x00, 0x00, 0x8F,
    0x00, 0x00, 0x00, 0x8F, 0x49, 0xBB, 0xB9, 0xBF, 0xFF, 0xFF, 0xFF, 0xFF,
    0xFF, 0xEB, 0xCF, 0xFF, 0xF9, 0x00, 0x02, 0xCF, 0xD0, 0x00, 0x00, 0xCF,
    0xFF, 0xFF, 0x80, 0x00, 0xFF, 0xFF, 0x80, 0x00, 0xFF, 0xFF, 0x80, 0x00,
    0xFF, 0xFF, 0x70, 0x00, 0xFF, 0xFF, 0x40, 0x00, 0xFF, 0xFF, 0x60, 0x00,
    0xFF, 0xFF, 0xFB, 0x20, 0xFF, 0xFF, 0xFF, 0xF4, 0x00, 0x7C, 0x00, 0xBF,
    0x00, 0x12, 0x00, 0xBF, 0x00, 0x00, 0x00, 0xBF, 0x00, 0x00, 0x00, 0xBF,
    0x00, 0x00, 0x00, 0xBF, 0x00, 0x00, 0x00, 0xBF, 0x00, 0x00, 0x00, 0x34,
    0x00, 0x00, 0x00, 0x00, 0xFF, 0xFB, 0x0E, 0xFF, 0xFF, 0xFB, 0x0D, 0xFF,
    0xFF, 0xFB, 0x07, 0xFF, 0xFF, 0xFB, 0x01, 0xCF, 0xFF, 0xFB, 0x00, 0x06,
    0xFF, 0xFB, 0x00, 0x00, 0x44, 0x43, 0x00, 0x00, 0x00, 0x00, 0x00, 0x00,
    0xB0, 0x00, 0x01, 0xFF, 0xF3, 0x00, 0x06, 0xFF, 0xFE, 0x74, 0x6E, 0xFF,
    0xFF, 0xFF, 0xFF, 0xFF, 0xDF, 0xFF, 0xFF, 0xFA, 0x02, 0x44, 0x43, 0x00,
    0x00, 0x00, 0x00, 0x00, 0x00, 0x00, 0x00, 0x00, 0xFF, 0xFF, 0xFF, 0xE2,
    0xFF, 0xFF, 0xFF, 0x80, 0xFF, 0x86, 0xFF, 0x20, 0xF9, 0x00, 0x8A, 0x00,
    0x40, 0x00, 0x12, 0x00, 0x00, 0x00, 0x00, 0x00, 0x00, 0x00, 0x00, 0x00,
    0x00, 0x00, 0x00, 0x00, 0x00, 0x00, 0x00, 0x00, 0x00, 0x00, 0x00, 0x00,
    0x00, 0x00, 0x00, 0x00, 0x00, 0x00, 0x00, 0x00, 0x00, 0x00, 0x00, 0x00,
    0x00, 0x00, 0x00, 0x02, 0x00, 0x00, 0x00, 0x5E, 0x00, 0x00, 0x06, 0xFF,
    0x00, 0x00, 0x00, 0x00, 0x00, 0x00, 0x00, 0x00, 0x00, 0x00, 0x00, 0x00,
    0x00, 0x01, 0x47, 0x9B, 0x04, 0xAF, 0xFF, 0xFF, 0xBF, 0xFF, 0xFF, 0xFF,
    0xFF, 0xFE, 0x7F, 0xFF, 0xFF, 0x91, 0x0F, 0xFF, 0x00, 0x00, 0x00, 0x00,
    0x00, 0x00, 0x00, 0x00, 0x00, 0x00, 0x00, 0x00, 0xBB, 0xA8, 0x62, 0x00,
    0xFF, 0xFF, 0xFF, 0xD7, 0xFF, 0xFF, 0xFF, 0xFF, 0xFF, 0xC8, 0xEF, 0xFF,
    0xFF, 0x90, 0x1A, 0xFF, 0x00, 0x00, 0x00, 0x00, 0x00, 0x00, 0x00, 0x00,
    0x00, 0x00, 0x00, 0x00, 0x00, 0x00, 0x00, 0x00, 0x10, 0x00, 0x00, 0x00,
    0xE6, 0x00, 0x00, 0x00, 0xFF, 0x90, 0x00, 0x00, 0xFF, 0xF9, 0x00, 0x00,
    0x00, 0x00, 0x5F, 0xFF, 0x00, 0x01, 0xEF, 0xFF, 0x00, 0x09, 0xFF, 0xFF,
    0x00, 0x2F, 0xFF, 0xFA, 0x00, 0x8F, 0xFF, 0xF5, 0x00, 0xDF, 0xFF, 0xE1,
    0x02, 0xFF, 0xFF, 0xB0, 0x04, 0xFF, 0xFF, 0x80, 0xF9, 0x00, 0x4F, 0xFF,
    0xC0, 0x00, 0x4F, 0xFF, 0x30, 0x00, 0x5F, 0xFF, 0x00, 0x00, 0x8F, 0xFF,
    0x00, 0x00, 0x8F, 0xFF, 0x00, 0x00, 0xBF, 0xFF, 0x00, 0x00, 0xCF, 0xFF,
    0x00, 0x00, 0xFF, 0xFF, 0xFF, 0x80, 0x00, 0xAF, 0xFF, 0x70, 0x00, 0x1E,
    0xFF, 0x40, 0x00, 0x07, 0xFF, 0x40, 0x00, 0x01, 0xFF, 0x10, 0x00, 0x00,
    0xFE, 0x00, 0x00, 0x00, 0xFB, 0x00, 0x00, 0x00, 0xF9, 0x00, 0x00, 0x00,
    0xFF, 0xFF, 0x70, 0x00, 0xFF, 0xFF, 0xE2, 0x00, 0xFF, 0xFF, 0xF8, 0x00,
    0xFF, 0xFF, 0xFD, 0x00, 0xCF, 0xFF, 0xFF, 0x30, 0x9F, 0xFF, 0xFF, 0x50,
    0x8F, 0xFF, 0xFF, 0x80, 0x8F, 0xFF, 0xFF, 0x80, 0x07, 0xFF, 0xFF, 0x70,
    0x08, 0xFF, 0xFF, 0x40, 0x08, 0xFF, 0xFF, 0x40, 0x07, 0xFF, 0xFF, 0x40,
    0x04, 0xFF, 0xFF, 0x40, 0x01, 0xFF, 0xFF, 0x50, 0x00, 0xAF, 0xFF, 0x80,
    0x00, 0x6F, 0xFF, 0xC0, 0x00, 0x03, 0xFF, 0xFF, 0x00, 0x06, 0xFF, 0xFF,
    0x00, 0x09, 0xFF, 0xFF, 0x00, 0x0D, 0xFF, 0xFF, 0x00, 0x2F, 0xFF, 0xFF,
    0x00, 0x6F, 0xFF, 0xFF, 0x00, 0xCF, 0xFF, 0xFC, 0x04, 0xFF, 0xFF, 0xF6,
    0xF7, 0x00, 0x00, 0x00, 0xF4, 0x00, 0x00, 0x00, 0xE1, 0x00, 0x00, 0x00,
    0xB0, 0x00, 0x00, 0x01, 0x70, 0x00, 0x00, 0x05, 0x30, 0x00, 0x00, 0x09,
    0x00, 0x00, 0x00, 0x3F, 0x00, 0x00, 0x01, 0xCF, 0x8F, 0xFF, 0xFF, 0x80,
    0x9F, 0xFF, 0xFF, 0x70, 0xBF, 0xFF, 0xFF, 0x40, 0xEF, 0xFF, 0xFF, 0x10,
    0xFF, 0xFF, 0xFC, 0x00, 0xFF, 0xFF, 0xF6, 0x00, 0xFF, 0xFF, 0xD0, 0x00,
    0xFF, 0xFF, 0x40, 0x00, 0x00, 0x0B, 0xFF, 0xF6, 0x00, 0x03, 0xEF, 0xFF,
    0x00, 0x00, 0x3D, 0xFF, 0x00, 0x00, 0x01, 0x7C, 0x00, 0x00, 0x00, 0x00,
    0x00, 0x00, 0x00, 0x00, 0x00, 0x00, 0x00, 0x00, 0x00, 0x00, 0x00, 0x00,
    0x1C, 0xFF, 0xFF, 0xC0, 0xFF, 0xFF, 0xFE, 0x30, 0xFF, 0xFF, 0xE3, 0x00,
    0xFF, 0xD9, 0x20, 0x00, 0x01, 0x00, 0x00, 0x00, 0x00, 0x00, 0x00, 0x00,
    0x00, 0x00, 0x00, 0x00, 0x00, 0x00, 0x00, 0x00, 0x00, 0x00, 0x1C, 0xFF,
    0x00, 0x06, 0xDF, 0xFF, 0x28, 0xDF, 0xFF, 0xFF, 0x6F, 0xFF, 0xFF, 0xD6,
    0x1F, 0xFC, 0x83, 0x00, 0x03, 0x20, 0x00, 0x00, 0x00, 0x00, 0x00, 0x00,
    0x00, 0x00, 0x00, 0x00, 0xFF, 0xF7, 0x00, 0x00, 0xFF, 0x60, 0x00, 0x00,
    0xD4, 0x00, 0x00, 0x00, 0x00, 0x00, 0x00, 0x00, 0x00, 0x00, 0x00, 0x00,
    0x00, 0x00, 0x00, 0x00, 0x00, 0x00, 0x00, 0x00, 0x00, 0x00, 0x00, 0x00,
    0x00, 0x00, 0x00, 0x00, 0x00, 0x00, 0x00, 0x00, 0x00, 0x01, 0x31, 0x00,
    0x00, 0x07, 0xFF, 0xFC, 0x00, 0x08, 0xFF, 0xFF, 0x00, 0x08, 0xFF, 0xFF,
    0x00, 0x0B, 0xFF, 0xFF, 0x00, 0x0B, 0xFF, 0xFF, 0x00, 0x00, 0x00, 0x00,
    0x00, 0x00, 0x00, 0x00, 0x00, 0x00, 0x00, 0x00, 0xC5, 0x00, 0x00, 0x00,
    0xF4, 0x00, 0x00, 0x00, 0xF3, 0x00, 0x00, 0x00, 0xF0, 0x00, 0x00, 0x00,
    0xE0, 0x00, 0x00, 0x00, 0x00, 0x00, 0x00, 0x00, 0x00, 0x00, 0x00, 0x00,
    0x00, 0x48, 0x88, 0x74, 0x00, 0x8F, 0xFF, 0xFF, 0x00, 0x4F, 0xFF, 0xFF,
    0x00, 0x4F, 0xFF, 0xFF, 0x00, 0x4F, 0xFF, 0xFF, 0x00, 0x4F, 0xFF, 0xFF,
    0x00, 0x00, 0x00, 0x00, 0x00, 0x00, 0x00, 0x00, 0x20, 0x00, 0x00, 0x00,
    0x80, 0x00, 0x00, 0x00, 0x80, 0x00, 0x00, 0x00, 0x80, 0x00, 0x00, 0x00,
    0x80, 0x00, 0x00, 0x00, 0x80, 0x00, 0x00, 0x00, 0x00, 0x0B, 0xFF, 0xFF,
    0x00, 0x0E, 0xFF, 0xFF, 0x00, 0x0F, 0xFF, 0xFF, 0x00, 0x0F, 0xFF, 0xFF,
    0x00, 0x0F, 0xFF, 0xFF, 0x00, 0x1F, 0xFF, 0xFF, 0x00, 0x4F, 0xFF, 0xFF,
    0x00, 0x4F, 0xFF, 0xFF, 0xB0, 0x01, 0x00, 0x00, 0xB0, 0xAF, 0xFF, 0xFF,
    0xB0, 0xBF, 0xFF, 0xFF, 0x80, 0x58, 0x88, 0x88, 0x80, 0x00, 0x00, 0x00,
    0x80, 0x00, 0x00, 0x00, 0x70, 0x00, 0x00, 0x00, 0x40, 0x00, 0x00, 0x00,
    0x00, 0x5F, 0xFF, 0xFF, 0xFE, 0xFF, 0xFF, 0xFF, 0xFF, 0xFF, 0xFF, 0xFF,
    0x87, 0x9F, 0xFF, 0xFF, 0x00, 0x4F, 0xFF, 0xFF, 0x00, 0x4F, 0xFF, 0xFF,
    0x00, 0x4F, 0xFF, 0xFF, 0x00, 0x3F, 0xFF, 0xFF, 0xA4, 0x79, 0xA0, 0x00,
    0xFF, 0xFF, 0xF3, 0x00, 0xFF, 0xCB, 0xB2, 0x00, 0x80, 0x00, 0x00, 0x00,
    0x80, 0x00, 0x00, 0x00, 0x80, 0x00, 0x00, 0x00, 0x80, 0x00, 0x00, 0x00,
    0x80, 0x00, 0x00, 0x00, 0x00, 0x4F, 0xFF, 0xFF, 0x00, 0x4F, 0xFF, 0xFF,
    0x00, 0x4F, 0xFF, 0xFF, 0x00, 0x4F, 0xFF, 0xFF, 0x00, 0x4F, 0xFF, 0xFF,
    0x00, 0x4F, 0xFF, 0xFF, 0x00, 0x4F, 0xFF, 0xFF, 0x00, 0x4F, 0xFF, 0xFF,
    0x40, 0x00, 0x00, 0x00, 0x40, 0x00, 0x00, 0x00, 0x40, 0x00, 0x00, 0x00,
    0x40, 0x00, 0x00, 0x25, 0x40, 0x00, 0x6C, 0xFF, 0x40, 0x1B, 0xFF, 0xFF,
    0x40, 0x9F, 0xFF, 0xFE, 0x40, 0xEF, 0xFF, 0xF3, 0x00, 0x0F, 0xFF, 0xFF,
    0x00, 0x0F, 0xFF, 0xFF, 0x00, 0x0F, 0xFF, 0xFF, 0x87, 0x8F, 0xFF, 0xFF,
    0xFF, 0xFF, 0xFF, 0xFF, 0xFF, 0xFF, 0xFF, 0xFF, 0x74, 0x5F, 0xFF, 0xFF,
    0x00, 0x0F, 0xFF, 0xFF, 0x80, 0x00, 0x00, 0x00, 0x80, 0x00, 0x00, 0x00,
    0x80, 0x00, 0x00, 0x00, 0x80, 0x00, 0x00, 0x00, 0xA0, 0x00, 0x00, 0x00,
    0xFD, 0x71, 0x00, 0x00, 0xFF, 0xFE, 0x60, 0x00, 0xFF, 0xFF, 0xFB, 0x20,
    0x00, 0x4F, 0xFF, 0xFF, 0x00, 0x1F, 0xFF, 0xFF, 0x00, 0x0F, 0xFF, 0xFF,
    0x00, 0x0F, 0xFF, 0xFF, 0x00, 0x0E, 0xFF, 0xFF, 0x00, 0x05, 0x54, 0x10,
    0x00, 0x00, 0x00, 0x00, 0x00, 0x00, 0x00, 0x00, 0x73, 0xFF, 0xFF, 0xC0,
    0x73, 0xFF, 0xFF, 0xB0, 0x70, 0xFF, 0xFF, 0xF4, 0xA0, 0x8F, 0xFF, 0xFF,
    0xA0, 0x1B, 0xFF, 0xFF, 0x00, 0x00, 0x49, 0xCF, 0x00, 0x00, 0x00, 0x00,
    0x00, 0x00, 0x00, 0x00, 0x00, 0x0E, 0xFF, 0xFF, 0x00, 0x0E, 0xFF, 0xFF,
    0x00, 0x4F, 0xFF, 0xFF, 0xCB, 0xFF, 0xFF, 0xFF, 0xFF, 0xFF, 0xFF, 0xE6,
    0xFF, 0xEB, 0x96, 0x10, 0x01, 0x00, 0x00, 0x00, 0x00, 0x00, 0x00, 0x00,
    0xFF, 0xFF, 0xFF, 0x30, 0xCC, 0xFF, 0xFB, 0x00, 0x90, 0xCF, 0xF4, 0x00,
    0x40, 0x1D, 0xC0, 0x00, 0x00, 0x03, 0x40, 0x00, 0x00, 0x00, 0x00, 0x00,
    0x00, 0x00, 0x00, 0x00, 0x00, 0x00, 0x00, 0x00, 0x00, 0x00, 0x00, 0x00,
    0x00, 0x00, 0x00, 0x00, 0x00, 0x01, 0x00, 0x00, 0x00, 0x0C, 0xFE, 0xBB,
    0x00, 0x0F, 0xFF, 0xFF, 0x00, 0x1F, 0xFF, 0xFF, 0x00, 0x4F, 0xFF, 0xFF,
    0x00, 0x4F, 0xFF, 0xFF, 0x00, 0x00, 0x00, 0x00, 0x00, 0x00, 0x00, 0x00,
    0x00, 0x00, 0x00, 0x00, 0x70, 0x00, 0x00, 0x00, 0xB0, 0x00, 0x00, 0x00,
    0xA0, 0x00, 0x00, 0x00, 0x80, 0x00, 0x00, 0x00, 0x70, 0x00, 0x00, 0x00,
    0x00, 0x00, 0x00, 0x00, 0x00, 0x00, 0x00, 0x00, 0x00, 0x58, 0x88, 0x53,
    0x00, 0xBF, 0xFF, 0xFE, 0x00, 0xBF, 0xFF, 0xFF, 0x00, 0xBF, 0xFF, 0xFF,
    0x00, 0xBF, 0xFF, 0xFF, 0x00, 0xBF, 0xFF, 0xFF, 0x02, 0x20, 0x9C, 0x20,
    0x4F, 0xE1, 0xBF, 0xB0, 0x1D, 0xF7, 0x3F, 0xF7, 0x06, 0xFF, 0x3C, 0xFE,
    0x03, 0xFF, 0x87, 0xD7, 0x00, 0xDC, 0x60, 0x00, 0x00, 0x20, 0x00, 0x00,
    0x00, 0x00, 0x00, 0x00, 0x00, 0x4F, 0xFF, 0xFF, 0x00, 0x7F, 0xFF, 0xFF,
    0x00, 0x8F, 0xFF, 0xFF, 0x00, 0x8F, 0xFF, 0xFF, 0x00, 0x8F, 0xFF, 0xFF,
    0x00, 0x8F, 0xFF, 0xFF, 0x00, 0xBF, 0xFF, 0xFE, 0x00, 0xBF, 0xFF, 0xFB,
    0x40, 0x00, 0x00, 0x00, 0x33, 0xFF, 0xFF, 0xFF, 0x33, 0xFF, 0xFF, 0xFF,
    0x01, 0x88, 0x88, 0x88, 0x00, 0x00, 0x00, 0x00, 0x00, 0x00, 0x00, 0x00,
    0x00, 0x00, 0x00, 0x00, 0x00, 0x00, 0x00, 0x00, 0x00, 0xBF, 0xFF, 0xFF,
    0xFF, 0xFF, 0xFF, 0xFF, 0xFF, 0xFF, 0xFF, 0xFF, 0x77, 0xCF, 0xFF, 0xFF,
    0x00, 0xBF, 0xFF, 0xFF, 0x00, 0xBF, 0xFF, 0xFF, 0x00, 0xBF, 0xFF, 0xFF,
    0x00, 0xAF, 0xFF, 0xFF, 0x56, 0x8B, 0x50, 0x00, 0xFF, 0xFF, 0xA0, 0x00,
    0xFE, 0xBC, 0x70, 0x00, 0x10, 0x00, 0x00, 0x00, 0x00, 0x00, 0x00, 0x00,
    0x00, 0x00, 0x00, 0x00, 0x00, 0x00, 0x00, 0x00, 0x00, 0x00, 0x00, 0x00,
    0x00, 0xBF, 0xFF, 0xFB, 0x00, 0xBF, 0xFF, 0xFB, 0x00, 0xBF, 0xFF, 0xFB,
    0x00, 0xBF, 0xFF, 0xFB, 0x00, 0xBF, 0xFF, 0xFB, 0x00, 0xBF, 0xFF, 0xFB,
    0x00, 0xBF, 0xFF, 0xFB, 0x00, 0xBF, 0xFF, 0xFB, 0x00, 0x00, 0x00, 0x00,
    0x00, 0x00, 0x00, 0x00, 0x00, 0x00, 0x00, 0x00, 0x00, 0x00, 0x01, 0x47,
    0x00, 0x02, 0xAF, 0xFF, 0x00, 0x6F, 0xFF, 0xFF, 0x02, 0xEF, 0xFF, 0xFA,
    0x07, 0xFF, 0xFF, 0xA0, 0x00, 0x8F, 0xFF, 0xFF, 0x00, 0x8F, 0xFF, 0xFF,
    0x00, 0x8F, 0xFF, 0xFF, 0x87, 0xCF, 0xFF, 0xFF, 0xFF, 0xFF, 0xFF, 0xFF,
    0xFF, 0xFF, 0xFF, 0xFF, 0x53, 0xAF, 0xFF, 0xFF, 0x00, 0x8F, 0xFF, 0xFF,
    0x00, 0x00, 0x00, 0x00, 0x00, 0x00, 0x00, 0x00, 0x00, 0x00, 0x00, 0x00,
    0x00, 0x00, 0x00, 0x00, 0x30, 0x00, 0x00, 0x00, 0xFA, 0x40, 0x00, 0x00,
    0xFF, 0xFA, 0x20, 0x00, 0xFF, 0xFF, 0xE6, 0x00, 0x00, 0xBF, 0xFF, 0xFE,
    0x00, 0x8F, 0xFF, 0xFE, 0x00, 0x8F, 0xFF, 0xFE, 0x00, 0x8F, 0xFF, 0xFF,
    0x00, 0x7F, 0xFF, 0xFE, 0x00, 0x26, 0x43, 0x00, 0x00, 0x00, 0x00, 0x00,
    0x00, 0x00, 0x00, 0x00, 0x0B, 0xFF, 0xFF, 0x50, 0x0B, 0xFF, 0xFF, 0x40,
    0x08, 0xFF, 0xFF, 0xA0, 0x32, 0xEF, 0xFF, 0xFE, 0x30, 0x5E, 0xFF, 0xFF,
    0x00, 0x01, 0x7B, 0xEF, 0x00, 0x00, 0x00, 0x01, 0x00, 0x00, 0x00, 0x00,
    0x00, 0x7F, 0xFF, 0xFF, 0x00, 0x7F, 0xFF, 0xFF, 0x00, 0xAF, 0xFF, 0xFF,
    0xBD, 0xFF, 0xFF, 0xFB, 0xFF, 0xFF, 0xFF, 0xB1, 0xFF, 0xCB, 0x84, 0x00,
    0x00, 0x00, 0x00, 0x00, 0x00, 0x00, 0x00, 0x00, 0xFF, 0xFF, 0xFA, 0x00,
    0xAF, 0xFF, 0xF4, 0x00, 0x25, 0xFF, 0xB0, 0x00, 0x00, 0x6F, 0x40, 0x00,
    0x00, 0x05, 0x00, 0x00, 0x00, 0x00, 0x00, 0x00, 0x00, 0x00, 0x00, 0x00,
    0x00, 0x00, 0x00, 0x00, 0x00, 0x00, 0x00, 0x00, 0x00, 0x00, 0x00, 0x00,
    0x00, 0x03, 0x20, 0x00, 0x00, 0x0E, 0xFF, 0xEB, 0x00, 0x0F, 0xFF, 0xFF,
    0x00, 0x1F, 0xFF, 0xFF, 0x00, 0x4F, 0xFF, 0xFF, 0x00, 0x4F, 0xFF, 0xFF,
    0x00, 0x00, 0x00, 0x00, 0x00, 0x00, 0x00, 0x00, 0x00, 0x00, 0x00, 0x00,
    0x90, 0x00, 0x00, 0x00, 0xB0, 0x00, 0x00, 0x00, 0xA0, 0x00, 0x00, 0x00,
    0x80, 0x00, 0x00, 0x00, 0x70, 0x00, 0x00, 0x00, 0x00, 0x00, 0x00, 0x00,
    0x00, 0x00, 0x00, 0x00, 0x00, 0x8A, 0x78, 0x87, 0x00, 0xBF, 0xFF, 0xFE,
    0x00, 0xBF, 0xFF, 0xFE, 0x00, 0xBF, 0xFF, 0xFF, 0x00, 0xBF, 0xFF, 0xFF,
    0x00, 0xBF, 0xFF, 0xFF, 0x00, 0x17, 0xBA, 0x40, 0x01, 0xCF, 0xFF, 0xF6,
    0x07, 0xFC, 0x48, 0xFE, 0x0B, 0xF5, 0x00, 0xCF, 0x09, 0xF8, 0x01, 0xEF,
    0x04, 0xFF, 0xCE, 0xFB, 0x00, 0x6E, 0xFF, 0xB1, 0x00, 0x00, 0x42, 0x00,
    0x00, 0x4F, 0xFF, 0xFF, 0x00, 0x7F, 0xFF, 0xFF, 0x00, 0x8F, 0xFF, 0xFF,
    0x00, 0x8F, 0xFF, 0xFF, 0x00, 0x8F, 0xFF, 0xFF, 0x00, 0x8F, 0xFF, 0xFF,
    0x00, 0xBF, 0xFF, 0xFE, 0x00, 0xBF, 0xFF, 0xFB, 0x40, 0x00, 0x00, 0x00,
    0x33, 0xFF, 0xFF, 0xFF, 0x33, 0xFF, 0xFF, 0xFF, 0x01, 0x88, 0x88, 0x88,
    0x00, 0x00, 0x00, 0x00, 0x00, 0x00, 0x00, 0x00, 0x00, 0x00, 0x00, 0x00,
    0x00, 0x00, 0x00, 0x00, 0x00, 0xBF, 0xFF, 0xFF, 0xFF, 0xFF, 0xFF, 0xFF,
    0xFF, 0xFF, 0xFF, 0xFF, 0x77, 0xCF, 0xFF, 0xFF, 0x00, 0xBF, 0xFF, 0xFF,
    0x00, 0xBF, 0xFF, 0xFF, 0x00, 0xBF, 0xFF, 0xFF, 0x00, 0x9F, 0xFF, 0xFF,
    0x56, 0x8A, 0x80, 0x00, 0xFF, 0xFF, 0xB0, 0x00, 0xFE, 0xBC, 0x70, 0x00,
    0x10, 0x00, 0x00, 0x00, 0x00, 0x00, 0x00, 0x00, 0x00, 0x00, 0x00, 0x00,
    0x00, 0x00, 0x00, 0x00, 0x00, 0x00, 0x00, 0x00, 0x00, 0xBF, 0xFF, 0xFB,
    0x00, 0xBF, 0xFF, 0xFB, 0x00, 0xBF, 0xFF, 0xFB, 0x00, 0xBF, 0xFF, 0xFB,
    0x00, 0xBF, 0xFF, 0xFB, 0x00, 0xBF, 0xFF, 0xFB, 0x00, 0xBF, 0xFF, 0xFB,
    0x00, 0xBF, 0xFF, 0xFB, 0x00, 0x00, 0x00, 0x00, 0x00, 0x00, 0x00, 0x00,
    0x00, 0x00, 0x00, 0x00, 0x00, 0x00, 0x01, 0x47, 0x00, 0x02, 0xAF, 0xFF,
    0x00, 0x6F, 0xFF, 0xFF, 0x02, 0xEF, 0xFF, 0xFA, 0x07, 0xFF, 0xFF, 0xA0,
    0x00, 0x8F, 0xFF, 0xFF, 0x00, 0x8F, 0xFF, 0xFF, 0x00, 0x8F, 0xFF, 0xFF,
    0x87, 0xCF, 0xFF, 0xFF, 0xFF, 0xFF, 0xFF, 0xFF, 0xFF, 0xFF, 0xFF, 0xFF,
    0x53, 0xAF, 0xFF, 0xFF, 0x00, 0x8F, 0xFF, 0xFF, 0x00, 0x00, 0x00, 0x00,
    0x00, 0x00, 0x00, 0x00, 0x00, 0x00, 0x00, 0x00, 0x00, 0x00, 0x00, 0x00,
    0x30, 0x00, 0x00, 0x00, 0xFA, 0x40, 0x00, 0x00, 0xFF, 0xFA, 0x20, 0x00,
    0xFF, 0xFF, 0xE7, 0x00, 0x00, 0xBF, 0xFF, 0xFE, 0x00, 0x8F, 0xFF, 0xFE,
    0x00, 0x8F, 0xFF, 0xFE, 0x00, 0x8F, 0xFF, 0xFF, 0x00, 0x7F, 0xFF, 0xFE,
    0x00, 0x26, 0x43, 0x00, 0x00, 0x00, 0x00, 0x00, 0x00, 0x00, 0x00, 0x00,
    0x0B, 0xFF, 0xFF, 0x50, 0x0B, 0xFF, 0xFF, 0x40, 0x08, 0xFF, 0xFF, 0xA0,
    0x32, 0xEF, 0xFF, 0xFE, 0x30, 0x5E, 0xFF, 0xFF, 0x00, 0x02, 0x7B, 0xEF,
    0x00, 0x00, 0x00, 0x01, 0x00, 0x00, 0x00, 0x00, 0x00, 0x7F, 0xFF, 0xFF,
    0x00, 0x7F, 0xFF, 0xFF, 0x00, 0xAF, 0xFF, 0xFF, 0xBD, 0xFF, 0xFF, 0xFB,
    0xFF, 0xFF, 0xFF, 0xB1, 0xFF, 0xCB, 0x84, 0x00, 0x00, 0x00, 0x00, 0x00,
    0x00, 0x00, 0x00, 0x00, 0xFF, 0xFF, 0xFB, 0x00, 0xBF, 0xFF, 0xF4, 0x00,
    0x25, 0xFF, 0xB0, 0x00, 0x00, 0x6F, 0x40, 0x00, 0x00, 0x04, 0x00, 0x00,
    0x00, 0x00, 0x00, 0x00, 0x00, 0x00, 0x00, 0x00, 0x00, 0x00, 0x00, 0x00,
    0x00, 0x00, 0x00, 0x00, 0x00, 0x00, 0x00, 0x00, 0x00, 0x00, 0x00, 0x00,
    0x00, 0x00, 0x00, 0x00, 0x00, 0x00, 0x35, 0x8A, 0x00, 0xBF, 0xFF, 0xFF,
    0x00, 0x9F, 0xFF, 0xFE, 0x00, 0x6D, 0x96, 0x30, 0x00, 0x00, 0x00, 0x00,
    0x00, 0x00, 0x00, 0x00, 0x00, 0x00, 0x00, 0x00, 0x01, 0x59, 0x60, 0x00,
    0xDF, 0xFF, 0xE3, 0x00, 0xFF, 0xFF, 0xFB, 0x00, 0x9B, 0xFF, 0xF5, 0x00,
    0x3D, 0xFF, 0x80, 0x00, 0x00, 0x00, 0x00, 0x00, 0x00, 0x00, 0x00, 0x00,
    0x00, 0x00, 0x00, 0x00, 0x00, 0x06, 0x60, 0x00, 0x00, 0x9F, 0xF7, 0x00,
    0x02, 0xEF, 0xFF, 0xA2, 0x00, 0x8F, 0xFF, 0xFE, 0x00, 0x2F, 0xFF, 0xFF,
    0x00, 0x00, 0x00, 0x00, 0x00, 0x00, 0x00, 0x00, 0x00, 0x00, 0x00, 0x00,
    0x00, 0x00, 0x00, 0x00, 0x00, 0x00, 0x00, 0x00, 0x00, 0x00, 0x00, 0x00,
    0x70, 0x00, 0x00, 0x00, 0xFD, 0x61, 0x00, 0x00, 0x00, 0x00, 0x00, 0x02,
    0x00, 0x00, 0x00, 0x1C, 0x00, 0x00, 0x00, 0x9F, 0x00, 0x00, 0x04, 0xFF,
    0x00, 0x00, 0x0D, 0xFF, 0x00, 0x00, 0x6F, 0xFF, 0x00, 0x00, 0xCF, 0xFF,
    0x00, 0x03, 0xFF, 0xFF, 0xEF, 0xFC, 0x00, 0x00, 0xFF, 0xF4, 0x00, 0x00,
    0xFF, 0xC0, 0x00, 0x00, 0xFF, 0x60, 0x00, 0x00, 0xFE, 0x10, 0x00, 0x00,
    0xFA, 0x00, 0x00, 0x00, 0xF6, 0x00, 0x00, 0x00, 0xF3, 0x00, 0x00, 0x00,
    0x00, 0x0A, 0xFE, 0xBF, 0x00, 0x07, 0xFF, 0x98, 0x00, 0x03, 0xFF, 0xF3,
    0x00, 0x00, 0xEF, 0xFB, 0x00, 0x00, 0xBF, 0xFF, 0x00, 0x00, 0xAF, 0xFF,
    0x00, 0x00, 0x8F, 0xFF, 0x00, 0x00, 0x8F, 0xFF, 0xFF, 0xFE, 0x83, 0x00,
    0xFF, 0xFF, 0xFF, 0x40, 0x5E, 0xFF, 0xFA, 0x00, 0x02, 0xCF, 0xF2, 0x00,
    0x30, 0x08, 0x70, 0x00, 0x80, 0x00, 0x00, 0x00, 0xD0, 0x00, 0x00, 0x00,
    0xF3, 0x00, 0x00, 0x00, 0x00, 0x07, 0xFF, 0xFF, 0x00, 0x09, 0xFF, 0xFF,
    0x00, 0x0B, 0xFF, 0xFF, 0x00, 0x0B, 0xFF, 0xFF, 0x00, 0x0B, 0xFF, 0xFF,
    0x00, 0x08, 0xFF, 0xFF, 0x00, 0x06, 0xFF, 0xFF, 0x00, 0x02, 0xFF, 0xFF,
    0xE0, 0x00, 0x00, 0x00, 0xB0, 0x00, 0x00, 0x00, 0xB0, 0x00, 0x00, 0x00,
    0xB0, 0x00, 0x00, 0x00, 0xC0, 0x00, 0x00, 0x00, 0xF1, 0x00, 0x00, 0x00,
    0xF8, 0x00, 0x00, 0x00, 0xFE, 0x30, 0x00, 0x00, 0x00, 0x00, 0x8F, 0xFF,
    0x00, 0x00, 0x8F, 0xFF, 0x00, 0x00, 0xBF, 0xFF, 0x00, 0x00, 0xDF, 0xFF,
    0x00, 0x02, 0xFF, 0xFF, 0x00, 0x08, 0xFF, 0xFF, 0x00, 0x2E, 0xFF, 0xFF,
    0x01, 0xCF, 0xFF, 0xFF, 0xF5, 0x00, 0x00, 0x00, 0xF8, 0x00, 0x00, 0x00,
    0xF8, 0x00, 0x00, 0x00, 0xF8, 0x00, 0x00, 0x00, 0xF5, 0x00, 0x00, 0x00,
    0xF2, 0x00, 0x00, 0x00, 0xD0, 0x00, 0x00, 0x00, 0x80, 0x00, 0x00, 0x00,
    0x00, 0x00, 0x9F, 0xFF, 0x00, 0x00, 0x1E, 0xFF, 0x00, 0x00, 0x03, 0xDF,
    0x00, 0x00, 0x00, 0x1A, 0x00, 0x00, 0x00, 0x00, 0x00, 0x00, 0x00, 0x00,
    0x00, 0x00, 0x00, 0x00, 0x00, 0x00, 0x00, 0x00, 0xFF, 0xE8, 0x30, 0x03,
    0xFF, 0xFF, 0xFF, 0xFF, 0xFF, 0xFF, 0xFF, 0xFF, 0xFF, 0xFF, 0xFF, 0xFF,
    0x28, 0xDF, 0xFF, 0xFF, 0x00, 0x01, 0x44, 0x44, 0x00, 0x00, 0x00, 0x00,
    0x00, 0x00, 0x00, 0x00, 0x8E, 0xFF, 0xFF, 0xFD, 0xFF, 0xFF, 0xFF, 0xE3,
    0xFF, 0xFF, 0xFE, 0x30, 0xFF, 0xFF, 0xB2, 0x00, 0xFD, 0x83, 0x00, 0x00,
    0x10, 0x00, 0x00, 0x00, 0x00, 0x00, 0x00, 0x00, 0x00, 0x00, 0x00, 0x00,
    0x10, 0x00, 0x00, 0x00, 0x00, 0x00, 0x00, 0x00, 0x00, 0x00, 0x00, 0x00,
    0x00, 0x00, 0x00, 0x00, 0x00, 0x00, 0x00, 0x00, 0x00, 0x00, 0x00, 0x00,
    0x00, 0x00, 0x00, 0x00, 0x00, 0x00, 0x00, 0x00, 0x00, 0x00, 0x00, 0x00,
    0x00, 0x00, 0x00, 0x00, 0x00, 0x00, 0x00, 0x00, 0x00, 0x00, 0x00, 0x00,
    0x00, 0x00, 0x01, 0x46, 0x00, 0x9B, 0xEF, 0xFF, 0x00, 0x9F, 0xFF, 0xFF,
    0x00, 0x7F, 0xD9, 0x62, 0x00, 0x00, 0x00, 0x00, 0x00, 0x00, 0x00, 0x00,
    0x00, 0x00, 0x00, 0x00, 0x00, 0x15, 0x30, 0x00, 0x9C, 0xFF, 0xD1, 0x00,
    0xFF, 0xFF, 0xFA, 0x00, 0xDC, 0xFF, 0xF8, 0x00, 0x1C, 0xFF, 0xA0, 0x00,
    0x00, 0x00, 0x00, 0x00, 0x00, 0x00, 0x00, 0x00, 0x00, 0x00, 0x00, 0x00,
    0x00, 0x03, 0x30, 0x00, 0x00, 0x6F, 0xE3, 0x00, 0x02, 0xFF, 0xFF, 0x70,
    0x00, 0x9F, 0xFF, 0xFC, 0x00, 0x3F, 0xFF, 0xFF, 0x00, 0x07, 0xD4, 0x00,
    0x02, 0x0C, 0xFF, 0x80, 0xAF, 0x50, 0xCF, 0xF9, 0xAF, 0xF8, 0x1E, 0xF6,
    0x0A, 0xFF, 0x94, 0x40, 0x01, 0xCF, 0xC1, 0x00, 0x40, 0x3B, 0x10, 0x00,
    0xFA, 0x20, 0x00, 0x00, 0x00, 0x12, 0x00, 0x01, 0x00, 0x00, 0x00, 0x09,
    0x00, 0x00, 0x00, 0x7F, 0x00, 0x00, 0x02, 0xFF, 0x00, 0x00, 0x0B, 0xFF,
    0x00, 0x00, 0x4F, 0xFF, 0x00, 0x00, 0xAF, 0xFF, 0x00, 0x02, 0xFF, 0xFF,
    0xCF, 0xFE, 0x10, 0x00, 0xFF, 0xF6, 0x00, 0x00, 0xFF, 0xD0, 0x00, 0x00,
    0xFF, 0x80, 0x00, 0x00, 0xFF, 0x20, 0x00, 0x00, 0xFB, 0x00, 0x00, 0x00,
    0xF7, 0x00, 0x00, 0x00, 0xF4, 0x00, 0x00, 0x00, 0x00, 0x0C, 0xFE, 0xCF,
    0x00, 0x08, 0xFF, 0x8B, 0x00, 0x04, 0xFF, 0xE2, 0x00, 0x01, 0xEF, 0xF9,
    0x00, 0x00, 0xBF, 0xFF, 0x00, 0x00, 0xBF, 0xFF, 0x00, 0x00, 0x8F, 0xFF,
    0x00, 0x00, 0x8F, 0xFF, 0xFF, 0xFB, 0x50, 0x00, 0xFF, 0xFF, 0xFE, 0x30,
    0x9F, 0xFF, 0xFC, 0x00, 0x05, 0xEF, 0xF4, 0x00, 0x20, 0x2C, 0xA0, 0x00,
    0x70, 0x00, 0x10, 0x00, 0xC0, 0x00, 0x00, 0x00, 0xF2, 0x00, 0x00, 0x00,
    0x00, 0x06, 0xFF, 0xFF, 0x00, 0x08, 0xFF, 0xFF, 0x00, 0x0B, 0xFF, 0xFF,
    0x00, 0x0B, 0xFF, 0xFF, 0x00, 0x0B, 0xFF, 0xFF, 0x00, 0x09, 0xFF, 0xFF,
    0x00, 0x07, 0xFF, 0xFF, 0x00, 0x03, 0xFF, 0xFF, 0xF1, 0x00, 0x00, 0x00,
    0xC0, 0x00, 0x00, 0x00, 0xB0, 0x00, 0x00, 0x00, 0xB0, 0x00, 0x00, 0x00,
    0xB0, 0x00, 0x00, 0x00, 0xE1, 0x00, 0x00, 0x00, 0xF6, 0x00, 0x00, 0x00,
    0xFD, 0x10, 0x00, 0x00, 0x00, 0x00, 0x8F, 0xFF, 0x00, 0x00, 0x8F, 0xFF,
    0x00, 0x00, 0xAF, 0xFF, 0x00, 0x00, 0xCF, 0xFF, 0x00, 0x01, 0xFF, 0xFF,
    0x00, 0x07, 0xFF, 0xFF, 0x00, 0x1D, 0xFF, 0xFF, 0x00, 0x9F, 0xFF, 0xFF,
    0xF4, 0x00, 0x00, 0x00, 0xF7, 0x00, 0x00, 0x00, 0xF8, 0x00, 0x00, 0x00,
    0xF8, 0x00, 0x00, 0x00, 0xF6, 0x00, 0x00, 0x00, 0xF3, 0x00, 0x00, 0x00,
    0xE0, 0x00, 0x00, 0x00, 0x90, 0x00, 0x00, 0x00, 0x00, 0x00, 0xBF, 0xFF,
    0x00, 0x00, 0x3F, 0xFF, 0x00, 0x00, 0x06, 0xFF, 0x00, 0x00, 0x00, 0x3D,
    0x00, 0x00, 0x00, 0x01, 0x00, 0x00, 0x00, 0x00, 0x00, 0x00, 0x00, 0x00,
    0x00, 0x00, 0x00, 0x00, 0xFF, 0xC4, 0x00, 0x00, 0xFF, 0xFF, 0xEB, 0xBE,
    0xFF, 0xFF, 0xFF, 0xFF, 0xFF, 0xFF, 0xFF, 0xFF, 0x6C, 0xFF, 0xFF, 0xFF,
    0x00, 0x25, 0x78, 0x87, 0x00, 0x00, 0x00, 0x00, 0x00, 0x00, 0x00, 0x00,
    0x4B, 0xFF, 0xFF, 0xFE, 0xFF, 0xFF, 0xFF, 0xF6, 0xFF, 0xFF, 0xFF, 0x60,
    0xFF, 0xFF, 0xE5, 0x00, 0xFF, 0xC7, 0x10, 0x00, 0x52, 0x00, 0x00, 0x00,
    0x00, 0x00, 0x00, 0x00, 0x00, 0x00, 0x00, 0x00, 0x20, 0x00, 0x00, 0x00,
    0x00, 0x00, 0x00, 0x00, 0x00, 0x00, 0x00, 0x00, 0x00, 0x00, 0x00, 0x00,
    0x00, 0x00, 0x00, 0x00, 0x00, 0x00, 0x00, 0x00, 0x00, 0x00, 0x00, 0x00,
    0x00, 0x00, 0x00, 0x00, 0x00, 0x00, 0x00, 0x00, 0x00, 0x00, 0x00, 0x00,
    0x00, 0x00, 0x00, 0x00, 0x00, 0x00, 0x00, 0x00, 0x00, 0x00, 0x14, 0x68,
    0x00, 0xBF, 0xFF, 0xFF, 0x00, 0x9F, 0xFF, 0xFF, 0x00, 0x6F, 0xB8, 0x51,
    0x00, 0x00, 0x00, 0x00, 0x00, 0x00, 0x00, 0x00, 0x00, 0x00, 0x00, 0x00,
    0x00, 0x37, 0x50, 0x00, 0xBE, 0xFF, 0xE2, 0x00, 0xFF, 0xFF, 0xFC, 0x00,
    0xBC, 0xFF, 0xF6, 0x00, 0x3E, 0xFF, 0x90, 0x00, 0x00, 0x00, 0x00, 0x00,
    0x00, 0x00, 0x00, 0x00, 0x00, 0x00, 0x00, 0x00, 0x00, 0x05, 0x40, 0x00,
    0x00, 0x8F, 0xF6, 0x00, 0x02, 0xFF, 0xFF, 0x91, 0x00, 0x9F, 0xFF, 0xFE,
    0x00, 0x2F, 0xFF, 0xFF, 0x00, 0x7E, 0xF9, 0x10, 0x08, 0xFF, 0xFF, 0xC0,
    0x2F, 0xF3, 0x1D, 0xF6, 0x4F, 0xC0, 0x08, 0xF8, 0x2F, 0xF3, 0x1D, 0xF6,
    0x08, 0xFF, 0xFF, 0xC0, 0x60, 0x6E, 0xF9, 0x10, 0xFD, 0x50, 0x00, 0x00,
    0x00, 0x11, 0x00, 0x01, 0x00, 0x00, 0x00, 0x0B, 0x00, 0x00, 0x00, 0x8F,
    0x00, 0x00, 0x04, 0xFF, 0x00, 0x00, 0x0D, 0xFF, 0x00, 0x00, 0x6F, 0xFF,
    0x00, 0x00, 0xCF, 0xFF, 0x00, 0x02, 0xFF, 0xFF, 0xCF, 0xFD, 0x10, 0x00,
    0xFF, 0xF6, 0x00, 0x00, 0xFF, 0xD0, 0x00, 0x00, 0xFF, 0x60, 0x00, 0x00,
    0xFF, 0x10, 0x00, 0x00, 0xFA, 0x00, 0x00, 0x00, 0xF6, 0x00, 0x00, 0x00,
    0xF3, 0x00, 0x00, 0x00, 0x00, 0x0C, 0xFF, 0xCF, 0x00, 0x07, 0xFF, 0x88,
    0x00, 0x03, 0xFF, 0xF2, 0x00, 0x00, 0xEF, 0xF9, 0x00, 0x00, 0xBF, 0xFF,
    0x00, 0x00, 0xAF, 0xFF, 0x00, 0x00, 0x8F, 0xFF, 0x00, 0x00, 0x8F, 0xFF,
    0xFF, 0xFD, 0x62, 0x00, 0xFF, 0xFF, 0xFF, 0x30, 0x5F, 0xFF, 0xFB, 0x00,
    0x03, 0xDF, 0xF3, 0x00, 0x20, 0x19, 0x80, 0x00, 0x80, 0x00, 0x00, 0x00,
    0xD0, 0x00, 0x00, 0x00, 0xF2, 0x00, 0x00, 0x00, 0x00, 0x06, 0xFF, 0xFF,
    0x00, 0x08, 0xFF, 0xFF, 0x00, 0x0B, 0xFF, 0xFF, 0x00, 0x0B, 0xFF, 0xFF,
    0x00, 0x0B, 0xFF, 0xFF, 0x00, 0x08, 0xFF, 0xFF, 0x00, 0x06, 0xFF, 0xFF,
    0x00, 0x02, 0xFF, 0xFF, 0xF0, 0x00, 0x00, 0x00, 0xC0, 0x00, 0x00, 0x00,
    0xB0, 0x00, 0x00, 0x00, 0xB0, 0x00, 0x00, 0x00, 0xC0, 0x00, 0x00, 0x00,
    0xF1, 0x00, 0x00, 0x00, 0xF8, 0x00, 0x00, 0x00, 0xFE, 0x30, 0x00, 0x00,
    0x00, 0x00, 0x8F, 0xFF, 0x00, 0x00, 0x8F, 0xFF, 0x00, 0x00, 0xBF, 0xFF,
    0x00, 0x00, 0xDF, 0xFF, 0x00, 0x02, 0xFF, 0xFF, 0x00, 0x08, 0xFF, 0xFF,
    0x00, 0x2E, 0xFF, 0xFF, 0x01, 0xCF, 0xFF, 0xFF, 0xF5, 0x00, 0x00, 0x00,
    0xF8, 0x00, 0x00, 0x00, 0xF8, 0x00, 0x00, 0x00, 0xF8, 0x00, 0x00, 0x00,
    0xF5, 0x00, 0x00, 0x00, 0xF3, 0x00, 0x00, 0x00, 0xD0, 0x00, 0x00, 0x00,
    0x80, 0x00, 0x00, 0x00, 0x00, 0x00, 0x9F, 0xFF, 0x00, 0x00, 0x1E, 0xFF,
    0x00, 0x00, 0x03, 0xDF, 0x00, 0x00, 0x00, 0x1A, 0x00, 0x00, 0x00, 0x00,
    0x00, 0x00, 0x00, 0x00, 0x00, 0x00, 0x00, 0x00, 0x00, 0x00, 0x00, 0x00,
    0xFF, 0xE8, 0x30, 0x03, 0xFF, 0xFF, 0xFF, 0xFF, 0xFF, 0xFF, 0xFF, 0xFF,
    0xFF, 0xFF, 0xFF, 0xFF, 0x28, 0xDF, 0xFF, 0xFF, 0x00, 0x01, 0x44, 0x44,
    0x00, 0x00, 0x00, 0x00, 0x00, 0x00, 0x00, 0x00, 0x8E, 0xFF, 0xFF, 0xFD,
    0xFF, 0xFF, 0xFF, 0xE3, 0xFF, 0xFF, 0xFE, 0x50, 0xFF, 0xFF, 0xB2, 0x00,
    0xFD, 0x83, 0x00, 0x00, 0x10, 0x00, 0x00, 0x00, 0x00, 0x00, 0x00, 0x00,
    0x00, 0x00, 0x00, 0x00, 0x10, 0x00, 0x00, 0x00, 0x00, 0x00, 0x00, 0x00,
    0x00, 0x00, 0x00, 0x00, 0x00, 0x00, 0x00, 0x00, 0x00, 0x00, 0x00, 0x00,
    0x00, 0x00, 0x00, 0x00, 0x00, 0x00, 0x00, 0x00, 0x00, 0x00, 0x00, 0x00,
    0x00, 0x00, 0x00, 0x00, 0x00, 0x00, 0x00, 0x00, 0x00, 0x00, 0x00, 0x00,
    0x00, 0x00, 0x00, 0x00, 0x00, 0x00, 0x00, 0x00, 0x00, 0x00, 0x00, 0x00,
    0x00, 0x00, 0x00, 0x00, 0x00, 0x00, 0x00, 0x00, 0x00, 0x00, 0x00, 0x00,
    0x00, 0x10, 0x00, 0x00, 0x03, 0xFF, 0xCA, 0x74, 0x0A, 0xFF, 0xFF, 0xFF,
    0x02, 0x7D, 0xFF, 0xFF, 0x00, 0x00, 0x6D, 0xFF, 0x00, 0x00, 0x00, 0x8F,
    0x00, 0x00, 0x00, 0x03, 0x00, 0x00, 0x00, 0x00, 0x00, 0x00, 0x00, 0x00,
    0x10, 0x00, 0x00, 0x00, 0xFC, 0x83, 0x00, 0x00, 0xFF, 0xFF, 0xB0, 0x00,
    0xFF, 0xFF, 0x50, 0x00, 0xFF, 0xF9, 0x00, 0x00, 0xEF, 0xD1, 0x00, 0x00,
    0x00, 0x00, 0x00, 0x00, 0x00, 0x00, 0x00, 0x00, 0x00, 0x00, 0x00, 0x00,
    0x00, 0x00, 0x00, 0x00, 0x00, 0x00, 0x00, 0x00, 0x00, 0x00, 0x00, 0x00,
    0x00, 0x00, 0x00, 0x00, 0x00, 0x00, 0x00, 0x00, 0x00, 0x00, 0x00, 0x00,
    0x00, 0x00, 0x00, 0x00, 0x00, 0x00, 0x00, 0x00, 0x00, 0x00, 0x00, 0x00,
    0x00, 0x00, 0x00, 0x00, 0x00, 0x00, 0x00, 0x00, 0x00, 0x00, 0x00, 0x00,
    0x00, 0x00, 0x00, 0x00, 0x00, 0x00, 0x00, 0x00, 0x00, 0x01, 0x00, 0x00,
    0x00, 0x6E, 0x70, 0x00, 0x03, 0xFF, 0xFD, 0x30, 0x01, 0xCF, 0xFF, 0xF7,
    0x00, 0x09, 0xFF, 0xFF, 0x00, 0x00, 0x9F, 0xFF, 0x00, 0x00, 0x0B, 0xFF,
    0x3C, 0x50, 0x00, 0x00, 0x01, 0x00, 0x00, 0x00, 0x00, 0x00, 0x00, 0x00,
    0x00, 0x00, 0x00, 0x00, 0x00, 0x00, 0x00, 0x00, 0xA1, 0x00, 0x00, 0x00,
    0xFC, 0x10, 0x00, 0x00, 0xFF, 0xC1, 0x00, 0x04, 0x00, 0x00, 0x00, 0x00,
    0x00, 0x00, 0x00, 0x00, 0x00, 0x00, 0x00, 0x00, 0x00, 0x00, 0x00, 0x00,
    0x00, 0x00, 0x00, 0x00, 0x00, 0x00, 0x00, 0x00, 0x00, 0x00, 0x00, 0x00,
    0xD6, 0x00, 0x00, 0x00, 0x00, 0x00, 0x00, 0x00, 0x00, 0x00, 0x00, 0x07,
    0x00, 0x00, 0x00, 0x3E, 0x00, 0x00, 0x03, 0xEF, 0x00, 0x00, 0x3E, 0xFF,
    0x00, 0x03, 0xEF, 0xFF, 0x00, 0x5E, 0xFF, 0xFF, 0x19, 0xFF, 0xFF, 0xFE,
    0x92, 0x00, 0x01, 0xEF, 0xFE, 0x30, 0x00, 0x6F, 0xFF, 0x50, 0x00, 0x0D,
    0xFD, 0x00, 0x00, 0x08, 0xF8, 0x00, 0x00, 0x04, 0xE1, 0x00, 0x00, 0x01,
    0x80, 0x00, 0x00, 0x00, 0x10, 0x00, 0x00, 0x00, 0xFF, 0xF9, 0x00, 0x1E,
    0xFF, 0xFF, 0x70, 0x09, 0xFF, 0xFF, 0xE1, 0x02, 0xFF, 0xFF, 0xF8, 0x00,
    0xFF, 0xFF, 0xFD, 0x00, 0xFF, 0xFF, 0xFF, 0x10, 0xFF, 0xFF, 0xFF, 0x40,
    0xFF, 0xFF, 0xFF, 0x40, 0xFF, 0x40, 0x00, 0x00, 0xFF, 0xE3, 0x00, 0x00,
    0xFF, 0xFD, 0x10, 0x00, 0xBF, 0xFF, 0xA0, 0x00, 0x6F, 0xFF, 0xF7, 0x00,
    0x1F, 0xFF, 0xFE, 0x20, 0x0C, 0xFF, 0xFF, 0xB0, 0x08, 0xFF, 0xFF, 0xF5,
    0x1D, 0xFF, 0xFF, 0xF6, 0x03, 0xFF, 0xFF, 0xB0, 0x00, 0x7F, 0xFE, 0x10,
    0x00, 0x0A, 0xF3, 0x00, 0x00, 0x02, 0x30, 0x00, 0x00, 0x00, 0x00, 0x00,
    0x00, 0x00, 0x00, 0x00, 0x00, 0x00, 0x00, 0x00, 0x00, 0x00, 0x00, 0x03,
    0x00, 0x00, 0x00, 0x08, 0x35, 0x20, 0x01, 0x7F, 0x7F, 0xFE, 0xEF, 0xFF,
    0x4F, 0xFF, 0xFF, 0xFF, 0x28, 0x88, 0x88, 0x87, 0x00, 0x00, 0x00, 0x00,
    0x00, 0x00, 0x00, 0x00, 0xFF, 0xFF, 0xFF, 0x30, 0xFF, 0xFF, 0xFE, 0x00,
    0xFF, 0xFF, 0xF7, 0x00, 0xFF, 0xFF, 0xB0, 0x00, 0xFF, 0xD7, 0x00, 0x00,
    0x42, 0x00, 0x00, 0x00, 0x00, 0x00, 0x00, 0x00, 0x00, 0x00, 0x00, 0x00,
    0x05, 0xFF, 0xFF, 0xB3, 0x03, 0xFF, 0xD5, 0x00, 0x01, 0xD8, 0x10, 0x00,
    0x00, 0x20, 0x00, 0x00, 0x00, 0x00, 0x00, 0x00, 0x00, 0x00, 0x00, 0x00,
    0x00, 0x00, 0x00, 0x00, 0x00, 0x00, 0x00, 0x00, 0x00, 0x00, 0x00, 0x00,
    0x00, 0x00, 0x00, 0x00, 0x00, 0x00, 0x00, 0x00, 0x00, 0x00, 0x00, 0x00,
    0x00, 0x00, 0x00, 0x00, 0x00, 0x00, 0x00, 0x00, 0x00, 0x00, 0x00, 0x00,
    0x00, 0x00, 0x00, 0x00, 0x00, 0x00, 0x00, 0x00, 0x01, 0x10, 0x00, 0x00,
    0x09, 0xFE, 0xB9, 0x63, 0x3F, 0xFF, 0xFF, 0xFF, 0x05, 0x9F, 0xFF, 0xFF,
    0x00, 0x02, 0x9F, 0xFF, 0x00, 0x00, 0x03, 0xCF, 0x00, 0x00, 0x00, 0x09,
    0x00, 0x00, 0x00, 0x00, 0x00, 0x00, 0x00, 0x00, 0x00, 0x00, 0x00, 0x00,
    0xEA, 0x61, 0x00, 0x00, 0xFF, 0xFF, 0x40, 0x00, 0xFF, 0xFC, 0x00, 0x00,
    0xFF, 0xE3, 0x00, 0x00, 0xFF, 0x70, 0x00, 0x01, 0x00, 0x00, 0x00, 0x00,
    0x00, 0x00, 0x00, 0x00, 0x00, 0x00, 0x00, 0x00, 0x00, 0x00, 0x00, 0x00,
    0x00, 0x00, 0x00, 0x00, 0x00, 0x00, 0x30, 0x00, 0x01, 0x09, 0xF9, 0x10,
    0xAE, 0x35, 0xFF, 0xC1, 0x00, 0x00, 0x00, 0x00, 0x00, 0x00, 0x00, 0x00,
    0x00, 0x00, 0x00, 0x00, 0x00, 0x00, 0x00, 0x00, 0x00, 0x00, 0x00, 0x00,
    0x00, 0x00, 0x00, 0x00, 0x00, 0x00, 0x00, 0x00, 0x00, 0x00, 0x00, 0x00,
    0x00, 0x00, 0x00, 0x00, 0x00, 0x10, 0x00, 0x00, 0x01, 0xCC, 0x30, 0x00,
    0x0A, 0xFF, 0xF8, 0x00, 0x06, 0xFF, 0xFF, 0xC3, 0x00, 0x3E, 0xFF, 0xFE,
    0x00, 0x03, 0xEF, 0xFF, 0x00, 0x00, 0x4F, 0xFF, 0x8B, 0x00, 0x00, 0x00,
    0x01, 0x00, 0x00, 0x00, 0x00, 0x00, 0x00, 0x00, 0x00, 0x00, 0x00, 0x00,
    0x00, 0x00, 0x00, 0x00, 0x50, 0x00, 0x00, 0x00, 0xF6, 0x00, 0x00, 0x00,
    0xFF, 0x60, 0x00, 0x19, 0xCF, 0xE2, 0x8F, 0xF9, 0x1E, 0xFC, 0x2E, 0xD4,
    0x07, 0xFF, 0x93, 0x10, 0x00, 0xEB, 0x20, 0x00, 0x00, 0x30, 0x00, 0x00,
    0x00, 0x00, 0x00, 0x00, 0x00, 0x00, 0x00, 0x00, 0xC1, 0x00, 0x00, 0x00,
    0x00, 0x00, 0x00, 0x05, 0x00, 0x00, 0x00, 0x1D, 0x00, 0x00, 0x00, 0x9F,
    0x00, 0x00, 0x09, 0xFF, 0x00, 0x00, 0x9F, 0xFF, 0x00, 0x09, 0xFF, 0xFF,
    0x01, 0xAF, 0xFF, 0xFE, 0x3D, 0xFF, 0xFF, 0xF7, 0x70, 0x00, 0x08, 0xFF,
    0xF9, 0x00, 0x00, 0xDF, 0xFC, 0x00, 0x00, 0x6F, 0xF6, 0x00, 0x00, 0x1E,
    0xE1, 0x00, 0x00, 0x0B, 0x80, 0x00, 0x00, 0x08, 0x10, 0x00, 0x00, 0x08,
    0x00, 0x00, 0x00, 0x08, 0xFF, 0xE3, 0x00, 0x8F, 0xFF, 0xFD, 0x10, 0x3F,
    0xFF, 0xFF, 0x80, 0x09, 0xFF, 0xFF, 0xE1, 0x04, 0xFF, 0xFF, 0xF6, 0x00,
    0xFF, 0xFF, 0xF8, 0x00, 0xFF, 0xFF, 0xFB, 0x00, 0xFF, 0xFF, 0xFB, 0x00,
    0xFB, 0x00, 0x00, 0x00, 0xFF, 0x90, 0x00, 0x00, 0xFF, 0xF7, 0x00, 0x00,
    0xFF, 0xFF, 0x30, 0x00, 0xDF, 0xFF, 0xD1, 0x00, 0x8F, 0xFF, 0xF9, 0x00,
    0x5F, 0xFF, 0xFF, 0x40, 0x1F, 0xFF, 0xFF, 0xC0, 0x6F, 0xFF, 0xFF, 0xD0,
    0x0A, 0xFF, 0xFF, 0x40, 0x01, 0xDF, 0xF8, 0x00, 0x00, 0x3F, 0x90, 0x00,
    0x00, 0x04, 0x00, 0x00, 0x00, 0x00, 0x00, 0x00, 0x00, 0x00, 0x00, 0x00,
    0x00, 0x00, 0x00, 0x00, 0x00, 0x00, 0x00, 0x0A, 0x00, 0x00, 0x00, 0x1E,
    0x54, 0x10, 0x03, 0xBF, 0xEF, 0xFF, 0xFF, 0xFF, 0xBF, 0xFF, 0xFF, 0xFF,
    0x58, 0x88, 0x88, 0x86, 0x00, 0x00, 0x00, 0x00, 0x00, 0x00, 0x00, 0x00,
    0xFF, 0xFF, 0xFA, 0x00, 0xFF, 0xFF, 0xF7, 0x00, 0xFF, 0xFF, 0xE1, 0x00,
    0xFF, 0xFF, 0x50, 0x00, 0xFF, 0xB3, 0x00, 0x00, 0x41, 0x00, 0x00, 0x00,
    0x00, 0x00, 0x00, 0x00, 0x00, 0x00, 0x00, 0x00, 0x0C, 0xFF, 0xFE, 0x80,
    0x0A, 0xFF, 0xA2, 0x00, 0x08, 0xC4, 0x00, 0x00, 0x02, 0x00, 0x00, 0x00,
    0x00, 0x00, 0x00, 0x00, 0x00, 0x00, 0x00, 0x00, 0x00, 0x00, 0x00, 0x00,
    0x00, 0x00, 0x00, 0x00, 0x00, 0x00, 0x00, 0x00, 0x00, 0x00, 0x00, 0x00,
    0x00, 0x00, 0x00, 0x00, 0x00, 0x00, 0x00, 0x00, 0x00, 0x00, 0x00, 0x00,
    0x00, 0x00, 0x00, 0x00, 0x00, 0x00, 0x00, 0x00, 0x00, 0x00, 0x00, 0x00,
    0x00, 0x00, 0x00, 0x00, 0x01, 0x20, 0x00, 0x00, 0x09, 0xFF, 0xDA, 0x74,
    0x3F, 0xFF, 0xFF, 0xFF, 0x03, 0x9E, 0xFF, 0xFF, 0x00, 0x01, 0x9F, 0xFF,
    0x00, 0x00, 0x02, 0xCF, 0x00, 0x00, 0x00, 0x09, 0x00, 0x00, 0x00, 0x00,
    0x00, 0x00, 0x00, 0x00, 0x10, 0x00, 0x00, 0x00, 0xFB, 0x61, 0x00, 0x00,
    0xFF, 0xFF, 0x40, 0x00, 0xFF, 0xFB, 0x00, 0x00, 0xFF, 0xE2, 0x00, 0x08,
    0xFF, 0x70, 0x00, 0x1F, 0x00, 0x00, 0x00, 0x00, 0x00, 0x00, 0x00, 0x00,
    0x00, 0x00, 0x00, 0x00, 0x00, 0x00, 0x00, 0x00, 0x00, 0x00, 0x00, 0x00,
    0x7D, 0xFB, 0x30, 0x00, 0xFF, 0xFF, 0xE2, 0x00, 0xF4, 0x1A, 0xF8, 0x00,
    0x00, 0x00, 0x00, 0x00, 0x00, 0x00, 0x00, 0x00, 0x00, 0x00, 0x00, 0x00,
    0x00, 0x00, 0x00, 0x00, 0x00, 0x00, 0x00, 0x00, 0x00, 0x00, 0x00, 0x00,
    0x00, 0x00, 0x00, 0x00, 0x00, 0x00, 0x00, 0x00, 0x00, 0x00, 0x00, 0x00,
    0x00, 0x10, 0x00, 0x00, 0x01, 0xCD, 0x40, 0x00, 0x0A, 0xFF, 0xF9, 0x10,
    0x06, 0xFF, 0xFF, 0xC3, 0x00, 0x3E, 0xFF, 0xFE, 0x00, 0x03, 0xEF, 0xFF,
    0x00, 0x00, 0x4F, 0xFF, 0x7B, 0x00, 0x00, 0x4F, 0x01, 0x00, 0x00, 0x2F,
    0x00, 0x00, 0x00, 0x08, 0x00, 0x00, 0x00, 0x00, 0x00, 0x00, 0x00, 0x00,
    0x50, 0x00, 0x00, 0x00, 0xF6, 0x00, 0x00, 0x00, 0xFF, 0x60, 0x00, 0x19,
    0xC0, 0x04, 0xFB, 0x00, 0xF4, 0x1A, 0xF9, 0x00, 0xFF, 0xFF, 0xE2, 0x00,
    0x7D, 0xFB, 0x30, 0x00, 0x00, 0x00, 0x00, 0x00, 0x00, 0x00, 0x00, 0x00,
    0x00, 0x00, 0x00, 0x00, 0xC1, 0x00, 0x00, 0x00, 0x00, 0x00, 0x00, 0x04,
    0x00, 0x00, 0x00, 0x1C, 0x00, 0x00, 0x00, 0x9F, 0x00, 0x00, 0x09, 0xFF,
    0x00, 0x00, 0x9F, 0xFF, 0x00, 0x09, 0xFF, 0xFF, 0x01, 0xAF, 0xFF, 0xFE,
    0x4D, 0xFF, 0xFF, 0xF7, 0x70, 0x00, 0x08, 0xFF, 0xFA, 0x00, 0x00, 0xDF,
    0xFC, 0x00, 0x00, 0x6F, 0xF6, 0x00, 0x00, 0x1E, 0xE1, 0x00, 0x00, 0x0B,
    0x80, 0x00, 0x00, 0x08, 0x10, 0x00, 0x00, 0x08, 0x00, 0x00, 0x00, 0x08,
    0xFF, 0xE3, 0x00, 0x8F, 0xFF, 0xFD, 0x10, 0x3F, 0xFF, 0xFF, 0x80, 0x09,
    0xFF, 0xFF, 0xE1, 0x03, 0xFF, 0xFF, 0xF6, 0x00, 0xFF, 0xFF, 0xF8, 0x00,
    0xFF, 0xFF, 0xFB, 0x00, 0xFF, 0xFF, 0xFB, 0x00, 0xFC, 0x10, 0x00, 0x00,
    0xFF, 0x90, 0x00, 0x00, 0xFF, 0xF8, 0x00, 0x00, 0xFF, 0xFF, 0x50, 0x00,
    0xDF, 0xFF, 0xE1, 0x00, 0x8F, 0xFF, 0xFB, 0x00, 0x4F, 0xFF, 0xFF, 0x60,
    0x1E, 0xFF, 0xFF, 0xE1, 0x7F, 0xFF, 0xFF, 0xD0, 0x0A, 0xFF, 0xFF, 0x40,
    0x01, 0xDF, 0xF8, 0x00, 0x00, 0x3F, 0x90, 0x00, 0x00, 0x04, 0x00, 0x00,
    0x00, 0x00, 0x00, 0x00, 0x00, 0x00, 0x00, 0x00, 0x00, 0x00, 0x00, 0x00,
    0x00, 0x00, 0x00, 0x0A, 0x00, 0x00, 0x00, 0x1E, 0x54, 0x10, 0x03, 0xAF,
    0xEF, 0xFF, 0xFF, 0xFF, 0xBF, 0xFF, 0xFF, 0xFF, 0x58, 0x88, 0x88, 0x86,
    0x00, 0x00, 0x00, 0x00, 0x00, 0x00, 0x00, 0x00, 0xFF, 0xFF, 0xFA, 0x00,
    0xFF, 0xFF, 0xF7, 0x00, 0xFF, 0xFF, 0xE1, 0x00, 0xFF, 0xFF, 0x50, 0x00,
    0xFF, 0xB3, 0x00, 0x00, 0x41, 0x00, 0x00, 0x00, 0x00, 0x00, 0x00, 0x00,
    0x00, 0x00, 0x00, 0x00, 0x0B, 0xFF, 0xFF, 0x91, 0x09, 0xFF, 0xB2, 0x00,
    0x08, 0xD4, 0x00, 0x00, 0x01, 0x00, 0x00, 0x00, 0x00, 0x00, 0x00, 0x00,
    0x00, 0x00, 0x00, 0x00, 0x00, 0x00, 0x00, 0x00, 0x00, 0x00, 0x00, 0x00,
    0x00, 0x00, 0x00, 0x00, 0x00, 0x00, 0x00, 0x00, 0x00, 0x00, 0x00, 0x00,
    0x00, 0x00, 0x00, 0x00, 0x00, 0x00, 0x00, 0x00, 0x00, 0x00, 0x00, 0x00,
    0x00, 0x00, 0x00, 0x00, 0x00, 0x00, 0x00, 0x00, 0x00, 0x00, 0x00, 0x00,
    0x00, 0x00, 0x00, 0x00, 0x00, 0x00, 0x00, 0x00, 0x00, 0x00, 0x00, 0x00,
    0x00, 0x00, 0x17, 0x83, 0x00, 0x04, 0xEF, 0xFF, 0x00, 0x6F, 0xFF, 0xFF,
    0x06, 0xFF, 0xFE, 0xDF, 0x00, 0x00, 0x00, 0x00, 0x00, 0x00, 0x00, 0x00,
    0x00, 0x00, 0x00, 0x00, 0x00, 0x00, 0x00, 0x00, 0x00, 0x00, 0x00, 0x00,
    0x80, 0x00, 0x00, 0x00, 0xF9, 0x00, 0x00, 0x00, 0xFF, 0x90, 0x00, 0x00,
    0x00, 0x00, 0x00, 0x00, 0x00, 0x00, 0x00, 0x00, 0x00, 0x00, 0x00, 0x00,
    0x00, 0x00, 0x00, 0x00, 0x00, 0x00, 0x00, 0x00, 0x00, 0x00, 0x00, 0x00,
    0x00, 0x00, 0x00, 0x00, 0x00, 0x00, 0x00, 0x00, 0x00, 0x00, 0x00, 0x00,
    0x00, 0x00, 0x00, 0x06, 0x00, 0x00, 0x00, 0x6F, 0x00, 0x00, 0x03, 0xFF,
    0x00, 0x00, 0x3E, 0xFF, 0x00, 0x03, 0xEF, 0xFF, 0x00, 0x3E, 0xFF, 0xFF,
    0x03, 0xEF, 0xFF, 0xFF, 0x6F, 0xFF, 0xE3, 0x0C, 0xFF, 0xFF, 0x70, 0x04,
    0xFF, 0xFB, 0x00, 0x00, 0xFF, 0xF3, 0x00, 0x00, 0xFF, 0x80, 0x00, 0x00,
    0xFD, 0x00, 0x00, 0x00, 0xF4, 0x00, 0x00, 0x00, 0x90, 0x00, 0x00, 0x00,
    0xFF, 0xF7, 0x00, 0x00, 0xFF, 0xFF, 0x40, 0x00, 0xBF, 0xFF, 0xE1, 0x00,
    0x2F, 0xFF, 0xFC, 0x00, 0x09, 0xFF, 0xFF, 0x80, 0x01, 0xEF, 0xFF, 0xF5,
    0x00, 0x8F, 0xFF, 0xFE, 0x00, 0x1D, 0xFF, 0xFF, 0x00, 0x00, 0x00, 0x00,
    0x00, 0x00, 0x00, 0x00, 0x00, 0x00, 0x00, 0x00, 0x00, 0x00, 0x00, 0x00,
    0x00, 0x00, 0x00, 0x00, 0x00, 0x00, 0x00, 0x00, 0x20, 0x00, 0x00, 0x00,
    0xC0, 0x00, 0x00, 0x00, 0x0C, 0xFF, 0xFF, 0xFE, 0x06, 0xEF, 0xFF, 0xF6,
    0x00, 0x2C, 0xFF, 0xB0, 0x00, 0x00, 0x9F, 0x30, 0x00, 0x00, 0x03, 0x00,
    0x00, 0x00, 0x00, 0x00, 0x00, 0x00, 0x00, 0x00, 0x00, 0x00, 0x00, 0x00,
    0x10, 0x00, 0x00, 0x00, 0x00, 0x00, 0x00, 0x00, 0x00, 0x00, 0x00, 0x00,
    0x00, 0x00, 0x00, 0x00, 0x00, 0x00, 0x00, 0x00, 0x00, 0x00, 0x00, 0x00,
    0x00, 0x00, 0x00, 0x00, 0x00, 0x00, 0x00, 0x00, 0x00, 0x06, 0xFF, 0xFF,
    0x00, 0x00, 0xCF, 0xFF, 0x00, 0x00, 0x4F, 0xFF, 0x00, 0x00, 0x0B, 0xFF,
    0x00, 0x00, 0x02, 0xFF, 0x00, 0x00, 0x00, 0x9F, 0x00, 0x00, 0x00, 0x2E,
    0x00, 0x00, 0x00, 0x08, 0xF8, 0x00, 0x00, 0x00, 0xFF, 0x40, 0x00, 0x00,
    0xFF, 0xD1, 0x00, 0x00, 0xFF, 0xFA, 0x00, 0x00, 0xFF, 0xFF, 0x50, 0x00,
    0xFF, 0xFF, 0xE2, 0x00, 0xFF, 0xFF, 0xFB, 0x00, 0xFF, 0xFF, 0xFF, 0x70,
    0x00, 0x00, 0x00, 0x00, 0x00, 0x00, 0x00, 0x00, 0x00, 0x00, 0x00, 0x00,
    0x00, 0x00, 0x00, 0x00, 0x00, 0x00, 0x00, 0x00, 0x00, 0x00, 0x00, 0x00,
    0x00, 0x00, 0x00, 0x00, 0x00, 0x00, 0x00, 0x00, 0x00, 0x00, 0x00, 0x00,
    0x00, 0x00, 0x00, 0x00, 0x00, 0x00, 0x00, 0x00, 0x00, 0x00, 0x00, 0x00,
    0x00, 0x00, 0x00, 0x00, 0x00, 0x00, 0x00, 0x00, 0x00, 0x00, 0x00, 0x00,
    0x00, 0x00, 0x00, 0x00, 0x00, 0x00, 0x00, 0x01, 0x00, 0x00, 0x00, 0x00,
    0x00, 0x00, 0x00, 0x00, 0x00, 0x00, 0x00, 0x00, 0x00, 0x00, 0x00, 0x00,
    0x00, 0x00, 0x00, 0x00, 0x00, 0x00, 0x00, 0x00, 0x00, 0x00, 0x00, 0x00,
    0xEF, 0xFF, 0xFF, 0xE1, 0x6F, 0xFF, 0xFD, 0x30, 0x0D, 0xFF, 0x91, 0x00,
    0x04, 0xF6, 0x00, 0x00, 0x00, 0x20, 0x00, 0x00, 0x00, 0x00, 0x00, 0x00,
    0x00, 0x00, 0x00, 0x00, 0x00, 0x00, 0x00, 0x00, 0x00, 0x00, 0x00, 0x00,
    0x00, 0x00, 0x00, 0x00, 0x00, 0x00, 0x00, 0x00, 0x00, 0x00, 0x00, 0x00,
    0x00, 0x00, 0x00, 0x00, 0x00, 0x00, 0x00, 0x00, 0x00, 0x00, 0x00, 0x00,
    0x00, 0x00, 0x00, 0x00, 0x00, 0x00, 0x00, 0x00, 0x00, 0x00, 0x00, 0x00,
    0x00, 0x00, 0x00, 0x00, 0x00, 0x00, 0x00, 0x00, 0x00, 0x00, 0x27, 0x72,
    0x00, 0x06, 0xEF, 0xFF, 0x00, 0x9F, 0xFF, 0xFF, 0x09, 0xFF, 0xFD, 0xEF,
    0x00, 0x00, 0x00, 0x00, 0x00, 0x00, 0x00, 0x00, 0x00, 0x00, 0x00, 0x00,
    0x00, 0x00, 0x00, 0x00, 0x00, 0x00, 0x00, 0x00, 0x70, 0x00, 0x00, 0x08,
    0xF8, 0x00, 0x00, 0x01, 0xFF, 0x60, 0x00, 0x00, 0x00, 0x00, 0x00, 0x00,
    0x00, 0x00, 0x00, 0x00, 0x00, 0x00, 0x00, 0x00, 0x00, 0x2C, 0xA1, 0x00,
    0x73, 0x3F, 0xFC, 0x10, 0xFE, 0x25, 0xFF, 0xC1, 0xDF, 0xE2, 0x9F, 0xD2,
    0x3F, 0xFC, 0x37, 0x10, 0x00, 0x00, 0x00, 0x00, 0x00, 0x00, 0x00, 0x09,
    0x00, 0x00, 0x00, 0x8F, 0x00, 0x00, 0x06, 0xFF, 0x00, 0x00, 0x6F, 0xFF,
    0x00, 0x06, 0xFF, 0xFF, 0x00, 0x6F, 0xFF, 0xFF, 0x06, 0xFF, 0xFF, 0xFF,
    0x9F, 0xFF, 0xD1, 0x2E, 0xFF, 0xFF, 0x40, 0x07, 0xFF, 0xF9, 0x00, 0x00,
    0xFF, 0xD1, 0x00, 0x00, 0xFF, 0x40, 0x00, 0x00, 0xFA, 0x00, 0x00, 0x00,
    0xE1, 0x00, 0x00, 0x00, 0x70, 0x00, 0x00, 0x00, 0xFF, 0xF3, 0x00, 0x00,
    0xFF, 0xFE, 0x10, 0x00, 0xDF, 0xFF, 0xC0, 0x00, 0x6F, 0xFF, 0xF9, 0x00,
    0x0B, 0xFF, 0xFF, 0x60, 0x04, 0xFF, 0xFF, 0xE3, 0x00, 0xAF, 0xFF, 0xFC,
    0x00, 0x2F, 0xFF, 0xFF, 0x08, 0xFE, 0x30, 0x00, 0x02, 0x81, 0x00, 0x00,
    0x00, 0x00, 0x00, 0x00, 0x00, 0x00, 0x00, 0x00, 0x00, 0x00, 0x00, 0x00,
    0x00, 0x00, 0x00, 0x00, 0x10, 0x00, 0x00, 0x00, 0x90, 0x00, 0x00, 0x00,
    0x3E, 0xFF, 0xFF, 0xFB, 0x09, 0xFF, 0xFF, 0xF3, 0x00, 0x4E, 0xFF, 0x90,
    0x00, 0x01, 0xBD, 0x10, 0x00, 0x00, 0x13, 0x00, 0x00, 0x00, 0x00, 0x00,
    0x00, 0x00, 0x00, 0x00, 0x00, 0x00, 0x00, 0x00, 0x00, 0x00, 0x00, 0x00,
    0x00, 0x00, 0x00, 0x00, 0x00, 0x00, 0x00, 0x00, 0x00, 0x00, 0x00, 0x00,
    0x00, 0x00, 0x00, 0x00, 0x00, 0x00, 0x00, 0x00, 0x00, 0x00, 0x00, 0x00,
    0x00, 0x00, 0x00, 0x00, 0x00, 0x09, 0xFF, 0xFF, 0x00, 0x01, 0xEF, 0xFF,
    0x00, 0x00, 0x8F, 0xFF, 0x00, 0x00, 0x1E, 0xFF, 0x00, 0x00, 0x06, 0xFF,
    0x00, 0x00, 0x00, 0xCF, 0x00, 0x00, 0x00, 0x4F, 0x00, 0x00, 0x00, 0x0B,
    0xF6, 0x00, 0x00, 0x00, 0xFE, 0x20, 0x00, 0x00, 0xFF, 0xB0, 0x00, 0x00,
    0xFF, 0xF8, 0x00, 0x00, 0xFF, 0xFF, 0x30, 0x00, 0xFF, 0xFF, 0xD1, 0x00,
    0xFF, 0xFF, 0xF9, 0x00, 0xFF, 0xFF, 0xFF, 0x50, 0x00, 0x00, 0x00, 0x00,
    0x00, 0x00, 0x00, 0x00, 0x00, 0x00, 0x00, 0x00, 0x00, 0x00, 0x00, 0x00,
    0x00, 0x00, 0x00, 0x00, 0x00, 0x00, 0x00, 0x00, 0x00, 0x00, 0x00, 0x00,
    0x00, 0x00, 0x00, 0x00, 0x00, 0x00, 0x00, 0x00, 0x00, 0x00, 0x00, 0x00,
    0x00, 0x00, 0x00, 0x00, 0x00, 0x00, 0x00, 0x00, 0x00, 0x00, 0x00, 0x00,
    0x00, 0x00, 0x00, 0x00, 0x00, 0x00, 0x00, 0x00, 0x00, 0x00, 0x00, 0x00,
    0x00, 0x00, 0x00, 0x02, 0x00, 0x00, 0x00, 0x00, 0x00, 0x00, 0x00, 0x00,
    0x00, 0x00, 0x00, 0x00, 0x00, 0x00, 0x00, 0x00, 0x00, 0x00, 0x00, 0x00,
    0x00, 0x00, 0x00, 0x00, 0x00, 0x00, 0x00, 0x00, 0xFF, 0xFF, 0xFF, 0xC0,
    0x9F, 0xFF, 0xFC, 0x20, 0x1E, 0xFF, 0x80, 0x00, 0x08, 0xE4, 0x00, 0x00,
    0x00, 0x10, 0x00, 0x00, 0x00, 0x00, 0x00, 0x00, 0x00, 0x00, 0x00, 0x00,
    0x00, 0x00, 0x00, 0x00, 0x00, 0x00, 0x00, 0x00, 0x00, 0x00, 0x00, 0x00,
    0x00, 0x00, 0x00, 0x00, 0x00, 0x00, 0x00, 0x00, 0x00, 0x00, 0x00, 0x00,
    0x00, 0x00, 0x00, 0x00, 0x00, 0x00, 0x00, 0x00, 0x00, 0x00, 0x00, 0x00,
    0x00, 0x00, 0x00, 0x00, 0x00, 0x00, 0x00, 0x00, 0x00, 0x00, 0x00, 0x00,
    0x00, 0x00, 0x00, 0x00, 0x00, 0x00, 0x17, 0x82, 0x00, 0x05, 0xEF, 0xFF,
    0x00, 0x6F, 0xFF, 0xFF, 0x06, 0xFF, 0xFD, 0xDF, 0x00, 0x00, 0x00, 0x00,
    0x00, 0x00, 0x00, 0x00, 0x00, 0x00, 0x00, 0x00, 0x00, 0x00, 0x00, 0x00,
    0x00, 0x00, 0x00, 0x00, 0x80, 0x00, 0x00, 0x00, 0xF9, 0x00, 0x00, 0x00,
    0xFF, 0x90, 0x00, 0x00, 0x00, 0x00, 0x00, 0x00, 0x00, 0x00, 0x00, 0x00,
    0x00, 0x00, 0x00, 0x00, 0x00, 0x00, 0x00, 0x00, 0x00, 0x68, 0x40, 0x00,
    0x1C, 0xFF, 0xF9, 0x00, 0x9F, 0xC7, 0xEF, 0x60, 0xFF, 0x20, 0x5F, 0xB0,
    0x00, 0x00, 0x00, 0x00, 0x00, 0x00, 0x00, 0x06, 0x00, 0x00, 0x00, 0x6F,
    0x00, 0x00, 0x06, 0xFF, 0x00, 0x00, 0x6F, 0xFF, 0x00, 0x06, 0xFF, 0xFF,
    0x00, 0x6F, 0xFF, 0xFF, 0x06, 0xFF, 0xFF, 0xFF, 0x6F, 0xFF, 0xD1, 0x1C,
    0xFF, 0xFF, 0x40, 0x04, 0xFF, 0xF9, 0x00, 0x00, 0xFF, 0xE1, 0x00, 0x00,
    0xFF, 0x50, 0x00, 0x00, 0xFA, 0x00, 0x00, 0x00, 0xE2, 0x00, 0x00, 0x00,
    0x70, 0x00, 0x00, 0x00, 0xFF, 0xF7, 0x00, 0x00, 0xFF, 0xFF, 0x40, 0x00,
    0xAF, 0xFF, 0xE2, 0x00, 0x2F, 0xFF, 0xFC, 0x00, 0x09, 0xFF, 0xFF, 0x90,
    0x01, 0xEF, 0xFF, 0xF5, 0x00, 0x7F, 0xFF, 0xFE, 0x00, 0x0D, 0xFF, 0xFF,
    0xFF, 0x20, 0x6F, 0xA0, 0x9F, 0xC7, 0xEF, 0x60, 0x1C, 0xFF, 0xF9, 0x00,
    0x00, 0x68, 0x40, 0x00, 0x00, 0x00, 0x00, 0x00, 0x00, 0x00, 0x00, 0x00,
    0x20, 0x00, 0x00, 0x00, 0xC0, 0x00, 0x00, 0x00, 0x2F, 0xFF, 0xFF, 0xFB,
    0x04, 0xEF, 0xFF, 0xF3, 0x00, 0x1A, 0xFF, 0x90, 0x00, 0x00, 0x7C, 0x10,
    0x00, 0x00, 0x01, 0x00, 0x00, 0x00, 0x00, 0x00, 0x00, 0x00, 0x00, 0x00,
    0x00, 0x00, 0x00, 0x00, 0x00, 0x00, 0x00, 0x00, 0x00, 0x00, 0x00, 0x00,
    0x00, 0x00, 0x00, 0x00, 0x00, 0x00, 0x00, 0x00, 0x00, 0x00, 0x00, 0x00,
    0x00, 0x00, 0x00, 0x00, 0x00, 0x00, 0x00, 0x00, 0x00, 0x00, 0x00, 0x00,
    0x00, 0x06, 0xFF, 0xFF, 0x00, 0x00, 0xBF, 0xFF, 0x00, 0x00, 0x4F, 0xFF,
    0x00, 0x00, 0x09, 0xFF, 0x00, 0x00, 0x02, 0xFF, 0x00, 0x00, 0x00, 0x8F,
    0x00, 0x00, 0x00, 0x1E, 0x00, 0x00, 0x00, 0x07, 0xF8, 0x00, 0x00, 0x00,
    0xFF, 0x40, 0x00, 0x00, 0xFF, 0xD1, 0x00, 0x00, 0xFF, 0xF9, 0x00, 0x00,
    0xFF, 0xFF, 0x50, 0x00, 0xFF, 0xFF, 0xE1, 0x00, 0xFF, 0xFF, 0xFA, 0x00,
    0xFF, 0xFF, 0xFF, 0x50, 0x00, 0x00, 0x00, 0x00, 0x00, 0x00, 0x00, 0x00,
    0x00, 0x00, 0x00, 0x00, 0x00, 0x00, 0x00, 0x00, 0x00, 0x00, 0x00, 0x00,
    0x00, 0x00, 0x00, 0x00, 0x00, 0x00, 0x00, 0x00, 0x00, 0x00, 0x00, 0x00,
    0x00, 0x00, 0x00, 0x00, 0x00, 0x00, 0x00, 0x00, 0x00, 0x00, 0x00, 0x00,
    0x00, 0x00, 0x00, 0x00, 0x00, 0x00, 0x00, 0x00, 0x00, 0x00, 0x00, 0x00,
    0x00, 0x00, 0x00, 0x00, 0x00, 0x00, 0x00, 0x00, 0x00, 0x00, 0x00, 0x00,
    0x00, 0x00, 0x00, 0x00, 0x00, 0x00, 0x00, 0x00, 0x00, 0x00, 0x00, 0x00,
    0x00, 0x00, 0x00, 0x00, 0x00, 0x00, 0x00, 0x00, 0x00, 0x00, 0x00, 0x00,
    0x00, 0x00, 0x00, 0x00, 0xDF, 0xFF, 0xFF, 0xB0, 0x5F, 0xFF, 0xF8, 0x00,
    0x0B, 0xFE, 0x50, 0x00, 0x04, 0xC2, 0x00, 0x00, 0x00, 0x00, 0x00, 0x00,
    0x00, 0x00, 0x00, 0x00, 0x00, 0x00, 0x00, 0x00, 0x00, 0x00, 0x00, 0x00,
    0x00, 0x00, 0x00, 0x00, 0x00, 0x00, 0x00, 0x00, 0x00, 0x01, 0x31, 0x00,
    0x00, 0x07, 0xFF, 0xEB, 0x00, 0x08, 0xFF, 0xFF, 0x00, 0x08, 0xFF, 0xFF,
    0x00, 0x0B, 0xFF, 0xFF, 0x00, 0x0B, 0xFF, 0xFF, 0x00, 0x00, 0x00, 0x00,
    0x00, 0x00, 0x00, 0x00, 0x00, 0x00, 0x00, 0x00, 0xB2, 0x05, 0x88, 0x88,
    0xF2, 0x0B, 0xFF, 0xFF, 0xF0, 0x0A, 0xFF, 0xFF, 0xE0, 0x00, 0x10, 0x00,
    0xB0, 0x00, 0x00, 0x00, 0x00, 0x00, 0x00, 0x00, 0x00, 0x00, 0x00, 0x00,
    0x00, 0x00, 0x00, 0x00, 0x88, 0x88, 0x88, 0x8A, 0xFF, 0xFF, 0xFF, 0xFF,
    0xFF, 0xFF, 0xFF, 0xFD, 0x01, 0xFF, 0xFF, 0xF8, 0x00, 0xFF, 0xFF, 0xF8,
    0x00, 0x00, 0x00, 0x00, 0x00, 0x00, 0x00, 0x00, 0x00, 0x00, 0x00, 0x00,
    0xBB, 0xBF, 0x70, 0x00, 0xFF, 0xFF, 0x80, 0x00, 0xBB, 0x98, 0x40, 0x00,
    0x00, 0x00, 0x00, 0x00, 0x00, 0x00, 0x00, 0x00, 0x00, 0x0B, 0xFF, 0xFF,
    0x00, 0x0E, 0xFF, 0xFF, 0x00, 0x0F, 0xFF, 0xFF, 0x00, 0x0F, 0xFF, 0xFF,
    0x00, 0x0F, 0xFF, 0xFF, 0x00, 0x2F, 0xFF, 0xFF, 0x00, 0x4F, 0xFF, 0xFF,
    0x00, 0x4F, 0xFF, 0xFF, 0xB0, 0x00, 0x00, 0x00, 0xB0, 0x00, 0x00, 0x00,
    0x80, 0x01, 0x00, 0x00, 0x80, 0x7F, 0xFF, 0xFF, 0x80, 0x8F, 0xFF, 0xFF,
    0x80, 0x24, 0x44, 0x44, 0x50, 0x00, 0x00, 0x00, 0x40, 0x00, 0x00, 0x00,
    0x00, 0xFF, 0xFF, 0xF8, 0x00, 0xFF, 0xFF, 0xF8, 0x01, 0xFF, 0xFF, 0xFA,
    0xFF, 0xFF, 0xFF, 0xFF, 0xFF, 0xFF, 0xFF, 0xFF, 0x45, 0xFF, 0xFF, 0xFB,
    0x00, 0xFF, 0xFF, 0xFB, 0x00, 0xFF, 0xFF, 0xFB, 0x00, 0x00, 0x00, 0x00,
    0x00, 0x00, 0x00, 0x00, 0x34, 0x68, 0x82, 0x00, 0xFF, 0xFF, 0xF4, 0x00,
    0xFF, 0xDB, 0xB3, 0x00, 0x00, 0x00, 0x00, 0x00, 0x00, 0x00, 0x00, 0x00,
    0x00, 0x00, 0x00, 0x00, 0x00, 0x4F, 0xFF, 0xFF, 0x00, 0x4F, 0xFF, 0xFF,
    0x00, 0x4F, 0xFF, 0xFF, 0x00, 0x4F, 0xFF, 0xFF, 0x00, 0x4F, 0xFF, 0xFF,
    0x00, 0x4F, 0xFF, 0xFF, 0x00, 0x4F, 0xFF, 0xFF, 0x00, 0x4F, 0xFF, 0xFF,
    0x40, 0x00, 0x00, 0x00, 0x40, 0x00, 0x00, 0x00, 0x40, 0x00, 0x00, 0x00,
    0x40, 0x00, 0x03, 0x7A, 0x40, 0x03, 0xBF, 0xFF, 0x40, 0x5F, 0xFF, 0xFF,
    0x40, 0xEF, 0xFF, 0xF8, 0x45, 0xFF, 0xFF, 0xB0, 0x00, 0xFF, 0xFF, 0xFE,
    0x00, 0xFF, 0xFF, 0xFF, 0x00, 0xFF, 0xFF, 0xFF, 0xBB, 0xFF, 0xFF, 0xFF,
    0xFF, 0xFF, 0xFF, 0xFF, 0xFE, 0xFF, 0xFF, 0xFF, 0x20, 0xBF, 0xFF, 0xFF,
    0x00, 0xBF, 0xFF, 0xFF, 0x00, 0x00, 0x00, 0x00, 0x00, 0x00, 0x00, 0x00,
    0x00, 0x00, 0x00, 0x00, 0x00, 0x00, 0x00, 0x00, 0xB6, 0x10, 0x00, 0x00,
    0xFF, 0xFA, 0x20, 0x00, 0xFF, 0xFF, 0xF9, 0x10, 0xFF, 0xFF, 0xFF, 0x40,
    0x00, 0x4F, 0xFF, 0xFF, 0x00, 0x1F, 0xFF, 0xFF, 0x00, 0x0F, 0xFF, 0xFF,
    0x00, 0x0F, 0xFF, 0xFF, 0x00, 0x0B, 0xB9, 0x74, 0x00, 0x00, 0x00, 0x00,
    0x00, 0x00, 0x00, 0x00, 0x00, 0x00, 0x00, 0x00, 0x66, 0xFF, 0xFF, 0x80,
    0x65, 0xFF, 0xFF, 0xB0, 0x70, 0xEF, 0xFF, 0xFB, 0xA0, 0x5E, 0xFF, 0xFF,
    0x30, 0x02, 0x8D, 0xFF, 0x00, 0x00, 0x00, 0x24, 0x00, 0x00, 0x00, 0x00,
    0x00, 0x00, 0x00, 0x00, 0x00, 0xBF, 0xFF, 0xFE, 0x00, 0xDF, 0xFF, 0xFC,
    0x7B, 0xFF, 0xFF, 0xF8, 0xFF, 0xFF, 0xFF, 0xC1, 0xFF, 0xFF, 0xD7, 0x10,
    0x44, 0x41, 0x00, 0x00, 0x00, 0x00, 0x00, 0x00, 0x00, 0x00, 0x00, 0x00,
    0xAF, 0xFF, 0xFA, 0x00, 0x07, 0xFF, 0xE1, 0x00, 0x00, 0x6F, 0x70, 0x00,
    0x00, 0x06, 0x00, 0x00, 0x00, 0x00, 0x00, 0x00, 0x00, 0x00, 0x00, 0x00,
    0x00, 0x00, 0x00, 0x00, 0x00, 0x00, 0x00, 0x00, 0x00, 0x00, 0x00, 0x00,
    0x00, 0x00, 0x00, 0x00, 0x00, 0x14, 0x10, 0x00, 0x00, 0x7F, 0xFF, 0xCB,
    0x00, 0x8F, 0xFF, 0xFF, 0x00, 0x8F, 0xFF, 0xFF, 0x00, 0xBF, 0xFF, 0xFE,
    0x00, 0xBF, 0xFF, 0xFB, 0x00, 0x00, 0x00, 0x00, 0x00, 0x00, 0x00, 0x00,
    0x00, 0x10, 0x00, 0x00, 0x23, 0xFE, 0xBB, 0xBB, 0x24, 0xFF, 0xFF, 0xFF,
    0x02, 0xBB, 0xBB, 0xBB, 0x00, 0x00, 0x00, 0x00, 0x00, 0x00, 0x00, 0x00,
    0x00, 0x00, 0x00, 0x00, 0x00, 0x00, 0x00, 0x00, 0x00, 0x00, 0x00, 0x00,
    0xBB, 0xBB, 0xBB, 0xBB, 0xFF, 0xFF, 0xFF, 0xFF, 0xCF, 0xFF, 0xFF, 0xDB,
    0x4F, 0xFF, 0xFF, 0x80, 0x4F, 0xFF, 0xFF, 0x80, 0x00, 0x00, 0x02, 0x00,
    0x17, 0x40, 0xDE, 0x30, 0x5F, 0xE2, 0xBF, 0xD0, 0x8D, 0xF8, 0x4F, 0xF8,
    0xA8, 0xFF, 0x3D, 0xFC, 0x74, 0xFF, 0x96, 0x61, 0x01, 0xC8, 0x20, 0x00,
    0x00, 0x00, 0x00, 0x00, 0x00, 0xBF, 0xFF, 0xFB, 0x00, 0xEF, 0xFF, 0xFB,
    0x00, 0xFF, 0xFF, 0xF8, 0x00, 0xFF, 0xFF, 0xF7, 0x00, 0xFF, 0xFF, 0xF7,
    0x01, 0xFF, 0xFF, 0xF7, 0x04, 0xFF, 0xFF, 0xF5, 0x04, 0xFF, 0xFF, 0xF4,
    0x00, 0x00, 0x00, 0x00, 0x00, 0x00, 0x00, 0x00, 0x07, 0x44, 0x44, 0x44,
    0x0F, 0xFF, 0xFF, 0xFF, 0x0E, 0xFF, 0xFF, 0xFF, 0x03, 0x44, 0x44, 0x44,
    0x00, 0x00, 0x00, 0x00, 0x00, 0x00, 0x00, 0x00, 0x4F, 0xFF, 0xFF, 0x80,
    0x4F, 0xFF, 0xFF, 0x80, 0x7F, 0xFF, 0xFF, 0xA3, 0xFF, 0xFF, 0xFF, 0xFF,
    0xFF, 0xFF, 0xFF, 0xFF, 0x7F, 0xFF, 0xFF, 0xA3, 0x4F, 0xFF, 0xFF, 0x80,
    0x3F, 0xFF, 0xFF, 0x80, 0x00, 0x00, 0x00, 0x00, 0x00, 0x00, 0x00, 0x00,
    0x44, 0x77, 0x00, 0x00, 0xFF, 0xFF, 0x00, 0x00, 0xFF, 0xFE, 0x00, 0x00,
    0x43, 0x00, 0x00, 0x00, 0x00, 0x00, 0x00, 0x00, 0x00, 0x00, 0x00, 0x00,
    0x04, 0xFF, 0xFF, 0xF4, 0x04, 0xFF, 0xFF, 0xF4, 0x04, 0xFF, 0xFF, 0xF4,
    0x04, 0xFF, 0xFF, 0xF4, 0x04, 0xFF, 0xFF, 0xF4, 0x04, 0xFF, 0xFF, 0xF4,
    0x04, 0xFF, 0xFF, 0xF4, 0x04, 0xFF, 0xFF, 0xF3, 0x00, 0x00, 0x00, 0x00,
    0x00, 0x00, 0x00, 0x00, 0x00, 0x00, 0x00, 0x00, 0x00, 0x00, 0x37, 0x9B,
    0x00, 0x3B, 0xFF, 0xFF, 0x05, 0xFF, 0xFF, 0xFF, 0x0E, 0xFF, 0xFF, 0x81,
    0x4F, 0xFF, 0xFB, 0x00, 0x0F, 0xFF, 0xFF, 0xA0, 0x0F, 0xFF, 0xFF, 0xB0,
    0x0F, 0xFF, 0xFF, 0xB0, 0xBF, 0xFF, 0xFF, 0xB0, 0xFF, 0xFF, 0xFF, 0xFB,
    0xFF, 0xFF, 0xFF, 0xFF, 0x1F, 0xFF, 0xFF, 0xFF, 0x0F, 0xFF, 0xFF, 0xFF,
    0x00, 0x00, 0x00, 0x00, 0x00, 0x00, 0x00, 0x00, 0x00, 0x00, 0x00, 0x00,
    0x00, 0x00, 0x00, 0x00, 0x61, 0x00, 0x00, 0x00, 0xFE, 0x81, 0x00, 0x00,
    0xFF, 0xFE, 0x50, 0x00, 0xFF, 0xFF, 0xE2, 0x00, 0x04, 0xFF, 0xFF, 0xF6,
    0x03, 0xFF, 0xFF, 0xF6, 0x00, 0xFF, 0xFF, 0xF7, 0x00, 0xFF, 0xFF, 0xF9,
    0x01, 0xEF, 0xCB, 0x85, 0x00, 0x10, 0x00, 0x00, 0x00, 0x00, 0x00, 0x00,
    0x00, 0x00, 0x00, 0x00, 0x6F, 0xFF, 0xF8, 0x00, 0x5F, 0xFF, 0xF9, 0x00,
    0x1F, 0xFF, 0xFF, 0x84, 0x06, 0xFF, 0xFF, 0xFF, 0x00, 0x4B, 0xFF, 0xFF,
    0x00, 0x00, 0x25, 0x88, 0x00, 0x00, 0x00, 0x00, 0x00, 0x00, 0x00, 0x00,
    0x0F, 0xFF, 0xFF, 0xDE, 0x1F, 0xFF, 0xFF, 0x80, 0xAF, 0xFF, 0xFF, 0x60,
    0xFF, 0xFF, 0xFC, 0x00, 0xFF, 0xFF, 0x91, 0x00, 0x87, 0x41, 0x00, 0x00,
    0x00, 0x00, 0x00, 0x00, 0x00, 0x00, 0x00, 0x00, 0xFF, 0xFF, 0x70, 0x00,
    0xCF, 0xFD, 0x00, 0x00, 0x1C, 0xF4, 0x00, 0x00, 0x03, 0x90, 0x00, 0x00,
    0x00, 0x00, 0x00, 0x00, 0x00, 0x00, 0x00, 0x00, 0x00, 0x00, 0x00, 0x00,
    0x00, 0x00, 0x00, 0x00, 0x00, 0x00, 0x00, 0x00, 0x00, 0x00, 0x00, 0x00,
    0x00, 0x00, 0x00, 0x00, 0x00, 0x6F, 0xBB, 0x87, 0x00, 0x8F, 0xFF, 0xFF,
    0x00, 0x8F, 0xFF, 0xFD, 0x00, 0xBF, 0xFF, 0xFB, 0x00, 0xBF, 0xFF, 0xFB,
    0x00, 0x00, 0x00, 0x00, 0x00, 0x00, 0x00, 0x00, 0x00, 0x00, 0x00, 0x00,
    0x05, 0xC9, 0x78, 0x88, 0x07, 0xFF, 0xFF, 0xFF, 0x05, 0xCB, 0xBB, 0xBB,
    0x00, 0x00, 0x00, 0x00, 0x00, 0x00, 0x00, 0x00, 0x00, 0x00, 0x00, 0x00,
    0x00, 0x00, 0x00, 0x00, 0x00, 0x00, 0x00, 0x00, 0x88, 0x88, 0x88, 0x88,
    0xFF, 0xFF, 0xFF, 0xFF, 0xCF, 0xFF, 0xFF, 0xDB, 0x4F, 0xFF, 0xFF, 0x80,
    0x4F, 0xFF, 0xFF, 0x80, 0x00, 0x00, 0x10, 0x00, 0x00, 0x3B, 0xFE, 0x70,
    0x02, 0xEF, 0xFF, 0xF8, 0x38, 0xFA, 0x14, 0xFF, 0x7A, 0xF4, 0x00, 0xCF,
    0x58, 0xFA, 0x14, 0xFF, 0x02, 0xEF, 0xFF, 0xF8, 0x00, 0x3B, 0xFE, 0x70,
    0x00, 0xBF, 0xFF, 0xFA, 0x00, 0xEF, 0xFF, 0xF8, 0x00, 0xFF, 0xFF, 0xF7,
    0x00, 0xFF, 0xFF, 0xF7, 0x00, 0xFF, 0xFF, 0xF7, 0x01, 0xFF, 0xFF, 0xF6,
    0x04, 0xFF, 0xFF, 0xF4, 0x04, 0xFF, 0xFF, 0xF4, 0x00, 0x00, 0x00, 0x00,
    0x00, 0x00, 0x00, 0x00, 0x17, 0x44, 0x44, 0x44, 0x3F, 0xFF, 0xFF, 0xFF,
    0x3F, 0xFF, 0xFF, 0xFF, 0x04, 0x44, 0x44, 0x44, 0x00, 0x00, 0x00, 0x00,
    0x00, 0x00, 0x00, 0x00, 0x4F, 0xFF, 0xFF, 0x80, 0x4F, 0xFF, 0xFF, 0x80,
    0x7F, 0xFF, 0xFF, 0xA3, 0xFF, 0xFF, 0xFF, 0xFF, 0xFF, 0xFF, 0xFF, 0xFF,
    0x7F, 0xFF, 0xFF, 0x80, 0x4F, 0xFF, 0xFF, 0x80, 0x4F, 0xFF, 0xFF, 0x80,
    0x00, 0x00, 0x10, 0x00, 0x00, 0x00, 0x00, 0x00, 0x46, 0x87, 0x00, 0x00,
    0xFF, 0xFF, 0x00, 0x00, 0xFE, 0xBA, 0x00, 0x00, 0x10, 0x00, 0x00, 0x00,
    0x00, 0x00, 0x00, 0x00, 0x00, 0x00, 0x00, 0x00, 0x04, 0xFF, 0xFF, 0xF4,
    0x04, 0xFF, 0xFF, 0xF4, 0x04, 0xFF, 0xFF, 0xF4, 0x04, 0xFF, 0xFF, 0xF4,
    0x04, 0xFF, 0xFF, 0xF4, 0x04, 0xFF, 0xFF, 0xF4, 0x04, 0xFF, 0xFF, 0xF3,
    0x04, 0xFF, 0xFF, 0xF3, 0x00, 0x00, 0x00, 0x00, 0x00, 0x00, 0x00, 0x00,
    0x00, 0x00, 0x00, 0x00, 0x00, 0x00, 0x47, 0xAB, 0x00, 0x6E, 0xFF, 0xFF,
    0x08, 0xFF, 0xFF, 0xFF, 0x3F, 0xFF, 0xFF, 0x70, 0x8F, 0xFF, 0xF8, 0x00,
    0x4F, 0xFF, 0xFF, 0x80, 0x4F, 0xFF, 0xFF, 0x80, 0x4F, 0xFF, 0xFF, 0x90,
    0xCF, 0xFF, 0xFF, 0xB0, 0xFF, 0xFF, 0xFF, 0xF9, 0xFF, 0xFF, 0xFF, 0xFF,
    0x1F, 0xFF, 0xFF, 0xFF, 0x0F, 0xFF, 0xFF, 0xFF, 0x00, 0x00, 0x00, 0x00,
    0x00, 0x00, 0x00, 0x00, 0x00, 0x00, 0x00, 0x00, 0x00, 0x00, 0x00, 0x00,
    0x50, 0x00, 0x00, 0x00, 0xFD, 0x60, 0x00, 0x00, 0xFF, 0xFD, 0x50, 0x00,
    0xFF, 0xFF, 0xF2, 0x00, 0x04, 0xFF, 0xFF, 0xF6, 0x03, 0xFF, 0xFF, 0xF7,
    0x00, 0xFF, 0xFF, 0xF7, 0x00, 0xFF, 0xFF, 0xF8, 0x01, 0xEF, 0xCB, 0x84,
    0x00, 0x10, 0x00, 0x00, 0x00, 0x00, 0x00, 0x00, 0x00, 0x00, 0x00, 0x00,
    0xAF, 0xFF, 0xF4, 0x00, 0x9F, 0xFF, 0xF6, 0x00, 0x4F, 0xFF, 0xFE, 0x63,
    0x09, 0xFF, 0xFF, 0xFF, 0x00, 0x6D, 0xFF, 0xFF, 0x00, 0x00, 0x36, 0x88,
    0x00, 0x00, 0x00, 0x00, 0x00, 0x00, 0x00, 0x00, 0x0F, 0xFF, 0xFF, 0xDC,
    0x2F, 0xFF, 0xFF, 0xA1, 0xAF, 0xFF, 0xFF, 0x70, 0xFF, 0xFF, 0xFD, 0x10,
    0xFF, 0xFF, 0x91, 0x00, 0x87, 0x41, 0x00, 0x00, 0x00, 0x00, 0x00, 0x00,
    0x00, 0x00, 0x00, 0x00, 0xFF, 0xFF, 0x80, 0x00, 0xCF, 0xFD, 0x10, 0x00,
    0x1C, 0xF5, 0x00, 0x00, 0x02, 0x80, 0x00, 0x00, 0x00, 0x00, 0x00, 0x00,
    0x00, 0x00, 0x00, 0x00, 0x00, 0x00, 0x00, 0x00, 0x00, 0x00, 0x00, 0x00,
    0x00, 0x00, 0x00, 0x00, 0x00, 0x00, 0x00, 0x00, 0x00, 0x00, 0x00, 0x00,
    0x00, 0x00, 0x00, 0x00, 0x00, 0x00, 0x00, 0x00, 0x00, 0x00, 0x00, 0x00,
    0x00, 0x02, 0x88, 0x88, 0x00, 0x04, 0xFF, 0xFF, 0x00, 0x00, 0x00, 0x00,
    0x00, 0x00, 0x05, 0x54, 0x00, 0x00, 0x0B, 0xFF, 0x00, 0x00, 0x0B, 0xFF,
    0x00, 0x00, 0x0B, 0xFF, 0x00, 0x00, 0x0B, 0xFF, 0x88, 0x87, 0x7D, 0xFF,
    0xFF, 0xFF, 0xFF, 0xFF, 0x00, 0x00, 0x00, 0x00, 0x44, 0x10, 0x00, 0x00,
    0xFF, 0xE0, 0x00, 0x00, 0xFF, 0xF0, 0x00, 0x00, 0xFF, 0xF0, 0x00, 0x00,
    0xFF, 0xF0, 0x00, 0x00, 0xFF, 0xF8, 0x78, 0x88, 0xFF, 0xFF, 0xFF, 0xFF,
    0x00, 0x00, 0x00, 0x00, 0x00, 0x00, 0x00, 0x00, 0x00, 0x00, 0x00, 0x00,
    0x00, 0x00, 0x00, 0x00, 0x00, 0x00, 0x00, 0x00, 0x00, 0x00, 0x00, 0x00,
    0xAB, 0xB3, 0x00, 0x00, 0xFF, 0xF4, 0x00, 0x00, 0x00, 0x04, 0xFF, 0xFF,
    0x00, 0x00, 0x00, 0x00, 0x00, 0x00, 0x00, 0x00, 0x00, 0x00, 0x00, 0x00,
    0x00, 0x00, 0x14, 0x44, 0x00, 0x00, 0x4F, 0xFF, 0x00, 0x00, 0x4F, 0xFF,
    0x00, 0x00, 0x14, 0x44, 0xFF, 0xFF, 0xFF, 0xFF, 0x00, 0x00, 0x0B, 0xFF,
    0x00, 0x00, 0x0B, 0xFF, 0x00, 0x00, 0x0B, 0xFF, 0x44, 0x44, 0x4C, 0xFF,
    0xFF, 0xFF, 0xFF, 0xFF, 0xFF, 0xFF, 0xFF, 0xFF, 0x44, 0x44, 0x3A, 0xFF,
    0xFF, 0xFF, 0xFF, 0xFF, 0xFF, 0xF1, 0x00, 0x01, 0xFF, 0xF0, 0x00, 0x00,
    0xFF, 0xF0, 0x00, 0x00, 0xFF, 0xF5, 0x44, 0x44, 0xFF, 0xFF, 0xFF, 0xFF,
    0xFF, 0xFF, 0xFF, 0xFF, 0xFF, 0xF9, 0x34, 0x44, 0xDB, 0xB3, 0x00, 0x00,
    0x00, 0x00, 0x00, 0x00, 0x00, 0x00, 0x00, 0x00, 0x00, 0x00, 0x00, 0x00,
    0x58, 0x50, 0x00, 0x00, 0xFF, 0xB0, 0x00, 0x00, 0xFF, 0xA0, 0x00, 0x00,
    0x42, 0x00, 0x00, 0x00, 0x00, 0x00, 0x00, 0x00, 0x00, 0x00, 0x00, 0x00,
    0x00, 0x00, 0x00, 0x00, 0x00, 0x00, 0x00, 0x02, 0x00, 0x00, 0x01, 0x9F,
    0x00, 0x00, 0x1C, 0xFF, 0x00, 0x00, 0x9F, 0xFF, 0x00, 0x01, 0xEF, 0xFF,
    0x00, 0x00, 0x08, 0xFF, 0x00, 0x00, 0x08, 0xFF, 0x00, 0x02, 0x3A, 0xFF,
    0x7B, 0xEF, 0xFF, 0xFF, 0xFF, 0xFF, 0xFF, 0xFF, 0xFF, 0xFD, 0xBC, 0xFF,
    0xFC, 0x40, 0x04, 0xFF, 0xF2, 0x00, 0x04, 0xFF, 0xFF, 0xF8, 0x00, 0x00,
    0xFF, 0xF8, 0x00, 0x00, 0xFF, 0xF8, 0x00, 0x00, 0xFF, 0xFA, 0x10, 0x00,
    0xFF, 0xFF, 0xFA, 0x50, 0xFF, 0xFF, 0xFF, 0xFD, 0xFF, 0xFF, 0xFF, 0xFF,
    0xFF, 0xFE, 0xFF, 0xFF, 0x00, 0x00, 0x00, 0x00, 0x00, 0x00, 0x00, 0x00,
    0x00, 0x00, 0x00, 0x00, 0x00, 0x00, 0x00, 0x00, 0x00, 0x00, 0x00, 0x00,
    0x60, 0x00, 0x00, 0x00, 0xFD, 0x60, 0x00, 0x00, 0xFF, 0xFC, 0x40, 0x00,
    0x00, 0x04, 0xFF, 0xFF, 0x00, 0x04, 0xFF, 0xFF, 0x00, 0x01, 0xFF, 0xFF,
    0x00, 0x00, 0x8F, 0xFF, 0x00, 0x00, 0x09, 0xFF, 0x00, 0x00, 0x00, 0x49,
    0x00, 0x00, 0x00, 0x00, 0x00, 0x00, 0x00, 0x00, 0xC0, 0x00, 0x04, 0xFF,
    0xB0, 0x00, 0x04, 0xFF, 0xF3, 0x00, 0x09, 0xFF, 0xFE, 0x97, 0xAF, 0xFF,
    0xFF, 0xFF, 0xFF, 0xFF, 0xDF, 0xFF, 0xFF, 0xFD, 0x01, 0x44, 0x44, 0x10,
    0x00, 0x00, 0x00, 0x00, 0xFF, 0xF8, 0x5E, 0xFF, 0xFF, 0xF7, 0x03, 0xCF,
    0xFF, 0xF5, 0x00, 0x1A, 0xFF, 0xE1, 0x00, 0x00, 0xFE, 0x40, 0x00, 0x00,
    0x92, 0x00, 0x00, 0x00, 0x00, 0x00, 0x00, 0x00, 0x00, 0x00, 0x00, 0x00,
    0xFF, 0xFF, 0x90, 0x00, 0xFF, 0xFD, 0x10, 0x00, 0xFF, 0xF4, 0x00, 0x00,
    0x9F, 0xA0, 0x00, 0x00, 0x08, 0x20, 0x00, 0x00, 0x00, 0x00, 0x00, 0x00,
    0x00, 0x00, 0x00, 0x00, 0x00, 0x00, 0x00, 0x00, 0x00, 0x00, 0x00, 0x00,
    0x00, 0x00, 0x00, 0x00, 0x00, 0x00, 0x00, 0x58, 0x00, 0x00, 0x00, 0x9F,
    0x00, 0x00, 0x00, 0x8F, 0x00, 0x00, 0x00, 0x24, 0x00, 0x00, 0x00, 0x00,
    0x00, 0x00, 0x00, 0x00, 0x00, 0x00, 0x00, 0x00, 0x00, 0x00, 0x00, 0x00,
    0x88, 0x8A, 0xBB, 0xEF, 0xFF, 0xFF, 0xFF, 0xFF, 0xFF, 0xFD, 0xBF, 0xFF,
    0x41, 0x00, 0x2F, 0xFF, 0x00, 0x00, 0x5F, 0xFF, 0x00, 0x00, 0x8F, 0xFF,
    0x00, 0x00, 0x00, 0x00, 0x35, 0x10, 0x00, 0x00, 0xFF, 0xB0, 0x00, 0x00,
    0xFF, 0xF6, 0x00, 0x00, 0xFF, 0xF3, 0x00, 0x00, 0xFF, 0xE0, 0x00, 0x00,
    0xFF, 0x90, 0x00, 0x25, 0xFF, 0x60, 0x00, 0x5F, 0x00, 0x00, 0x00, 0x00,
    0x00, 0x00, 0x00, 0x00, 0x00, 0x00, 0x00, 0x00, 0x00, 0x00, 0x00, 0x00,
    0x00, 0x00, 0x00, 0x00, 0x00, 0x00, 0x00, 0x00, 0x20, 0x00, 0x00, 0x00,
    0xFD, 0x96, 0x30, 0x00, 0x00, 0x00, 0x00, 0x00, 0x00, 0x00, 0x00, 0x00,
    0x00, 0x00, 0x00, 0x00, 0x00, 0x00, 0x00, 0x00, 0x00, 0x00, 0x00, 0x00,
    0x00, 0x00, 0x00, 0x6C, 0x00, 0x00, 0x2B, 0xFF, 0x00, 0x03, 0xEF, 0xFF,
    0x00, 0x00, 0xCF, 0xFF, 0x00, 0x02, 0xFF, 0xFF, 0x00, 0x06, 0xFF, 0xFF,
    0x00, 0x0A, 0xFF, 0xFF, 0x14, 0x5F, 0xFF, 0xFF, 0xFF, 0xFF, 0xFF, 0xFF,
    0xFF, 0xFF, 0xFF, 0xFF, 0xB9, 0xFF, 0xFF, 0xFE, 0xFF, 0x10, 0x00, 0x8F,
    0xFA, 0x00, 0x00, 0x8F, 0xF6, 0x00, 0x00, 0xBF, 0xF1, 0x00, 0x00, 0xCF,
    0xA0, 0x00, 0x00, 0xFF, 0xD9, 0x72, 0x03, 0xFF, 0xFF, 0xFF, 0xCB, 0xFF,
    0xFF, 0xFF, 0xFF, 0xFF, 0xFF, 0xFF, 0x90, 0x00, 0xFF, 0xFF, 0x70, 0x00,
    0xFF, 0xFF, 0x40, 0x00, 0xFF, 0xFF, 0x10, 0x00, 0xFF, 0xFD, 0x00, 0x00,
    0xFF, 0xFA, 0x00, 0x00, 0xFF, 0xF7, 0x00, 0x00, 0xFF, 0xF3, 0x00, 0x00,
    0x00, 0x1E, 0xFF, 0xF6, 0x00, 0x9F, 0xFF, 0x60, 0x02, 0xFF, 0xFA, 0x00,
    0x07, 0xFF, 0xF2, 0x00, 0x0B, 0xFF, 0x90, 0x04, 0x0E, 0xFF, 0x30, 0x0C,
    0x0F, 0xFD, 0x00, 0x6F, 0x0F, 0xFB, 0x02, 0xEF, 0x08, 0xFF, 0xFF, 0xF5,
    0x0E, 0xFF, 0xFF, 0xD0, 0x6F, 0xFF, 0xFF, 0x70, 0xCF, 0xFF, 0xFE, 0x10,
    0xFF, 0xFF, 0xF8, 0x00, 0xFF, 0xFF, 0xE1, 0x00, 0xFF, 0xFF, 0x70, 0x00,
    0xFF, 0xFC, 0x00, 0x00, 0x17, 0xDF, 0xFF, 0xFF, 0x00, 0x04, 0xBF, 0xFF,
    0x00, 0x00, 0x4F, 0xFF, 0x00, 0x00, 0x8F, 0xFF, 0x00, 0x00, 0xCF, 0xFF,
    0x00, 0x02, 0xFF, 0xFF, 0x00, 0x08, 0xFF, 0xFF, 0x00, 0x1E, 0xFF, 0xFF,
    0xFF, 0xF3, 0x00, 0x00, 0xFF, 0xFF, 0xA4, 0x00, 0xFF, 0xFF, 0xFF, 0xB0,
    0xFF, 0xFF, 0xFF, 0xB0, 0xFF, 0xFF, 0xFF, 0x40, 0xF8, 0xCF, 0xFC, 0x00,
    0xE0, 0x1C, 0xF6, 0x00, 0x80, 0x01, 0x91, 0x00, 0x0C, 0xFF, 0x9D, 0xFF,
    0x08, 0xFF, 0xFF, 0xFF, 0x01, 0xCF, 0xFF, 0xFF, 0x00, 0x05, 0x88, 0x51,
    0x00, 0x00, 0x00, 0x00, 0x00, 0x00, 0x00, 0x00, 0x00, 0x00, 0x00, 0x00,
    0x00, 0x00, 0x00, 0x00, 0xFF, 0xE3, 0x00, 0x00, 0xFE, 0x30, 0x00, 0x00,
    0x91, 0x00, 0x00, 0x00, 0x00, 0x00, 0x00, 0x4B, 0x00, 0x00, 0x5D, 0xFF,
    0x00, 0x00, 0x6F, 0xFF, 0x00, 0x00, 0x0A, 0xA5, 0x00, 0x00, 0x00, 0x00,
    0x00, 0x8F, 0xFF, 0xFE, 0x03, 0xFF, 0xFF, 0xF5, 0x6E, 0xFF, 0xFF, 0x60,
    0xFF, 0xFF, 0xE6, 0x00, 0xFF, 0xFB, 0x20, 0x00, 0xE9, 0x30, 0x00, 0x00,
    0x10, 0x00, 0x00, 0x00, 0x00, 0x00, 0x00, 0x00, 0x10, 0x00, 0x00, 0x00,
    0x00, 0x00, 0x00, 0x00, 0x00, 0x00, 0x00, 0x00, 0x00, 0x00, 0x00, 0x00,
    0x00, 0x00, 0x00, 0x00, 0x00, 0x00, 0x00, 0x00, 0x00, 0x00, 0x00, 0x00,
    0x00, 0x00, 0x00, 0x00, 0x00, 0x00, 0x00, 0x00, 0x00, 0x00, 0x00, 0x00,
    0x00, 0x00, 0x00, 0x00, 0x00, 0x00, 0x00, 0x00, 0x00, 0x00, 0x00, 0x00,
    0x00, 0x00, 0x00, 0x00, 0x00, 0x00, 0x00, 0x00, 0x00, 0x8C, 0xBB, 0xBE,
    0x00, 0x00, 0x00, 0x00, 0x05, 0x54, 0x42, 0x00, 0x0B, 0xFF, 0xFF, 0xF7,
    0x0B, 0xFF, 0xFF, 0xF8, 0x0B, 0xFF, 0xFF, 0xF7, 0x0B, 0xFF, 0xFF, 0xF4,
    0x0B, 0xFF, 0xFF, 0xF7, 0xFF, 0xFF, 0xFF, 0xFF, 0x00, 0x00, 0x00, 0x00,
    0x00, 0x00, 0x00, 0x00, 0x00, 0x00, 0x00, 0x00, 0x00, 0x00, 0x00, 0x00,
    0x00, 0x00, 0x00, 0x00, 0x00, 0x00, 0x00, 0x39, 0x47, 0x79, 0x50, 0xCF,
    0xFF, 0xFF, 0x70, 0xBF, 0x00, 0x00, 0x00, 0x00, 0x00, 0x00, 0x00, 0x00,
    0x00, 0x00, 0x00, 0x00, 0x00, 0x00, 0x00, 0x00, 0x00, 0x00, 0x00, 0x00,
    0x20, 0x00, 0x00, 0x00, 0xE6, 0x00, 0x00, 0x00, 0xFF, 0x91, 0x00, 0x00,
    0x00, 0xBF, 0xFF, 0xFF, 0x00, 0x8C, 0xBB, 0x97, 0x00, 0x00, 0x00, 0x00,
    0x00, 0x00, 0x00, 0x00, 0x00, 0x00, 0x03, 0x88, 0x00, 0x00, 0x8F, 0xFF,
    0x00, 0x04, 0xFF, 0xFF, 0x00, 0x0A, 0xFF, 0xFE, 0xFF, 0xFF, 0xFF, 0xFF,
    0x7D, 0xFF, 0xFF, 0xF7, 0x0B, 0xFF, 0xFF, 0xF4, 0x0B, 0xFF, 0xFF, 0xF1,
    0x2B, 0xFF, 0xFF, 0xF0, 0xFE, 0xFF, 0xFF, 0xF0, 0xFF, 0xFF, 0xFF, 0xF0,
    0x9F, 0xFF, 0xFF, 0xF0, 0xFF, 0xEF, 0x70, 0x1D, 0x41, 0x01, 0x00, 0x04,
    0x00, 0x00, 0x00, 0x00, 0x00, 0x00, 0x00, 0x00, 0x00, 0x00, 0x00, 0x00,
    0x00, 0x00, 0x00, 0x00, 0x00, 0x00, 0x00, 0x00, 0x00, 0x00, 0x00, 0x00,
    0xFF, 0xFC, 0x30, 0x00, 0xFF, 0xFF, 0xE3, 0x00, 0x9F, 0xFF, 0xFF, 0x60,
    0x2E, 0xFF, 0xFF, 0x90, 0x08, 0xFF, 0xFA, 0x00, 0x01, 0xEF, 0xC1, 0x00,
    0x00, 0x8D, 0x10, 0x00, 0x00, 0x21, 0x00, 0x00, 0x00, 0x1E, 0xFF, 0xF8,
    0x00, 0x4F, 0xFF, 0xF4, 0x00, 0x4F, 0xFF, 0xF4, 0x00, 0x4F, 0xFF, 0xF4,
    0x00, 0x3F, 0xFF, 0xF4, 0x00, 0x0E, 0xFF, 0xF9, 0x00, 0x09, 0xFF, 0xFF,
    0x00, 0x02, 0xEF, 0xFF, 0x0A, 0xFF, 0xFF, 0xF0, 0x08, 0xFF, 0xFF, 0xF0,
    0x08, 0xFF, 0xFF, 0xF0, 0x08, 0xFF, 0xFF, 0xF0, 0x09, 0xFF, 0xFF, 0xF0,
    0x1D, 0xFF, 0xFF, 0xF0, 0xFF, 0xFF, 0xFF, 0xF0, 0xFF, 0xFF, 0xFF, 0xF0,
    0x00, 0x00, 0x00, 0x00, 0x00, 0x00, 0x00, 0x00, 0x00, 0x00, 0x00, 0x00,
    0x00, 0x00, 0x00, 0x00, 0x00, 0x00, 0x00, 0x00, 0x00, 0x00, 0x00, 0x00,
    0x00, 0x00, 0x00, 0x00, 0x00, 0x00, 0x00, 0x00, 0x00, 0x00, 0x00, 0x00,
    0x00, 0x00, 0x00, 0x00, 0x01, 0x20, 0x00, 0x00, 0x8F, 0xD0, 0x00, 0x00,
    0xBF, 0xF6, 0x00, 0x00, 0x8F, 0xFA, 0x00, 0x00, 0x8F, 0xFF, 0x10, 0x00,
    0x8F, 0xFF, 0x50, 0x00, 0x00, 0x00, 0x3B, 0xFE, 0x00, 0x00, 0x00, 0x10,
    0x00, 0x00, 0x00, 0x00, 0x00, 0x00, 0x00, 0x00, 0x00, 0x00, 0x00, 0x00,
    0x00, 0x00, 0x00, 0x00, 0x00, 0x00, 0x00, 0x00, 0x00, 0x00, 0x00, 0x00,
    0x9E, 0xFF, 0xFF, 0xF0, 0x0E, 0xFF, 0xFF, 0xF1, 0x0D, 0xFF, 0xFF, 0xF7,
    0x08, 0xFF, 0xFF, 0xFF, 0x01, 0xCF, 0xFF, 0xFF, 0x00, 0x06, 0xCF, 0xFF,
    0x00, 0x00, 0x00, 0x34, 0x00, 0x00, 0x00, 0x00, 0x00, 0x00, 0x00, 0x00,
    0x00, 0x00, 0x00, 0x03, 0x00, 0x00, 0x00, 0x4D, 0xB7, 0x87, 0x9C, 0xFF,
    0xFF, 0xFF, 0xFF, 0xFF, 0xFF, 0xFF, 0xFF, 0xFE, 0x44, 0x44, 0x44, 0x10,
    0x00, 0x00, 0x00, 0x00, 0xAF, 0xFF, 0x80, 0x00, 0xFF, 0xFF, 0x70, 0x00,
    0xFF, 0xFF, 0x40, 0x00, 0xFF, 0xFC, 0x00, 0x00, 0xFF, 0xB1, 0x00, 0x00,
    0xA5, 0x00, 0x00, 0x00, 0x00, 0x00, 0x00, 0x00, 0x00, 0x00, 0x00, 0x00,
    0x00, 0x00, 0x00, 0x00, 0x00, 0x00, 0x00, 0x00, 0x00, 0x00, 0x00, 0x00,
    0x00, 0x00, 0x00, 0x00, 0x00, 0x00, 0x03, 0xCF, 0x00, 0x00, 0x04, 0xFF,
    0x00, 0x00, 0x01, 0xFF, 0x00, 0x00, 0x00, 0xFF, 0x00, 0x00, 0x00, 0x00,
    0x00, 0x00, 0x00, 0x00, 0x00, 0x00, 0x00, 0x00, 0x03, 0x40, 0x00, 0x00,
    0xFF, 0xF0, 0x00, 0x00, 0xFF, 0xF0, 0x00, 0x00, 0xFF, 0xF0, 0x00, 0x01,
    0xFF, 0xF1, 0x00, 0x37, 0x00, 0x00, 0x00, 0x00, 0x22, 0x00, 0x00, 0x00,
    0x9F, 0xC8, 0x51, 0x00, 0xBF, 0xFF, 0xFF, 0x60, 0xBF, 0xFF, 0xFF, 0x40,
    0xEF, 0xFF, 0xFF, 0x10, 0xFF, 0xFF, 0xFD, 0x00, 0xFF, 0xFF, 0xF9, 0x00,
    0x00, 0x00, 0x00, 0x00, 0x00, 0x00, 0x00, 0x00, 0x00, 0x00, 0x00, 0x00,
    0x00, 0x00, 0x00, 0x00, 0x00, 0x00, 0x00, 0x00, 0x00, 0x00, 0x00, 0x00,
    0x00, 0x00, 0x00, 0x00, 0x00, 0x00, 0x00, 0x00, 0x00, 0x00, 0x00, 0xDF,
    0x00, 0x00, 0x00, 0xBF, 0x00, 0x00, 0x00, 0x9F, 0x00, 0x00, 0x00, 0xAF,
    0x00, 0x00, 0x07, 0xFF, 0x00, 0x00, 0x4F, 0xFF, 0x00, 0x01, 0xDF, 0xFF,
    0x00, 0x08, 0xFF, 0xFF, 0xFF, 0xFA, 0xBF, 0xFF, 0xFF, 0xFF, 0xFF, 0xFF,
    0xFF, 0xFF, 0xD8, 0x6D, 0xFF, 0xFA, 0x00, 0x1E, 0xFF, 0xF8, 0x00, 0x4F,
    0xFF, 0xFB, 0x00, 0x8F, 0xFF, 0xFC, 0x00, 0xCF, 0xFF, 0xFF, 0x02, 0xFF,
    0xFF, 0xFF, 0xFC, 0x50, 0xFF, 0xFF, 0xFF, 0xFE, 0xFF, 0xFF, 0xFF, 0xFF,
    0xFF, 0xFF, 0xCE, 0xFF, 0xFF, 0xFF, 0x33, 0xFF, 0xFF, 0xFE, 0x00, 0x8F,
    0xFF, 0xF9, 0x00, 0x1F, 0xFF, 0xF5, 0x00, 0x0B, 0x00, 0x00, 0x00, 0x00,
    0x70, 0x00, 0x00, 0x00, 0xFC, 0x10, 0x00, 0x00, 0xFF, 0xC1, 0x00, 0x00,
    0xFF, 0xF9, 0x00, 0x00, 0xFF, 0xFF, 0x30, 0x00, 0xFF, 0xFF, 0x90, 0x00,
    0xFF, 0xFF, 0xD0, 0x00, 0x00, 0x0D, 0xFF, 0xE8, 0x00, 0x3F, 0xFF, 0xA2,
    0x00, 0x7F, 0xFF, 0x60, 0x00, 0x9F, 0xFF, 0x40, 0x00, 0xBF, 0xFF, 0x10,
    0x00, 0xBF, 0xFF, 0x00, 0x00, 0xBF, 0xFF, 0x00, 0x00, 0x8F, 0xFF, 0x10,
    0xFF, 0xFF, 0x35, 0xFF, 0xFF, 0xFF, 0x79, 0xFF, 0xCF, 0xFF, 0xDF, 0xFF,
    0x7F, 0xFF, 0xFF, 0xFF, 0x1F, 0xFF, 0xFF, 0xFF, 0x09, 0xFF, 0xFF, 0xFF,
    0x02, 0xFF, 0xFF, 0xFF, 0x00, 0xAF, 0xFF, 0xF9, 0xFF, 0xD0, 0x00, 0x08,
    0xFF, 0x80, 0x00, 0x08, 0xFF, 0x20, 0x00, 0x08, 0xFA, 0x00, 0x00, 0x08,
    0xF4, 0x00, 0x00, 0x0B, 0xB0, 0x00, 0x00, 0x1F, 0x40, 0x00, 0x00, 0x6F,
    0x00, 0x00, 0x00, 0xDF, 0xFF, 0xFF, 0xF1, 0x00, 0xFF, 0xFF, 0xF4, 0x00,
    0xFF, 0xFF, 0xF4, 0x00, 0xFF, 0xFF, 0xF4, 0x00, 0xFF, 0xFF, 0xF1, 0x00,
    0xFF, 0xFF, 0xD0, 0x00, 0xFF, 0xFF, 0x80, 0x00, 0xFF, 0xFF, 0x20, 0x00,
    0x00, 0x5F, 0xFF, 0x40, 0x00, 0x1E, 0xFF, 0xB1, 0x00, 0x07, 0xFF, 0xFF,
    0x00, 0x00, 0x9F, 0xFF, 0x00, 0x00, 0x06, 0xCF, 0x00, 0x00, 0x00, 0x00,
    0x00, 0x00, 0x00, 0x00, 0x00, 0x00, 0x00, 0x00, 0x03, 0xEF, 0xFF, 0xE1,
    0x4E, 0xFF, 0xFF, 0x50, 0xFF, 0xFF, 0xF6, 0x00, 0xFF, 0xFE, 0x60, 0x38,
    0xFC, 0x71, 0x00, 0x3F, 0x00, 0x00, 0x00, 0x0C, 0x00, 0x00, 0x00, 0x00,
    0x00, 0x00, 0x00, 0x00, 0x00, 0x00, 0x08, 0xFF, 0x00, 0x00, 0x9F, 0xFF,
    0x00, 0x5C, 0xFF, 0xFF, 0xAE, 0xFF, 0xFF, 0xFF, 0xFF, 0xFF, 0xFE, 0x92,
    0xEB, 0x97, 0x40, 0x00, 0x00, 0x00, 0x00, 0x00, 0x00, 0x00, 0x00, 0x00,
    0xFF, 0xF8, 0x00, 0x00, 0xFF, 0xC0, 0x00, 0x00, 0xFC, 0x10, 0x00, 0x00,
    0x80, 0x00, 0x00, 0x00, 0x00, 0x00, 0x00, 0x00, 0x00, 0x00, 0x00, 0x00,
    0x00, 0x00, 0x00, 0x00, 0x00, 0x00, 0x00, 0x00, 0x00, 0x00, 0x00, 0x00,
    0x00, 0x00, 0x00, 0x00, 0x00, 0x00, 0x00, 0x00, 0x00, 0x00, 0x00, 0x00,
    0x00, 0x00, 0x00, 0x00, 0x00, 0x00, 0x00, 0x00, 0x00, 0x00, 0x00, 0x00,
    0x00, 0x00, 0x00, 0x00, 0x00, 0x00, 0x00, 0x00, 0x02, 0x53, 0x00, 0x00,
    0x09, 0xFF, 0xFE, 0xC6, 0x0B, 0xFF, 0xFF, 0xF7, 0x0B, 0xFF, 0xFF, 0xF4,
    0x0D, 0xFF, 0xFF, 0xF2, 0x0F, 0xFF, 0xFF, 0xE0, 0x1F, 0xFF, 0xFF, 0xC1,
    0x00, 0x00, 0x00, 0x00, 0x00, 0x00, 0x00, 0x00, 0x00, 0x00, 0x00, 0x00,
    0x00, 0x00, 0x00, 0x00, 0x00, 0x00, 0x00, 0x00, 0x00, 0x00, 0x00, 0x00,
    0x00, 0x00, 0x00, 0x00, 0x44, 0x44, 0x58, 0x40, 0x00, 0x00, 0x00, 0x00,
    0x00, 0x00, 0x00, 0x00, 0x00, 0x00, 0x00, 0x00, 0x00, 0x00, 0x00, 0x00,
    0x00, 0x00, 0x00, 0x00, 0x00, 0x00, 0x00, 0x00, 0x00, 0x00, 0x00, 0x00,
    0x00, 0x00, 0x00, 0x00, 0x00, 0x03, 0xBB, 0xBB, 0x00, 0x04, 0xFF, 0xFF,
    0x00, 0x03, 0xBB, 0xBB, 0x00, 0x00, 0x00, 0x00, 0x00, 0x00, 0x00, 0x00,
    0x00, 0x00, 0x00, 0x00, 0x00, 0x00, 0x00, 0x00, 0x00, 0x00, 0x00, 0x00,
    0xCF, 0xFF, 0xFF, 0xFF, 0xFF, 0xFF, 0xFF, 0xFF, 0xDF, 0xFF, 0xFF, 0xB7,
    0x8F, 0xFF, 0xFF, 0x40, 0x9F, 0xFF, 0xFF, 0x30, 0xBF, 0xFF, 0xFF, 0x00,
    0xBF, 0xFF, 0xFD, 0x00, 0xEF, 0xFF, 0xFC, 0x44, 0xFF, 0xFF, 0xFF, 0x80,
    0xFF, 0xFF, 0xFF, 0x70, 0x86, 0x44, 0x43, 0x00, 0x00, 0x00, 0x00, 0x00,
    0x00, 0x00, 0x00, 0x00, 0x00, 0x00, 0x00, 0x00, 0x00, 0x00, 0x00, 0x00,
    0x68, 0x87, 0xA6, 0x00, 0x00, 0x00, 0x00, 0x00, 0x00, 0x00, 0x00, 0x00,
    0x00, 0x00, 0x00, 0x00, 0x00, 0x00, 0x00, 0x00, 0x00, 0x00, 0x00, 0x00,
    0x00, 0x00, 0x00, 0x00, 0x00, 0x00, 0x00, 0x00, 0x00, 0x00, 0x00, 0x00,
    0x00, 0x0A, 0xBB, 0xBB, 0x00, 0x0F, 0xFF, 0xFF, 0x00, 0x0A, 0xBB, 0xBC,
    0x00, 0x00, 0x00, 0x04, 0x00, 0x00, 0x00, 0x06, 0x00, 0x00, 0x00, 0x08,
    0x00, 0x00, 0x00, 0x08, 0x00, 0x00, 0x00, 0x08, 0xFF, 0xFF, 0xFF, 0xFF,
    0xFF, 0xFF, 0xFF, 0xFF, 0xFF, 0xFF, 0xFA, 0x34, 0xFF, 0xFF, 0xF8, 0x00,
    0xFF, 0xFF, 0xF6, 0x00, 0xFF, 0xFF, 0xF4, 0x00, 0xFF, 0xFF, 0xF4, 0x00,
    0xFF, 0xFF, 0xF4, 0x00, 0xFF, 0xFF, 0xF8, 0x00, 0xFE, 0xFF, 0xF5, 0x00,
    0x20, 0x00, 0x00, 0x00, 0x00, 0x00, 0x00, 0x00, 0x00, 0x00, 0x00, 0x00,
    0x00, 0x00, 0x00, 0x00, 0x00, 0x00, 0x00, 0x00, 0x00, 0x00, 0x00, 0x00,
    0x6C, 0x50, 0x00, 0x00, 0xEF, 0xE1, 0x00, 0x00, 0x9F, 0xF9, 0x00, 0x00,
    0x6F, 0xFF, 0x20, 0x00, 0x3F, 0xFF, 0x80, 0x00, 0x0F, 0xFF, 0xD0, 0x00,
    0x0F, 0xFF, 0xF2, 0x00, 0x1F, 0xFF, 0xF4, 0x00, 0x00, 0x00, 0x00, 0x07,
    0x00, 0x00, 0x00, 0x04, 0x00, 0x00, 0x00, 0x00, 0x00, 0x00, 0x00, 0x00,
    0x00, 0x00, 0x00, 0x00, 0x00, 0x00, 0x00, 0x00, 0x00, 0x00, 0x00, 0x00,
    0x00, 0x00, 0x00, 0x00, 0xFF, 0xFF, 0xF5, 0x00, 0xFF, 0xFF, 0xF9, 0x00,
    0xDF, 0xFF, 0xFE, 0x30, 0x5F, 0xFF, 0xFF, 0xE8, 0x06, 0xEF, 0xFF, 0xFF,
    0x00, 0x27, 0xCF, 0xFF, 0x00, 0x00, 0x01, 0x46, 0x00, 0x00, 0x00, 0x00,
    0x00, 0x00, 0x00, 0x00, 0x00, 0x00, 0x00, 0x00, 0x00, 0x00, 0x00, 0x06,
    0x41, 0x00, 0x26, 0xBF, 0xFF, 0xFE, 0xFF, 0xFF, 0xFF, 0xFF, 0xFF, 0xFD,
    0x88, 0x88, 0x54, 0x20, 0x00, 0x00, 0x00, 0x00, 0x5F, 0xFF, 0xF4, 0x00,
    0xAF, 0xFF, 0xE0, 0x00, 0xFF, 0xFF, 0x90, 0x00, 0xFF, 0xFC, 0x10, 0x00,
    0xFF, 0xC1, 0x00, 0x00, 0xA6, 0x00, 0x00, 0x00, 0x00, 0x00, 0x00, 0x00,
    0x00, 0x00, 0x00, 0x00, 0x00, 0x00, 0x00, 0x00, 0x00, 0x00, 0x00, 0x00,
    0x00, 0x00, 0x00, 0x00, 0x00, 0x00, 0x00, 0x00, 0x00, 0x00, 0x00, 0x00,
    0x00, 0x00, 0x00, 0x00, 0x00, 0x00, 0x00, 0x00, 0x00, 0x00, 0x00, 0x00,
    0x00, 0x00, 0x00, 0x00, 0x00, 0x00, 0x00, 0x00, 0x00, 0x00, 0x00, 0x00,
    0x00, 0x00, 0x00, 0x00, 0x00, 0x00, 0x00, 0x00, 0x00, 0x00, 0x00, 0x00,
    0x00, 0x00, 0x00, 0x00, 0x00, 0x00, 0x00, 0x00, 0x00, 0x00, 0x00, 0x00,
    0x00, 0x00, 0x00, 0x00, 0x00, 0x00, 0x00, 0x00, 0x00, 0x00, 0x00, 0x00,
    0x00, 0x00, 0x00, 0x00, 0x00, 0x00, 0x00, 0x00, 0x00, 0x00, 0x00, 0x00,
    0x00, 0x01, 0x10, 0x00, 0x00, 0x00, 0x00, 0x00, 0x00, 0x00, 0x00, 0x00,
    0x00, 0x00, 0x00, 0x00, 0x00, 0x00, 0x00, 0x00, 0x00, 0x00, 0x00, 0x00,
    0x00, 0x00, 0x00, 0x00, 0x00, 0x00, 0x00, 0x00, 0x00, 0x00, 0x00, 0x00,
    0x00, 0x00, 0x00, 0x00, 0x00, 0x00, 0x00, 0x00, 0x00, 0x00, 0x00, 0x00,
    0x00, 0x00, 0x00, 0x00, 0x00, 0x00, 0x00, 0x00, 0x00, 0x00, 0x00, 0x00,
    0x00, 0x00, 0x00, 0x00, 0x00, 0x00, 0x03, 0x7B, 0x38, 0x79, 0xB3, 0x00,
    0x4F, 0xFF, 0xF7, 0x00, 0x1F, 0xFF, 0xF9, 0x00, 0x0C, 0xFF, 0xFC, 0x00,
    0x09, 0xFF, 0xFF, 0x10, 0x06, 0xFF, 0xFF, 0x99, 0x07, 0xFF, 0xFF, 0xFF,
    0xEF, 0xFF, 0xFF, 0xD6, 0x00, 0x0B, 0xFB, 0x96, 0x00, 0x0E, 0xFF, 0xFE,
    0x00, 0x3F, 0xFF, 0xF6, 0x00, 0x9F, 0xFF, 0x90, 0x02, 0xEF, 0xFE, 0x20,
    0xCF, 0xFF, 0xFF, 0xEC, 0xFF, 0xEF, 0xFF, 0xFF, 0x41, 0x00, 0x4C, 0xFF,
    0x20, 0x00, 0x00, 0x00, 0x20, 0x00, 0x00, 0x00, 0x00, 0x00, 0x00, 0x00,
    0x00, 0x00, 0x00, 0x00, 0x00, 0x00, 0x00, 0x00, 0x61, 0x00, 0x00, 0x00,
    0xFC, 0x10, 0x00, 0x00, 0xFF, 0xB0, 0x00, 0x00, 0x00, 0x00, 0x2F, 0xFF,
    0x00, 0x00, 0x0E, 0xFE, 0x00, 0x00, 0x09, 0x61, 0x00, 0x00, 0x00, 0x00,
    0x00, 0x00, 0x00, 0x00, 0x00, 0x00, 0x00, 0x00, 0x00, 0x00, 0x00, 0x00,
    0x00, 0x00, 0x00, 0x00, 0xFF, 0xFF, 0xFF, 0xC0, 0x82, 0x9F, 0xFF, 0xF1,
    0x00, 0x6F, 0xFF, 0xF4, 0x00, 0x3F, 0xFF, 0xF7, 0x00, 0x0E, 0xFF, 0xFA,
    0x00, 0x0B, 0xFF, 0xFD, 0x00, 0x08, 0xFF, 0xFF, 0x00, 0x06, 0xFF, 0xFF,
    0x00, 0x00, 0x01, 0xDF, 0x00, 0x00, 0x00, 0x7F, 0x00, 0x00, 0x00, 0x4F,
    0x00, 0x00, 0x00, 0x6F, 0x00, 0x00, 0x00, 0xBF, 0x00, 0x10, 0x3A, 0xFF,
    0x06, 0xFF, 0xFF, 0xFF, 0x36, 0xFF, 0xFE, 0xB7, 0xFF, 0xF3, 0x00, 0x00,
    0xFF, 0xF7, 0x00, 0x00, 0xFF, 0xF8, 0x00, 0x00, 0xFF, 0xF6, 0x00, 0x00,
    0xFF, 0xF2, 0x00, 0x00, 0xFF, 0x80, 0x00, 0x00, 0xF7, 0x00, 0x00, 0x00,
    0x20, 0x00, 0x00, 0x00, 0x00, 0x00, 0x00, 0x00, 0x00, 0x00, 0x00, 0x00,
    0x00, 0x00, 0x00, 0x00, 0x00, 0x00, 0x00, 0x00, 0x00, 0x00, 0x00, 0x00,
    0x00, 0x00, 0x00, 0x00, 0x00, 0x00, 0x00, 0x00, 0x00, 0x00, 0x00, 0x00,
    0x00, 0x03, 0xFF, 0xFF, 0x00, 0x00, 0xEF, 0xFF, 0x00, 0x00, 0xBF, 0xFF,
    0x00, 0x00, 0x8F, 0xFF, 0x00, 0x00, 0x6F, 0xFF, 0x00, 0x00, 0x3F, 0xFF,
    0x00, 0x00, 0x1C, 0xB8, 0x00, 0x00, 0x00, 0x00, 0x70, 0x00, 0x10, 0x00,
    0xB0, 0x00, 0x00, 0x00, 0xE0, 0x00, 0x00, 0x00, 0xF3, 0x00, 0x00, 0x00,
    0xF6, 0x00, 0x00, 0x00, 0xF9, 0x00, 0x00, 0x00, 0x52, 0x00, 0x00, 0x00,
    0x00, 0x00, 0x00, 0x00, 0x00, 0x00, 0x00, 0x00, 0x00, 0x00, 0x00, 0x00,
    0x00, 0x00, 0x00, 0x00, 0x00, 0x00, 0x00, 0x00, 0x00, 0x00, 0x00, 0x00,
    0x00, 0x00, 0x00, 0x00, 0x00, 0x00, 0x00, 0x00, 0x00, 0x00, 0x00, 0x00,
    0x00, 0x00, 0x00, 0x00, 0x00, 0x00, 0x00, 0x00, 0x00, 0x00, 0x00, 0x24,
    0x00, 0x00, 0x00, 0x7F, 0x00, 0x00, 0x00, 0x4F, 0x00, 0x00, 0x00, 0x1E,
    0x00, 0x00, 0x00, 0x0B, 0x00, 0x00, 0x00, 0x08, 0x00, 0x00, 0x00, 0x00,
    0x00, 0x00, 0x00, 0x00, 0x78, 0x8B, 0x30, 0x00, 0xFF, 0xFF, 0x70, 0x00,
    0xFF, 0xFF, 0xA0, 0x00, 0xFF, 0xFF, 0xC0, 0x00, 0xFF, 0xFF, 0xF1, 0x00,
    0xFF, 0xFF, 0xF4, 0x00, 0x00, 0x00, 0x00, 0x00, 0x00, 0x00, 0x30, 0x00,
    0x00, 0x02, 0xFF, 0xB9, 0x00, 0x05, 0xFF, 0xFF, 0x00, 0x08, 0xFF, 0xFF,
    0x00, 0x0D, 0xFF, 0xFF, 0x00, 0x4F, 0xFF, 0xFE, 0x00, 0x9F, 0xFF, 0xF5,
    0x00, 0x00, 0x00, 0x00, 0x00, 0x00, 0x00, 0x00, 0x63, 0x00, 0x00, 0x00,
    0xFF, 0x30, 0x00, 0x00, 0xF8, 0x00, 0x00, 0x00, 0xC0, 0x00, 0x00, 0x00,
    0x20, 0x00, 0x00, 0x00, 0x00, 0x00, 0x00, 0x00, 0x00, 0x00, 0x00, 0x05,
    0x00, 0x00, 0x00, 0x02, 0x00, 0x00, 0x01, 0x59, 0x00, 0x38, 0xBF, 0xFF,
    0x03, 0xFF, 0xFF, 0xFF, 0x01, 0xEF, 0xFF, 0xC6, 0x00, 0xBF, 0x93, 0x00,
    0x00, 0x32, 0x00, 0x00, 0xFF, 0xFF, 0xF8, 0x15, 0xFF, 0xFF, 0xFF, 0xFF,
    0xFF, 0xFF, 0xFF, 0xFF, 0xFF, 0xFF, 0xFF, 0x73, 0xFF, 0xFF, 0xFF, 0x40,
    0x6F, 0xFF, 0xFF, 0x80, 0x1F, 0xFF, 0xFF, 0xB0, 0x0D, 0xFF, 0xFF, 0xE0,
    0x7A, 0xFF, 0xFF, 0xFD, 0xFF, 0xFF, 0xFF, 0xFF, 0xFD, 0xBB, 0xDF, 0xFF,
    0x10, 0x00, 0x02, 0xAF, 0x00, 0x00, 0x00, 0x09, 0x00, 0x00, 0x00, 0x01,
    0x00, 0x00, 0x00, 0x00, 0x00, 0x00, 0x00, 0x00, 0xA7, 0x20, 0x00, 0x00,
    0xFF, 0xF8, 0x00, 0x00, 0xFF, 0xFF, 0xB0, 0x00, 0xFF, 0xFF, 0xF7, 0x00,
    0xFF, 0xFF, 0xFE, 0x00, 0xFF, 0xFF, 0xFF, 0x30, 0xBF, 0xFF, 0xFF, 0x40,
    0xBF, 0xFF, 0xFF, 0x40, 0x00, 0x00, 0x00, 0x00, 0x00, 0x00, 0x00, 0x00,
    0x00, 0x00, 0x00, 0x00, 0x00, 0x00, 0x00, 0x00, 0x00, 0x00, 0x00, 0x00,
    0x00, 0x00, 0x00, 0x00, 0x00, 0x00, 0x00, 0x00, 0x00, 0x00, 0x00, 0x00,
    0x0A, 0xFF, 0xFF, 0xF2, 0x07, 0xFF, 0xFF, 0xF6, 0x04, 0xFF, 0xFF, 0xF8,
    0x01, 0xFF, 0xFF, 0xFB, 0x00, 0xDF, 0xFF, 0xFE, 0x00, 0xAF, 0xFF, 0xFF,
    0x00, 0x7F, 0xFF, 0xFF, 0x00, 0x4F, 0xFF, 0xFF, 0x00, 0x00, 0x00, 0x00,
    0x00, 0x00, 0x00, 0x07, 0x00, 0x00, 0x01, 0x8F, 0x03, 0xCB, 0xBF, 0xFF,
    0x04, 0xFF, 0xFF, 0xFF, 0x22, 0xEF, 0xFF, 0xEB, 0x70, 0x01, 0x01, 0x00,
    0x90, 0x00, 0x00, 0x00, 0xEF, 0xFF, 0xFF, 0x10, 0xFF, 0xFF, 0xFB, 0x00,
    0xFF, 0xFF, 0xF4, 0x00, 0xFF, 0xFF, 0x60, 0x00, 0xFF, 0xD4, 0x00, 0x00,
    0x94, 0x00, 0x00, 0x00, 0x00, 0x00, 0x00, 0x00, 0x00, 0x00, 0x00, 0x00,
    0x00, 0x00, 0x00, 0x00, 0x00, 0x00, 0x00, 0x00, 0x00, 0x00, 0x00, 0x00,
    0x00, 0x00, 0x00, 0x00, 0x00, 0x00, 0x00, 0x00, 0x00, 0x00, 0x00, 0x00,
    0x00, 0x00, 0x00, 0x00, 0x00, 0x00, 0x00, 0x00, 0x00, 0x1F, 0xFF, 0xFF,
    0x00, 0x0D, 0xFF, 0xFF, 0x00, 0x0A, 0xFF, 0xFF, 0x00, 0x07, 0xFF, 0xFF,
    0x00, 0x04, 0xFF, 0xFF, 0x00, 0x01, 0xFF, 0xFF, 0x00, 0x00, 0x98, 0x52,
    0x00, 0x00, 0x00, 0x00, 0xD0, 0x00, 0x00, 0x00, 0xF1, 0x00, 0x00, 0x00,
    0xF5, 0x00, 0x00, 0x00, 0xF8, 0x00, 0x00, 0x00, 0xFB, 0x00, 0x00, 0x00,
    0xEA, 0x00, 0x00, 0x00, 0x00, 0x00, 0x00, 0x00, 0x00, 0x00, 0x00, 0x00,
    0x00, 0x00, 0x00, 0x00, 0x00, 0x00, 0x00, 0x00, 0x00, 0x00, 0x00, 0x00,
    0x00, 0x00, 0x00, 0x00, 0x00, 0x00, 0x00, 0x00, 0x00, 0x00, 0x00, 0x00,
    0x00, 0x00, 0x00, 0x00, 0x00, 0x00, 0x00, 0x00, 0x00, 0x00, 0x00, 0x00,
    0x00, 0x00, 0x00, 0x00, 0x00, 0x00, 0x00, 0x00, 0x00, 0x00, 0x00, 0x00,
    0x00, 0x00, 0x00, 0x00, 0x00, 0x00, 0x00, 0x00, 0x00, 0x00, 0x00, 0x00,
    0x00, 0x00, 0x00, 0x00, 0x00, 0x00, 0x00, 0x00, 0x00, 0x00, 0x00, 0x00,
    0x00, 0x00, 0x00, 0x00, 0x00, 0x00, 0x00, 0x00, 0x00, 0x00, 0x00, 0x00,
    0x00, 0x00, 0x00, 0x00, 0x00, 0x00, 0x00, 0x00, 0x00, 0x00, 0x00, 0x07,
    0x00, 0x00, 0x00, 0x00, 0x00, 0x00, 0x00, 0x00, 0x00, 0x00, 0x00, 0x00,
    0x00, 0x00, 0x00, 0x00, 0x00, 0x00, 0x00, 0x00, 0x00, 0x00, 0x00, 0x00,
    0x00, 0x00, 0x00, 0x00, 0x88, 0x85, 0x00, 0x00, 0x00, 0x00, 0x00, 0x00,
    0x00, 0x00, 0x00, 0x00, 0x00, 0x00, 0x00, 0x00, 0x00, 0x00, 0x00, 0x00,
    0x00, 0x00, 0x00, 0x00, 0x00, 0x00, 0x00, 0x00, 0x00, 0x00, 0x00, 0x00,
    0x00, 0x00, 0x00, 0x00, 0x00, 0x00, 0x00, 0x41, 0x00, 0x00, 0x04, 0xFF,
    0x00, 0x00, 0x04, 0xFF, 0x00, 0x00, 0x06, 0xFF, 0x00, 0x00, 0x08, 0xFF,
    0x00, 0x00, 0x08, 0xFF, 0x00, 0x00, 0x08, 0xFF, 0x00, 0x00, 0x09, 0xFF,
    0x00, 0x00, 0x00, 0x0F, 0xFD, 0x30, 0x00, 0x0C, 0xFF, 0x30, 0x00, 0x0B,
    0xFF, 0x00, 0x02, 0x9E, 0xFE, 0x02, 0xAF, 0xFF, 0xFC, 0x3E, 0xFE, 0x7A,
    0xFD, 0xEF, 0x91, 0x07, 0xFF, 0xFA, 0x00, 0x08, 0xFF, 0xFB, 0x00, 0x00,
    0xFF, 0xFB, 0x00, 0x00, 0xFF, 0xFB, 0x00, 0x00, 0xFF, 0xFF, 0xD9, 0x50,
    0xFF, 0xFF, 0xFF, 0xFD, 0xFF, 0xFF, 0xCF, 0xFF, 0xFF, 0xFE, 0x1C, 0xFF,
    0xFF, 0xFF, 0x04, 0xFF, 0x00, 0x00, 0x00, 0x00, 0x00, 0x00, 0x00, 0x00,
    0x00, 0x00, 0x00, 0x00, 0x00, 0x00, 0x00, 0x00, 0x30, 0x00, 0x00, 0x00,
    0xE3, 0x00, 0x00, 0x00, 0xFD, 0x00, 0x00, 0x00, 0xFF, 0x50, 0x00, 0x00,
    0x00, 0x00, 0x0B, 0xFF, 0x00, 0x00, 0x0B, 0xFF, 0x00, 0x00, 0x0B, 0xFF,
    0x00, 0x00, 0x0B, 0xFF, 0x00, 0x00, 0x0B, 0xFF, 0x00, 0x00, 0x0B, 0xFF,
    0x00, 0x00, 0x0B, 0xFF, 0x00, 0x00, 0x0B, 0xFF, 0xFF, 0xD1, 0x00, 0x08,
    0xFF, 0x60, 0x00, 0x08, 0xFD, 0x00, 0x00, 0x08, 0xF9, 0x00, 0x00, 0x08,
    0xF8, 0x00, 0x00, 0x08, 0xF7, 0x08, 0x50, 0x08, 0xF8, 0xBF, 0xD1, 0x08,
    0xF8, 0x4F, 0xFC, 0x4B, 0xFF, 0xFF, 0x00, 0xEF, 0xFF, 0xFF, 0x00, 0xBF,
    0xFF, 0xFF, 0x00, 0xBF, 0xFF, 0xFF, 0x00, 0xBF, 0xFF, 0xFF, 0x00, 0xEF,
    0xFF, 0xFF, 0x04, 0xFF, 0xFF, 0xFC, 0x0B, 0xFF, 0xFF, 0xFC, 0xAF, 0xFF,
    0xFF, 0x80, 0x00, 0x00, 0xFF, 0xB0, 0x00, 0x00, 0xFF, 0xB0, 0x00, 0x00,
    0xFF, 0xB0, 0x00, 0x00, 0xFF, 0x80, 0x00, 0x00, 0xFF, 0x30, 0x00, 0x00,
    0xFB, 0x00, 0x00, 0x00, 0xE3, 0x00, 0x00, 0x00, 0x00, 0x00, 0x0B, 0xFF,
    0x00, 0x00, 0x08, 0xFF, 0x00, 0x00, 0x04, 0x96, 0x00, 0x00, 0x00, 0x00,
    0x00, 0x00, 0x00, 0x00, 0x00, 0x00, 0x00, 0x00, 0x00, 0x00, 0x00, 0x00,
    0x00, 0x00, 0x00, 0x00, 0xFB, 0x07, 0xFF, 0xFF, 0xFB, 0x00, 0x4B, 0xFF,
    0x41, 0x00, 0x00, 0xAF, 0x00, 0x00, 0x06, 0xFF, 0x00, 0x04, 0xAF, 0xFF,
    0x03, 0xDF, 0xFF, 0xF9, 0x00, 0xDF, 0xB7, 0x10, 0x00, 0x21, 0x00, 0x00,
    0xFF, 0xFF, 0xFF, 0xFE, 0xFF, 0xFF, 0xFE, 0x81, 0xFF, 0xC5, 0x30, 0x00,
    0xFE, 0x20, 0x00, 0x00, 0xE3, 0x00, 0x00, 0x00, 0x10, 0x00, 0x00, 0x00,
    0x00, 0x00, 0x00, 0x00, 0x00, 0x00, 0x00, 0x00, 0x30, 0x00, 0x00, 0x00,
    0x00, 0x00, 0x00, 0x00, 0x00, 0x00, 0x00, 0x00, 0x00, 0x00, 0x00, 0x00,
    0x00, 0x00, 0x00, 0x00, 0x00, 0x00, 0x00, 0x00, 0x00, 0x00, 0x00, 0x00,
    0x00, 0x00, 0x00, 0x00, 0x00, 0x00, 0x00, 0x00, 0x00, 0x00, 0x00, 0x00,
    0x00, 0x01, 0x10, 0x00, 0x00, 0x07, 0xFF, 0xCB, 0x00, 0x08, 0xFF, 0xFF,
    0x00, 0x0B, 0xFF, 0xFF, 0x00, 0x0B, 0xFF, 0xFF, 0x00, 0x0C, 0xFF, 0xFF,
    0x00, 0x00, 0x00, 0x00, 0x00, 0x00, 0x00, 0x1B, 0x00, 0x00, 0x00, 0x0F,
    0xA0, 0x00, 0x00, 0x0E, 0xE0, 0x00, 0x00, 0x0B, 0xB0, 0x00, 0x00, 0x0B,
    0xA0, 0x00, 0x28, 0xDF, 0x80, 0x19, 0xFF, 0xFF, 0x00, 0x00, 0x00, 0x00,
    0xBB, 0xBA, 0x50, 0x00, 0xFF, 0xFF, 0xB0, 0x00, 0xFF, 0xFF, 0xB0, 0x00,
    0xFF, 0xFF, 0xB0, 0x00, 0xFF, 0xFF, 0xC4, 0x10, 0xFF, 0xFF, 0xFF, 0xFC,
    0xFF, 0xFF, 0xFF, 0xFF, 0x00, 0x00, 0x00, 0x00, 0x00, 0x00, 0x00, 0x00,
    0x00, 0x00, 0x00, 0x00, 0x00, 0x00, 0x00, 0x00, 0x00, 0x00, 0x00, 0x00,
    0x00, 0x00, 0x00, 0x00, 0x71, 0x00, 0x00, 0x00, 0xFD, 0x40, 0x00, 0x00,
    0x00, 0x0F, 0xFF, 0xFF, 0x00, 0x0F, 0xFF, 0xFF, 0x00, 0x0F, 0xFF, 0xFF,
    0x00, 0x1F, 0xFF, 0xFF, 0x00, 0x4F, 0xFF, 0xFF, 0x00, 0x4F, 0xFF, 0xFF,
    0x00, 0x4F, 0xFF, 0xFF, 0x00, 0x4F, 0xFF, 0xFF, 0x70, 0xCF, 0xFE, 0x9D,
    0x8B, 0xFF, 0xA1, 0x0B, 0xEF, 0xF8, 0x00, 0x0B, 0xFF, 0x90, 0x00, 0x0B,
    0xFC, 0x00, 0x00, 0x0B, 0xF4, 0x00, 0x00, 0x0B, 0xB0, 0x00, 0x00, 0x0B,
    0x60, 0x00, 0x00, 0x0B, 0xFF, 0xFF, 0xFE, 0xFF, 0xFF, 0xFF, 0xE4, 0xDF,
    0xFF, 0xFF, 0xE0, 0x4F, 0xFF, 0xFF, 0xF0, 0x0C, 0xFF, 0xFF, 0xF0, 0x08,
    0xFF, 0xFF, 0xF0, 0x05, 0xFF, 0xFF, 0xF0, 0x04, 0xFF, 0xFF, 0xF0, 0x04,
    0xFF, 0xF6, 0x00, 0x00, 0xFF, 0xFE, 0x20, 0x00, 0xFF, 0xFF, 0x90, 0x00,
    0xFF, 0xFF, 0xF1, 0x00, 0xFF, 0xFF, 0xF4, 0x00, 0xFF, 0xFF, 0xF7, 0x00,
    0xFF, 0xFF, 0xF8, 0x00, 0xFF, 0xFF, 0xF8, 0x00, 0x00, 0x4F, 0xFF, 0xFF,
    0x00, 0x4F, 0xFF, 0xFF, 0x00, 0x4F, 0xFF, 0xFF, 0x00, 0x4F, 0xFF, 0xFE,
    0x00, 0x4F, 0xFF, 0xFE, 0x00, 0x4F, 0xFF, 0xFF, 0x00, 0x2F, 0xFF, 0xFF,
    0x00, 0x0F, 0xFF, 0xFF, 0x20, 0x00, 0x00, 0x0B, 0x00, 0x00, 0x00, 0x0B,
    0x00, 0x34, 0x00, 0x0B, 0x4B, 0xFB, 0x00, 0x0B, 0x4F, 0xFF, 0x70, 0x0E,
    0x37, 0xFF, 0xF9, 0x3E, 0x40, 0x9F, 0xFF, 0xFF, 0x50, 0x06, 0xEF, 0xFF,
    0xFF, 0xFF, 0xF0, 0x04, 0xFF, 0xFF, 0xF0, 0x07, 0xFF, 0xFF, 0xF0, 0x0A,
    0xFF, 0xFF, 0xD0, 0x2F, 0xFF, 0xFF, 0xB1, 0xCF, 0xFF, 0xFF, 0xBC, 0xFF,
    0xFF, 0xFF, 0xFF, 0xFF, 0xFF, 0xFF, 0xFF, 0xFF, 0xFF, 0xFF, 0xF6, 0x00,
    0xFF, 0xFF, 0xF3, 0x00, 0xFF, 0xFF, 0xE0, 0x00, 0xFF, 0xFF, 0x80, 0x00,
    0xFF, 0xFE, 0x10, 0x00, 0xFF, 0xF4, 0x00, 0x00, 0xFE, 0x50, 0x00, 0x00,
    0xA2, 0x00, 0x00, 0x00, 0x00, 0x1E, 0xFE, 0xBA, 0x00, 0x04, 0x10, 0x00,
    0x00, 0x00, 0x00, 0x00, 0x00, 0x00, 0x00, 0x00, 0x00, 0x00, 0x00, 0x00,
    0x00, 0x00, 0x00, 0x00, 0x00, 0x00, 0x00, 0x00, 0x00, 0x00, 0x00, 0x00,
    0x30, 0x00, 0x16, 0xEF, 0x00, 0x00, 0x05, 0xFF, 0x00, 0x00, 0x4E, 0xFF,
    0x00, 0x2A, 0xFF, 0xFF, 0x5B, 0xFF, 0xFF, 0xFC, 0x8F, 0xFF, 0xFB, 0x50,
    0x1C, 0xB7, 0x20, 0x00, 0x00, 0x00, 0x00, 0x00, 0xFF, 0xFF, 0xCA, 0x72,
    0xFF, 0xE3, 0x00, 0x00, 0xFF, 0x60, 0x00, 0x00, 0xF6, 0x00, 0x00, 0x00,
    0x40, 0x00, 0x00, 0x00, 0x00, 0x00, 0x00, 0x00, 0x00, 0x00, 0x00, 0x00,
    0x00, 0x00, 0x00, 0x00, 0x00, 0x00, 0x00, 0x00, 0x00, 0x00, 0x00, 0x00,
    0x00, 0x00, 0x00, 0x00, 0x00, 0x00, 0x00, 0x00, 0x00, 0x00, 0x00, 0x00,
    0x00, 0x00, 0x00, 0x00, 0x00, 0x00, 0x00, 0x00, 0x00, 0x00, 0x00, 0x00,
    0x00, 0x00, 0x00, 0x00, 0x00, 0x00, 0x00, 0x00, 0x00, 0x00, 0x00, 0x00,
    0x00, 0x00, 0x00, 0x00, 0x00, 0x00, 0x00, 0x00, 0x00, 0x00, 0x00, 0x00,
    0x00, 0x00, 0x00, 0x00, 0x00, 0x00, 0x00, 0x00, 0x00, 0x00, 0x00, 0x00,
    0x00, 0x00, 0x00, 0x00, 0x00, 0x00, 0x00, 0x00, 0x00, 0x00, 0x00, 0x00,
    0x00, 0x00, 0x00, 0x00, 0x00, 0x00, 0x00, 0x00, 0x00, 0x00, 0x00, 0x00,
    0x00, 0x00, 0x04, 0x88, 0x00, 0x00, 0x00, 0x00, 0x00, 0x00, 0x00, 0x00,
    0x00, 0x00, 0x00, 0x00, 0x00, 0x00, 0x00, 0x00, 0x00, 0x00, 0x00, 0x00,
    0x00, 0x00, 0x00, 0x00, 0x00, 0x00, 0x00, 0x00, 0x86, 0x20, 0x00, 0x00,
    0x00, 0x00, 0x00, 0x00, 0x00, 0x00, 0x00, 0x00, 0x00, 0x00, 0x00, 0x00,
    0x00, 0x00, 0x00, 0x00, 0x00, 0x00, 0x00, 0x00, 0x00, 0x00, 0x00, 0x00,
    0x00, 0x00, 0x00, 0x00, 0x00, 0x00, 0x00, 0x00, 0x00, 0x00, 0x00, 0x00,
    0x00, 0x00, 0x00, 0x00, 0x00, 0x00, 0x00, 0x00, 0x00, 0x00, 0x00, 0x00,
    0x00, 0x00, 0x00, 0x00, 0x00, 0x00, 0x00, 0x00, 0x00, 0x00, 0x00, 0x00,
    0x00, 0x00, 0x00, 0x00, 0x00, 0x00, 0x08, 0xFF, 0x00, 0x00, 0x08, 0xFF,
    0x00, 0x00, 0x07, 0xFF, 0x00, 0x00, 0x04, 0xFF, 0x00, 0x00, 0x04, 0xFF,
    0x00, 0x00, 0x04, 0xFF, 0x00, 0x00, 0x04, 0xFF, 0x00, 0x00, 0x04, 0xFF,
    0xFF, 0x80, 0x00, 0x00, 0xFF, 0x80, 0x00, 0x00, 0xFF, 0x80, 0x00, 0x00,
    0xFF, 0x80, 0x00, 0x00, 0xFF, 0x80, 0x00, 0x00, 0xFF, 0xC7, 0x88, 0x88,
    0xFF, 0xFF, 0xFF, 0xFF, 0xFF, 0xD7, 0x78, 0x88, 0x00, 0x00, 0x00, 0x00,
    0x00, 0x00, 0x00, 0x00, 0x00, 0x00, 0x00, 0x00, 0x00, 0x00, 0x00, 0x00,
    0x00, 0x00, 0x00, 0x00, 0x85, 0x00, 0x00, 0x00, 0xFB, 0x00, 0x00, 0x00,
    0x85, 0x00, 0x00, 0x00, 0x00, 0x00, 0x00, 0x00, 0x00, 0x00, 0x00, 0x00,
    0x00, 0x00, 0x00, 0x00, 0x00, 0x00, 0x00, 0x00, 0x00, 0x00, 0x00, 0x00,
    0x00, 0x00, 0x00, 0x00, 0x00, 0x00, 0x00, 0x06, 0x00, 0x00, 0x00, 0x9F,
    0x00, 0x00, 0x04, 0xFF, 0x00, 0x00, 0x04, 0xFF, 0x00, 0x00, 0x01, 0xFF,
    0x00, 0x00, 0x00, 0xFF, 0x00, 0x00, 0x00, 0xFF, 0x02, 0x47, 0x78, 0xFF,
    0xDF, 0xFF, 0xFF, 0xFF, 0xFF, 0xEA, 0x77, 0xDF, 0xFF, 0xB0, 0x00, 0x00,
    0xFF, 0xB0, 0x00, 0x00, 0xFF, 0xB0, 0x00, 0x00, 0xFF, 0xB0, 0x00, 0x00,
    0xFF, 0xB0, 0x00, 0x00, 0xFF, 0xB0, 0x00, 0x00, 0xFF, 0xEA, 0x61, 0x00,
    0xFF, 0xFF, 0xFE, 0x92, 0x00, 0x00, 0x00, 0x00, 0x00, 0x00, 0x00, 0x00,
    0x00, 0x00, 0x00, 0x00, 0x00, 0x00, 0x00, 0x00, 0x00, 0x00, 0x00, 0x00,
    0x00, 0x00, 0x00, 0x00, 0x00, 0x00, 0x00, 0x00, 0x00, 0x00, 0x00, 0x00,
    0x00, 0x00, 0x06, 0xFF, 0x00, 0x00, 0x0A, 0xFF, 0x00, 0x00, 0x0B, 0xFF,
    0x00, 0x00, 0x08, 0xFF, 0x00, 0x00, 0x01, 0xDF, 0x00, 0x00, 0x00, 0x19,
    0x00, 0x00, 0x00, 0x00, 0x00, 0x00, 0x00, 0x00, 0xFC, 0x10, 0x00, 0xBF,
    0xF5, 0x00, 0x00, 0xBF, 0xF4, 0x00, 0x00, 0xBF, 0xFA, 0x00, 0x01, 0xEF,
    0xFF, 0xC8, 0x7D, 0xFF, 0xFF, 0xFF, 0xFF, 0xFF, 0x14, 0x78, 0x88, 0x52,
    0x00, 0x00, 0x00, 0x00, 0xFF, 0xFF, 0xFF, 0xFF, 0xFF, 0xC7, 0xEF, 0xFF,
    0xFF, 0xB0, 0x3C, 0xFF, 0xFF, 0x90, 0x01, 0xCF, 0xFE, 0x20, 0x00, 0x1C,
    0xC3, 0x00, 0x00, 0x00, 0x00, 0x00, 0x00, 0x00, 0x00, 0x00, 0x00, 0x00,
    0x80, 0x00, 0x00, 0x00, 0xFC, 0x20, 0x00, 0x00, 0xFF, 0x30, 0x00, 0x00,
    0xE3, 0x00, 0x00, 0x00, 0x60, 0x00, 0x00, 0x00, 0x00, 0x00, 0x00, 0x00,
    0x00, 0x00, 0x00, 0x00, 0x00, 0x00, 0x00, 0x00, 0x00, 0x00, 0x00, 0x00,
    0x00, 0x00, 0x00, 0x00, 0x00, 0x00, 0x00, 0x00, 0x00, 0x00, 0x00, 0x00,
    0x00, 0x00, 0x00, 0x00, 0x00, 0x00, 0x00, 0x00, 0x00, 0x00, 0x00, 0x00,
    0x00, 0x00, 0x00, 0x00, 0x00, 0x00, 0x00, 0x00, 0x00, 0x00, 0x05, 0x54,
    0x00, 0x00, 0x0B, 0xFF, 0x00, 0x00, 0x0B, 0xFF, 0x00, 0x00, 0x0A, 0xFF,
    0x00, 0x00, 0x08, 0xFF, 0x00, 0x00, 0x08, 0xFF, 0x00, 0x00, 0x08, 0xFF,
    0x00, 0x00, 0x00, 0x00, 0x44, 0x41, 0x00, 0x00, 0xFF, 0xF7, 0x00, 0x00,
    0xFF, 0xF8, 0x00, 0x00, 0xFF, 0xF8, 0x00, 0x00, 0xFF, 0xF8, 0x00, 0x00,
    0xFF, 0xF8, 0x00, 0x00, 0xFF, 0xF8, 0x00, 0x00, 0x00, 0x00, 0x00, 0x00,
    0x00, 0x00, 0x00, 0x00, 0x00, 0x00, 0x00, 0x00, 0x00, 0x00, 0x00, 0x00,
    0x00, 0x00, 0x00, 0x00, 0x00, 0x00, 0x00, 0x00, 0x00, 0x00, 0x00, 0x00,
    0x00, 0x00, 0x00, 0x00, 0x00, 0x00, 0x00, 0x00, 0x00, 0x00, 0x00, 0x00,
    0x00, 0x00, 0x00, 0x00, 0x00, 0x00, 0x00, 0x00, 0x00, 0x00, 0x00, 0x00,
    0x00, 0x00, 0x00, 0x00, 0x00, 0x00, 0x00, 0x00, 0x00, 0x00, 0x00, 0x00,
    0x00, 0x00, 0x08, 0xFF, 0x00, 0x00, 0x08, 0xFF, 0x00, 0x00, 0x08, 0xFF,
    0x00, 0x00, 0x07, 0xFF, 0x00, 0x00, 0x04, 0xFF, 0x00, 0x00, 0x04, 0xFF,
    0x00, 0x00, 0x04, 0xFF, 0x00, 0x00, 0x04, 0xFF, 0xFF, 0xF8, 0x00, 0x00,
    0xFF, 0xFD, 0xBB, 0xBB, 0xFF, 0xFF, 0xFF, 0xFF, 0xFF, 0xFE, 0xBB, 0xBB,
    0xFF, 0xFB, 0x00, 0x00, 0xFF, 0xFB, 0x00, 0x00, 0xFF, 0xFB, 0x00, 0x00,
    0xFF, 0xFB, 0x00, 0x00, 0x00, 0x00, 0x00, 0x00, 0xBB, 0xBC, 0x50, 0x00,
    0xFF, 0xFF, 0x80, 0x00, 0xBB, 0xBC, 0x50, 0x00, 0x00, 0x00, 0x00, 0x00,
    0x00, 0x00, 0x00, 0x00, 0x00, 0x00, 0x00, 0x00, 0x00, 0x00, 0x00, 0x00,
    0x00, 0x00, 0x00, 0x00, 0x00, 0x00, 0x00, 0x00, 0x00, 0x00, 0x00, 0x00,
    0x00, 0x00, 0x00, 0x16, 0x00, 0x00, 0x07, 0xEF, 0x00, 0x00, 0xBF, 0xFF,
    0x00, 0x08, 0xFF, 0xFF, 0x00, 0x0E, 0xFF, 0xFF, 0x00, 0x00, 0x04, 0xFF,
    0x00, 0x00, 0x04, 0xFF, 0x00, 0x00, 0x05, 0xFF, 0x9B, 0xEF, 0xEF, 0xFF,
    0xFF, 0xFF, 0xFF, 0xFF, 0xFF, 0xEB, 0xBB, 0xFF, 0xF7, 0x00, 0x00, 0xFF,
    0x70, 0x00, 0x00, 0xFF, 0xFF, 0xFB, 0x00, 0x00, 0xFF, 0xFB, 0x00, 0x00,
    0xFF, 0xFB, 0x00, 0x00, 0xFF, 0xFB, 0x00, 0x00, 0xFF, 0xFF, 0xE9, 0x50,
    0xFF, 0xFF, 0xFF, 0xFD, 0xFF, 0xFF, 0xFF, 0xFF, 0xFF, 0xFF, 0xEF, 0xFF,
    0x00, 0x00, 0x00, 0x00, 0x00, 0x00, 0x00, 0x00, 0x00, 0x00, 0x00, 0x00,
    0x00, 0x00, 0x00, 0x00, 0x00, 0x00, 0x00, 0x00, 0x61, 0x00, 0x00, 0x00,
    0xFD, 0x50, 0x00, 0x00, 0xFF, 0xFA, 0x10, 0x00, 0x00, 0x4F, 0xFF, 0xFF,
    0x00, 0x4F, 0xFF, 0xFF, 0x00, 0x1F, 0xFF, 0xFF, 0x00, 0x09, 0xFF, 0xFF,
    0x00, 0x01, 0xCF, 0xFF, 0x00, 0x00, 0x06, 0xCF, 0x00, 0x00, 0x00, 0x02,
    0x00, 0x00, 0x00, 0x00, 0x10, 0x00, 0x00, 0xFF, 0x00, 0x00, 0x00, 0xFF,
    0x40, 0x00, 0x03, 0xFF, 0xE6, 0x10, 0x2C, 0xFF, 0xFF, 0xFE, 0xFF, 0xFF,
    0xFF, 0xFF, 0xFF, 0xFF, 0x57, 0x88, 0x86, 0x42, 0x00, 0x00, 0x00, 0x00,
    0xFF, 0xFE, 0x3B, 0xFF, 0xFF, 0xFB, 0x00, 0x7F, 0xFF, 0xF9, 0x00, 0x04,
    0xFF, 0xF4, 0x00, 0x00, 0xFF, 0x90, 0x00, 0x00, 0xD6, 0x00, 0x00, 0x00,
    0x00, 0x00, 0x00, 0x00, 0x00, 0x00, 0x00, 0x00, 0xFF, 0xFF, 0xE3, 0x00,
    0xFF, 0xFF, 0xC1, 0x00, 0xEF, 0xFE, 0x30, 0x00, 0x3E, 0xF3, 0x00, 0x00,
    0x04, 0x60, 0x00, 0x00, 0x00, 0x00, 0x00, 0x00, 0x00, 0x00, 0x00, 0x00,
    0x00, 0x00, 0x00, 0x00, 0x00, 0x00, 0x00, 0x00, 0x00, 0x00, 0x00, 0x00,
    0x00, 0x00, 0x00, 0x00, 0x00, 0x00, 0x00, 0x00, 0x00, 0x00, 0x00, 0x00,
    0x00, 0x00, 0x00, 0x00, 0x00, 0x00, 0x02, 0xDB, 0x00, 0x00, 0x04, 0xFF,
    0x00, 0x00, 0x00, 0x00, 0x00, 0x9B, 0xB9, 0x86, 0x04, 0xFF, 0xFF, 0xFF,
    0x06, 0xEF, 0xFF, 0xFF, 0x00, 0x03, 0x8D, 0xFF, 0x00, 0x00, 0x00, 0x39,
    0x85, 0x20, 0x00, 0x00, 0xFF, 0xFB, 0x00, 0x00, 0x00, 0x00, 0x00, 0x00,
    0x41, 0x00, 0x00, 0x00, 0xFF, 0xC9, 0x62, 0x00, 0xFF, 0xFF, 0xFF, 0xC6,
    0xFF, 0xFF, 0xFF, 0xFA, 0xFF, 0xFF, 0xFF, 0xF2, 0x29, 0xFF, 0xFF, 0xB0,
    0x00, 0x2B, 0xFF, 0x60, 0x00, 0x00, 0x00, 0x00, 0x00, 0x00, 0x00, 0x00,
    0x00, 0x00, 0x00, 0x00, 0x00, 0x00, 0x00, 0x00, 0x00, 0x00, 0x00, 0x00,
    0x00, 0x00, 0x00, 0x00, 0x00, 0x00, 0x00, 0x00, 0x00, 0x00, 0x00, 0x00,
    0x00, 0x00, 0x07, 0xFF, 0x00, 0x00, 0x0A, 0xFF, 0x00, 0x00, 0x0C, 0xFF,
    0x00, 0x00, 0x0F, 0xFF, 0x00, 0x00, 0x3F, 0xFF, 0x00, 0x00, 0x5F, 0xFF,
    0x00, 0x00, 0x8F, 0xFF, 0x00, 0x00, 0x9F, 0xFF, 0xFF, 0xF8, 0x00, 0x00,
    0xFF, 0xF4, 0x00, 0x00, 0xFF, 0xE1, 0x00, 0x00, 0xFF, 0xB0, 0x00, 0x00,
    0xFF, 0x80, 0x01, 0x69, 0xFF, 0x50, 0x8E, 0xFF, 0xFF, 0x8E, 0xFF, 0xFF,
    0xFF, 0xFF, 0xFE, 0x84, 0x00, 0x00, 0x7C, 0x10, 0x00, 0x00, 0x01, 0x00,
    0x00, 0x00, 0x00, 0x00, 0x00, 0x00, 0x00, 0x00, 0xBE, 0xFF, 0xEB, 0x83,
    0xFF, 0xFF, 0xFF, 0xFF, 0xFF, 0xFF, 0xFF, 0xFF, 0x10, 0x38, 0xEF, 0xFF,
    0x00, 0x00, 0x00, 0x00, 0x00, 0x00, 0x00, 0x00, 0x00, 0x00, 0x00, 0x00,
    0x00, 0x00, 0x00, 0x00, 0x00, 0x00, 0x00, 0x00, 0xB3, 0x00, 0x00, 0x00,
    0xFF, 0x60, 0x00, 0x00, 0xFF, 0xF4, 0x00, 0x00, 0x00, 0x00, 0xBF, 0xFF,
    0x00, 0x00, 0xEF, 0xFF, 0x00, 0x00, 0xFF, 0xFF, 0x00, 0x03, 0xFF, 0xFF,
    0x00, 0x04, 0xFF, 0xFF, 0x00, 0x02, 0x8B, 0xDF, 0x00, 0x00, 0x00, 0x01,
    0x00, 0x00, 0x00, 0x00, 0xFF, 0xFF, 0xA1, 0x00, 0xFF, 0xF7, 0x00, 0x00,
    0xFF, 0x80, 0x00, 0x00, 0xFB, 0x00, 0x00, 0x00, 0xF2, 0x00, 0x00, 0x00,
    0xA0, 0x00, 0x00, 0x00, 0x20, 0x00, 0x00, 0x00, 0x00, 0x00, 0x00, 0x00,
    0x00, 0x00, 0x1C, 0xFF, 0x00, 0x00, 0x03, 0xFF, 0x00, 0x00, 0x00, 0xBF,
    0x00, 0x00, 0x00, 0x8F, 0x00, 0x00, 0x00, 0x8F, 0x00, 0x00, 0x00, 0x8F,
    0x00, 0x00, 0x00, 0xCF, 0x00, 0x00, 0x02, 0xFF, 0xFF, 0xFD, 0x00, 0x00,
    0xFF, 0xFF, 0x50, 0x00, 0xFF, 0xFF, 0x80, 0x00, 0xFF, 0xFF, 0xB0, 0x00,
    0xFF, 0xFF, 0xB0, 0x00, 0xFF, 0xFF, 0xA0, 0x00, 0xFF, 0xFF, 0x70, 0x00,
    0xFF, 0xFF, 0x30, 0x00, 0x00, 0x00, 0x00, 0x00, 0x00, 0x00, 0x00, 0x00,
    0x00, 0x00, 0x00, 0x00, 0x00, 0x00, 0x00, 0x00, 0x00, 0x00, 0x00, 0x00,
    0x00, 0x00, 0x00, 0x00, 0x00, 0x00, 0x00, 0x00, 0x00, 0x00, 0x00, 0x00,
    0x00, 0x00, 0x00, 0x00, 0x00, 0x00, 0x00, 0x00, 0x00, 0x00, 0x00, 0x00,
    0x00, 0x10, 0x24, 0x58, 0x07, 0xFE, 0xFF, 0xFF, 0x04, 0xFF, 0xFF, 0xFF,
    0x01, 0xBB, 0xB9, 0x77, 0x00, 0x00, 0x00, 0x00, 0x00, 0x00, 0x0B, 0xFF,
    0x00, 0x01, 0x9F, 0xFF, 0x00, 0x6D, 0xFF, 0xFF, 0xAE, 0xFF, 0xFF, 0xFF,
    0xFF, 0xFF, 0xFF, 0xC6, 0xFF, 0xEB, 0x83, 0x00, 0x43, 0x00, 0x00, 0x00,
    0x00, 0x00, 0x00, 0x00, 0xFF, 0xFB, 0x00, 0x00, 0xFF, 0xE2, 0x00, 0x00,
    0xFE, 0x30, 0x00, 0x00, 0xB2, 0x00, 0x00, 0x00, 0x00, 0x00, 0x00, 0x00,
    0x00, 0x00, 0x00, 0x00, 0x00, 0x00, 0x00, 0x00, 0x00, 0x00, 0x00, 0x00,
    0x00, 0x00, 0x00, 0x00, 0x00, 0x00, 0x00, 0x00, 0x00, 0x00, 0x00, 0x78,
    0x00, 0x00, 0x00, 0xFF, 0x00, 0x00, 0x01, 0xFF, 0x00, 0x00, 0x04, 0xFF,
    0x00, 0x00, 0x04, 0xFF, 0x00, 0x00, 0x06, 0xFF, 0x00, 0x00, 0x00, 0x00,
    0x00, 0x00, 0x00, 0x00, 0x64, 0x20, 0x00, 0x00, 0xFF, 0xFD, 0x00, 0x00,
    0xFF, 0xFB, 0x00, 0x00, 0xFF, 0xFA, 0x00, 0x00, 0xFF, 0xF8, 0x00, 0x00,
    0xFF, 0xF7, 0x00, 0x00, 0x00, 0x00, 0x00, 0x00, 0x00, 0x00, 0x11, 0x00,
    0x00, 0x00, 0x4F, 0xFE, 0x00, 0x00, 0x4F, 0xFF, 0x00, 0x00, 0x4F, 0xFF,
    0x00, 0x00, 0x1F, 0xFF, 0x00, 0x00, 0x0F, 0xFF, 0x00, 0x00, 0x0F, 0xFF,
    0x00, 0x00, 0x00, 0x00, 0x00, 0x00, 0x00, 0x00, 0xBC, 0x70, 0x00, 0x00,
    0xFF, 0xB0, 0x00, 0x00, 0xFF, 0xB0, 0x00, 0x00, 0xFF, 0xB0, 0x00, 0x00,
    0xFF, 0xB0, 0x00, 0x00, 0xFF, 0xB0, 0x00, 0x00, 0x00, 0x00, 0x08, 0xFF,
    0x00, 0x00, 0x08, 0xFF, 0x00, 0x00, 0x08, 0xFF, 0x00, 0x00, 0x0A, 0xFF,
    0x00, 0x00, 0x0B, 0xFF, 0x00, 0x00, 0x0B, 0xFF, 0x00, 0x00, 0x0B, 0xFF,
    0x00, 0x00, 0x0B, 0xFF, 0xFF, 0xF4, 0x00, 0x00, 0xFF, 0xF4, 0x00, 0x00,
    0xFF, 0xF4, 0x00, 0x00, 0xFF, 0xF1, 0x00, 0x00, 0xFF, 0xF0, 0x00, 0x00,
    0xFF, 0xF0, 0x00, 0x00, 0xFF, 0xF0, 0x00, 0x00, 0xFF, 0xF0, 0x00, 0x00,
    0x00, 0x00, 0x0F, 0xFF, 0x00, 0x00, 0x0F, 0xFF, 0x00, 0x00, 0x0F, 0xFF,
    0x00, 0x00, 0x0F, 0xFF, 0x00, 0x00, 0x0F, 0xFF, 0x00, 0x00, 0x0F, 0xFF,
    0x00, 0x00, 0x0F, 0xFF, 0x00, 0x00, 0x0F, 0xFF, 0xFF, 0xB0, 0x00, 0x00,
    0xFF, 0xB0, 0x00, 0x00, 0xFF, 0xB0, 0x00, 0x00, 0xFF, 0xB0, 0x00, 0x00,
    0xFF, 0xB0, 0x00, 0x00, 0xFF, 0xB0, 0x00, 0x00, 0xFF, 0xB0, 0x00, 0x00,
    0xFF, 0xB0, 0x00, 0x00, 0x00, 0x00, 0x0B, 0xFF, 0x00, 0x00, 0x0B, 0xFF,
    0x00, 0x00, 0x09, 0xFF, 0x00, 0x00, 0x08, 0xFF, 0x00, 0x00, 0x05, 0xFF,
    0x00, 0x00, 0x01, 0xEF, 0x00, 0x00, 0x00, 0x7F, 0x00, 0x00, 0x00, 0x05,
    0xFF, 0xF0, 0x03, 0x10, 0xFF, 0xF1, 0x1D, 0xA0, 0xFF, 0xFD, 0xEF, 0xF6,
    0xFF, 0xFF, 0xFF, 0xD1, 0xFF, 0xFF, 0xFE, 0x30, 0xFF, 0xFF, 0xF6, 0x00,
    0xFF, 0xFE, 0x50, 0x00, 0xBB, 0x72, 0x00, 0x00, 0x00, 0x00, 0x0F, 0xFF,
    0x00, 0x00, 0x0F, 0xFF, 0x00, 0x00, 0x0F, 0xFF, 0x00, 0x00, 0x3F, 0xFF,
    0x00, 0x00, 0x5F, 0xFF, 0x00, 0x00, 0x8F, 0xFF, 0x00, 0x00, 0xDF, 0xFF,
    0x00, 0x07, 0xFF, 0xFF, 0xFF, 0xB0, 0x00, 0x00, 0xFF, 0xB0, 0x00, 0x00,
    0xFF, 0x90, 0x00, 0x00, 0xFF, 0x80, 0x00, 0x00, 0xFF, 0x50, 0x00, 0x00,
    0xFF, 0x10, 0x00, 0x00, 0xF9, 0x00, 0x00, 0x00, 0xF4, 0x00, 0x00, 0x00,
    0x00, 0x00, 0x00, 0x00, 0x00, 0x00, 0x00, 0x00, 0x00, 0x00, 0x00, 0x00,
    0x00, 0x00, 0x00, 0x00, 0x00, 0x00, 0x00, 0x00, 0x00, 0x00, 0x00, 0x00,
    0x00, 0x00, 0x00, 0x00, 0x00, 0x00, 0x00, 0x00, 0x00, 0x00, 0x00, 0x00,
    0x00, 0x00, 0x00, 0x00, 0x00, 0x00, 0x00, 0x00, 0x00, 0x00, 0x14, 0x8E,
    0x00, 0x1B, 0xFF, 0xFF, 0x00, 0x0A, 0xFF, 0xFF, 0x00, 0x03, 0x97, 0x41,
    0x00, 0x00, 0x00, 0x00, 0x00, 0x3E, 0xFF, 0xFF, 0x03, 0xDF, 0xFF, 0xFC,
    0x7E, 0xFF, 0xFF, 0xC1, 0xFF, 0xFF, 0xF9, 0x10, 0xFF, 0xFA, 0x20, 0x00,
    0xA7, 0x10, 0x00, 0x00, 0x00, 0x00, 0x00, 0x00, 0x00, 0x00, 0x00, 0x00,
    0x90, 0x00, 0x00, 0x00, 0x10, 0x00, 0x00, 0x00, 0x00, 0x00, 0x00, 0x00,
    0x00, 0x00, 0x00, 0x00, 0x00, 0x00, 0x00, 0x00, 0x00, 0x00, 0x00, 0x00,
    0x00, 0x00, 0x00, 0x00, 0x00, 0x00, 0x00, 0x00, 0x00, 0x00, 0x00, 0x00,
    0x00, 0x00, 0x00, 0x00, 0x00, 0x00, 0x00, 0x14, 0x00, 0x00, 0x00, 0x4F,
    0x00, 0x00, 0x00, 0x4F, 0x00, 0x00, 0x00, 0x07, 0x00, 0x00, 0x00, 0x00,
    0x00, 0x00, 0x00, 0x00, 0x00, 0x00, 0x00, 0x00, 0x00, 0x00, 0x00, 0x00,
    0x44, 0x44, 0x44, 0x78, 0xFF, 0xFF, 0xFF, 0xFF, 0xFF, 0xFF, 0xFF, 0xFE,
    0x88, 0x85, 0x44, 0x34, 0x00, 0x00, 0x00, 0x3E, 0x00, 0x00, 0x04, 0xEF,
    0x00, 0x00, 0x00, 0x00, 0x00, 0x00, 0x00, 0x00, 0x88, 0x87, 0x8B, 0xB9,
    0xFF, 0xFF, 0xFF, 0xFF, 0xFF, 0xFF, 0xFF, 0xFF, 0xFF, 0xFF, 0xFF, 0xFD,
    0xFF, 0xFF, 0xFF, 0xC1, 0xFF, 0xFF, 0xF9, 0x00, 0x00, 0x00, 0x00, 0x00,
    0x00, 0x00, 0x00, 0x00, 0x00, 0x00, 0x00, 0x00, 0x70, 0x00, 0x00, 0x00,
    0xC0, 0x00, 0x00, 0x00, 0x30, 0x00, 0x00, 0x00, 0x00, 0x00, 0x00, 0x00,
    0x00, 0x00, 0x00, 0x00, 0x00, 0x00, 0x00, 0x00, 0x00, 0x00, 0x00, 0x00,
    0x00, 0x00, 0x00, 0x00, 0x00, 0x00, 0x00, 0x00, 0x00, 0x00, 0x00, 0x00,
    0x00, 0x00, 0x00, 0x06, 0x00, 0x00, 0x00, 0x6F, 0x00, 0x00, 0x06, 0xFF,
    0x00, 0x00, 0x6F, 0xFF, 0x00, 0x06, 0xFF, 0xFF, 0x00, 0x6F, 0xFF, 0xFF,
    0x06, 0xFF, 0xFF, 0xFF, 0x6F, 0xFF, 0xFF, 0xFF, 0xFF, 0xFF, 0xFF, 0xFF,
    0xFF, 0xFF, 0xFF, 0xFB, 0xFF, 0xFF, 0xFA, 0x20, 0xFF, 0xFF, 0x80, 0x00,
    0xFF, 0xF6, 0x00, 0x00, 0xFE, 0x30, 0x00, 0x00, 0xD3, 0x00, 0x10, 0x00,
    0xBC, 0xFF, 0xFE, 0xA7, 0xFF, 0xFF, 0xFF, 0xFF, 0x87, 0x8C, 0xFF, 0xFF,
    0x00, 0x00, 0x3C, 0xFF, 0x00, 0x00, 0x00, 0x00, 0x00, 0x00, 0x00, 0x00,
    0x00, 0x00, 0x00, 0x00, 0x00, 0x00, 0x00, 0x00, 0x20, 0x00, 0x00, 0x00,
    0xF9, 0x10, 0x00, 0x00, 0xFF, 0xC1, 0x00, 0x00, 0xFF, 0xFC, 0x00, 0x00,
    0x00, 0x00, 0x6F, 0xFF, 0x00, 0x06, 0xFF, 0xFF, 0x00, 0x6F, 0xFF, 0xFF,
    0x00, 0xCF, 0xFF, 0xFF, 0x00, 0x1B, 0xFF, 0xFE, 0x00, 0x00, 0x9F, 0xF5,
    0x00, 0x00, 0x09, 0x60, 0x00, 0x00, 0x00, 0x00, 0xFF, 0xFE, 0x40, 0x00,
    0xFF, 0xE3, 0x00, 0x00, 0xFE, 0x30, 0x00, 0x00, 0xE3, 0x00, 0x00, 0x00,
    0x30, 0x02, 0x58, 0x87, 0x01, 0x9F, 0xFF, 0xFF, 0x0C, 0xFF, 0xFF, 0xFF,
    0x6F, 0xFF, 0xF4, 0x04, 0x00, 0x00, 0x01, 0xDF, 0x00, 0x00, 0x00, 0x4F,
    0x00, 0x00, 0x00, 0x0D, 0x00, 0x00, 0x00, 0x09, 0x40, 0x00, 0x00, 0x08,
    0xFE, 0x70, 0x00, 0x08, 0xFF, 0xFC, 0x10, 0x0A, 0xDF, 0xFF, 0x80, 0x0E,
    0xFF, 0xFF, 0x60, 0x00, 0xFF, 0xFF, 0xC0, 0x00, 0xFF, 0xFF, 0xF1, 0x00,
    0xFF, 0xFF, 0xF4, 0x00, 0xFF, 0xFF, 0xF4, 0x00, 0xFF, 0xFF, 0xF4, 0x00,
    0xFF, 0xFF, 0xE1, 0x00, 0xFF, 0xFF, 0xA0, 0x00, 0x00, 0x00, 0x00, 0x00,
    0x00, 0x00, 0x00, 0x00, 0x00, 0x00, 0x00, 0x00, 0x00, 0x00, 0x00, 0x00,
    0x00, 0x00, 0x00, 0x00, 0x00, 0x00, 0x00, 0x00, 0x00, 0x00, 0x00, 0x00,
    0x00, 0x00, 0x00, 0x00, 0xAF, 0xFF, 0x90, 0x00, 0xBF, 0xFF, 0x80, 0x00,
    0x8F, 0xFF, 0xD0, 0x00, 0x1D, 0xFF, 0xFA, 0x10, 0x03, 0xCF, 0xFF, 0xFB,
    0x00, 0x06, 0xBE, 0xFF, 0x00, 0x00, 0x00, 0x24, 0x00, 0x00, 0x00, 0x00,
    0x4F, 0xFF, 0xE0, 0x5F, 0x0E, 0xFF, 0xF8, 0xDF, 0x0B, 0xFF, 0xFF, 0xFF,
    0x0A, 0xFF, 0xFF, 0xFF, 0xBE, 0xFF, 0xFF, 0xFE, 0xFF, 0xFF, 0xD9, 0x61,
    0x44, 0x20, 0x00, 0x00, 0x00, 0x00, 0x00, 0x00, 0xFF, 0xFF, 0x60, 0x00,
    0xFF, 0xFC, 0x00, 0x00, 0xFF, 0xE2, 0x00, 0x00, 0xFD, 0x30, 0x00, 0x00,
    0x81, 0x00, 0x00, 0x00, 0x00, 0x00, 0x00, 0x00, 0x00, 0x00, 0x00, 0x00,
    0x00, 0x00, 0x00, 0x00, 0x00, 0x00, 0x00, 0x00, 0x00, 0x00, 0x00, 0x04,
    0x00, 0x00, 0x00, 0x1F, 0x00, 0x00, 0x00, 0x0F, 0x00, 0x00, 0x00, 0x0F,
    0x00, 0x00, 0x00, 0x0F, 0x00, 0x00, 0x00, 0x0F, 0x00, 0x00, 0x00, 0x1F,
    0x00, 0x00, 0x00, 0x00, 0x20, 0x10, 0x00, 0x00, 0xFE, 0xFE, 0x80, 0x00,
    0xFF, 0xFF, 0xB0, 0x00, 0xFF, 0xFF, 0xB0, 0x00, 0xFF, 0xFF, 0xA0, 0x00,
    0xFF, 0xFF, 0x80, 0x00, 0xFF, 0xFF, 0x80, 0x00, 0x00, 0x00, 0x00, 0x00,
    0x00, 0x00, 0x00, 0x00, 0x00, 0x00, 0x00, 0x00, 0x00, 0x00, 0x00, 0x00,
    0x00, 0x00, 0x00, 0x00, 0x00, 0x00, 0x00, 0x00, 0x00, 0x03, 0x68, 0x72,
    0x06, 0xCF, 0xFF, 0xFF, 0x00, 0x00, 0x00, 0x00, 0x00, 0x00, 0x00, 0x00,
    0x00, 0x00, 0x00, 0x00, 0x00, 0x00, 0x00, 0x00, 0x00, 0x00, 0x00, 0x00,
    0x00, 0x00, 0x00, 0x00, 0x00, 0x00, 0x00, 0x00, 0x80, 0x00, 0x00, 0x00,
    0x00, 0x8C, 0xBC, 0xFF, 0x00, 0xBF, 0xFF, 0xFF, 0x00, 0xBF, 0xEF, 0xDF,
    0x00, 0x32, 0x00, 0x1E, 0x00, 0x00, 0x00, 0x0F, 0x00, 0x00, 0x00, 0x0F,
    0x00, 0x00, 0x00, 0x0F, 0x00, 0x00, 0x00, 0x3F, 0xFF, 0xFF, 0x80, 0x04,
    0xFF, 0xFF, 0x70, 0x9F, 0xFF, 0xFF, 0xAB, 0xFF, 0xFF, 0xFF, 0xFF, 0xFA,
    0xFF, 0xFF, 0xFF, 0x70, 0xFF, 0xFF, 0xE6, 0x00, 0xFF, 0xFF, 0x80, 0x00,
    0xFF, 0xFF, 0x80, 0x00, 0xDF, 0xFF, 0xFF, 0xFF, 0xFF, 0xFF, 0xFF, 0xFF,
    0xE7, 0x12, 0xEF, 0xFF, 0x10, 0x00, 0x8F, 0xFF, 0x00, 0x00, 0x8F, 0xFF,
    0x00, 0x00, 0x8F, 0xFF, 0x00, 0x00, 0xBF, 0xFF, 0x00, 0x00, 0xBF, 0xFF,
    0xF7, 0x00, 0x00, 0x00, 0xFE, 0x00, 0x00, 0x00, 0xFF, 0x30, 0x00, 0x00,
    0xFF, 0x40, 0x00, 0x00, 0xFF, 0x40, 0x00, 0x00, 0xFF, 0x40, 0x00, 0x00,
    0xFF, 0x30, 0x00, 0x00, 0xFF, 0x00, 0x00, 0x00, 0x00, 0x00, 0x06, 0xEF,
    0x00, 0x00, 0x6F, 0xFF, 0x00, 0x08, 0xFF, 0xFF, 0x00, 0x9F, 0xFF, 0xFF,
    0x09, 0xFF, 0xFF, 0xEF, 0x09, 0xFF, 0xFF, 0x4E, 0x01, 0xEF, 0xF6, 0x0E,
    0x00, 0x5F, 0xA0, 0x0F, 0xFF, 0xFF, 0x80, 0x00, 0xFF, 0xFF, 0x80, 0x00,
    0xFF, 0xFF, 0x80, 0x00, 0xFF, 0xFF, 0x80, 0x00, 0xFF, 0xFF, 0x80, 0x00,
    0xFF, 0xFF, 0x80, 0x00, 0xFF, 0xFF, 0x80, 0x00, 0xFF, 0xFF, 0x80, 0x00,
    0x00, 0x00, 0xBF, 0xFF, 0x00, 0x00, 0xEF, 0xFF, 0x00, 0x00, 0xFF, 0xFF,
    0x00, 0x00, 0xFF, 0xFF, 0x00, 0x01, 0xFF, 0xFF, 0x00, 0x04, 0xFF, 0xFF,
    0x00, 0x04, 0xFF, 0xFF, 0x00, 0x04, 0xFF, 0xFF, 0xFF, 0x00, 0x00, 0x00,
    0xFF, 0x00, 0x00, 0x00, 0xFE, 0x00, 0x00, 0x00, 0xFB, 0x00, 0x00, 0x00,
    0xFB, 0x00, 0x00, 0x00, 0xFB, 0x00, 0x00, 0x00, 0xFB, 0x00, 0x01, 0x00,
    0xFD, 0x00, 0x7E, 0x30, 0x00, 0x08, 0x20, 0x0F, 0x00, 0x00, 0x00, 0x0F,
    0x00, 0x00, 0x00, 0x0F, 0x00, 0x00, 0x00, 0x0F, 0x00, 0x00, 0x00, 0x0F,
    0x00, 0x00, 0x00, 0x0F, 0x00, 0x00, 0x00, 0x04, 0x00, 0x00, 0x00, 0x00,
    0xFF, 0xFF, 0x80, 0x00, 0xFF, 0xFF, 0x80, 0x00, 0xFF, 0xFF, 0x80, 0x00,
    0xFF, 0xFF, 0x80, 0x00, 0xFF, 0xFF, 0x80, 0x00, 0xFF, 0xFF, 0x80, 0x00,
    0x44, 0x44, 0x20, 0x00, 0x00, 0x00, 0x00, 0x00, 0x00, 0x04, 0xFF, 0xFF,
    0x00, 0x01, 0xFF, 0xFF, 0x00, 0x00, 0xBF, 0xFF, 0x00, 0x00, 0x3D, 0xFF,
    0x00, 0x00, 0x01, 0x58, 0x00, 0x00, 0x00, 0x00, 0x00, 0x00, 0x00, 0x00,
    0x00, 0x00, 0x00, 0x00, 0xFF, 0xCD, 0xFF, 0xD1, 0xFF, 0xFF, 0xFF, 0x60,
    0xFF, 0xFF, 0xD4, 0x00, 0xFF, 0xE8, 0x10, 0x00, 0x74, 0x00, 0x00, 0x00,
    0x00, 0x00, 0x00, 0x00, 0x00, 0x00, 0x00, 0x00, 0x00, 0x00, 0x00, 0x00,
    0x00, 0x00, 0x00, 0x00, 0x00, 0x00, 0x00, 0x00, 0x00, 0x00, 0x00, 0x04,
    0x00, 0x00, 0x00, 0x0F, 0x00, 0x00, 0x00, 0x0F, 0x00, 0x00, 0x00, 0x07,
    0x00, 0x00, 0x00, 0x00, 0x00, 0x00, 0x00, 0x00, 0x00, 0x00, 0x00, 0x00,
    0x00, 0x00, 0x00, 0x00, 0x44, 0x44, 0x47, 0x88, 0xFF, 0xFF, 0xFF, 0xFF,
    0xFF, 0xFF, 0xFF, 0xFE, 0x87, 0x44, 0x44, 0x1A, 0x00, 0x00, 0x00, 0x9F,
    0x00, 0x00, 0x09, 0xFF, 0x00, 0x00, 0x00, 0x00, 0x00, 0x00, 0x00, 0x00,
    0x88, 0x8A, 0xBB, 0xB1, 0xFF, 0xFF, 0xFF, 0xFB, 0xFF, 0xFF, 0xFF, 0xFE,
    0xFF, 0xFF, 0xFF, 0xC1, 0xFF, 0xFF, 0xFC, 0x10, 0xFF, 0xFF, 0x91, 0x00,
    0x00, 0x00, 0x00, 0x00, 0x00, 0x00, 0x00, 0x00, 0x00, 0x00, 0x00, 0x00,
    0x00, 0x00, 0x00, 0x00, 0x20, 0x00, 0x00, 0x00, 0x00, 0x00, 0x00, 0x00,
    0x00, 0x00, 0x00, 0x00, 0x00, 0x00, 0x00, 0x00, 0x00, 0x00, 0x00, 0x00,
    0x00, 0x00, 0x00, 0x00, 0x00, 0x00, 0x00, 0x00, 0x00, 0x00, 0x00, 0x00,
    0x00, 0x00, 0x00, 0x00, 0x00, 0x00, 0x00, 0x09, 0x00, 0x00, 0x00, 0x9F,
    0x00, 0x00, 0x09, 0xFF, 0x00, 0x00, 0x9F, 0xFF, 0x00, 0x09, 0xFF, 0xFF,
    0x00, 0x9F, 0xFF, 0xFF, 0x09, 0xFF, 0xFF, 0xFF, 0x9F, 0xFF, 0xFF, 0xFF,
    0xFF, 0xFF, 0xFF, 0xFF, 0xFF, 0xFF, 0xFF, 0xFA, 0xFF, 0xFF, 0xE7, 0x10,
    0xFF, 0xF9, 0x00, 0x00, 0xFF, 0x90, 0x00, 0x00, 0xF9, 0x00, 0x00, 0x00,
    0xB1, 0x44, 0x43, 0x00, 0xFF, 0xFF, 0xFF, 0xFA, 0xFF, 0xFF, 0xFF, 0xFF,
    0x77, 0x9D, 0xFF, 0xFF, 0x00, 0x00, 0x7E, 0xFF, 0x00, 0x00, 0x00, 0x00,
    0x00, 0x00, 0x00, 0x00, 0x00, 0x00, 0x00, 0x00, 0x00, 0x00, 0x00, 0x00,
    0x50, 0x00, 0x00, 0x00, 0xFB, 0x30, 0x00, 0x00, 0xFF, 0xE3, 0x00, 0x00,
    0xFF, 0xFC, 0x00, 0x00, 0x00, 0x00, 0x8F, 0xFF, 0x00, 0x06, 0xFF, 0xFF,
    0x00, 0x4F, 0xFF, 0xFF, 0x00, 0x08, 0xFF, 0xFF, 0x00, 0x00, 0x6E, 0xFE,
    0x00, 0x00, 0x03, 0xE4, 0x00, 0x00, 0x00, 0x10, 0x00, 0x00, 0x00, 0x00,
    0xFF, 0xFC, 0x20, 0x00, 0xFF, 0x91, 0x00, 0x00, 0xFC, 0x00, 0x00, 0x00,
    0xC1, 0x00, 0x00, 0x00, 0x10, 0x00, 0x00, 0x00, 0x00, 0x00, 0x00, 0x00,
    0x00, 0x00, 0x00, 0x00, 0x00, 0x00, 0x00, 0x00, 0x00, 0x00, 0x05, 0xFF,
    0x00, 0x00, 0x00, 0xBF, 0x00, 0x00, 0x00, 0x7F, 0x00, 0x00, 0x00, 0x4F,
    0x00, 0x00, 0x00, 0x4F, 0x00, 0x00, 0x00, 0x6F, 0x00, 0x00, 0x00, 0x9F,
    0x00, 0x00, 0x02, 0xFF, 0xFF, 0xFF, 0x50, 0x00, 0xFF, 0xFF, 0x90, 0x00,
    0xFF, 0xFF, 0xD0, 0x00, 0xFF, 0xFF, 0xF0, 0x00, 0xFF, 0xFF, 0xF0, 0x00,
    0xFF, 0xFF, 0xE0, 0x00, 0xFF, 0xFF, 0xB0, 0x00, 0xFF, 0xFF, 0x70, 0x00,
    0x00, 0x00, 0x00, 0x00, 0x00, 0x00, 0x00, 0x00, 0x00, 0x00, 0x00, 0x00,
    0x00, 0x00, 0x00, 0x00, 0x00, 0x00, 0x00, 0x00, 0x00, 0x00, 0x00, 0x00,
    0x00, 0x00, 0x00, 0x00, 0x00, 0x00, 0x00, 0x00, 0x00, 0x00, 0x00, 0x00,
    0x00, 0x00, 0x00, 0x00, 0x00, 0x00, 0x00, 0x00, 0x04, 0x88, 0x88, 0xAB,
    0x05, 0xFF, 0xFF, 0xFF, 0x04, 0xFF, 0xFF, 0xFF, 0x00, 0x00, 0x00, 0x00,
    0x00, 0x00, 0x00, 0x00, 0x00, 0x00, 0x1C, 0xFF, 0x00, 0x03, 0xCF, 0xFF,
    0x05, 0xAF, 0xFF, 0xFF, 0xEF, 0xFF, 0xFF, 0xFF, 0xFF, 0xFF, 0xFF, 0xE9,
    0xFE, 0xBA, 0x74, 0x00, 0x10, 0x00, 0x00, 0x00, 0x00, 0x00, 0x00, 0x00,
    0xFF, 0xFE, 0x10, 0x00, 0xFF, 0xF7, 0x00, 0x00, 0xFF, 0x90, 0x00, 0x00,
    0xF7, 0x00, 0x00, 0x00, 0x20, 0x00, 0x00, 0x00, 0x00, 0x00, 0x00, 0x00,
    0x00, 0x00, 0x00, 0x00, 0x00, 0x00, 0x00, 0x00, 0x00, 0x00, 0x00, 0x00,
    0x00, 0x00, 0x00, 0x00, 0x00, 0x00, 0x00, 0x00, 0x00, 0x00, 0x00, 0x00,
    0x00, 0x00, 0x00, 0x00, 0x00, 0x00, 0x00, 0x00, 0x00, 0x00, 0x00, 0x00,
    0x00, 0x00, 0x00, 0x00, 0x00, 0x00, 0x00, 0x00, 0x00, 0x00, 0x00, 0x00,
    0x00, 0x00, 0x00, 0x00, 0x00, 0x00, 0x00, 0x00, 0x00, 0x00, 0x00, 0x00,
    0x00, 0x00, 0x00, 0x00, 0x00, 0x00, 0x00, 0x00, 0x01, 0x44, 0x31, 0x00,
    0x00, 0x00, 0x00, 0x00, 0x00, 0x00, 0x00, 0x00, 0x00, 0x00, 0x00, 0x00,
    0x00, 0x00, 0x00, 0x00, 0x00, 0x00, 0x00, 0x00, 0x00, 0x00, 0x00, 0x00,
    0x00, 0x00, 0x00, 0x00, 0x00, 0x00, 0x00, 0x00, 0x00, 0x00, 0x00, 0x00,
    0x00, 0x00, 0x00, 0x00, 0x00, 0x00, 0x00, 0x00, 0x00, 0x00, 0x00, 0x00,
    0x00, 0x00, 0x00, 0x00, 0x00, 0x00, 0x00, 0x00, 0x00, 0x00, 0x00, 0x00,
    0x00, 0x00, 0x00, 0x00, 0x00, 0x00, 0x00, 0x00, 0x00, 0x00, 0x00, 0x00,
    0x00, 0x00, 0x00, 0x00, 0x00, 0x00, 0x00, 0x00, 0x00, 0x00, 0x00, 0x00,
    0x00, 0x00, 0x06, 0xFF, 0x00, 0x00, 0x08, 0xFF, 0x00, 0x00, 0x04, 0x64,
    0x04, 0xFF, 0xFF, 0x70, 0x04, 0xFF, 0xFF, 0x80, 0x04, 0xFF, 0xFF, 0x80,
    0x04, 0xFF, 0xFF, 0x80, 0x05, 0xFF, 0xFF, 0x80, 0xFF, 0xFF, 0xFF, 0x70,
    0xFF, 0xFF, 0xFF, 0xCD, 0x35, 0xFF, 0xFF, 0xFF, 0x00, 0x00, 0x00, 0x00,
    0x00, 0x00, 0x00, 0x00, 0x00, 0x00, 0x00, 0x00, 0x00, 0x00, 0x00, 0x00,
    0x00, 0x47, 0x86, 0x10, 0x8E, 0xFF, 0xFF, 0xF9, 0xFF, 0xFF, 0xFF, 0xFF,
    0xD6, 0x46, 0xDF, 0xFF, 0x00, 0x00, 0x00, 0x00, 0x00, 0x00, 0x00, 0x00,
    0x00, 0x00, 0x00, 0x00, 0x00, 0x00, 0x00, 0x00, 0x00, 0x00, 0x00, 0x00,
    0x10, 0x00, 0x00, 0x00, 0xC1, 0x00, 0x00, 0x00, 0xFB, 0x00, 0x00, 0x00,
    0x00, 0x00, 0x00, 0x00, 0x00, 0x00, 0x00, 0x00, 0x00, 0x00, 0x00, 0x00,
    0x00, 0x00, 0x00, 0x00, 0x00, 0x00, 0x00, 0x09, 0x00, 0x00, 0x00, 0x9F,
    0x00, 0x00, 0x09, 0xFF, 0x00, 0x00, 0x3F, 0xFF, 0x04, 0xFF, 0xFF, 0xF7,
    0x04, 0xFF, 0xFF, 0x70, 0x07, 0xFF, 0xFF, 0x40, 0x8F, 0xFF, 0xFF, 0x40,
    0xFF, 0xFF, 0xFF, 0x40, 0xFF, 0xFF, 0xFF, 0x40, 0xFF, 0xFF, 0xFF, 0x40,
    0xE7, 0xFF, 0xFF, 0x40, 0x00, 0x00, 0x1E, 0xFF, 0x00, 0x00, 0x06, 0xFF,
    0x00, 0x00, 0x01, 0xFF, 0x00, 0x00, 0x00, 0xDF, 0x00, 0x00, 0x00, 0xBF,
    0x00, 0x00, 0x00, 0xBF, 0x00, 0x00, 0x00, 0xBF, 0x00, 0x00, 0x00, 0xEF,
    0xFF, 0x40, 0x00, 0x00, 0xFF, 0xA0, 0x00, 0x00, 0xFF, 0xE0, 0x00, 0x00,
    0xFF, 0xF3, 0x00, 0x00, 0xFF, 0xF4, 0x00, 0x00, 0xFF, 0xF4, 0x00, 0x00,
    0xFF, 0xF3, 0x00, 0x00, 0xFF, 0xE0, 0x00, 0x00, 0x00, 0x00, 0x06, 0xFF,
    0x00, 0x00, 0x00, 0x69, 0x00, 0x00, 0x00, 0x01, 0x00, 0x00, 0x00, 0x00,
    0x00, 0x00, 0x00, 0x00, 0x00, 0x00, 0x00, 0x00, 0x00, 0x00, 0x00, 0x00,
    0x00, 0x00, 0x00, 0x00, 0x54, 0xFF, 0xFF, 0x70, 0x04, 0xFF, 0xFF, 0x80,
    0x04, 0xFF, 0xFF, 0x80, 0x04, 0xFF, 0xFF, 0x70, 0x04, 0xFF, 0xFF, 0x70,
    0x04, 0xFF, 0xFF, 0x70, 0x01, 0x44, 0x44, 0x20, 0x00, 0x00, 0x00, 0x00,
    0x00, 0x00, 0x02, 0xFF, 0x00, 0x00, 0x09, 0xFF, 0x00, 0x00, 0x6F, 0xFF,
    0x68, 0x8C, 0xFF, 0xFF, 0xBF, 0xFF, 0xFF, 0xC6, 0x48, 0x87, 0x52, 0x00,
    0x00, 0x00, 0x00, 0x00, 0x00, 0x00, 0x00, 0x00, 0xFF, 0x90, 0x00, 0x00,
    0xFF, 0x40, 0x00, 0x00, 0xF9, 0x00, 0x00, 0x00, 0x90, 0x00, 0x00, 0x00,
    0x00, 0x00, 0x00, 0x00, 0x00, 0x00, 0x00, 0x00, 0x00, 0x00, 0x00, 0x00,
    0x00, 0x00, 0x00, 0x00, 0x00, 0x00, 0x00, 0x00, 0x00, 0x00, 0x00, 0x00,
    0x00, 0x00, 0x00, 0x00, 0x00, 0x00, 0x00, 0x00, 0x00, 0x00, 0x00, 0x00,
    0x00, 0x00, 0x00, 0x00, 0x00, 0x00, 0x00, 0x00, 0x00, 0x00, 0x00, 0x00,
    0x00, 0x00, 0x00, 0x00, 0x01, 0x00, 0x00, 0x00, 0xAF, 0xEB, 0xBB, 0x30,
    0xBF, 0xFF, 0xFF, 0x40, 0xBF, 0xFF, 0xFF, 0x40, 0xBF, 0xFF, 0xFF, 0x40,
    0xBF, 0xFF, 0xFF, 0x40, 0xBF, 0xFF, 0xFF, 0x40, 0x00, 0x00, 0x00, 0x00,
    0x00, 0x00, 0x00, 0x00, 0x00, 0x00, 0x00, 0x00, 0x00, 0x00, 0x00, 0x00,
    0x00, 0x00, 0x00, 0x00, 0x00, 0x00, 0x00, 0x00, 0x00, 0x00, 0x00, 0x00,
    0x00, 0x00, 0x01, 0x00, 0x00, 0x00, 0x00, 0x00, 0x00, 0x00, 0x00, 0x00,
    0x00, 0x00, 0x00, 0x00, 0x00, 0x00, 0x00, 0x00, 0x00, 0x00, 0x00, 0x00,
    0x00, 0x00, 0x00, 0x00, 0x00, 0x00, 0x00, 0x00, 0x00, 0x00, 0x00, 0x00,
    0x00, 0x0A, 0xBB, 0xBD, 0x00, 0x0F, 0xFF, 0xFF, 0x00, 0x1E, 0xFE, 0xBB,
    0x00, 0x03, 0x10, 0x00, 0x00, 0x00, 0x00, 0x00, 0x00, 0x00, 0x00, 0x00,
    0x00, 0x00, 0x00, 0x00, 0x00, 0x00, 0x00, 0x06, 0xFF, 0xFF, 0xFF, 0x40,
    0xFF, 0xFF, 0xFE, 0x03, 0xEF, 0xFF, 0xFF, 0xAF, 0xBF, 0xFF, 0xFF, 0xFF,
    0xBF, 0xFF, 0xFF, 0xFB, 0xBF, 0xFF, 0xFF, 0x90, 0xBF, 0xFF, 0xFF, 0x10,
    0xFF, 0xFF, 0xFF, 0x00, 0x02, 0x8B, 0xEF, 0xEB, 0xBF, 0xFF, 0xFF, 0xFF,
    0xFF, 0xFF, 0xFF, 0xFF, 0xFA, 0x53, 0x6D, 0xFF, 0x20, 0x00, 0x01, 0xCF,
    0x00, 0x00, 0x00, 0x2F, 0x00, 0x00, 0x00, 0x0A, 0x00, 0x00, 0x00, 0x06,
    0x71, 0x00, 0x00, 0x00, 0xFE, 0x50, 0x00, 0x00, 0xFF, 0xF6, 0x00, 0x00,
    0xFF, 0xFF, 0x50, 0x00, 0xFF, 0xFF, 0xD0, 0x00, 0xFF, 0xFF, 0xF6, 0x00,
    0xFF, 0xFF, 0xFA, 0x00, 0xFF, 0xFF, 0xFE, 0x00, 0x00, 0x00, 0x00, 0x6F,
    0x00, 0x00, 0x07, 0xFF, 0x00, 0x00, 0x9F, 0xFF, 0x00, 0x09, 0xFF, 0xFF,
    0x00, 0x9F, 0xFF, 0xFF, 0x02, 0xEF, 0xFF, 0xF7, 0x00, 0x3E, 0xFF, 0xB0,
    0x00, 0x06, 0xFE, 0x20, 0xFF, 0xFF, 0xFF, 0x00, 0xFF, 0xFF, 0xFF, 0x00,
    0xFF, 0xFF, 0xFF, 0x00, 0xFF, 0xFF, 0xFF, 0x00, 0xEF, 0xFF, 0xFF, 0x00,
    0xAF, 0xFF, 0xFF, 0x00, 0xBF, 0xFF, 0xFF, 0x00, 0xBF, 0xFF, 0xFF, 0x00,
    0x00, 0x00, 0x00, 0x04, 0x00, 0x00, 0x00, 0x01, 0x00, 0x00, 0x00, 0x00,
    0x00, 0x00, 0x00, 0x00, 0x00, 0x00, 0x00, 0x01, 0x00, 0x00, 0x00, 0x04,
    0x00, 0x00, 0x00, 0x07, 0x00, 0x00, 0x00, 0x0A, 0xFF, 0xFF, 0xFF, 0x20,
    0xFF, 0xFF, 0xFF, 0x40, 0xFF, 0xFF, 0xFF, 0x40, 0xFF, 0xFF, 0xFF, 0x40,
    0xFF, 0xFF, 0xFF, 0x10, 0xFF, 0xFF, 0xFE, 0x00, 0xFF, 0xFF, 0xFA, 0x00,
    0xFF, 0xFF, 0xF6, 0x00, 0x00, 0x00, 0x67, 0x00, 0x00, 0x00, 0x00, 0x00,
    0x00, 0x00, 0x00, 0x00, 0x00, 0x00, 0x00, 0x00, 0x00, 0x00, 0x00, 0x00,
    0x00, 0x00, 0x00, 0x00, 0x00, 0x00, 0x00, 0x00, 0x00, 0x00, 0x00, 0x00,
    0xBF, 0xFF, 0xFF, 0x00, 0xBF, 0xFF, 0xFF, 0x30, 0xBF, 0xFF, 0xFF, 0x40,
    0xBF, 0xFF, 0xFF, 0x40, 0xBF, 0xFF, 0xFF, 0x40, 0xBF, 0xFF, 0xFF, 0x40,
    0x34, 0x44, 0x44, 0x10, 0x00, 0x00, 0x00, 0x00, 0x00, 0x00, 0x00, 0x3F,
    0x00, 0x00, 0x03, 0xDF, 0x44, 0x45, 0x9E, 0xFF, 0x8F, 0xFF, 0xFF, 0xFF,
    0x7F, 0xFF, 0xFF, 0xD9, 0x14, 0x44, 0x41, 0x00, 0x00, 0x00, 0x00, 0x00,
    0x00, 0x00, 0x00, 0x00, 0xFF, 0xFF, 0xC0, 0x00, 0xFF, 0xFF, 0x30, 0x00,
    0xFF, 0xE6, 0x00, 0x00, 0xFB, 0x30, 0x00, 0x00, 0x40, 0x00, 0x00, 0x00,
    0x00, 0x00, 0x00, 0x00, 0x00, 0x00, 0x00, 0x00, 0x00, 0x00, 0x00, 0x00,
    0x00, 0x00, 0x00, 0x00, 0x00, 0x00, 0x00, 0x00, 0x00, 0x00, 0x00, 0x00,
    0x00, 0x00, 0x00, 0x00, 0x00, 0x00, 0x00, 0x00, 0x00, 0x00, 0x00, 0x00,
    0x00, 0x02, 0x88, 0x87, 0x00, 0x04, 0xFF, 0xFF, 0x00, 0x00, 0x00, 0x00,
    0x00, 0x00, 0x7C, 0x84, 0x00, 0x00, 0xDF, 0xFF, 0x00, 0x06, 0xFF, 0xFF,
    0x00, 0x0D, 0xFF, 0xFF, 0x00, 0x6F, 0xFF, 0xFF, 0x8B, 0xEF, 0xFF, 0xFF,
    0xFF, 0xFF, 0xFF, 0xFF, 0x00, 0x00, 0x00, 0x00, 0x10, 0x00, 0x00, 0x00,
    0xFD, 0x91, 0x00, 0x00, 0xFF, 0xA0, 0x00, 0x00, 0xFE, 0x20, 0x00, 0x00,
    0xF8, 0x04, 0x44, 0x78, 0xFF, 0xFF, 0xFF, 0xFF, 0xFF, 0xFF, 0xFF, 0xFF,
    0x00, 0x00, 0x00, 0x00, 0x00, 0x00, 0x00, 0x00, 0x00, 0x00, 0x00, 0x00,
    0x00, 0x00, 0x00, 0x00, 0x00, 0x00, 0x00, 0x00, 0xB5, 0x00, 0x00, 0x00,
    0xF8, 0x00, 0x00, 0x00, 0xE5, 0x00, 0x00, 0x00, 0x00, 0x04, 0xFF, 0xFE,
    0x00, 0x00, 0x00, 0x00, 0x00, 0x00, 0x00, 0x00, 0x00, 0x00, 0x00, 0x04,
    0x00, 0x00, 0x00, 0x0B, 0x00, 0x00, 0x00, 0x4F, 0x00, 0x00, 0x00, 0xBF,
    0x00, 0x00, 0x04, 0xFF, 0xCF, 0xFF, 0xFF, 0xFA, 0x4F, 0xFF, 0xFF, 0xD0,
    0xBF, 0xFF, 0xFF, 0x30, 0xFF, 0xFF, 0xFD, 0x7B, 0xFF, 0xFF, 0xFF, 0xFF,
    0xFF, 0xFF, 0xFF, 0xEF, 0xFF, 0xFF, 0xA2, 0x04, 0xFF, 0xFB, 0x00, 0x00,
    0x76, 0x44, 0x41, 0x01, 0x00, 0x00, 0x00, 0x00, 0x00, 0x00, 0x00, 0x00,
    0xBA, 0x71, 0x00, 0x00, 0xFF, 0xFE, 0x50, 0x00, 0xFF, 0xFF, 0xF3, 0x00,
    0xEF, 0xFF, 0xFB, 0x5A, 0x4F, 0xFF, 0xFF, 0xFF, 0x00, 0x00, 0x00, 0x00,
    0x00, 0x00, 0x00, 0x00, 0x00, 0x00, 0x00, 0x00, 0x00, 0x00, 0x00, 0x00,
    0x00, 0x03, 0x00, 0x00, 0x27, 0xDF, 0x20, 0x00, 0xFF, 0xFF, 0x60, 0x00,
    0xFF, 0xFF, 0xA0, 0x00, 0x00, 0x00, 0x0B, 0xFF, 0x00, 0x00, 0x4F, 0xFF,
    0x00, 0x00, 0xAF, 0xFF, 0x00, 0x02, 0xFF, 0xFF, 0x00, 0x0A, 0xFF, 0xFF,
    0x00, 0x1D, 0xFF, 0xFF, 0x00, 0x00, 0x6B, 0xFF, 0x00, 0x00, 0x00, 0x26,
    0xFF, 0xF2, 0x00, 0x00, 0xFF, 0x90, 0x00, 0x01, 0xFF, 0x20, 0x00, 0x5D,
    0xF9, 0x00, 0x2B, 0xFF, 0xF2, 0x03, 0xEF, 0xFF, 0xB0, 0x3E, 0xFF, 0xF9,
    0x40, 0xEF, 0xFF, 0xD0, 0x07, 0xFF, 0xFF, 0x70, 0x0D, 0xFF, 0xFF, 0xFF,
    0x8E, 0xFF, 0xFF, 0xFA, 0xFF, 0xFF, 0xFF, 0x90, 0xFF, 0xFF, 0xFF, 0xB0,
    0xAA, 0xFF, 0xFF, 0xB0, 0x07, 0xFF, 0xFF, 0xB0, 0x08, 0xFF, 0xFF, 0xB0,
    0x08, 0xFF, 0xFF, 0xB0, 0xFF, 0xEB, 0x60, 0x00, 0x73, 0x00, 0x00, 0x00,
    0x00, 0x00, 0x00, 0x00, 0x00, 0x00, 0x00, 0x00, 0x00, 0x00, 0x00, 0x00,
    0x00, 0x00, 0x00, 0x00, 0x00, 0x00, 0x00, 0x00, 0x00, 0x00, 0x00, 0x00,
    0x00, 0x00, 0x00, 0x00, 0x00, 0x00, 0x00, 0x00, 0x00, 0x00, 0x00, 0x00,
    0x00, 0x00, 0x00, 0x00, 0x00, 0x00, 0x00, 0x00, 0x00, 0x00, 0x00, 0x00,
    0x00, 0x00, 0x00, 0x00, 0x00, 0x00, 0x00, 0x00, 0x0D, 0xFF, 0xFF, 0x40,
    0x0F, 0xFF, 0xFF, 0x60, 0x0E, 0xFF, 0xFF, 0xC1, 0x09, 0xFF, 0xFF, 0xFE,
    0x01, 0xDF, 0xFF, 0xFF, 0x00, 0x17, 0xDF, 0xFF, 0x00, 0x00, 0x02, 0x47,
    0x00, 0x00, 0x00, 0x00, 0x08, 0xFF, 0xFF, 0xB0, 0x02, 0x44, 0x44, 0x30,
    0x00, 0x00, 0x00, 0x00, 0x84, 0x10, 0x00, 0x00, 0xFF, 0xFE, 0xFF, 0xFF,
    0xFF, 0xFF, 0xFF, 0xFF, 0x88, 0x88, 0x88, 0x88, 0x00, 0x00, 0x00, 0x00,
    0x00, 0x00, 0x00, 0x00, 0x00, 0x00, 0x00, 0x00, 0x00, 0x00, 0x00, 0x00,
    0x34, 0x69, 0x50, 0x00, 0xFF, 0xFF, 0x80, 0x00, 0xFF, 0xFF, 0x80, 0x00,
    0x88, 0x75, 0x20, 0x00, 0x00, 0x00, 0x00, 0x00, 0x00, 0x00, 0x00, 0x00,
    0x00, 0x00, 0x00, 0x00, 0x00, 0x00, 0x00, 0x00, 0x00, 0x00, 0x00, 0x00,
    0x00, 0x00, 0x00, 0x00, 0x00, 0x00, 0x00, 0x00, 0x00, 0x00, 0x00, 0x00,
    0x00, 0x00, 0x00, 0x00, 0x00, 0x00, 0x00, 0x00, 0x00, 0x06, 0x30, 0x00,
    0x00, 0x2F, 0xFD, 0x84, 0x00, 0x7F, 0xFF, 0xFF, 0x00, 0xCF, 0xFF, 0xFF,
    0x02, 0xFF, 0xFF, 0xFF, 0x07, 0xFF, 0xFF, 0xFD, 0x0C, 0xFF, 0xFF, 0xF7,
    0x00, 0x00, 0x00, 0x00, 0x00, 0x00, 0x00, 0x00, 0x00, 0x00, 0x00, 0x00,
    0xD1, 0x00, 0x00, 0x00, 0xB0, 0x00, 0x00, 0x00, 0x50, 0x00, 0x00, 0x00,
    0x00, 0x00, 0x00, 0x00, 0x00, 0x00, 0x00, 0x00, 0x00, 0x00, 0x00, 0x00,
    0x00, 0x00, 0x00, 0x00, 0x00, 0x00, 0x00, 0x00, 0x00, 0x00, 0x00, 0x00,
    0x00, 0x00, 0x00, 0x00, 0x00, 0x00, 0x00, 0x00, 0x00, 0x00, 0x00, 0x00,
    0x00, 0x00, 0x00, 0x00, 0x00, 0x00, 0x00, 0x00, 0x00, 0x00, 0x00, 0x00,
    0x00, 0x00, 0x00, 0x00, 0x00, 0x00, 0x00, 0x05, 0x00, 0x00, 0x00, 0x0A,
    0x00, 0x00, 0x00, 0x1F, 0x00, 0x00, 0x00, 0x7F, 0x00, 0x00, 0x00, 0xCF,
    0x3F, 0xFF, 0xFF, 0xE1, 0x8F, 0xFF, 0xFF, 0x90, 0xEF, 0xFF, 0xFF, 0x30,
    0xFF, 0xFF, 0xFC, 0x00, 0xFF, 0xFF, 0xF6, 0x00, 0xFF, 0xFF, 0xD2, 0x49,
    0xFF, 0xFF, 0xDC, 0xFF, 0xFF, 0xFF, 0xFF, 0xFF, 0x00, 0x00, 0x00, 0x00,
    0x00, 0x00, 0x00, 0x00, 0x00, 0x00, 0x00, 0x00, 0x00, 0x00, 0x00, 0x00,
    0x00, 0x00, 0x00, 0x00, 0xBB, 0xA7, 0x10, 0x00, 0xFF, 0xFF, 0xE3, 0x00,
    0xFF, 0xFF, 0xFD, 0x00, 0x00, 0x00, 0x00, 0x00, 0x00, 0x00, 0x00, 0x00,
    0x00, 0x00, 0x00, 0x00, 0x00, 0x00, 0x00, 0x00, 0x00, 0x00, 0x00, 0x00,
    0x00, 0x00, 0x00, 0x00, 0x00, 0x00, 0x00, 0x00, 0x00, 0x00, 0x00, 0x00,
    0x00, 0x00, 0x02, 0xFF, 0x00, 0x00, 0x08, 0xFF, 0x00, 0x00, 0x0D, 0xFF,
    0x00, 0x00, 0x5F, 0xFF, 0x00, 0x00, 0x9F, 0xFF, 0x00, 0x00, 0xEF, 0xFF,
    0x00, 0x06, 0xFF, 0xFF, 0x00, 0x0A, 0xFF, 0xFF, 0xFF, 0xFF, 0xF9, 0x45,
    0xFF, 0xFF, 0x60, 0x00, 0xFF, 0xF8, 0x00, 0x00, 0xFF, 0xD0, 0x00, 0x00,
    0xFF, 0x70, 0x00, 0x00, 0xFF, 0x10, 0x00, 0x00, 0xFA, 0x00, 0x00, 0x00,
    0xF6, 0x00, 0x00, 0x00, 0xCF, 0xFF, 0xFF, 0x40, 0x6F, 0xFF, 0xFF, 0x70,
    0x4F, 0xFF, 0xFF, 0x80, 0x4F, 0xFF, 0xFF, 0x70, 0x7F, 0xFF, 0xFF, 0x40,
    0x8F, 0xFF, 0xFF, 0x40, 0x8F, 0xFF, 0xFF, 0x10, 0x8F, 0xFF, 0xFF, 0x00,
    0x00, 0x00, 0x00, 0x00, 0x00, 0x00, 0x00, 0x00, 0x00, 0x00, 0x00, 0x00,
    0x00, 0x00, 0x00, 0x00, 0x00, 0x00, 0x40, 0x00, 0x00, 0x06, 0xF9, 0x10,
    0x00, 0x0B, 0xFF, 0x20, 0x00, 0x4F, 0xF9, 0x00, 0x00, 0x1F, 0xFF, 0xFF,
    0x00, 0x6F, 0xFF, 0xFF, 0x00, 0xAF, 0xFF, 0xFF, 0x01, 0xFF, 0xFF, 0xFE,
    0x06, 0xFF, 0xFF, 0xFA, 0x02, 0x69, 0xDF, 0xF6, 0x00, 0x00, 0x02, 0x71,
    0x00, 0x00, 0x00, 0x00, 0xE0, 0x00, 0x00, 0x00, 0x90, 0x00, 0x00, 0x00,
    0x50, 0x00, 0x00, 0x00, 0x00, 0x00, 0x00, 0x00, 0x00, 0x00, 0x00, 0x00,
    0x00, 0x00, 0x00, 0x00, 0x00, 0x00, 0x00, 0x00, 0x00, 0x00, 0x00, 0x00,
    0xBF, 0xFF, 0xFF, 0x00, 0xBF, 0xFF, 0xFF, 0x10, 0xBF, 0xFF, 0xFF, 0xB7,
    0x8F, 0xFF, 0xFF, 0xFF, 0x2F, 0xFF, 0xFF, 0xFF, 0x06, 0xFF, 0xFF, 0xFF,
    0x00, 0x39, 0xBB, 0x95, 0x00, 0x00, 0x00, 0x00, 0x01, 0xDF, 0xF2, 0x00,
    0x0A, 0xFF, 0x90, 0x00, 0xDF, 0xFE, 0x10, 0x00, 0xFF, 0xE3, 0x00, 0x00,
    0xFE, 0x50, 0x00, 0x00, 0xB3, 0x00, 0x00, 0x00, 0x00, 0x00, 0x00, 0x00,
    0x00, 0x00, 0x00, 0x00, 0x00, 0x00, 0x00, 0x00, 0x00, 0x00, 0x00, 0x00,
    0x00, 0x00, 0x00, 0x00, 0x00, 0x00, 0x00, 0x00, 0x00, 0x00, 0x00, 0x00,
    0x00, 0x00, 0x00, 0x00, 0x00, 0x00, 0x00, 0x00, 0x00, 0x00, 0x00, 0x00,
    0x00, 0x00, 0x00, 0x00, 0x00, 0x00, 0x00, 0x00, 0x00, 0x00, 0x00, 0x00,
    0x00, 0x00, 0x00, 0x00, 0x00, 0x00, 0x00, 0x00, 0x00, 0x00, 0x00, 0x00,
    0x00, 0x00, 0x00, 0x00, 0x00, 0x00, 0x00, 0x00, 0x00, 0x00, 0x00, 0x00,
    0x00, 0x00, 0x00, 0x00, 0x00, 0x00, 0x00, 0x00, 0x00, 0x00, 0x00, 0x00,
    0x00, 0x00, 0x00, 0x00, 0x00, 0x00, 0x00, 0x00, 0x00, 0x00, 0x00, 0x00,
    0x00, 0x00, 0x00, 0x00, 0x00, 0x00, 0x00, 0x00, 0x00, 0x00, 0x00, 0x00,
    0x00, 0x00, 0x00, 0x00, 0x00, 0x00, 0x00, 0x00, 0x00, 0x00, 0x00, 0x00,
    0x00, 0x00, 0x00, 0x00, 0x00, 0x00, 0x00, 0x00, 0x00, 0x00, 0x00, 0x00,
    0x00, 0x00, 0x00, 0x00, 0x00, 0x00, 0x04, 0x88, 0x00, 0x00, 0x08, 0xFF,
    0x00, 0x00, 0x02, 0x44, 0x00, 0x00, 0x00, 0x00, 0x00, 0x00, 0x00, 0x00,
    0x00, 0x00, 0x00, 0x00, 0x00, 0x00, 0x00, 0x00, 0x00, 0x00, 0x00, 0x00,
    0x88, 0x88, 0x88, 0x88, 0xFF, 0xFF, 0xFF, 0xFF, 0x44, 0x44, 0x44, 0x44,
    0x00, 0x00, 0x00, 0x00, 0x00, 0x00, 0x28, 0x88, 0x00, 0x00, 0x4F, 0xFF,
    0x00, 0x00, 0x4F, 0xFF, 0x00, 0x00, 0x00, 0x00, 0x88, 0x88, 0x88, 0x88,
    0xFF, 0xFF, 0xFF, 0xFF, 0x44, 0x44, 0x4B, 0xFF, 0x00, 0x00, 0x0D, 0xFF,
    0x63, 0x00, 0x4F, 0xFF, 0xFB, 0x00, 0xAF, 0xFF, 0xFB, 0x02, 0xFF, 0xFD,
    0x00, 0x00, 0x00, 0x00, 0x86, 0x00, 0x00, 0x00, 0xFF, 0xB1, 0x00, 0x00,
    0xFF, 0xF1, 0x00, 0x00, 0xFF, 0x50, 0x00, 0x00, 0xF9, 0x00, 0x00, 0x00,
    0xC0, 0x00, 0x00, 0x00, 0x10, 0x00, 0x00, 0x00, 0x00, 0x00, 0x00, 0x00,
    0x00, 0x00, 0x00, 0x00, 0x00, 0x00, 0x00, 0x00, 0x00, 0x00, 0x00, 0x00,
    0x00, 0x00, 0x00, 0x00, 0x00, 0x00, 0x00, 0x00, 0x00, 0x00, 0x00, 0x00,
    0x00, 0x00, 0x00, 0x00, 0x00, 0x00, 0x4F, 0xFF, 0x00, 0x00, 0x4F, 0xFF,
    0x00, 0x00, 0x4F, 0xFF, 0x00, 0x00, 0x6F, 0xFF, 0x00, 0x00, 0x9F, 0xFF,
    0x00, 0x00, 0xCF, 0xFF, 0x00, 0x04, 0xFF, 0xFF, 0x00, 0x0C, 0xFF, 0xFD,
    0xFB, 0x0B, 0xFF, 0xE3, 0xFB, 0x6F, 0xFE, 0x30, 0xF9, 0x3D, 0xC1, 0x00,
    0xF7, 0x01, 0x10, 0x00, 0xF4, 0x00, 0x00, 0x00, 0xE0, 0x00, 0x00, 0x00,
    0x80, 0x00, 0x00, 0x00, 0x10, 0x00, 0x00, 0x00, 0x00, 0x00, 0x00, 0x00,
    0x00, 0x00, 0x00, 0x00, 0x00, 0x00, 0x00, 0x00, 0x00, 0x00, 0x00, 0x00,
    0x00, 0x00, 0x00, 0x00, 0x00, 0x00, 0x00, 0x00, 0x00, 0x00, 0x00, 0x00,
    0x00, 0x00, 0x00, 0x00, 0x00, 0x00, 0x00, 0x00, 0x00, 0x00, 0x00, 0x00,
    0x00, 0x00, 0x00, 0x39, 0x00, 0x00, 0x01, 0xEF, 0x00, 0x00, 0x00, 0x68,
    0x00, 0x00, 0x00, 0x00, 0x00, 0x00, 0x00, 0x00, 0x00, 0x00, 0x00, 0x00,
    0x00, 0x9F, 0xFF, 0xE3, 0x2B, 0xFF, 0xFC, 0x30, 0xEF, 0xFE, 0x81, 0x00,
    0xFD, 0x81, 0x00, 0x00, 0x30, 0x00, 0x00, 0x00, 0x00, 0x00, 0x00, 0x00,
    0x00, 0x00, 0x00, 0x00, 0x00, 0x00, 0x00, 0x00, 0x00, 0x00, 0x00, 0x00,
    0x00, 0x00, 0x00, 0x00, 0x00, 0x00, 0x00, 0x00, 0x00, 0x00, 0x00, 0x00,
    0x00, 0x00, 0x00, 0x00, 0x00, 0x00, 0x00, 0x00, 0x00, 0x00, 0x00, 0x00,
    0x00, 0x00, 0x00, 0x00, 0x00, 0x00, 0x00, 0x00, 0x00, 0x00, 0x00, 0x00,
    0x00, 0x00, 0x00, 0x00, 0x00, 0x00, 0x00, 0x00, 0x00, 0x00, 0x00, 0x00,
    0x00, 0x00, 0x00, 0x00, 0x00, 0x00, 0x00, 0x00, 0x00, 0x00, 0x00, 0x00,
    0x00, 0x00, 0x00, 0x00, 0x00, 0x00, 0x00, 0x00, 0x00, 0x00, 0x00, 0x00,
    0x00, 0x00, 0x00, 0x00, 0x00, 0x0E, 0xFF, 0xFF, 0x00, 0x0F, 0xFF, 0xFF,
    0x00, 0x04, 0x44, 0x44, 0x00, 0x00, 0x00, 0x00, 0x00, 0x00, 0x00, 0x00,
    0x00, 0x00, 0x00, 0x00, 0x00, 0x00, 0x00, 0x00, 0x00, 0x00, 0x00, 0x00,
    0xFF, 0xFF, 0xFF, 0xFF, 0xFF, 0xFF, 0xFF, 0xFF, 0x44, 0x44, 0x44, 0x44,
    0x00, 0x00, 0x00, 0x00, 0x00, 0x00, 0x00, 0x00, 0x00, 0x00, 0x00, 0x00,
    0x00, 0x00, 0x00, 0x00, 0x00, 0x00, 0x00, 0x00, 0xFF, 0xFF, 0xFF, 0xFF,
    0xFF, 0xFF, 0xFF, 0xFF, 0x44, 0x44, 0x44, 0x4E, 0x00, 0x00, 0x00, 0x2F,
    0x00, 0x00, 0x00, 0x00, 0x00, 0x00, 0x00, 0x00, 0x00, 0x00, 0x00, 0x00,
    0x00, 0x00, 0x00, 0x00, 0xFF, 0xFF, 0xC1, 0x00, 0xFF, 0xFF, 0xFE, 0x30,
    0xFF, 0xFF, 0xFF, 0x30, 0xFF, 0xFF, 0xF8, 0x00, 0x00, 0x00, 0x00, 0x00,
    0x00, 0x00, 0x00, 0x00, 0x00, 0x00, 0x00, 0x00, 0x00, 0x00, 0x00, 0x00,
    0x00, 0x00, 0x00, 0x00, 0x00, 0x00, 0x00, 0x00, 0x00, 0x00, 0x00, 0x00,
    0x00, 0x00, 0x00, 0x00, 0x00, 0x00, 0x00, 0x00, 0x00, 0x00, 0xAF, 0xCB,
    0x00, 0x00, 0xBF, 0xFF, 0x00, 0x00, 0xBF, 0xFF, 0x00, 0x00, 0xBF, 0xFF,
    0x00, 0x00, 0xBF, 0xFF, 0x00, 0x00, 0xBF, 0xFF, 0x00, 0x00, 0xBF, 0xFF,
    0x00, 0x00, 0x00, 0x7F, 0xBB, 0x50, 0x00, 0xDF, 0xFF, 0x80, 0x05, 0xFF,
    0xFF, 0x80, 0x0B, 0xFF, 0xFF, 0x80, 0x5F, 0xFF, 0xFF, 0x70, 0xDF, 0xFF,
    0xFF, 0x76, 0xFF, 0xF7, 0xFF, 0x51, 0xBF, 0x60, 0xFF, 0xFF, 0xC0, 0x00,
    0xFF, 0xFE, 0x30, 0x00, 0xFF, 0xF4, 0x00, 0x00, 0xFF, 0x60, 0x00, 0x00,
    0xF8, 0x00, 0x00, 0x00, 0x90, 0x00, 0x00, 0x00, 0x00, 0x00, 0x00, 0x00,
    0x00, 0x00, 0x00, 0x00, 0x00, 0x00, 0x00, 0x00, 0x00, 0x00, 0x00, 0x00,
    0x00, 0x00, 0x00, 0x00, 0x00, 0x00, 0x00, 0x00, 0x00, 0x00, 0x00, 0x00,
    0x00, 0x00, 0x00, 0x00, 0x00, 0x00, 0x00, 0x00, 0x00, 0x00, 0x00, 0x00,
    0x00, 0x00, 0xDF, 0xFF, 0x00, 0x01, 0xFF, 0xFF, 0x00, 0x05, 0xFF, 0xFF,
    0x00, 0x09, 0xFF, 0xFF, 0x00, 0x1E, 0xFF, 0xFF, 0x00, 0xAF, 0xFF, 0xFF,
    0x06, 0xFF, 0xFF, 0xF9, 0x6F, 0xFF, 0xFF, 0x90, 0xFF, 0x40, 0x04, 0x00,
    0xFF, 0x10, 0x00, 0x00, 0xFB, 0x00, 0x00, 0x00, 0xF6, 0x00, 0x00, 0x00,
    0xD0, 0x00, 0x00, 0x00, 0x50, 0x00, 0x00, 0x00, 0x00, 0x00, 0x00, 0x00,
    0x00, 0x00, 0x00, 0x00, 0x00, 0x00, 0x00, 0x00, 0x00, 0x00, 0x00, 0x00,
    0x00, 0x00, 0x00, 0x00, 0x00, 0x00, 0x00, 0x00, 0x00, 0x00, 0x00, 0x00,
    0x00, 0x00, 0x00, 0x00, 0x00, 0x00, 0x00, 0x00, 0x00, 0x00, 0x00, 0x00,
    0x00, 0x00, 0x00, 0x2A, 0x00, 0x00, 0x39, 0xFF, 0x00, 0x04, 0xFF, 0xFF,
    0x00, 0x00, 0xDE, 0xA6, 0x00, 0x00, 0x21, 0x00, 0x00, 0x00, 0x00, 0x00,
    0x00, 0x00, 0x00, 0x00, 0x00, 0x00, 0x00, 0x00, 0xFF, 0xFF, 0xF7, 0x00,
    0xFF, 0xF9, 0x20, 0x00, 0xE9, 0x20, 0x00, 0x00, 0x10, 0x00, 0x00, 0x00,
    0x00, 0x00, 0x00, 0x00, 0x00, 0x00, 0x00, 0x00, 0x00, 0x00, 0x00, 0x00,
    0x00, 0x00, 0x00, 0x00, 0x00, 0x00, 0x00, 0x00, 0x00, 0x00, 0x00, 0x00,
    0x00, 0x00, 0x00, 0x00, 0x00, 0x00, 0x00, 0x00, 0x00, 0x00, 0x00, 0x00,
    0x00, 0x00, 0x00, 0x00, 0x00, 0x00, 0x00, 0x00, 0x00, 0x00, 0x00, 0x00,
    0x00, 0x00, 0x00, 0x00, 0x00, 0x00, 0x00, 0x00, 0x00, 0x00, 0x00, 0x00,
    0x00, 0x00, 0x00, 0x00, 0x00, 0x00, 0x00, 0x00, 0x00, 0x00, 0x00, 0x00,
    0x00, 0x00, 0x00, 0x00, 0x00, 0x00, 0x00, 0x00, 0x00, 0x00, 0x00, 0x00,
    0x00, 0x00, 0x00, 0x00, 0x00, 0x00, 0x00, 0x00, 0x00, 0x00, 0x00, 0x00,
    0x00, 0x00, 0x00, 0x00, 0x00, 0x00, 0x00, 0x00, 0x00, 0x00, 0x00, 0x00,
    0x00, 0x00, 0x00, 0x00, 0x00, 0x00, 0x00, 0x00, 0x00, 0x00, 0x00, 0x00,
    0x00, 0x00, 0x00, 0x00, 0x00, 0x00, 0x00, 0x00, 0x00, 0x00, 0x00, 0x00,
    0x00, 0x00, 0x00, 0x00, 0x00, 0x00, 0x00, 0x00, 0x00, 0x00, 0x00, 0x00,
    0x00, 0x00, 0x00, 0x00, 0x00, 0x00, 0x00, 0x00, 0x00, 0x00, 0x00, 0x00,
    0x00, 0x00, 0x00, 0x00, 0x00, 0x00, 0x00, 0x00, 0x00, 0x00, 0x00, 0x00,
    0x00, 0x00, 0x00, 0x00, 0x00, 0x00, 0xAC, 0x30, 0x00, 0x00, 0x00, 0x00,
    0x00, 0x00, 0x00, 0x00, 0x00, 0x00, 0x00, 0x00, 0x00, 0x00, 0x00, 0x00,
    0x00, 0x00, 0x00, 0x00, 0x00, 0x00, 0x00, 0x00, 0x00, 0x00, 0x00, 0x00,
    0x00, 0x00, 0x00, 0x00, 0x00, 0x00, 0x00, 0x00, 0x00, 0x00, 0x00, 0x00,
    0x00, 0x00, 0x00, 0x00, 0x00, 0x00, 0x00, 0x00, 0x00, 0x00, 0x00, 0x00,
    0x00, 0x00, 0x00, 0x00, 0x00, 0x00, 0x00, 0x00, 0x00, 0x00, 0x00, 0x00,
    0x00, 0x00, 0x00, 0x00, 0x00, 0x00, 0x00, 0x00, 0x00, 0x00, 0x00, 0x00,
    0x00, 0x00, 0x00, 0x00, 0x00, 0x00, 0x00, 0x01, 0x00, 0x00, 0x00, 0x1C,
    0x00, 0x00, 0x04, 0xEF, 0x00, 0x01, 0x9F, 0xFF, 0x00, 0x05, 0xFF, 0xF9,
    0x00, 0x3E, 0xFF, 0xFF, 0x01, 0xCF, 0xFF, 0xFF, 0x1C, 0xFF, 0xFF, 0xF6,
    0xCF, 0xFF, 0xFF, 0x60, 0xFF, 0xFF, 0xE5, 0x00, 0xFF, 0xFC, 0x30, 0x00,
    0xFF, 0xF4, 0x00, 0x00, 0x10, 0x00, 0x00, 0x00, 0xD1, 0x00, 0x00, 0x00,
    0x80, 0x00, 0x00, 0x00, 0x00, 0x00, 0x00, 0x00, 0x00, 0x00, 0x00, 0x00,
    0x00, 0x00, 0x00, 0x00, 0x00, 0x00, 0x00, 0x00, 0x00, 0x00, 0x00, 0x00,
    0x00, 0x00, 0x00, 0x00, 0x00, 0x00, 0x00, 0x01, 0x00, 0x00, 0x03, 0x9E,
    0x00, 0x00, 0x6F, 0xFF, 0x00, 0x00, 0x29, 0x73, 0x00, 0x00, 0x00, 0x00,
    0x00, 0x00, 0x00, 0x00, 0x00, 0x00, 0x00, 0x00, 0x00, 0x6D, 0xFF, 0xFF,
    0x6D, 0xFF, 0xFF, 0xEF, 0xFF, 0xFF, 0x94, 0x4F, 0xE9, 0x61, 0x00, 0x4F,
    0x00, 0x00, 0x00, 0x4F, 0x00, 0x00, 0x00, 0x4F, 0x00, 0x00, 0x00, 0x4F,
    0x00, 0x00, 0x00, 0x4F, 0xFF, 0xF4, 0x00, 0x00, 0xFF, 0xF4, 0x00, 0x00,
    0xFF, 0xF4, 0x00, 0x00, 0xFF, 0xF4, 0x00, 0x00, 0xFF, 0xF4, 0x00, 0x00,
    0xFF, 0xF4, 0x00, 0x00, 0xFF, 0xF4, 0x00, 0x00, 0xFF, 0xF4, 0x00, 0x00,
    0x00, 0x00, 0x00, 0x00, 0x00, 0x00, 0x00, 0x00, 0x00, 0x00, 0x00, 0x00,
    0x00, 0x00, 0x00, 0x00, 0x00, 0x00, 0x00, 0x00, 0x00, 0x00, 0x00, 0x00,
    0x00, 0x00, 0x00, 0x00, 0x00, 0x00, 0x00, 0x00, 0x00, 0x00, 0x00, 0x00,
    0x00, 0x00, 0x00, 0x00, 0x00, 0x00, 0x00, 0x00, 0x00, 0x00, 0x00, 0x00,
    0x00, 0x00, 0x00, 0x00, 0x00, 0x00, 0x00, 0x00, 0x00, 0x00, 0x00, 0x00,
    0x00, 0x00, 0x00, 0x00, 0x00, 0x00, 0x00, 0x4F, 0x00, 0x00, 0x00, 0x4F,
    0x00, 0x00, 0x00, 0x4F, 0x00, 0x00, 0x00, 0x4F, 0x00, 0x00, 0x00, 0x4F,
    0x00, 0x00, 0x00, 0x4F, 0x00, 0x00, 0x00, 0x14, 0x00, 0x00, 0x00, 0x00,
    0xFF, 0xF4, 0x00, 0x00, 0xFF, 0xF4, 0x00, 0x00, 0xFF, 0xF4, 0x00, 0x00,
    0xFF, 0xF4, 0x00, 0x00, 0xFF, 0xF4, 0x00, 0x00, 0xFF, 0xF4, 0x00, 0x00,
    0x44, 0x41, 0x00, 0x00, 0x00, 0x00, 0x00, 0x00, 0x00, 0x00, 0x00, 0x00,
    0x00, 0x00, 0x00, 0x00, 0x00, 0x00, 0x00, 0x00, 0x00, 0x00, 0x00, 0x00,
    0x00, 0x00, 0x00, 0x00, 0x00, 0x00, 0x00, 0x00, 0x00, 0x00, 0x00, 0x00,
    0x00, 0x00, 0x00, 0x00, 0x00, 0x00, 0x00, 0x00, 0x00, 0x00, 0x00, 0x00,
    0x00, 0x00, 0x00, 0x00, 0x00, 0x00, 0x00, 0x00, 0x00, 0x00, 0x00, 0x00,
    0x00, 0x00, 0x00, 0x00, 0x00, 0x00, 0x00, 0x00, 0x00, 0x00, 0x00, 0x00,
    0x00, 0x00, 0x00, 0x00, 0x00, 0x00, 0x00, 0x00, 0x00, 0x00, 0x00, 0x00,
    0x00, 0x00, 0x00, 0x00, 0x00, 0x00, 0x00, 0x00, 0x00, 0x00, 0x00, 0x00,
    0x00, 0x00, 0x00, 0x00, 0x00, 0x00, 0x00, 0x00, 0x00, 0x00, 0x00, 0x73,
    0x00, 0x00, 0x05, 0xFE, 0x00, 0x00, 0x1E, 0xFF, 0x00, 0x00, 0xBF, 0xFF,
    0x00, 0x08, 0xFF, 0xFF, 0x00, 0x6F, 0xFF, 0xFF, 0x06, 0xFF, 0xFF, 0xFF,
    0x6F, 0xFF, 0xFF, 0xFF, 0x00, 0x00, 0x00, 0x00, 0x70, 0x00, 0x00, 0x00,
    0xFC, 0x30, 0x00, 0x00, 0xFF, 0xF9, 0x10, 0x00, 0xFF, 0xFA, 0x00, 0x00,
    0xFF, 0x90, 0x00, 0x00, 0xF9, 0x00, 0x00, 0x00, 0x80, 0x00, 0x00, 0x00,
    0x00, 0x00, 0x00, 0x00, 0x00, 0x00, 0x00, 0x00, 0x00, 0x00, 0x00, 0x00,
    0x00, 0x00, 0x00, 0x00, 0x00, 0x00, 0x00, 0x00, 0x00, 0x00, 0x00, 0x05,
    0x00, 0x00, 0x17, 0xDF, 0x00, 0x59, 0xFF, 0xFF, 0x00, 0x00, 0x00, 0x06,
    0x00, 0x00, 0x00, 0x8F, 0x00, 0x00, 0x2B, 0xFF, 0x00, 0x07, 0xEF, 0xFF,
    0x04, 0xDF, 0xFF, 0xFF, 0xBF, 0xFF, 0xFF, 0xFF, 0xFF, 0xFF, 0xF9, 0x8F,
    0xFF, 0xD8, 0x20, 0x3F, 0xFF, 0xFF, 0xFF, 0xF6, 0xFF, 0xFF, 0xFE, 0x40,
    0xFF, 0xFF, 0xC1, 0x00, 0xFF, 0xFF, 0x70, 0x00, 0xFF, 0xFF, 0x80, 0x00,
    0xFF, 0xFF, 0x80, 0x00, 0xFF, 0xFF, 0x80, 0x00, 0xFF, 0xFF, 0x80, 0x00,
    0x00, 0x00, 0x00, 0x00, 0x00, 0x00, 0x00, 0x00, 0x00, 0x00, 0x00, 0x00,
    0x00, 0x00, 0x00, 0x00, 0x00, 0x00, 0x00, 0x00, 0x00, 0x00, 0x00, 0x00,
    0x00, 0x00, 0x00, 0x00, 0x00, 0x00, 0x00, 0x00, 0x01, 0xFF, 0xFF, 0xFB,
    0x00, 0x9B, 0x85, 0x10, 0x00, 0x00, 0x00, 0x00, 0x00, 0x00, 0x00, 0x00,
    0x00, 0x00, 0x00, 0x00, 0x00, 0x00, 0x00, 0x00, 0x00, 0x00, 0x00, 0x00,
    0x00, 0x00, 0x00, 0x00, 0x73, 0x00, 0x00, 0x4F, 0x00, 0x00, 0x00, 0x4F,
    0x00, 0x00, 0x00, 0x4F, 0x00, 0x00, 0x00, 0x4F, 0x00, 0x00, 0x00, 0x4F,
    0x00, 0x00, 0x00, 0x4F, 0x00, 0x00, 0x00, 0x4F, 0x00, 0x00, 0x00, 0x4F,
    0xFF, 0xFF, 0x80, 0x00, 0xFF, 0xFF, 0x80, 0x00, 0xFF, 0xFF, 0x80, 0x00,
    0xFF, 0xFF, 0x80, 0x00, 0xFF, 0xFF, 0x80, 0x00, 0xFF, 0xFF, 0x80, 0x00,
    0xFF, 0xFF, 0x80, 0x00, 0xFF, 0xFF, 0x80, 0x00, 0x00, 0x00, 0x00, 0x00,
    0x00, 0x00, 0x00, 0x00, 0x00, 0x00, 0x00, 0x00, 0x00, 0x00, 0x00, 0x00,
    0x00, 0x00, 0x00, 0x00, 0x00, 0x00, 0x00, 0x00, 0x00, 0x00, 0x00, 0x00,
    0x00, 0x00, 0x00, 0x00, 0x00, 0x00, 0x00, 0x00, 0x00, 0x00, 0x00, 0x00,
    0x00, 0x00, 0x00, 0x00, 0x00, 0x00, 0x00, 0x00, 0x00, 0x00, 0x00, 0x00,
    0x00, 0x00, 0x00, 0x00, 0x00, 0x00, 0x00, 0x00, 0x00, 0x00, 0x00, 0x00,
    0x00, 0x00, 0x00, 0x4F, 0x00, 0x00, 0x00, 0x4F, 0x00, 0x00, 0x00, 0x4F,
    0x00, 0x00, 0x00, 0x4F, 0x00, 0x00, 0x00, 0x4F, 0x00, 0x00, 0x00, 0x4F,
    0x00, 0x00, 0x00, 0x00, 0x00, 0x00, 0x00, 0x00, 0xFF, 0xFF, 0x80, 0x00,
    0xFF, 0xFF, 0x80, 0x00, 0xFF, 0xFF, 0x80, 0x00, 0xFF, 0xFF, 0x80, 0x00,
    0xFF, 0xFF, 0x80, 0x00, 0xFF, 0xFF, 0x70, 0x00, 0x00, 0x00, 0x00, 0x00,
    0x00, 0x00, 0x00, 0x00, 0x00, 0x00, 0x00, 0x00, 0x00, 0x00, 0x00, 0x00,
    0x00, 0x00, 0x00, 0x00, 0x00, 0x00, 0x00, 0x00, 0x00, 0x00, 0x00, 0x00,
    0x00, 0x00, 0x00, 0x00, 0x00, 0x00, 0x00, 0x00, 0x00, 0x00, 0x00, 0x00,
    0x00, 0x00, 0x00, 0x00, 0x00, 0x00, 0x00, 0x00, 0x00, 0x00, 0x00, 0x00,
    0x00, 0x00, 0x00, 0x00, 0x00, 0x00, 0x00, 0x00, 0x00, 0x00, 0x00, 0x00,
    0x00, 0x00, 0x00, 0x00, 0x00, 0x00, 0x00, 0x00, 0x00, 0x00, 0x00, 0x00,
    0x00, 0x00, 0x00, 0x00, 0x00, 0x00, 0x00, 0x00, 0x00, 0x00, 0x00, 0x00,
    0x00, 0x00, 0x00, 0x00, 0x00, 0x00, 0x00, 0x00, 0x00, 0x00, 0x00, 0x00,
    0x00, 0x00, 0x04, 0x88, 0x00, 0x00, 0x00, 0x00, 0x00, 0x00, 0x00, 0x00,
    0x00, 0x00, 0x00, 0x00, 0x00, 0x00, 0x00, 0x00, 0x00, 0x00, 0x00, 0x00,
    0x00, 0x00, 0x00, 0x00, 0x00, 0x00, 0x00, 0x00, 0x74, 0x10, 0x00, 0x00,
    0x00, 0x00, 0x00, 0x00, 0x00, 0x00, 0x00, 0x00, 0x00, 0x00, 0x00, 0x00,
    0x00, 0x00, 0x00, 0x00, 0x00, 0x00, 0x00, 0x00, 0x00, 0x00, 0x00, 0x00,
    0x00, 0x00, 0x00, 0x00, 0x00, 0x00, 0x00, 0x00, 0x00, 0x00, 0x00, 0x00,
    0x00, 0x00, 0x00, 0x00, 0x00, 0x00, 0x00, 0x00, 0x00, 0x00, 0x00, 0x34,
    0x00, 0x00, 0x00, 0xBF, 0x00, 0x00, 0x00, 0xBF, 0x00, 0x00, 0x00, 0xBF,
    0x00, 0x00, 0x00, 0xBF, 0x00, 0x00, 0x08, 0xFF, 0x00, 0x00, 0x08, 0xFF,
    0x00, 0x00, 0x07, 0xFF, 0x44, 0x44, 0x4A, 0xFF, 0xFF, 0xFF, 0xFF, 0xFF,
    0xFF, 0xD8, 0x88, 0x88, 0xFF, 0xB0, 0x00, 0x00, 0xFF, 0xB0, 0x00, 0x00,
    0xFF, 0x40, 0x00, 0x00, 0xFF, 0x40, 0x00, 0x00, 0xFF, 0x40, 0x00, 0x00,
    0xFF, 0x74, 0x44, 0x44, 0xFF, 0xFF, 0xFF, 0xFF, 0x88, 0x88, 0x8F, 0xFF,
    0x00, 0x00, 0x0E, 0xFF, 0x00, 0x00, 0x0E, 0xFF, 0x00, 0x00, 0x00, 0x00,
    0x00, 0x00, 0x00, 0x00, 0x00, 0x00, 0x00, 0x00, 0x30, 0x00, 0x00, 0x00,
    0xF8, 0x00, 0x00, 0x00, 0xFF, 0x40, 0x00, 0x00, 0xFF, 0x30, 0x00, 0x00,
    0xFF, 0x00, 0x00, 0x00, 0x00, 0x00, 0x00, 0xBF, 0x00, 0x00, 0x00, 0xBF,
    0x00, 0x00, 0x00, 0xBF, 0x00, 0x00, 0x00, 0x34, 0x00, 0x00, 0x00, 0x00,
    0x00, 0x00, 0x00, 0x00, 0x00, 0x00, 0x00, 0x00, 0x00, 0x00, 0x00, 0x00,
    0xFF, 0xB0, 0x00, 0x00, 0xFF, 0xB0, 0x00, 0x00, 0xFF, 0xB0, 0x00, 0x00,
    0x44, 0x30, 0x00, 0x00, 0x00, 0x00, 0x00, 0x00, 0x00, 0x00, 0x00, 0x00,
    0x00, 0x00, 0x00, 0x00, 0x00, 0x00, 0x00, 0x00, 0x00, 0x00, 0x1F, 0xFF,
    0x00, 0x00, 0x4F, 0xFF, 0x00, 0x00, 0x5F, 0xFF, 0x00, 0x00, 0x8F, 0xFF,
    0x00, 0x00, 0xCF, 0xFF, 0x00, 0x02, 0xFF, 0xFF, 0x00, 0x09, 0xFF, 0xFD,
    0x00, 0x3F, 0xFF, 0xF4, 0xFE, 0x00, 0x00, 0x00, 0xFB, 0x00, 0x00, 0x00,
    0xF7, 0x00, 0x00, 0x00, 0xF3, 0x00, 0x00, 0x00, 0xC0, 0x00, 0x00, 0x00,
    0x60, 0x00, 0x00, 0x00, 0x00, 0x00, 0x00, 0x00, 0x00, 0x00, 0x00, 0x00,
    0x00, 0x00, 0x00, 0x00, 0x00, 0x00, 0x00, 0x00, 0x00, 0x00, 0x00, 0x00,
    0x00, 0x00, 0x00, 0x00, 0x00, 0x00, 0x00, 0x00, 0x00, 0x00, 0x00, 0x00,
    0x00, 0x00, 0x00, 0x00, 0x00, 0x00, 0x00, 0x00, 0x00, 0x00, 0x00, 0x00,
    0x00, 0x00, 0x00, 0x00, 0x00, 0x00, 0x00, 0x39, 0x00, 0x24, 0x8C, 0xFF,
    0x01, 0xDF, 0xFF, 0xFE, 0x00, 0x7B, 0xA7, 0x40, 0x00, 0x00, 0x00, 0x00,
    0x00, 0x00, 0x00, 0x00, 0x03, 0xEF, 0xFF, 0x80, 0x4E, 0xFF, 0xF9, 0x00,
    0xFF, 0xFF, 0x80, 0x00, 0xFF, 0xB3, 0x00, 0x00, 0x94, 0x00, 0x00, 0x00,
    0x00, 0x00, 0x00, 0x00, 0x00, 0x00, 0x00, 0x00, 0x00, 0x00, 0x00, 0x00,
    0x00, 0x00, 0x00, 0x00, 0x00, 0x00, 0x00, 0x00, 0x00, 0x00, 0x00, 0x00,
    0x00, 0x00, 0x00, 0x00, 0x00, 0x00, 0x00, 0x00, 0x00, 0x00, 0x00, 0x00,
    0x00, 0x00, 0x00, 0x00, 0x00, 0x00, 0x00, 0x00, 0x00, 0x00, 0x00, 0x00,
    0x00, 0x00, 0x00, 0x00, 0x00, 0x00, 0x00, 0x00, 0x00, 0x00, 0x00, 0x00,
    0x00, 0x00, 0x00, 0x00, 0x00, 0x00, 0x00, 0x00, 0x00, 0x00, 0x00, 0x00,
    0x00, 0x04, 0xFF, 0xFF, 0x00, 0x00, 0x00, 0x00, 0x00, 0x00, 0x07, 0x54,
    0x00, 0x00, 0x1F, 0xFF, 0x00, 0x00, 0x0F, 0xFF, 0x00, 0x00, 0x0F, 0xFF,
    0x00, 0x00, 0x0F, 0xFF, 0x00, 0x00, 0x1F, 0xFF, 0xFF, 0xFF, 0xFF, 0xFF,
    0x00, 0x00, 0x00, 0x00, 0x44, 0x30, 0x00, 0x00, 0xFF, 0xB0, 0x00, 0x00,
    0xFF, 0xB0, 0x00, 0x00, 0xFF, 0xB0, 0x00, 0x00, 0xFF, 0xB0, 0x00, 0x00,
    0xFF, 0xB0, 0x00, 0x00, 0xFF, 0xFF, 0xFF, 0xFF, 0x00, 0x00, 0x00, 0x00,
    0x00, 0x00, 0x00, 0x00, 0x00, 0x00, 0x00, 0x00, 0x00, 0x00, 0x00, 0x00,
    0x00, 0x00, 0x00, 0x00, 0x00, 0x00, 0x00, 0x00, 0x00, 0x00, 0x00, 0x00,
    0xFF, 0xE8, 0x00, 0x00, 0x00, 0x04, 0xFF, 0xFF, 0x00, 0x04, 0xFF, 0xFF,
    0x00, 0x04, 0xFF, 0xFF, 0x00, 0x04, 0xFF, 0xFF, 0x00, 0x04, 0xFF, 0xFF,
    0x00, 0x04, 0xFF, 0xFF, 0x00, 0x04, 0xFF, 0xFF, 0x00, 0x04, 0xFF, 0xFF,
    0xFF, 0xFF, 0xFF, 0xFF, 0xFA, 0x44, 0x44, 0x44, 0xF7, 0x00, 0x00, 0x00,
    0xF8, 0x00, 0x00, 0x00, 0xF8, 0x00, 0x00, 0x00, 0xF8, 0x00, 0x00, 0x00,
    0xF8, 0x00, 0x00, 0x00, 0xF8, 0x00, 0x00, 0x00, 0xFF, 0xFF, 0xFF, 0xFF,
    0x44, 0x44, 0x44, 0xCF, 0x00, 0x00, 0x00, 0xBF, 0x00, 0x00, 0x00, 0xBF,
    0x00, 0x00, 0x00, 0xBF, 0x00, 0x00, 0x00, 0xEF, 0x00, 0x00, 0x00, 0xFF,
    0x00, 0x00, 0x03, 0xFF, 0xFF, 0xFF, 0xA0, 0x00, 0xFF, 0xFF, 0xF1, 0x00,
    0xFF, 0xFF, 0xC0, 0x00, 0xFF, 0xFF, 0xB0, 0x00, 0xFF, 0xFF, 0x90, 0x00,
    0xFF, 0xFF, 0x60, 0x00, 0xFF, 0xFF, 0x40, 0x00, 0xFF, 0xFF, 0x10, 0x00,
    0x00, 0x02, 0x88, 0x88, 0x00, 0x00, 0x00, 0x00, 0x00, 0x00, 0x00, 0x00,
    0x00, 0x00, 0x00, 0x00, 0x00, 0x00, 0x00, 0x00, 0x00, 0x00, 0x00, 0x00,
    0x00, 0x00, 0x00, 0x00, 0x00, 0x00, 0x00, 0x00, 0x84, 0x00, 0x00, 0x00,
    0x00, 0x00, 0x00, 0x00, 0x00, 0x00, 0x00, 0x00, 0x00, 0x00, 0x00, 0x00,
    0x00, 0x00, 0x00, 0x00, 0x00, 0x00, 0x00, 0x00, 0x00, 0x00, 0x00, 0x00,
    0x00, 0x00, 0x00, 0x00, 0x00, 0x00, 0x05, 0xFF, 0x00, 0x00, 0x08, 0xFF,
    0x00, 0x00, 0x0D, 0xFF, 0x00, 0x00, 0x4F, 0xFF, 0x00, 0x00, 0xBF, 0xFF,
    0x00, 0x04, 0xFF, 0xFF, 0x00, 0x1E, 0xFF, 0xFF, 0x01, 0xCF, 0xFF, 0xFC,
    0xFF, 0xFB, 0x00, 0x00, 0xFF, 0xF6, 0x00, 0x00, 0xFF, 0xE0, 0x00, 0x00,
    0xFF, 0x80, 0x00, 0x00, 0xFE, 0x10, 0x00, 0x00, 0xF5, 0x00, 0x00, 0x00,
    0x90, 0x00, 0x00, 0x00, 0x10, 0x00, 0x00, 0x00, 0x00, 0x00, 0x00, 0x00,
    0x00, 0x00, 0x00, 0x00, 0x00, 0x00, 0x00, 0x00, 0x00, 0x00, 0x00, 0x00,
    0x00, 0x00, 0x00, 0x00, 0x00, 0x00, 0x00, 0x00, 0x00, 0x00, 0x00, 0x00,
    0x00, 0x00, 0x00, 0x00, 0x00, 0x00, 0x00, 0x00, 0x00, 0x00, 0x00, 0x2A,
    0x00, 0x02, 0x7C, 0xFF, 0x5B, 0xEF, 0xFF, 0xFF, 0x5F, 0xFF, 0xFF, 0xEA,
    0x09, 0xB8, 0x73, 0x00, 0x00, 0x00, 0x00, 0x00, 0x00, 0x00, 0x00, 0x00,
    0x4E, 0xFF, 0xFF, 0xC1, 0xFF, 0xFF, 0xFA, 0x10, 0xFF, 0xFE, 0x60, 0x00,
    0xFE, 0x81, 0x00, 0x00, 0x60, 0x00, 0x00, 0x00, 0x00, 0x00, 0x00, 0x00,
    0x00, 0x00, 0x00, 0x00, 0x00, 0x00, 0x00, 0x00, 0x00, 0x00, 0x00, 0x00,
    0x00, 0x00, 0x00, 0x00, 0x00, 0x00, 0x00, 0x00, 0x00, 0x00, 0x00, 0x00,
    0x00, 0x00, 0x00, 0x00, 0x00, 0x00, 0x00, 0x00, 0x00, 0x00, 0x00, 0x00,
    0x00, 0x00, 0x00, 0x00, 0x00, 0x00, 0x00, 0x00, 0x00, 0x00, 0x00, 0x00,
    0x00, 0x00, 0x00, 0x00, 0x00, 0x00, 0x00, 0x00, 0x00, 0x00, 0x00, 0x00,
    0x00, 0x00, 0x00, 0x00, 0x00, 0x00, 0x00, 0x00, 0x00, 0x00, 0x00, 0x00,
    0x00, 0x00, 0x00, 0x00, 0x00, 0x00, 0x00, 0x00, 0x00, 0x00, 0x00, 0x00,
    0x00, 0x00, 0x00, 0x00, 0x00, 0x00, 0x00, 0x00, 0x00, 0x00, 0x00, 0x00,
    0x00, 0x00, 0x00, 0x00, 0x00, 0x00, 0x00, 0x00, 0x00, 0x00, 0x00, 0x00,
    0x00, 0x00, 0x00, 0x00, 0x00, 0x00, 0x00, 0x00, 0x00, 0x00, 0x00, 0x00,
    0x00, 0x00, 0x00, 0x00, 0x00, 0x00, 0x00, 0x00, 0x00, 0x00, 0x00, 0x00,
    0x00, 0x00, 0x00, 0x00, 0x00, 0x00, 0x00, 0x00, 0x00, 0x00, 0x00, 0x00,
    0x00, 0x00, 0x00, 0x00, 0x00, 0x00, 0x00, 0x00, 0x00, 0x00, 0x00, 0x00,
    0x00, 0x00, 0x00, 0x00, 0x00, 0x00, 0x00, 0x00, 0x00, 0x00, 0x00, 0x00,
    0x00, 0x00, 0x00, 0x00, 0x00, 0x00, 0x00, 0x00, 0x00, 0x00, 0x00, 0x4F,
    0x00, 0x00, 0x00, 0x3B, 0x00, 0x00, 0x00, 0x00, 0x00, 0x00, 0x00, 0x00,
    0x00, 0x00, 0x00, 0x00, 0x00, 0x00, 0x00, 0x00, 0x00, 0x00, 0x00, 0x00,
    0x00, 0x00, 0x00, 0x00, 0xFF, 0xFF, 0xFF, 0xFF, 0xBB, 0xBB, 0xBD, 0xFF,
    0x00, 0x00, 0x04, 0xFF, 0x00, 0x00, 0x04, 0xFF, 0x00, 0x00, 0x04, 0xFF,
    0x00, 0x00, 0x04, 0xFF, 0x00, 0x00, 0x00, 0x00, 0x00, 0x00, 0x00, 0x00,
    0xFF, 0xFF, 0xFF, 0xFF, 0xFF, 0xEB, 0xBB, 0xBB, 0xFF, 0x70, 0x00, 0x00,
    0xFF, 0x70, 0x00, 0x00, 0xFF, 0x80, 0x00, 0x00, 0xFF, 0x80, 0x00, 0x00,
    0x00, 0x00, 0x00, 0x00, 0x00, 0x00, 0x00, 0x00, 0xF7, 0x00, 0x00, 0x00,
    0xB5, 0x00, 0x00, 0x00, 0x00, 0x00, 0x00, 0x00, 0x00, 0x00, 0x00, 0x00,
    0x00, 0x00, 0x00, 0x00, 0x00, 0x00, 0x00, 0x00, 0x00, 0x00, 0x00, 0x00,
    0x00, 0x00, 0x00, 0x00, 0x00, 0x00, 0x00, 0x00, 0x00, 0x00, 0x00, 0x00,
    0x00, 0x00, 0x00, 0x00, 0x00, 0x00, 0x00, 0x00, 0x00, 0x00, 0x00, 0x00,
    0x00, 0x00, 0x00, 0x00, 0x00, 0x00, 0x04, 0xFF, 0x00, 0x00, 0x04, 0xFF,
    0x00, 0x00, 0x04, 0xFF, 0x00, 0x00, 0x04, 0xFF, 0x00, 0x00, 0x04, 0xFF,
    0x00, 0x00, 0x04, 0xFF, 0x00, 0x00, 0x04, 0xFF, 0x00, 0x00, 0x04, 0xFF,
    0xFF, 0x80, 0x00, 0x00, 0xFF, 0x80, 0x00, 0x00, 0xFF, 0x80, 0x00, 0x00,
    0xFF, 0x80, 0x00, 0x00, 0xFF, 0x80, 0x00, 0x00, 0xFF, 0x80, 0x00, 0x00,
    0xFF, 0x80, 0x00, 0x00, 0xFF, 0x80, 0x00, 0x00, 0x00, 0x00, 0x00, 0x00,
    0x00, 0x00, 0x00, 0x00, 0x00, 0x00, 0x00, 0x00, 0x00, 0x00, 0x00, 0x00,
    0x00, 0x00, 0x00, 0x00, 0x00, 0x00, 0x00, 0x00, 0x00, 0x00, 0x00, 0x00,
    0x00, 0x00, 0x00, 0x00, 0x00, 0x00, 0x00, 0x00, 0x00, 0x00, 0x05, 0x88,
    0x00, 0x00, 0x0C, 0xFF, 0x00, 0x00, 0x03, 0x44, 0x00, 0x00, 0x00, 0x00,
    0x00, 0x00, 0x00, 0x00, 0x00, 0x00, 0x00, 0x00, 0x00, 0x00, 0x00, 0x00,
    0x00, 0x00, 0x03, 0xFF, 0x88, 0x88, 0x8A, 0xFF, 0xFF, 0xFF, 0xFF, 0xFF,
    0x44, 0x44, 0x44, 0x44, 0x00, 0x00, 0x00, 0x00, 0x00, 0x00, 0x00, 0x00,
    0x00, 0x00, 0x00, 0x00, 0x00, 0x00, 0x00, 0x00, 0xFF, 0x70, 0x00, 0x00,
    0xFF, 0xC8, 0x88, 0x88, 0xFF, 0xFF, 0xFF, 0xFF, 0x44, 0x44, 0x44, 0x44,
    0x00, 0x00, 0x00, 0x00, 0x00, 0x00, 0x00, 0x00, 0x00, 0x00, 0x00, 0x00,
    0x00, 0x00, 0x00, 0x00, 0x00, 0x00, 0x00, 0x00, 0x88, 0x70, 0x00, 0x00,
    0xFF, 0xF1, 0x00, 0x00, 0x44, 0x40, 0x00, 0x00, 0x00, 0x00, 0x00, 0x00,
    0x00, 0x00, 0x00, 0x00, 0x00, 0x00, 0x00, 0x00, 0x00, 0x00, 0x00, 0x00,
    0x00, 0x00, 0x00, 0x00, 0x00, 0x00, 0x00, 0x00, 0x00, 0x00, 0x00, 0x00,
    0x00, 0x00, 0x00, 0x00, 0x00, 0x00, 0x34, 0x44, 0x00, 0x00, 0xBF, 0xFF,
    0x00, 0x00, 0xAF, 0xFF, 0x00, 0x00, 0x00, 0x00, 0x00, 0x00, 0x00, 0x00,
    0x00, 0x00, 0x00, 0x00, 0x00, 0x00, 0x00, 0x00, 0x00, 0x00, 0x00, 0x00,
    0x44, 0x44, 0x44, 0x44, 0xFF, 0xFF, 0xFF, 0xFF, 0xFF, 0xFF, 0xFF, 0xFF,
    0x00, 0x00, 0x1F, 0xFF, 0x00, 0x00, 0x00, 0x00, 0x00, 0x00, 0x00, 0x00,
    0x00, 0x00, 0x00, 0x00, 0x00, 0x00, 0x00, 0x00, 0x44, 0x44, 0x44, 0x44,
    0xFF, 0xFF, 0xFF, 0xFF, 0xFF, 0xFF, 0xFF, 0xFF, 0xFF, 0xF1, 0x00, 0x00,
    0x00, 0x00, 0x00, 0x00, 0x00, 0x00, 0x00, 0x00, 0x00, 0x00, 0x00, 0x00,
    0x00, 0x00, 0x00, 0x00, 0x44, 0x43, 0x00, 0x00, 0xFF, 0xFB, 0x00, 0x00,
    0xFF, 0xFA, 0x00, 0x00, 0x00, 0x00, 0x00, 0x00, 0x00, 0x00, 0x00, 0x00,
    0x00, 0x00, 0x00, 0x00, 0x00, 0x00, 0x00, 0x00, 0x00, 0x00, 0x00, 0x00,
    0x00, 0x00, 0x00, 0x00, 0x00, 0x00, 0x00, 0x00, 0x00, 0x00, 0x00, 0x00,
    0x00, 0x00, 0x00, 0x00, 0x00, 0x00, 0x0F, 0xFF, 0x00, 0x00, 0x0F, 0xFF,
    0x00, 0x00, 0x0F, 0xFF, 0x00, 0x00, 0x0F, 0xFF, 0x00, 0x00, 0x0F, 0xFF,
    0x00, 0x00, 0x0F, 0xFF, 0x00, 0x00, 0x0F, 0xFF, 0x00, 0x00, 0x0F, 0xFF,
    0xFF, 0xF0, 0x00, 0x00, 0xFF, 0xF0, 0x00, 0x00, 0xFF, 0xF0, 0x00, 0x00,
    0xFF, 0xF0, 0x00, 0x00, 0xFF, 0xF0, 0x00, 0x00, 0xFF, 0xF0, 0x00, 0x00,
    0xFF, 0xF0, 0x00, 0x00, 0xFF, 0xF0, 0x00, 0x00, 0x00, 0x00, 0x00, 0x00,
    0x00, 0x00, 0x00, 0x00, 0x00, 0x00, 0x00, 0x00, 0x00, 0x00, 0x00, 0x00,
    0x00, 0x00, 0x00, 0x00, 0x00, 0x00, 0x00, 0x00, 0x00, 0x00, 0x00, 0x00,
    0x00, 0x00, 0x00, 0x00, 0x00, 0x00, 0x00, 0x00, 0x00, 0x00, 0x00, 0x00,
    0x00, 0x00, 0x00, 0x00, 0x00, 0x00, 0x00, 0x00, 0x00, 0x00, 0x00, 0x00,
    0x00, 0x00, 0x00, 0x00, 0x00, 0x00, 0x00, 0x00, 0x00, 0x00, 0x00, 0x00,
    0x00, 0x00, 0x0F, 0xFF, 0x00, 0x00, 0x0F, 0xFF, 0x00, 0x00, 0x0F, 0xFF,
    0x00, 0x00, 0x0F, 0xFF, 0x00, 0x00, 0x0F, 0xFF, 0x00, 0x00, 0x0F, 0xFF,
    0x00, 0x00, 0x0F, 0xFF, 0x00, 0x00, 0x0F, 0xFF, 0xFF, 0xF0, 0x00, 0x00,
    0xFF, 0xF0, 0x00, 0x00, 0xFF, 0xF0, 0x00, 0x00, 0xFF, 0xF0, 0x00, 0x00,
    0xFF, 0xF0, 0x00, 0x00, 0xFF, 0xF0, 0x00, 0x00, 0xFF, 0xF0, 0x00, 0x00,
    0xFF, 0xF0, 0x00, 0x00, 0x00, 0x00, 0x00, 0x00, 0x00, 0x00, 0x00, 0x00,
    0x00, 0x00, 0x00, 0x00, 0x00, 0x00, 0x00, 0x00, 0x00, 0x00, 0x00, 0x00,
    0x00, 0x00, 0x00, 0x00, 0x00, 0x00, 0x00, 0x00, 0x00, 0x00, 0x00, 0x00,
    0x00, 0x8B, 0xBB, 0xBB, 0x00, 0xCF, 0xFF, 0xFF, 0x00, 0x58, 0x88, 0x88,
    0x00, 0x00, 0x00, 0x00, 0x00, 0x00, 0x00, 0x00, 0x00, 0x00, 0x00, 0x00,
    0x00, 0x00, 0x00, 0x00, 0x00, 0x00, 0x00, 0x00, 0xBB, 0xBB, 0xBF, 0xFF,
    0xFF, 0xFF, 0xFF, 0xFF, 0x88, 0x88, 0x88, 0x88, 0x00, 0x00, 0x00, 0x00,
    0x00, 0x00, 0x00, 0x00, 0x00, 0x00, 0x00, 0x00, 0x00, 0x00, 0x00, 0x00,
    0x00, 0x00, 0x00, 0x00, 0xFF, 0xFB, 0xBB, 0xBB, 0xFF, 0xFF, 0xFF, 0xFF,
    0x88, 0x88, 0x88, 0x88, 0x00, 0x00, 0x00, 0x00, 0x00, 0x00, 0x00, 0x00,
    0x00, 0x00, 0x00, 0x00, 0x00, 0x00, 0x00, 0x00, 0x00, 0x00, 0x00, 0x00,
    0xBB, 0xBB, 0xB8, 0x00, 0xFF, 0xFF, 0xFC, 0x00, 0x88, 0x88, 0x85, 0x00,
    0x00, 0x00, 0x00, 0x00, 0x00, 0x00, 0x00, 0x00, 0x00, 0x00, 0x00, 0x00,
    0x00, 0x00, 0x00, 0x00, 0x00, 0x00, 0x00, 0x00, 0x00, 0x00, 0x00, 0x00,
    0x00, 0x00, 0x00, 0x00, 0x00, 0x00, 0x00, 0x00, 0x00, 0x00, 0x00, 0x00,
    0x00, 0x00, 0x00, 0x00, 0x00, 0x00, 0x00, 0x00, 0x00, 0x00, 0x00, 0x00,
    0x00, 0x00, 0x00, 0x00, 0x00, 0x00, 0x00, 0x00, 0x00, 0x00, 0x00, 0x00,
    0x00, 0x00, 0x00, 0x00, 0x00, 0x00, 0x00, 0x00, 0x00, 0x00, 0x00, 0x00,
    0x00, 0x00, 0x00, 0x00, 0x00, 0x00, 0x00, 0x00, 0x00, 0x00, 0x00, 0x00,
    0x00, 0x00, 0x00, 0x00, 0x00, 0x00, 0x00, 0x00, 0x00, 0x00, 0x00, 0x00,
    0x00, 0x00, 0x00, 0x00, 0x00, 0x00, 0x00, 0x00, 0x00, 0x00, 0x00, 0x00,
    0x00, 0x00, 0x00, 0x00, 0x02, 0x44, 0x41, 0x00, 0x00, 0x00, 0x00, 0x00,
    0x00, 0x00, 0x00, 0x00, 0x00, 0x00, 0x00, 0x00, 0x00, 0x00, 0x00, 0x00,
    0x00, 0x00, 0x00, 0x00, 0x00, 0x00, 0x00, 0x00, 0x00, 0x00, 0x00, 0x00,
    0x00, 0x00, 0x00, 0x00, 0x00, 0x00, 0x00, 0x00, 0x00, 0x00, 0x00, 0x00,
    0x00, 0x00, 0x00, 0x00, 0x00, 0x00, 0x00, 0x00, 0x00, 0x00, 0x00, 0x00,
    0x00, 0x00, 0x0E, 0xFF, 0x00, 0x00, 0x0B, 0xBB, 0x00, 0x00, 0x00, 0x00,
    0x00, 0x00, 0x00, 0x00, 0x00, 0x00, 0x00, 0x00, 0x00, 0x00, 0x00, 0x00,
    0x00, 0x00, 0x00, 0x00, 0x00, 0x00, 0x00, 0x00, 0xFF, 0xFF, 0xFF, 0xFF,
    0xBB, 0xBB, 0xBD, 0xFF, 0x00, 0x00, 0x09, 0xFF, 0x04, 0xFF, 0xFF, 0x40,
    0x04, 0xFF, 0xFF, 0x40, 0x04, 0xFF, 0xFF, 0x40, 0x04, 0xFF, 0xFF, 0x40,
    0x05, 0xFF, 0xFF, 0x50, 0xFF, 0xFF, 0xFF, 0xFF, 0xFF, 0xFF, 0xFF, 0xCB,
    0xFF, 0xFF, 0xFF, 0x40, 0x00, 0x00, 0x00, 0x00, 0x00, 0x00, 0x00, 0x00,
    0x00, 0x00, 0x00, 0x00, 0x00, 0x00, 0x00, 0x00, 0x00, 0x00, 0x00, 0x00,
    0xFF, 0xE0, 0x00, 0x00, 0xBB, 0xB0, 0x00, 0x00, 0x00, 0x00, 0x00, 0x00,
    0x00, 0x00, 0x00, 0x00, 0x00, 0x00, 0x00, 0x00, 0x00, 0x00, 0x00, 0x00,
    0x00, 0x00, 0x00, 0x00, 0x00, 0x00, 0x00, 0x00, 0x00, 0x00, 0x00, 0x00,
    0x00, 0x00, 0x00, 0x00, 0x00, 0x00, 0x00, 0x00, 0x00, 0x00, 0x0E, 0xFF,
    0x00, 0x00, 0x6F, 0xFF, 0x00, 0x00, 0xDF, 0xFF, 0x00, 0x07, 0xFF, 0xFF,
    0x00, 0x2E, 0xFF, 0xF9, 0x00, 0xCF, 0xFF, 0xB0, 0x09, 0xFF, 0xFB, 0x10,
    0x9F, 0xFF, 0x90, 0x00, 0xFF, 0xFF, 0xFF, 0x40, 0xFE, 0xFF, 0xFF, 0x40,
    0xD6, 0xFF, 0xFF, 0x40, 0x43, 0xFF, 0xFF, 0x40, 0x04, 0xFF, 0xFF, 0x40,
    0x04, 0xFF, 0xFF, 0x40, 0x04, 0xFF, 0xFF, 0x40, 0x04, 0xFF, 0xFF, 0x40,
    0x00, 0x00, 0x00, 0x00, 0x00, 0x00, 0x00, 0x00, 0x00, 0x00, 0x00, 0x00,
    0x00, 0x00, 0x00, 0x00, 0x00, 0x00, 0x00, 0x00, 0x00, 0x00, 0x00, 0x00,
    0x00, 0x00, 0x00, 0x00, 0x00, 0x00, 0x00, 0x00, 0x00, 0x00, 0x00, 0x09,
    0x00, 0x00, 0x02, 0xCF, 0x00, 0x00, 0x1D, 0xFE, 0x00, 0x00, 0x04, 0x81,
    0x00, 0x00, 0x00, 0x00, 0x00, 0x00, 0x00, 0x00, 0x00, 0x00, 0x00, 0x00,
    0x00, 0x00, 0x00, 0x00, 0xFF, 0xE7, 0x00, 0x00, 0xFC, 0x30, 0x00, 0x00,
    0x70, 0x00, 0x00, 0x00, 0x00, 0x00, 0x06, 0xB8, 0x00, 0x00, 0x08, 0xFF,
    0x00, 0x00, 0x02, 0x68, 0x00, 0x00, 0x00, 0x00, 0x00, 0x00, 0x00, 0x00,
    0x04, 0xFF, 0xFF, 0x40, 0x04, 0xFF, 0xFF, 0x40, 0x04, 0xFF, 0xFF, 0x40,
    0x8C, 0xFF, 0xFF, 0x20, 0xFF, 0xFF, 0xFA, 0x00, 0x8B, 0xBB, 0x70, 0x00,
    0x00, 0x00, 0x00, 0x00, 0x00, 0x00, 0x00, 0x00, 0x00, 0x00, 0x00, 0x00,
    0x00, 0x00, 0x00, 0x00, 0x00, 0x00, 0x00, 0x00, 0x00, 0x00, 0x00, 0x00,
    0x00, 0x00, 0x00, 0x00, 0x00, 0x00, 0x00, 0x00, 0x00, 0x00, 0x00, 0x00,
    0x00, 0x00, 0x00, 0x00, 0x00, 0x00, 0x00, 0x00, 0x00, 0x00, 0x00, 0x00,
    0x00, 0x00, 0x00, 0x00, 0x00, 0x00, 0x00, 0x00, 0x00, 0x00, 0x00, 0x00,
    0x00, 0x00, 0x00, 0x00, 0x00, 0x00, 0x00, 0x00, 0x00, 0x00, 0x00, 0x00,
    0x00, 0x00, 0x00, 0x00, 0x00, 0x00, 0x00, 0x00, 0x00, 0x00, 0x00, 0x00,
    0x00, 0x00, 0x00, 0x00, 0x00, 0x00, 0x00, 0x00, 0x00, 0x00, 0x00, 0x00,
    0x00, 0x00, 0x00, 0x00, 0x00, 0x00, 0x00, 0x00, 0x00, 0x00, 0x00, 0x00,
    0x00, 0x57, 0x44, 0x42, 0x00, 0xCF, 0xFF, 0xFE, 0x00, 0xBF, 0xFF, 0xFF,
    0x00, 0xBF, 0xFF, 0xFF, 0x00, 0xBF, 0xFF, 0xFF, 0x00, 0xBF, 0xFF, 0xFF,
    0x00, 0xBF, 0xFF, 0xFF, 0x00, 0x00, 0x00, 0x00, 0x00, 0x00, 0x00, 0x00,
    0x00, 0x00, 0x00, 0x00, 0x00, 0x00, 0x00, 0x00, 0x00, 0x00, 0x00, 0x00,
    0x00, 0x00, 0x00, 0x00, 0x00, 0x00, 0x00, 0x00, 0x00, 0x00, 0x00, 0x00,
    0x00, 0x8B, 0xBB, 0xBB, 0x00, 0xCF, 0xFF, 0xFF, 0x00, 0x58, 0x88, 0x88,
    0x00, 0x00, 0x00, 0x00, 0x00, 0x00, 0x00, 0x00, 0x00, 0x00, 0x00, 0x00,
    0x00, 0x00, 0x00, 0x00, 0x00, 0x00, 0x00, 0x00, 0xBB, 0xBB, 0xBB, 0xBB,
    0xFF, 0xFF, 0xFF, 0xFF, 0x88, 0x88, 0x8F, 0xFF, 0x00, 0x00, 0x3F, 0xFF,
    0x00, 0x00, 0xAF, 0xFF, 0x00, 0x01, 0xFF, 0xFF, 0x00, 0x08, 0xFF, 0xFF,
    0x00, 0x1E, 0xFF, 0xFF, 0xBB, 0xEF, 0xFF, 0xFF, 0xFF, 0xFF, 0xFF, 0xFF,
    0xFF, 0xFF, 0xFF, 0xFF, 0xFF, 0xFF, 0xFF, 0xFE, 0xFF, 0xFF, 0xFF, 0xFF,
    0xFF, 0xFF, 0xFF, 0xFF, 0xFB, 0xBF, 0xFF, 0xFF, 0xF3, 0xAF, 0xFF, 0xFF,
    0xBB, 0xBB, 0xBA, 0x00, 0xFF, 0xFF, 0xFF, 0x10, 0x88, 0x88, 0x87, 0x00,
    0x00, 0x00, 0x00, 0x00, 0x00, 0x00, 0x00, 0x00, 0x00, 0x00, 0x00, 0x00,
    0x00, 0x00, 0x00, 0x00, 0x00, 0x00, 0x00, 0x00, 0x00, 0x00, 0x00, 0x00,
    0x00, 0x00, 0x00, 0x00, 0x00, 0x00, 0x00, 0x00, 0x00, 0x00, 0x00, 0x00,
    0x00, 0x00, 0x00, 0x08, 0x00, 0x00, 0x00, 0x6F, 0x00, 0x00, 0x08, 0xFF,
    0x00, 0x01, 0xAF, 0xFF, 0x00, 0x8F, 0xFF, 0xFF, 0x03, 0xFF, 0xFF, 0xFA,
    0x1C, 0xFF, 0xFF, 0xC1, 0x9F, 0xFF, 0xFC, 0x10, 0xFF, 0xFF, 0xC1, 0x00,
    0xFF, 0xFB, 0x10, 0x00, 0xFF, 0x80, 0x00, 0x00, 0xE4, 0x00, 0x00, 0x00,
    0x70, 0xBF, 0xFF, 0xFF, 0x00, 0xBF, 0xFF, 0xFF, 0x00, 0xBF, 0xFF, 0xFF,
    0x00, 0xBF, 0xFF, 0xFF, 0x00, 0xBF, 0xFF, 0xFF, 0x00, 0xBF, 0xFF, 0xFF,
    0x00, 0xBF, 0xFF, 0xFF, 0x00, 0xBF, 0xFF, 0xFF, 0x00, 0x00, 0x00, 0x00,
    0x00, 0x00, 0x00, 0x00, 0x00, 0x00, 0x00, 0x00, 0x00, 0x00, 0x00, 0x00,
    0x00, 0x00, 0x00, 0x00, 0x00, 0x00, 0x00, 0x00, 0x00, 0x00, 0x00, 0x00,
    0x00, 0x00, 0x00, 0x00, 0x00, 0x5D, 0xFF, 0xF9, 0x00, 0x9F, 0xFC, 0x40,
    0x00, 0x08, 0x60, 0x00, 0x00, 0x00, 0x00, 0x00, 0x00, 0x00, 0x00, 0x00,
    0x00, 0x00, 0x00, 0x00, 0x00, 0x00, 0x00, 0x00, 0x00, 0x00, 0x00, 0x00,
    0x10, 0x00, 0x00, 0x00, 0x00, 0x00, 0x00, 0x00, 0x00, 0x00, 0x4C, 0xB8,
    0x00, 0x00, 0x4F, 0xFF, 0x00, 0x00, 0x2B, 0xCF, 0x00, 0x00, 0x00, 0x00,
    0x00, 0x00, 0x00, 0x00, 0x00, 0x00, 0x00, 0x00, 0x00, 0xBF, 0xFF, 0xFF,
    0x00, 0xCF, 0xFF, 0xFF, 0x8A, 0xFF, 0xFF, 0xFC, 0xFF, 0xFF, 0xFF, 0xF6,
    0xFF, 0xFF, 0xFE, 0x70, 0x03, 0x44, 0x40, 0x00, 0x00, 0x00, 0x00, 0x00,
    0x00, 0x00, 0x00, 0x00, 0x00, 0x00, 0x00, 0x00, 0x00, 0x00, 0x00, 0x00,
    0x00, 0x00, 0x00, 0x00, 0x00, 0x00, 0x00, 0x00, 0x00, 0x00, 0x00, 0x00,
    0x00, 0x00, 0x00, 0x00, 0x00, 0x00, 0x00, 0x00, 0x00, 0x00, 0x00, 0x00,
    0x00, 0x00, 0x00, 0x00, 0x00, 0x00, 0x00, 0x00, 0x00, 0x00, 0x00, 0x00,
    0x00, 0x00, 0x00, 0x00, 0x00, 0x00, 0x00, 0x00, 0x00, 0x00, 0x00, 0x00,
    0x00, 0x00, 0x00, 0x00, 0x00, 0x00, 0x00, 0x00, 0x00, 0x00, 0x00, 0x00,
    0x00, 0x28, 0x87, 0x44, 0x00, 0x4F, 0xFF, 0xFF, 0x00, 0x4F, 0xFF, 0xFF,
    0x00, 0x4F, 0xFF, 0xFF, 0x00, 0x4F, 0xFF, 0xFF, 0x00, 0x4F, 0xFF, 0xFF,
    0x00, 0x4F, 0xFF, 0xFF, 0x00, 0x00, 0x00, 0x00, 0x40, 0x00, 0x00, 0x00,
    0xF0, 0x00, 0x00, 0x00, 0xF0, 0x00, 0x00, 0x00, 0xF0, 0x00, 0x00, 0x00,
    0xF0, 0x00, 0x00, 0x00, 0xF0, 0x00, 0x00, 0x00, 0xF0, 0x00, 0x00, 0x00,
    0x00, 0x00, 0x00, 0x00, 0x00, 0x00, 0x00, 0x00, 0x00, 0x00, 0x00, 0x00,
    0x00, 0x00, 0x00, 0x00, 0x00, 0x00, 0x00, 0x00, 0x00, 0x00, 0x00, 0x00,
    0x00, 0x00, 0x00, 0x00, 0x00, 0x00, 0x00, 0x00, 0x00, 0x03, 0xBB, 0xBB,
    0x00, 0x05, 0xFF, 0xFF, 0x00, 0x02, 0x88, 0x88, 0x00, 0x00, 0x00, 0x00,
    0x00, 0x00, 0x00, 0x00, 0x00, 0x00, 0x00, 0x00, 0x00, 0x00, 0x00, 0x00,
    0x00, 0x00, 0x00, 0x00, 0xBB, 0xCF, 0xFF, 0xFF, 0xFF, 0xFF, 0xFF, 0xFF,
    0x88, 0xAF, 0xFF, 0xFF, 0x00, 0x3F, 0xFF, 0xFF, 0x00, 0x4F, 0xFF, 0xFF,
    0x00, 0x7F, 0xFF, 0xFF, 0x00, 0x8F, 0xFF, 0xFF, 0x00, 0xAF, 0xFF, 0xFF,
    0xFB, 0xBB, 0xBB, 0xBB, 0xFF, 0xFF, 0xFF, 0xFF, 0xE8, 0x88, 0x88, 0x8C,
    0xB0, 0x00, 0x00, 0x07, 0xB0, 0x00, 0x00, 0x08, 0x80, 0x00, 0x00, 0x08,
    0x70, 0x00, 0x00, 0x08, 0x40, 0x00, 0x00, 0x0A, 0xBB, 0xBB, 0xB3, 0x00,
    0xFF, 0xFF, 0xF4, 0x00, 0xFF, 0xFF, 0xF4, 0x00, 0xFF, 0xFF, 0xF4, 0x00,
    0xFF, 0xFF, 0xF4, 0x00, 0xFF, 0xFF, 0xF4, 0x00, 0xFF, 0xFF, 0xF4, 0x00,
    0xFF, 0xFF, 0xF4, 0x00, 0x00, 0x00, 0x00, 0x00, 0x00, 0x00, 0x00, 0x00,
    0x00, 0x00, 0x00, 0x00, 0x00, 0x00, 0x00, 0x00, 0x00, 0x00, 0x00, 0x00,
    0x00, 0x00, 0x00, 0x00, 0x00, 0x00, 0x00, 0x03, 0x00, 0x00, 0x00, 0x1C,
    0x00, 0xCF, 0xFF, 0xFE, 0x01, 0xFF, 0xFF, 0xFB, 0x06, 0xFF, 0xFF, 0xF7,
    0x0A, 0xFF, 0xFF, 0xF2, 0x2F, 0xFF, 0xFF, 0x90, 0x9F, 0xFF, 0xFF, 0x20,
    0xFF, 0xFF, 0xF7, 0x00, 0xFF, 0xFF, 0xB0, 0x00, 0x10, 0x00, 0x00, 0x0B,
    0x00, 0x00, 0x00, 0x0B, 0x00, 0x00, 0x00, 0x0C, 0x00, 0x00, 0x00, 0x0F,
    0x00, 0x00, 0x00, 0x0F, 0x00, 0x00, 0x00, 0x3F, 0x00, 0x00, 0x00, 0x5F,
    0x00, 0x00, 0x00, 0x8F, 0xFF, 0xFF, 0xF1, 0x00, 0xFF, 0xFF, 0xE0, 0x00,
    0xFF, 0xFF, 0xF1, 0x00, 0xFF, 0xFF, 0xD0, 0x00, 0xFF, 0xFF, 0xB0, 0x00,
    0xFF, 0xFF, 0xA0, 0x00, 0xFF, 0xFF, 0x80, 0x00, 0xFF, 0xFF, 0x50, 0x00,
    0x00, 0x00, 0x01, 0xCF, 0x00, 0x00, 0x1C, 0xFF, 0x00, 0x06, 0xEF, 0xFF,
    0x00, 0xAF, 0xFF, 0xFA, 0x00, 0x6F, 0xFB, 0x40, 0x00, 0x07, 0x30, 0x00,
    0x00, 0x00, 0x00, 0x00, 0x00, 0x00, 0x00, 0x00, 0xFF, 0xFC, 0x10, 0x00,
    0xFF, 0xA1, 0x00, 0x00, 0xE7, 0x00, 0x00, 0x02, 0x20, 0x00, 0x00, 0x01,
    0x00, 0x00, 0x00, 0x00, 0x00, 0x00, 0x00, 0x00, 0x00, 0x00, 0x00, 0x00,
    0x00, 0x00, 0x00, 0x00, 0x20, 0x00, 0x00, 0xBF, 0xCC, 0x62, 0x04, 0xFF,
    0xFF, 0xFF, 0xFF, 0xFF, 0x9E, 0xFF, 0xFF, 0xFF, 0x01, 0x6B, 0xEF, 0xFF,
    0x00, 0x00, 0x14, 0x78, 0x00, 0x00, 0x00, 0x00, 0x00, 0x00, 0x00, 0x00,
    0xFF, 0xFF, 0x20, 0x00, 0xFF, 0xFD, 0x00, 0x00, 0xFF, 0xF9, 0x00, 0x00,
    0xFF, 0xF2, 0x00, 0x00, 0xFF, 0x60, 0x00, 0x00, 0x72, 0x00, 0x00, 0x00,
    0x00, 0x00, 0x00, 0x00, 0x00, 0x00, 0x00, 0x00, 0x00, 0x00, 0x00, 0x00,
    0x00, 0x00, 0x00, 0x00, 0x00, 0x00, 0x00, 0x00, 0x00, 0x00, 0x00, 0x00,
    0x00, 0x00, 0x00, 0x00, 0x00, 0x00, 0x00, 0x00, 0x00, 0x00, 0x00, 0x00,
    0x00, 0x00, 0x00, 0x00, 0x00, 0x00, 0x00, 0x00, 0x00, 0x07, 0x87, 0x44,
    0x00, 0x1F, 0xFF, 0xFF, 0x00, 0x0F, 0xFF, 0xFF, 0x00, 0x0F, 0xFF, 0xFF,
    0x00, 0x0F, 0xFF, 0xFF, 0x00, 0x0F, 0xFF, 0xFF, 0x00, 0x0F, 0xFF, 0xFF,
    0x00, 0x00, 0x00, 0x00, 0x41, 0x00, 0x00, 0x00, 0xF4, 0x00, 0x00, 0x00,
    0xF4, 0x00, 0x00, 0x00, 0xF4, 0x00, 0x00, 0x00, 0xF4, 0x00, 0x00, 0x00,
    0xF4, 0x00, 0x00, 0x00, 0xF4, 0x00, 0x00, 0x00, 0x00, 0x01, 0xAE, 0x30,
    0x2C, 0xC0, 0xBF, 0xE3, 0x3F, 0xF9, 0x0E, 0xFD, 0x07, 0xFF, 0x57, 0xFD,
    0x00, 0xDF, 0xF3, 0x71, 0x00, 0x6E, 0x81, 0x00, 0x00, 0x01, 0x00, 0x00,
    0x00, 0x00, 0x00, 0x00, 0x00, 0x00, 0xAB, 0xBB, 0x00, 0x01, 0xFF, 0xFF,
    0x00, 0x00, 0x78, 0x88, 0x00, 0x00, 0x00, 0x00, 0x00, 0x00, 0x00, 0x00,
    0x00, 0x00, 0x00, 0x00, 0x00, 0x00, 0x00, 0x00, 0x00, 0x00, 0x00, 0x00,
    0xBB, 0xBF, 0xFF, 0xFF, 0xFF, 0xFF, 0xFF, 0xFF, 0x88, 0x8F, 0xFF, 0xFF,
    0x00, 0x0E, 0xFF, 0xFF, 0x00, 0x0F, 0xFF, 0xFF, 0x00, 0x1F, 0xFF, 0xFF,
    0x00, 0x4F, 0xFF, 0xFF, 0x00, 0x4F, 0xFF, 0xFF, 0xFC, 0xBB, 0xBB, 0xBB,
    0xFF, 0xFF, 0xFF, 0xFF, 0xFA, 0x88, 0x88, 0x8D, 0xF3, 0x00, 0x00, 0x0B,
    0xF1, 0x00, 0x00, 0x0B, 0xF0, 0x00, 0x00, 0x0B, 0xE0, 0x00, 0x00, 0x0B,
    0xB0, 0x00, 0x00, 0x0B, 0xBB, 0xBB, 0xA0, 0x00, 0xFF, 0xFF, 0xF1, 0x00,
    0xFF, 0xFF, 0xF0, 0x00, 0xFF, 0xFF, 0xF0, 0x00, 0xFF, 0xFF, 0xF0, 0x00,
    0xFF, 0xFF, 0xF0, 0x00, 0xFF, 0xFF, 0xF0, 0x00, 0xFF, 0xFF, 0xF0, 0x00,
    0x00, 0x00, 0x00, 0x00, 0x00, 0x00, 0x00, 0x00, 0x00, 0x00, 0x00, 0x00,
    0x00, 0x00, 0x00, 0x00, 0x00, 0x00, 0x00, 0x00, 0x00, 0x00, 0x00, 0x00,
    0x00, 0x00, 0x00, 0x00, 0x00, 0x00, 0x00, 0x05, 0x00, 0x6F, 0xFF, 0xFF,
    0x00, 0x9F, 0xFF, 0xFF, 0x00, 0xCF, 0xFF, 0xFE, 0x02, 0xFF, 0xFF, 0xF9,
    0x08, 0xFF, 0xFF, 0xF2, 0x1D, 0xFF, 0xFF, 0x80, 0x8F, 0xFF, 0xFC, 0x00,
    0xFF, 0xFF, 0xE2, 0x00, 0x80, 0x00, 0x00, 0x0D, 0x40, 0x00, 0x00, 0x1F,
    0x00, 0x00, 0x00, 0x0F, 0x00, 0x00, 0x00, 0x1F, 0x00, 0x00, 0x00, 0x4F,
    0x00, 0x00, 0x00, 0x5F, 0x00, 0x00, 0x00, 0x8F, 0x00, 0x00, 0x00, 0xBF,
    0xFF, 0xFF, 0xE0, 0x00, 0xFF, 0xFF, 0xB0, 0x00, 0xFF, 0xFF, 0xB0, 0x00,
    0xFF, 0xFF, 0xB0, 0x00, 0xFF, 0xFF, 0x90, 0x00, 0xFF, 0xFF, 0x70, 0x00,
    0xFF, 0xFF, 0x50, 0x00, 0xFF, 0xFF, 0x20, 0x00, 0x00, 0x00, 0x00, 0x6E,
    0x00, 0x00, 0x08, 0xFF, 0x00, 0x04, 0xBF, 0xFF, 0x00, 0x3F, 0xFF, 0xFC,
    0x00, 0x0C, 0xFC, 0x60, 0x00, 0x03, 0x40, 0x00, 0x00, 0x00, 0x00, 0x00,
    0x00, 0x00, 0x00, 0x00, 0xFF, 0xFE, 0x30, 0x00, 0xFF, 0xC3, 0x00, 0x00,
    0xF9, 0x10, 0x00, 0x00, 0x40, 0x00, 0x00, 0x00, 0x00, 0x00, 0x00, 0x00,
    0x00, 0x00, 0x00, 0x00, 0x00, 0x00, 0x00, 0x00, 0x00, 0x00, 0x00, 0x00,
    0x00, 0x00, 0x01, 0xFF, 0x0A, 0x72, 0x09, 0xFF, 0x5F, 0xFF, 0xFF, 0xFF,
    0x4D, 0xFF, 0xFF, 0xFF, 0x00, 0x5A, 0xFF, 0xFF, 0x00, 0x00, 0x14, 0x78,
    0x00, 0x00, 0x00, 0x00, 0x00, 0x00, 0x00, 0x00, 0xFF, 0xFD, 0x00, 0x00,
    0xFF, 0xF9, 0x00, 0x00, 0xFF, 0xF4, 0x00, 0x00, 0xFF, 0xB0, 0x00, 0x00,
    0xFC, 0x10, 0x00, 0x00, 0x50, 0x00, 0x00, 0x00, 0x00, 0x00, 0x00, 0x00,
    0x00, 0x00, 0x00, 0x00, 0x00, 0x00, 0x00, 0x00, 0x00, 0x00, 0x00, 0x00,
    0x00, 0x00, 0x00, 0x00, 0x00, 0x00, 0x00, 0x00, 0x00, 0x00, 0x00, 0x00,
    0x00, 0x00, 0x00, 0x00, 0x00, 0x00, 0x00, 0x00, 0x00, 0x00, 0x00, 0x00,
    0x00, 0x00, 0x00, 0x00, 0x00, 0x00, 0x34, 0x44, 0x00, 0x00, 0xBF, 0xFF,
    0x00, 0x00, 0x9F, 0xFF, 0x00, 0x00, 0x7F, 0xFF, 0x00, 0x00, 0x8F, 0xFF,
    0x00, 0x00, 0x5F, 0xFF, 0x00, 0x14, 0x7F, 0xFF, 0x00, 0x00, 0x00, 0x00,
    0x44, 0x00, 0x00, 0x00, 0xFF, 0x00, 0x00, 0x00, 0xFF, 0x30, 0x00, 0x00,
    0xFF, 0x40, 0x00, 0x00, 0xFF, 0x40, 0x00, 0x00, 0xFF, 0x70, 0x00, 0x00,
    0xFF, 0xC8, 0xBB, 0xBB, 0x00, 0x00, 0x00, 0x00, 0x00, 0x00, 0x00, 0x00,
    0x00, 0x00, 0x00, 0x00, 0x00, 0x00, 0x00, 0x00, 0x00, 0x00, 0x00, 0x00,
    0x00, 0x00, 0x00, 0x00, 0x00, 0x00, 0x00, 0x00, 0xBC, 0xF6, 0x00, 0x00,
    0x00, 0x03, 0xBD, 0xFF, 0x00, 0x05, 0xFF, 0xFF, 0x00, 0x02, 0x87, 0x44,
    0x00, 0x00, 0x00, 0x00, 0x00, 0x00, 0x00, 0x00, 0x00, 0x00, 0x00, 0x00,
    0x00, 0x00, 0x00, 0x00, 0x00, 0x00, 0x00, 0x00, 0xFF, 0xFF, 0xFF, 0xFF,
    0xFF, 0xFF, 0xFF, 0xFF, 0x44, 0x41, 0x1F, 0xFF, 0x00, 0x00, 0x0F, 0xFF,
    0x00, 0x00, 0x0D, 0xFF, 0x00, 0x00, 0x0B, 0xFF, 0x00, 0x00, 0x0B, 0xFF,
    0x00, 0x00, 0x0A, 0xFF, 0xFF, 0xFF, 0xFF, 0xFF, 0xFF, 0xEB, 0x88, 0x88,
    0xFF, 0xB0, 0x00, 0x00, 0xFF, 0xC0, 0x00, 0x00, 0xFF, 0xF0, 0x00, 0x00,
    0xFF, 0xF0, 0x00, 0x00, 0xFF, 0xF1, 0x00, 0x00, 0xFF, 0xF4, 0x00, 0x00,
    0xFF, 0xF8, 0x00, 0x00, 0x87, 0x42, 0x00, 0x00, 0x00, 0x00, 0x00, 0x00,
    0x00, 0x00, 0x00, 0x00, 0x00, 0x00, 0x00, 0x00, 0x00, 0x00, 0x00, 0x00,
    0x00, 0x00, 0x00, 0x00, 0x00, 0x00, 0x00, 0x00, 0x00, 0x00, 0x00, 0x00,
    0x00, 0x58, 0x8B, 0xBB, 0x00, 0xCF, 0xFF, 0xFF, 0x00, 0x8B, 0xB8, 0x88,
    0x00, 0x00, 0x00, 0x00, 0x00, 0x00, 0x00, 0x00, 0x00, 0x00, 0x00, 0x00,
    0x00, 0x00, 0x00, 0x00, 0x00, 0x00, 0x08, 0xFF, 0xBB, 0xDF, 0xFF, 0xFF,
    0xFF, 0xFF, 0xFF, 0xFF, 0x88, 0x74, 0x47, 0xFF, 0x00, 0x00, 0x04, 0xFF,
    0x00, 0x00, 0x03, 0xFF, 0x00, 0x00, 0x00, 0xFF, 0x00, 0x00, 0x00, 0xFF,
    0xFF, 0xF7, 0x45, 0x88, 0xFF, 0xFF, 0xFF, 0xFF, 0xFF, 0xFF, 0xFE, 0xBB,
    0xFF, 0xF8, 0x00, 0x00, 0xFF, 0xFB, 0x00, 0x00, 0xFF, 0xFB, 0x00, 0x00,
    0xFF, 0xFC, 0x00, 0x00, 0xFF, 0xFF, 0x00, 0x00, 0x88, 0x8B, 0xB8, 0x00,
    0xFF, 0xFF, 0xFC, 0x00, 0xBB, 0xBA, 0x85, 0x00, 0x00, 0x00, 0x00, 0x00,
    0x00, 0x00, 0x00, 0x00, 0x00, 0x00, 0x00, 0x00, 0x00, 0x00, 0x00, 0x00,
    0x00, 0x00, 0x00, 0x00, 0x00, 0x00, 0x00, 0x00, 0x00, 0x00, 0x00, 0x00,
    0x00, 0x00, 0x00, 0x00, 0x00, 0x00, 0x00, 0x00, 0x00, 0x00, 0x00, 0x00,
    0x00, 0x00, 0x00, 0x00, 0x00, 0x00, 0x00, 0x00, 0x00, 0x00, 0x00, 0x00,
    0x00, 0x00, 0x00, 0xEF, 0x00, 0x00, 0x00, 0xBF, 0x00, 0x00, 0x00, 0xBF,
    0x00, 0x00, 0x00, 0xBF, 0x00, 0x00, 0x00, 0x8F, 0x00, 0x00, 0x00, 0x38,
    0x00, 0x00, 0x00, 0x00, 0x00, 0x00, 0x00, 0x00, 0xFF, 0xFF, 0x00, 0x00,
    0xFF, 0xFF, 0x10, 0x00, 0xFF, 0xFF, 0x40, 0x00, 0xFF, 0xFF, 0x40, 0x00,
    0xFF, 0xFF, 0x50, 0x00, 0x74, 0x44, 0x00, 0x00, 0x00, 0x00, 0x00, 0x00,
    0x00, 0x00, 0x00, 0x00, 0x00, 0x00, 0x00, 0x00, 0x00, 0x00, 0x00, 0x00,
    0x00, 0x00, 0x00, 0x00, 0x00, 0x00, 0x00, 0x00, 0x00, 0x00, 0x00, 0x00,
    0x00, 0x00, 0x00, 0x00, 0x00, 0x00, 0x00, 0x00, 0x00, 0x00, 0x00, 0x00,
    0x00, 0x00, 0x00, 0x00, 0x00, 0x00, 0x00, 0x00, 0x00, 0x00, 0x00, 0x00,
    0x00, 0x00, 0x00, 0x00, 0x00, 0x00, 0x00, 0x00, 0x00, 0x00, 0x00, 0x00,
    0x00, 0x00, 0x00, 0x00, 0x00, 0x00, 0x00, 0x00, 0x00, 0x00, 0x00, 0x00,
    0x00, 0x00, 0x44, 0x44, 0x00, 0x00, 0xFF, 0xFF, 0x00, 0x00, 0xCF, 0xFF,
    0x00, 0x00, 0xBF, 0xFF, 0x00, 0x00, 0xBF, 0xFF, 0x00, 0x00, 0x8F, 0xFF,
    0x00, 0x14, 0xAF, 0xFF, 0x00, 0x00, 0x00, 0x00, 0x43, 0x00, 0x00, 0x02,
    0xFB, 0x00, 0x00, 0x00, 0xFE, 0x00, 0x00, 0x00, 0xFF, 0x00, 0x00, 0x00,
    0xFF, 0x10, 0x00, 0x00, 0xFF, 0x30, 0x00, 0x00, 0xFF, 0xA8, 0xBB, 0xBB,
    0x03, 0x0B, 0xFC, 0x10, 0xDF, 0x42, 0xFF, 0xA0, 0xBF, 0xE2, 0x7F, 0xF7,
    0x1E, 0xFC, 0x1D, 0xB3, 0x08, 0xFF, 0x71, 0x00, 0x01, 0xC7, 0x10, 0x00,
    0x00, 0x10, 0x00, 0x00, 0xBD, 0xE3, 0x00, 0x00, 0x00, 0x05, 0xBE, 0xFF,
    0x00, 0x08, 0xFF, 0xFF, 0x00, 0x04, 0x86, 0x44, 0x00, 0x00, 0x00, 0x00,
    0x00, 0x00, 0x00, 0x00, 0x00, 0x00, 0x00, 0x00, 0x00, 0x00, 0x00, 0x00,
    0x00, 0x00, 0x00, 0x00, 0xFF, 0xFF, 0xFF, 0xFF, 0xFF, 0xFF, 0xFF, 0xFF,
    0x44, 0x41, 0x5F, 0xFF, 0x00, 0x00, 0x4F, 0xFF, 0x00, 0x00, 0x2F, 0xFF,
    0x00, 0x00, 0x0E, 0xFF, 0x00, 0x00, 0x1F, 0xFF, 0x00, 0x00, 0x0D, 0xFF,
    0xFF, 0xFF, 0xFF, 0xFF, 0xFF, 0xDB, 0x88, 0x88, 0xFF, 0x70, 0x00, 0x00,
    0xFF, 0x80, 0x00, 0x00, 0xFF, 0xB0, 0x00, 0x00, 0xFF, 0xB0, 0x00, 0x00,
    0xFF, 0xC0, 0x00, 0x00, 0xFF, 0xF0, 0x00, 0x00, 0xFF, 0xF4, 0x00, 0x00,
    0x87, 0x41, 0x00, 0x00, 0x00, 0x00, 0x00, 0x00, 0x00, 0x00, 0x00, 0x00,
    0x00, 0x00, 0x00, 0x00, 0x00, 0x00, 0x00, 0x00, 0x00, 0x00, 0x00, 0x00,
    0x00, 0x00, 0x00, 0x00, 0x00, 0x00, 0x00, 0x00, 0x00, 0x78, 0x8B, 0xBB,
    0x01, 0xFF, 0xFF, 0xFF, 0x00, 0xAB, 0xB8, 0x88, 0x00, 0x00, 0x00, 0x00,
    0x00, 0x00, 0x00, 0x00, 0x00, 0x00, 0x00, 0x00, 0x00, 0x00, 0x00, 0x00,
    0x00, 0x00, 0x0B, 0xFF, 0xBB, 0xEF, 0xFF, 0xFF, 0xFF, 0xFF, 0xFF, 0xFF,
    0x88, 0x74, 0x4A, 0xFF, 0x00, 0x00, 0x07, 0xFF, 0x00, 0x00, 0x07, 0xFF,
    0x00, 0x00, 0x04, 0xFF, 0x00, 0x00, 0x04, 0xFF, 0xFF, 0xF5, 0x46, 0x88,
    0xFF, 0xFF, 0xFF, 0xFF, 0xFF, 0xFF, 0xFD, 0xBB, 0xFF, 0xF5, 0x00, 0x00,
    0xFF, 0xF7, 0x00, 0x00, 0xFF, 0xF7, 0x00, 0x00, 0xFF, 0xF9, 0x00, 0x00,
    0xFF, 0xFB, 0x00, 0x00, 0x88, 0x8B, 0xB5, 0x00, 0xFF, 0xFF, 0xF8, 0x00,
    0xBB, 0xB9, 0x84, 0x00, 0x00, 0x00, 0x00, 0x00, 0x00, 0x00, 0x00, 0x00,
    0x00, 0x00, 0x00, 0x00, 0x00, 0x00, 0x00, 0x00, 0x00, 0x00, 0x00, 0x00,
    0x00, 0x00, 0x00, 0x00, 0x00, 0x00, 0x00, 0x00, 0x00, 0x00, 0x00, 0x00,
    0x00, 0x00, 0x00, 0x00, 0x00, 0x00, 0x00, 0x00, 0x00, 0x00, 0x00, 0x00,
    0x00, 0x00, 0x00, 0x00, 0x00, 0x00, 0x00, 0x00, 0x00, 0x00, 0x03, 0xFF,
    0x00, 0x00, 0x00, 0xFF, 0x00, 0x00, 0x00, 0xFF, 0x00, 0x00, 0x00, 0xEF,
    0x00, 0x00, 0x00, 0xCF, 0x00, 0x00, 0x00, 0x58, 0x00, 0x00, 0x00, 0x00,
    0x00, 0x00, 0x00, 0x00, 0xFF, 0xFB, 0x00, 0x00, 0xFF, 0xFC, 0x00, 0x00,
    0xFF, 0xFF, 0x00, 0x00, 0xFF, 0xFF, 0x00, 0x00, 0xFF, 0xFF, 0x20, 0x00,
    0x64, 0x43, 0x00, 0x00, 0x00, 0x00, 0x00, 0x00, 0x00, 0x00, 0x00, 0x00,
    0x00, 0x00, 0x00, 0x00, 0x00, 0x00, 0x00, 0x00, 0x00, 0x00, 0x00, 0x00,
    0x00, 0x00, 0x00, 0x00, 0x00, 0x00, 0x00, 0x00, 0x00, 0x00, 0x00, 0x00,
    0x00, 0x00, 0x00, 0x00, 0x00, 0x00, 0x00, 0x00, 0x00, 0x00, 0x00, 0x00,
    0x00, 0x00, 0x00, 0x00, 0x00, 0x00, 0x00, 0x00, 0x00, 0x00, 0x00, 0x00,
    0x00, 0x00, 0x00, 0x00, 0x00, 0x00, 0x00, 0x00, 0x00, 0x00, 0x00, 0x00,
    0x00, 0x00, 0x00, 0x00, 0x00, 0x00, 0x00, 0x00, 0x00, 0x09, 0x74, 0x10,
    0x00, 0x2F, 0xFF, 0xEB, 0x00, 0x5F, 0xFF, 0xFF, 0x00, 0x8F, 0xFF, 0xFF,
    0x00, 0xCF, 0xFF, 0xFF, 0x02, 0xFF, 0xFF, 0xFF, 0x08, 0xFF, 0xFF, 0xFF,
    0x00, 0x00, 0x00, 0x00, 0x00, 0x00, 0x00, 0x00, 0x82, 0x00, 0x00, 0x00,
    0xF3, 0x00, 0x00, 0x00, 0xD0, 0x00, 0x00, 0x00, 0x60, 0x00, 0x00, 0x00,
    0x98, 0x88, 0x88, 0x88, 0xFF, 0xFF, 0xFF, 0xFF, 0x00, 0x00, 0x00, 0x00,
    0x00, 0x00, 0x00, 0x00, 0x00, 0x00, 0x00, 0x00, 0x00, 0x00, 0x00, 0x00,
    0x00, 0x00, 0x00, 0x00, 0x00, 0x00, 0x00, 0x00, 0x88, 0x84, 0x00, 0x00,
    0xFF, 0xFF, 0x60, 0x00, 0x00, 0x00, 0x00, 0x00, 0x00, 0x00, 0x00, 0x00,
    0x00, 0x00, 0x00, 0x01, 0x00, 0x00, 0x00, 0x0B, 0x00, 0x00, 0x00, 0x9F,
    0x00, 0x00, 0x09, 0xFF, 0x00, 0x03, 0xBF, 0xFF, 0x00, 0x0B, 0xFF, 0xFB,
    0x0E, 0xFF, 0xFF, 0xEB, 0x7F, 0xFF, 0xFF, 0x30, 0xEF, 0xFF, 0xF6, 0x00,
    0xFF, 0xFF, 0x90, 0x00, 0xFF, 0xF9, 0x00, 0x00, 0xFF, 0x90, 0x00, 0x00,
    0xE6, 0x00, 0x00, 0x00, 0x20, 0x00, 0x00, 0x00, 0xBB, 0xBB, 0xBB, 0xCF,
    0x00, 0x00, 0x00, 0x5F, 0x00, 0x00, 0x00, 0x7F, 0x00, 0x00, 0x00, 0x9F,
    0x00, 0x00, 0x00, 0xCF, 0x00, 0x00, 0x01, 0xFF, 0x00, 0x00, 0x06, 0xFF,
    0x00, 0x00, 0x0A, 0xFF, 0xFF, 0xFF, 0xF3, 0x00, 0xFF, 0xFF, 0xF1, 0x00,
    0xFF, 0xFF, 0xC0, 0x00, 0xFF, 0xFF, 0x80, 0x00, 0xFF, 0xFF, 0x50, 0x00,
    0xFF, 0xFF, 0x10, 0x00, 0xFF, 0xFB, 0x00, 0x00, 0xFF, 0xF6, 0x00, 0x00,
    0x00, 0x02, 0xEC, 0x50, 0x00, 0x00, 0x10, 0x00, 0x00, 0x00, 0x00, 0x00,
    0x00, 0x00, 0x00, 0x00, 0x00, 0x00, 0x00, 0x00, 0x00, 0x00, 0x00, 0x00,
    0x00, 0x00, 0x00, 0x00, 0x00, 0x00, 0x00, 0x00, 0x00, 0x00, 0x00, 0x00,
    0x00, 0x00, 0x00, 0x00, 0x00, 0x00, 0x00, 0x00, 0x00, 0x00, 0x00, 0x00,
    0x00, 0x00, 0x00, 0x00, 0x00, 0x00, 0x00, 0x00, 0x00, 0x00, 0x00, 0x00,
    0x00, 0x00, 0x00, 0x08, 0x00, 0x00, 0x2F, 0xFF, 0x00, 0x00, 0x9F, 0xFF,
    0x00, 0x02, 0xFF, 0xFF, 0x00, 0x0B, 0xFF, 0xFF, 0x00, 0x8F, 0xFF, 0xFF,
    0x06, 0xFF, 0xFF, 0xFC, 0x6F, 0xFF, 0xFF, 0xE3, 0xFF, 0xFF, 0xFE, 0x30,
    0xFF, 0xE0, 0x00, 0x00, 0xFF, 0x80, 0x00, 0x00, 0xFE, 0x10, 0x00, 0x00,
    0xF6, 0x00, 0x00, 0x00, 0xA0, 0x00, 0x00, 0x00, 0x10, 0x00, 0x00, 0x00,
    0x00, 0x00, 0x00, 0x00, 0x00, 0x00, 0x00, 0x00, 0x00, 0x00, 0x00, 0x00,
    0x00, 0x00, 0x00, 0x00, 0x00, 0x00, 0x00, 0x01, 0x00, 0x00, 0x3A, 0xCF,
    0x00, 0x00, 0x2F, 0xFF, 0x00, 0x00, 0x07, 0xA8, 0x00, 0x00, 0x00, 0x00,
    0x00, 0x00, 0x00, 0x00, 0x00, 0x00, 0x04, 0xCF, 0x00, 0x04, 0xBF, 0xFF,
    0x58, 0xDF, 0xFF, 0xFF, 0xFF, 0xFF, 0xFF, 0xE9, 0xFF, 0xEB, 0x85, 0x00,
    0x64, 0x10, 0x00, 0x00, 0x00, 0x00, 0x00, 0x00, 0x00, 0x00, 0x00, 0x00,
    0xFF, 0xFF, 0xC1, 0x00, 0xFF, 0xF8, 0x00, 0x00, 0xF9, 0x20, 0x00, 0x00,
    0x20, 0x00, 0x00, 0x00, 0x00, 0x00, 0x00, 0x00, 0x00, 0x00, 0x00, 0x00,
    0x00, 0x00, 0x00, 0x00, 0x00, 0x00, 0x00, 0x00, 0x00, 0x00, 0x00, 0x00,
    0x00, 0x00, 0x00, 0x00, 0x00, 0x00, 0x00, 0x00, 0x00, 0x00, 0x00, 0x00,
    0x00, 0x00, 0x00, 0x00, 0x00, 0x00, 0x00, 0x00, 0x00, 0x00, 0x00, 0x00,
    0x00, 0x00, 0x00, 0x00, 0x00, 0x00, 0x00, 0x00, 0x00, 0x00, 0x00, 0x00,
    0x00, 0x00, 0x00, 0x00, 0x00, 0x00, 0x00, 0x00, 0x00, 0x00, 0x00, 0x00,
    0x00, 0x00, 0x00, 0x00, 0x00, 0x00, 0x00, 0x00, 0x00, 0x00, 0x00, 0x00,
    0x00, 0x00, 0x00, 0x00, 0x00, 0xA7, 0x30, 0x00, 0x03, 0xFF, 0xFE, 0xB8,
    0x05, 0xFF, 0xFF, 0xFF, 0x08, 0xFF, 0xFF, 0xFD, 0x0C, 0xFF, 0xFF, 0xF5,
    0x2F, 0xFF, 0xFF, 0xF9, 0x8F, 0xFF, 0xFF, 0xFF, 0x00, 0x00, 0x00, 0x00,
    0x00, 0x00, 0x00, 0x00, 0x20, 0x00, 0x00, 0x00, 0x30, 0x00, 0x00, 0x00,
    0x00, 0x00, 0x00, 0x00, 0x00, 0x00, 0x00, 0x00, 0x88, 0x88, 0x88, 0x88,
    0xFF, 0xFF, 0xFF, 0xFF, 0x01, 0x06, 0xFE, 0x30, 0x6E, 0x91, 0xCF, 0xE3,
    0x7F, 0xF7, 0x2F, 0xFD, 0x0A, 0xFF, 0x47, 0xE7, 0x01, 0xEF, 0xE1, 0x10,
    0x00, 0x7D, 0x40, 0x00, 0x87, 0x41, 0x00, 0x00, 0xFF, 0xE1, 0x00, 0x00,
    0x00, 0x00, 0x00, 0x00, 0x00, 0x00, 0x00, 0x07, 0x00, 0x00, 0x00, 0x2E,
    0x00, 0x00, 0x00, 0xBF, 0x00, 0x00, 0x09, 0xFF, 0x00, 0x00, 0x9F, 0xFF,
    0x00, 0x3B, 0xFF, 0xFE, 0x00, 0xBF, 0xFF, 0xB2, 0xDF, 0xFF, 0xFE, 0xBB,
    0xFF, 0xFF, 0xE3, 0x00, 0xFF, 0xFF, 0x60, 0x00, 0xFF, 0xF8, 0x00, 0x00,
    0xFF, 0x90, 0x00, 0x00, 0xF9, 0x00, 0x00, 0x00, 0x60, 0x00, 0x00, 0x00,
    0x00, 0x00, 0x00, 0x00, 0xBB, 0xBB, 0xBC, 0xFF, 0x00, 0x00, 0x06, 0xFF,
    0x00, 0x00, 0x08, 0xFF, 0x00, 0x00, 0x0B, 0xFF, 0x00, 0x00, 0x0D, 0xFF,
    0x00, 0x00, 0x2F, 0xFF, 0x00, 0x00, 0x7F, 0xFF, 0x00, 0x00, 0xBF, 0xFF,
    0xFF, 0xFC, 0x00, 0x00, 0xFF, 0xFD, 0x00, 0x00, 0xFF, 0xFA, 0x00, 0x00,
    0xFF, 0xF7, 0x00, 0x00, 0xFF, 0xF3, 0x00, 0x00, 0xFF, 0xE0, 0x00, 0x00,
    0xFF, 0x90, 0x00, 0x00, 0xFF, 0x40, 0x00, 0x00, 0x00, 0x2E, 0xC4, 0x00,
    0x00, 0x01, 0x00, 0x00, 0x00, 0x00, 0x00, 0x00, 0x00, 0x00, 0x00, 0x00,
    0x00, 0x00, 0x00, 0x00, 0x00, 0x00, 0x00, 0x00, 0x00, 0x00, 0x00, 0x00,
    0x00, 0x00, 0x00, 0x00, 0x00, 0x00, 0x00, 0x00, 0x00, 0x00, 0x00, 0x00,
    0x00, 0x00, 0x00, 0x00, 0x00, 0x00, 0x00, 0x00, 0x00, 0x00, 0x00, 0x00,
    0x00, 0x00, 0x00, 0x00, 0x00, 0x00, 0x00, 0x06, 0x00, 0x00, 0x01, 0x9F,
    0x00, 0x02, 0xFF, 0xFF, 0x00, 0x09, 0xFF, 0xFF, 0x00, 0x3F, 0xFF, 0xFF,
    0x00, 0xCF, 0xFF, 0xFF, 0x08, 0xFF, 0xFF, 0xF9, 0x6F, 0xFF, 0xFF, 0xC0,
    0xFF, 0xFF, 0xFD, 0x10, 0xFF, 0xFF, 0xD3, 0x00, 0xFD, 0x00, 0x00, 0x00,
    0xF6, 0x00, 0x00, 0x00, 0xD0, 0x00, 0x00, 0x00, 0x40, 0x00, 0x00, 0x00,
    0x00, 0x00, 0x00, 0x00, 0x00, 0x00, 0x00, 0x00, 0x00, 0x00, 0x00, 0x00,
    0x00, 0x00, 0x00, 0x00, 0x00, 0x00, 0x00, 0x00, 0x00, 0x00, 0x00, 0x00,
    0x00, 0x00, 0x00, 0x15, 0x00, 0x03, 0xAD, 0xFF, 0x00, 0x02, 0xFF, 0xFF,
    0x00, 0x00, 0x7A, 0x87, 0x00, 0x00, 0x00, 0x00, 0x00, 0x00, 0x00, 0x00,
    0x00, 0x00, 0x4D, 0xFF, 0x00, 0x6B, 0xFF, 0xFF, 0x9E, 0xFF, 0xFF, 0xFF,
    0xFF, 0xFF, 0xFF, 0x94, 0xFF, 0xD9, 0x61, 0x00, 0x41, 0x00, 0x00, 0x00,
    0x00, 0x00, 0x00, 0x00, 0x00, 0x00, 0x00, 0x00, 0xFF, 0xFC, 0x10, 0x00,
    0xFF, 0x80, 0x00, 0x00, 0xB3, 0x00, 0x00, 0x00, 0x00, 0x00, 0x00, 0x00,
    0x00, 0x00, 0x00, 0x00, 0x00, 0x00, 0x00, 0x00, 0x00, 0x00, 0x00, 0x00,
    0x00, 0x00, 0x00, 0x00, 0x00, 0x00, 0x00, 0x00, 0x00, 0x00, 0x00, 0x00,
    0x00, 0x00, 0x00, 0x00, 0x00, 0x00, 0x00, 0x00, 0x00, 0x00, 0x00, 0x00,
    0x00, 0x00, 0x00, 0x00, 0x00, 0x00, 0x00, 0x00, 0x00, 0x00, 0x00, 0x00,
    0x00, 0x00, 0x00, 0x00, 0x00, 0x00, 0x00, 0x08, 0x00, 0x00, 0x00, 0x0B,
    0x00, 0x00, 0x00, 0x0C, 0x00, 0x00, 0x00, 0x0F, 0x00, 0x00, 0x00, 0x1F,
    0x00, 0x00, 0x00, 0x4F, 0x00, 0x00, 0x00, 0x7F, 0x00, 0x00, 0x00, 0x00,
    0x86, 0x41, 0x00, 0x00, 0xFF, 0xFF, 0xD6, 0x00, 0xFF, 0xFF, 0xF8, 0x00,
    0xFF, 0xFF, 0xF4, 0x00, 0xFF, 0xFF, 0xF1, 0x00, 0xFF, 0xFF, 0xA0, 0x00,
    0xFF, 0xFF, 0x50, 0x00, 0x00, 0x00, 0x00, 0x00, 0x00, 0x00, 0x00, 0x00,
    0x00, 0x00, 0x00, 0x00, 0x00, 0x00, 0x00, 0x00, 0x00, 0x00, 0x00, 0x00,
    0x00, 0x00, 0x00, 0x00, 0x00, 0x00, 0x00, 0x00, 0x00, 0x00, 0x00, 0x00,
    0x00, 0x00, 0x00, 0x00, 0x00, 0x00, 0x00, 0x00, 0x00, 0x00, 0x00, 0x00,
    0x00, 0x00, 0x00, 0x00, 0x00, 0x00, 0x00, 0x00, 0x00, 0x00, 0x00, 0x00,
    0x00, 0x00, 0x00, 0x00, 0x00, 0x00, 0x00, 0x00, 0x00, 0x00, 0x00, 0xCF,
    0x00, 0x00, 0x02, 0xFF, 0x00, 0x00, 0x08, 0xFF, 0x00, 0x00, 0x1E, 0xFF,
    0x00, 0x00, 0x8F, 0xFF, 0x00, 0x03, 0xEF, 0xFF, 0x00, 0x1C, 0xFF, 0xFA,
    0x00, 0xAF, 0xFF, 0x90, 0xFF, 0xFF, 0xBB, 0xBB, 0xFF, 0xFF, 0xFF, 0xFF,
    0xFF, 0xD8, 0x88, 0x88, 0xFF, 0x30, 0x00, 0x00, 0xF7, 0x00, 0x00, 0x00,
    0x90, 0x00, 0x00, 0x00, 0x00, 0x00, 0x00, 0x00, 0x00, 0x00, 0x00, 0x00,
    0xBB, 0xBB, 0xBB, 0xBB, 0xFF, 0xFF, 0xFF, 0xFF, 0x8F, 0xFF, 0xFF, 0xFA,
    0x0E, 0xFF, 0xFF, 0xF3, 0x0E, 0xFF, 0xFF, 0xF3, 0x2F, 0xFF, 0xFF, 0xF0,
    0x4F, 0xFF, 0xFF, 0xF0, 0x4F, 0xFF, 0xFF, 0xE0, 0xBB, 0xBB, 0xBA, 0x00,
    0xFF, 0xFF, 0xFF, 0x10, 0x88, 0x88, 0x87, 0x00, 0x00, 0x00, 0x00, 0x00,
    0x00, 0x00, 0x00, 0x00, 0x00, 0x00, 0x00, 0x00, 0x00, 0x00, 0x00, 0x00,
    0x00, 0x00, 0x00, 0x00, 0x04, 0xFF, 0xF8, 0x00, 0x00, 0x5B, 0x40, 0x00,
    0x00, 0x00, 0x00, 0x00, 0x00, 0x00, 0x00, 0x00, 0x00, 0x00, 0x00, 0x00,
    0x00, 0x00, 0x00, 0x00, 0x00, 0x00, 0x00, 0x00, 0x00, 0x00, 0x00, 0x00,
    0x00, 0x00, 0x00, 0x00, 0x00, 0x00, 0x00, 0x00, 0x00, 0x00, 0x00, 0x00,
    0x00, 0x00, 0x00, 0x01, 0x00, 0x00, 0x00, 0x06, 0x00, 0x00, 0x00, 0x0D,
    0x00, 0x00, 0x00, 0x8F, 0x00, 0x00, 0x06, 0xFF, 0x6F, 0xFF, 0xFF, 0xB0,
    0x8F, 0xFF, 0xFF, 0x90, 0xBF, 0xFF, 0xFF, 0x60, 0xFF, 0xFF, 0xFF, 0x30,
    0xFF, 0xFF, 0xFD, 0x00, 0xFF, 0xFF, 0xF6, 0x00, 0xFF, 0xFF, 0xD0, 0x00,
    0xFF, 0xFF, 0x30, 0x00, 0x00, 0x00, 0x00, 0x00, 0x00, 0x00, 0x00, 0x00,
    0x00, 0x00, 0x00, 0x00, 0x00, 0x00, 0x00, 0x00, 0x00, 0x00, 0x00, 0x00,
    0x00, 0x00, 0x00, 0x00, 0x00, 0x00, 0x00, 0x00, 0x00, 0x00, 0x00, 0x00,
    0x00, 0x00, 0x00, 0x00, 0x00, 0x00, 0x00, 0x00, 0x00, 0x00, 0x00, 0x03,
    0x00, 0x00, 0x03, 0xDF, 0x00, 0x00, 0x00, 0xCF, 0x00, 0x00, 0x00, 0x37,
    0x00, 0x00, 0x00, 0x00, 0x00, 0x00, 0x00, 0x00, 0x00, 0x00, 0x8F, 0xFF,
    0x00, 0x6C, 0xFF, 0xFF, 0x8D, 0xFF, 0xFF, 0xFF, 0xFF, 0xFF, 0xFF, 0xA4,
    0xFF, 0xD9, 0x61, 0x00, 0x41, 0x00, 0x00, 0x00, 0x00, 0x00, 0x00, 0x00,
    0x00, 0x00, 0x00, 0x00, 0xFF, 0xF6, 0x00, 0x00, 0xFE, 0x60, 0x00, 0x00,
    0xB2, 0x00, 0x00, 0x00, 0x00, 0x00, 0x00, 0x00, 0x00, 0x00, 0x00, 0x00,
    0x00, 0x00, 0x00, 0x00, 0x00, 0x00, 0x00, 0x00, 0x00, 0x00, 0x00, 0x00,
    0x00, 0x00, 0x00, 0x00, 0x00, 0x00, 0x00, 0x00, 0x00, 0x00, 0x00, 0x00,
    0x00, 0x00, 0x00, 0x00, 0x00, 0x00, 0x00, 0x00, 0x00, 0x00, 0x00, 0x00,
    0x00, 0x00, 0x00, 0x00, 0x00, 0x00, 0x00, 0x00, 0x00, 0x00, 0x00, 0x00,
    0x00, 0x00, 0x00, 0x09, 0x00, 0x00, 0x00, 0x0F, 0x00, 0x00, 0x00, 0x1F,
    0x00, 0x00, 0x00, 0x4F, 0x00, 0x00, 0x00, 0x5F, 0x00, 0x00, 0x00, 0x8F,
    0x00, 0x00, 0x00, 0xBF, 0x00, 0x00, 0x00, 0x00, 0x85, 0x30, 0x00, 0x00,
    0xFF, 0xFF, 0xC4, 0x00, 0xFF, 0xFF, 0xF4, 0x00, 0xFF, 0xFF, 0xE1, 0x00,
    0xFF, 0xFF, 0xB0, 0x00, 0xFF, 0xFF, 0x70, 0x00, 0xFF, 0xFF, 0x10, 0x00,
    0x00, 0x00, 0x00, 0x00, 0x00, 0x00, 0x00, 0x00, 0x00, 0x00, 0x00, 0x00,
    0x00, 0x00, 0x00, 0x00, 0x00, 0x00, 0x00, 0x00, 0x00, 0x00, 0x00, 0x00,
    0x00, 0x00, 0x00, 0x00, 0x00, 0x00, 0x00, 0x00, 0x00, 0x06, 0xFC, 0x10,
    0x6C, 0x63, 0xFF, 0xC1, 0x8F, 0xF4, 0x5F, 0xFA, 0x0D, 0xFE, 0x2B, 0xE8,
    0x04, 0xFF, 0xB3, 0x20, 0x00, 0xBD, 0x40, 0x00, 0x00, 0x10, 0x00, 0x00,
    0x00, 0x00, 0x00, 0x00, 0x00, 0x00, 0x01, 0xFF, 0x00, 0x00, 0x06, 0xFF,
    0x00, 0x00, 0x0B, 0xFF, 0x00, 0x00, 0x4F, 0xFF, 0x00, 0x00, 0xBF, 0xFF,
    0x00, 0x06, 0xFF, 0xFF, 0x00, 0x3E, 0xFF, 0xF6, 0x02, 0xCF, 0xFF, 0x60,
    0xFF, 0xFE, 0xBB, 0xBB, 0xFF, 0xFF, 0xFF, 0xFF, 0xFF, 0xB8, 0x88, 0x88,
    0xFD, 0x00, 0x00, 0x00, 0xF3, 0x00, 0x00, 0x00, 0x60, 0x00, 0x00, 0x00,
    0x00, 0x00, 0x00, 0x00, 0x00, 0x00, 0x00, 0x00, 0xBB, 0xBB, 0xBB, 0xBB,
    0xFF, 0xFF, 0xFF, 0xFF, 0xAF, 0xFF, 0xFF, 0xF8, 0x3F, 0xFF, 0xFF, 0xF0,
    0x4F, 0xFF, 0xFF, 0xD0, 0x6F, 0xFF, 0xFF, 0xB0, 0x8F, 0xFF, 0xFF, 0xB0,
    0x7F, 0xFF, 0xFF, 0xA0, 0xBB, 0xBB, 0xB8, 0x00, 0xFF, 0xFF, 0xFC, 0x00,
    0x88, 0x88, 0x85, 0x00, 0x00, 0x00, 0x00, 0x00, 0x00, 0x00, 0x00, 0x00,
    0x00, 0x00, 0x00, 0x00, 0x00, 0x00, 0x00, 0x00, 0x00, 0x00, 0x00, 0x00,
    0x07, 0xFF, 0xE5, 0x00, 0x00, 0x8B, 0x20, 0x00, 0x00, 0x00, 0x00, 0x00,
    0x00, 0x00, 0x00, 0x00, 0x00, 0x00, 0x00, 0x00, 0x00, 0x00, 0x00, 0x00,
    0x00, 0x00, 0x00, 0x00, 0x00, 0x00, 0x00, 0x00, 0x00, 0x00, 0x00, 0x00,
    0x00, 0x00, 0x00, 0x00, 0x00, 0x00, 0x00, 0x00, 0x00, 0x00, 0x00, 0x05,
    0x00, 0x00, 0x00, 0x0A, 0x00, 0x00, 0x00, 0x2F, 0x00, 0x00, 0x00, 0xCF,
    0x00, 0x00, 0x09, 0xFF, 0x9F, 0xFF, 0xFF, 0x80, 0xBF, 0xFF, 0xFF, 0x60,
    0xEF, 0xFF, 0xFF, 0x30, 0xFF, 0xFF, 0xFD, 0x00, 0xFF, 0xFF, 0xF8, 0x00,
    0xFF, 0xFF, 0xF2, 0x00, 0xFF, 0xFF, 0x90, 0x00, 0xFF, 0xFD, 0x10, 0x00,
    0x00, 0x00, 0x00, 0x00, 0x00, 0x00, 0x00, 0x00, 0x00, 0x00, 0x00, 0x00,
    0x00, 0x00, 0x00, 0x00, 0x00, 0x00, 0x00, 0x00, 0x00, 0x00, 0x00, 0x00,
    0x00, 0x00, 0x00, 0x00, 0x00, 0x00, 0x00, 0x00, 0x00, 0x00, 0x00, 0x00,
    0x00, 0x00, 0x00, 0x00, 0x00, 0x00, 0x00, 0x15, 0x00, 0x00, 0x05, 0xFF,
    0x00, 0x00, 0x01, 0xFF, 0x00, 0x00, 0x00, 0x57, 0x00, 0x00, 0x00, 0x00,
    0x00, 0x00, 0x00, 0x00, 0x00, 0x01, 0xAF, 0xFF, 0x01, 0x8E, 0xFF, 0xFF,
    0x9E, 0xFF, 0xFF, 0xFF, 0xFF, 0xFF, 0xFE, 0x92, 0xFF, 0xC9, 0x50, 0x00,
    0x41, 0x00, 0x00, 0x00, 0x00, 0x00, 0x00, 0x00, 0x00, 0x00, 0x00, 0x00,
    0xFF, 0xE3, 0x00, 0x00, 0xFE, 0x30, 0x00, 0x00, 0x91, 0x00, 0x00, 0x00,
    0x00, 0x00, 0x00, 0x00, 0x00, 0x00, 0x00, 0x00, 0x00, 0x00, 0x00, 0x00,
    0x00, 0x00, 0x00, 0x00, 0x00, 0x00, 0x00, 0x00, 0x00, 0x00, 0x00, 0x00,
    0x00, 0x00, 0x00, 0x00, 0x00, 0x00, 0x00, 0x00, 0x00, 0x00, 0x00, 0x00,
    0x00, 0x00, 0x00, 0x00, 0x00, 0x00, 0x00, 0x00, 0x00, 0x00, 0x00, 0x00,
    0x00, 0x00, 0x00, 0x00, 0x00, 0x00, 0x00, 0x00, 0x00, 0x00, 0x00, 0x00,
    0x00, 0x00, 0x00, 0x00, 0x00, 0x00, 0x00, 0x00, 0x00, 0x00, 0x78, 0x88,
    0x00, 0x01, 0xFF, 0xFF, 0x00, 0x00, 0xAB, 0xBB, 0x00, 0x00, 0x00, 0x00,
    0x00, 0x00, 0x00, 0x00, 0x00, 0x00, 0x00, 0x00, 0x00, 0x00, 0x00, 0x00,
    0x00, 0x00, 0x00, 0x00, 0x88, 0x88, 0x88, 0x88, 0xFF, 0xFF, 0xFF, 0xFF,
    0xBB, 0xBB, 0xBB, 0xBB, 0x00, 0x00, 0x00, 0x00, 0x00, 0x00, 0x00, 0x00,
    0x00, 0x00, 0x00, 0x00, 0x00, 0x00, 0x00, 0x00, 0x00, 0x00, 0x00, 0x00,
    0x88, 0x88, 0x88, 0x88, 0xFF, 0xFF, 0xFF, 0xFF, 0xBB, 0xBB, 0xBC, 0xFF,
    0x00, 0x00, 0x04, 0xFF, 0x00, 0x00, 0x00, 0x00, 0x00, 0x00, 0x00, 0x00,
    0x00, 0x00, 0x00, 0x00, 0x00, 0x00, 0x00, 0x00, 0x88, 0x85, 0x00, 0x00,
    0xFF, 0xFC, 0x00, 0x00, 0xFF, 0xFB, 0x00, 0x00, 0xFF, 0xFB, 0x00, 0x00,
    0x00, 0x00, 0x00, 0x00, 0x00, 0x00, 0x00, 0x00, 0x00, 0x00, 0x00, 0x00,
    0x00, 0x00, 0x00, 0x00, 0x00, 0x00, 0x00, 0x00, 0x00, 0x00, 0x00, 0x00,
    0x00, 0x00, 0x00, 0x00, 0x00, 0x00, 0x00, 0x00, 0x00, 0x00, 0x00, 0x00,
    0x00, 0x00, 0x00, 0x00, 0x00, 0x00, 0x00, 0x00, 0x00, 0x00, 0x00, 0x00,
    0x00, 0x00, 0x00, 0x00, 0x00, 0x00, 0x00, 0x00, 0x00, 0x00, 0x00, 0x00,
    0x00, 0x00, 0x00, 0x00, 0x00, 0x00, 0x04, 0xFF, 0x00, 0x00, 0x04, 0xFF,
    0x00, 0x00, 0x04, 0xFF, 0x00, 0x00, 0x04, 0xFF, 0x00, 0x00, 0x04, 0xFF,
    0x00, 0x00, 0x04, 0xFF, 0x00, 0x00, 0x04, 0xFF, 0x00, 0x00, 0x04, 0xFF,
    0xFF, 0xFB, 0x00, 0x00, 0xFF, 0xFB, 0x00, 0x00, 0xFF, 0xFB, 0x00, 0x00,
    0xFF, 0xFB, 0x00, 0x00, 0xFF, 0xFB, 0x00, 0x00, 0xFF, 0xFB, 0x00, 0x00,
    0xFF, 0xFB, 0x00, 0x00, 0xFF, 0xFB, 0x00, 0x00, 0x00, 0x00, 0x00, 0x00,
    0x00, 0x00, 0x00, 0x00, 0x00, 0x00, 0x00, 0x00, 0x00, 0x00, 0x00, 0x00,
    0x00, 0x00, 0x00, 0x00, 0x00, 0x00, 0x00, 0x00, 0x00, 0x00, 0x00, 0x00,
    0x00, 0x00, 0x00, 0x00, 0x00, 0x00, 0x00, 0x00, 0x00, 0x00, 0x00, 0x00,
    0x00, 0x00, 0x00, 0x00, 0x00, 0x00, 0x00, 0x00, 0x00, 0x00, 0x00, 0x00,
    0x00, 0x00, 0x00, 0x00, 0x00, 0x00, 0x00, 0x00, 0x00, 0x00, 0x00, 0x00,
    0x00, 0x00, 0x04, 0xFF, 0x00, 0x00, 0x04, 0xFF, 0x00, 0x00, 0x04, 0xFF,
    0x00, 0x00, 0x04, 0xFF, 0x00, 0x00, 0x04, 0xFF, 0x00, 0x00, 0x04, 0xFF,
    0x00, 0x00, 0x04, 0xFF, 0x00, 0x00, 0x04, 0xFF, 0xFF, 0xFB, 0x00, 0x00,
    0xFF, 0xFB, 0x00, 0x00, 0xFF, 0xFB, 0x00, 0x00, 0xFF, 0xFB, 0x00, 0x00,
    0xFF, 0xFB, 0x00, 0x00, 0xFF, 0xFB, 0x00, 0x00, 0xFF, 0xFB, 0x00, 0x00,
    0xFF, 0xFB, 0x00, 0x00, 0x00, 0x03, 0xBB, 0xBB, 0x00, 0x05, 0xFF, 0xFF,
    0x00, 0x02, 0x88, 0x88, 0x00, 0x00, 0x00, 0x00, 0x00, 0x00, 0x00, 0x00,
    0x00, 0x00, 0x00, 0x00, 0x00, 0x00, 0x00, 0x00, 0x00, 0x00, 0x00, 0x00,
    0xBB, 0xBB, 0xBB, 0xBB, 0xFF, 0xFF, 0xFF, 0xFF, 0x88, 0x88, 0x88, 0x88,
    0x00, 0x00, 0x00, 0x00, 0x00, 0x00, 0x00, 0x00, 0x00, 0x00, 0x00, 0x00,
    0x00, 0x00, 0x00, 0x00, 0x00, 0x00, 0x00, 0x00, 0xBB, 0xBB, 0xBC, 0xFF,
    0xFF, 0xFF, 0xFF, 0xFF, 0x88, 0x88, 0x8A, 0xFF, 0x00, 0x00, 0x03, 0xFF,
    0x00, 0x00, 0x01, 0x44, 0x00, 0x00, 0x00, 0x00, 0x00, 0x00, 0x00, 0x00,
    0x00, 0x00, 0x00, 0x00, 0xFF, 0xFB, 0x00, 0x00, 0xFF, 0xFB, 0x00, 0x00,
    0xFF, 0xFB, 0x00, 0x00, 0xFF, 0xFB, 0x00, 0x00, 0x44, 0x43, 0x00, 0x00,
    0x00, 0x00, 0x00, 0x00, 0x00, 0x00, 0x00, 0x00, 0x00, 0x00, 0x00, 0x00,
    0x00, 0x00, 0x00, 0x00, 0x00, 0x00, 0x00, 0x00, 0x00, 0x00, 0x00, 0x00,
    0x00, 0x00, 0x00, 0x00, 0x00, 0x04, 0x44, 0x44, 0x00, 0x0F, 0xFF, 0xFF,
    0x00, 0x0E, 0xFF, 0xFF, 0x00, 0x00, 0x00, 0x00, 0x00, 0x00, 0x00, 0x00,
    0x00, 0x00, 0x00, 0x00, 0x00, 0x00, 0x00, 0x00, 0x00, 0x00, 0x00, 0x00,
    0x44, 0x44, 0x44, 0x44, 0xFF, 0xFF, 0xFF, 0xFF, 0xFF, 0xFF, 0xFF, 0xFF,
    0x00, 0x00, 0x00, 0x00, 0x00, 0x00, 0x00, 0x00, 0x00, 0x00, 0x00, 0x00,
    0x00, 0x00, 0x00, 0x00, 0x00, 0x00, 0x00, 0x00, 0x44, 0x44, 0x44, 0x44,
    0xFF, 0xFF, 0xFF, 0xFF, 0xFF, 0xFF, 0xFF, 0xFF, 0x00, 0x00, 0x5F, 0xFF,
    0x00, 0x07, 0xFE, 0x70, 0x2A, 0x82, 0x9F, 0xF9, 0x5F, 0xFB, 0x1B, 0xFE,
    0x05, 0xFF, 0xC3, 0x93, 0x44, 0x9F, 0xF7, 0x00, 0xFF, 0xB9, 0x70, 0x00,
    0xFF, 0xB0, 0x00, 0x00, 0xFF, 0xB0, 0x00, 0x00, 0x00, 0x00, 0x00, 0x00,
    0x00, 0x00, 0x00, 0x00, 0x00, 0x00, 0x00, 0x00, 0x00, 0x00, 0x00, 0x00,
    0x00, 0x00, 0x00, 0x00, 0x00, 0x00, 0x00, 0x00, 0x00, 0x00, 0x00, 0x00,
    0x00, 0x00, 0x00, 0x00, 0x00, 0x00, 0x00, 0x00, 0x00, 0x00, 0x00, 0x00,
    0x00, 0x00, 0x00, 0x00, 0x00, 0x00, 0x00, 0x00, 0x00, 0x00, 0x00, 0x00,
    0x00, 0x00, 0x00, 0x00, 0x00, 0x00, 0x00, 0x00, 0x00, 0x00, 0x00, 0x00,
    0x00, 0x00, 0x4F, 0xFF, 0x00, 0x00, 0x4F, 0xFF, 0x00, 0x00, 0x4F, 0xFF,
    0x00, 0x00, 0x4F, 0xFF, 0x00, 0x00, 0x4F, 0xFF, 0x00, 0x00, 0x4F, 0xFF,
    0x00, 0x00, 0x4F, 0xFF, 0x00, 0x00, 0x4F, 0xFF, 0xFF, 0xB0, 0x00, 0x00,
    0xFF, 0xB0, 0x00, 0x00, 0xFF, 0xB0, 0x00, 0x00, 0xFF, 0xB0, 0x00, 0x00,
    0xFF, 0xB0, 0x00, 0x00, 0xFF, 0xB0, 0x00, 0x00, 0xFF, 0xB0, 0x00, 0x00,
    0xFF, 0xB0, 0x00, 0x00, 0x00, 0x00, 0x00, 0x00, 0x00, 0x00, 0x00, 0x00,
    0x00, 0x00, 0x00, 0x00, 0x00, 0x00, 0x00, 0x00, 0x00, 0x00, 0x00, 0x00,
    0x00, 0x00, 0x00, 0x00, 0x00, 0x00, 0x00, 0x00, 0x00, 0x00, 0x00, 0x00,
    0x00, 0x00, 0x00, 0x00, 0x00, 0x00, 0x00, 0x00, 0x00, 0x00, 0x00, 0x00,
    0x00, 0x00, 0x00, 0x00, 0x00, 0x00, 0x00, 0x00, 0x00, 0x00, 0x00, 0x00,
    0x00, 0x00, 0x00, 0x00, 0x00, 0x00, 0x00, 0x00, 0x00, 0x00, 0x4F, 0xFF,
    0x00, 0x00, 0x4F, 0xFF, 0x00, 0x00, 0x4F, 0xFF, 0x00, 0x00, 0x4F, 0xFF,
    0x00, 0x00, 0x4F, 0xFF, 0x00, 0x00, 0x4F, 0xFF, 0x00, 0x00, 0x4F, 0xFF,
    0x00, 0x00, 0x3F, 0xFF, 0xFF, 0xB0, 0x00, 0x00, 0xFF, 0xB0, 0x00, 0x00,
    0xFF, 0xB0, 0x00, 0x00, 0xFF, 0xB0, 0x00, 0x00, 0xFF, 0xB0, 0x00, 0x00,
    0xFF, 0xB0, 0x00, 0x00, 0xFF, 0xB0, 0x00, 0x00, 0xFF, 0xB0, 0x00, 0x00,
    0x00, 0x28, 0x88, 0x88, 0x00, 0x5F, 0xFF, 0xFF, 0x00, 0x3B, 0xBB, 0xBB,
    0x00, 0x00, 0x00, 0x00, 0x00, 0x00, 0x00, 0x00, 0x00, 0x00, 0x00, 0x00,
    0x00, 0x00, 0x00, 0x00, 0x00, 0x00, 0x00, 0x00, 0x88, 0x88, 0x88, 0x88,
    0xFF, 0xFF, 0xFF, 0xFF, 0xBB, 0xBB, 0xBB, 0xBB, 0x00, 0x00, 0x00, 0x00,
    0x00, 0x00, 0x00, 0x00, 0x00, 0x00, 0x00, 0x00, 0x00, 0x00, 0x00, 0x00,
    0x00, 0x00, 0x00, 0x00, 0x88, 0x88, 0xAF, 0xFF, 0xFF, 0xFF, 0xFF, 0xFF,
    0xBB, 0xBB, 0xCF, 0xFF, 0x00, 0x00, 0x4F, 0xFF, 0x00, 0x00, 0x28, 0x88,
    0x00, 0x00, 0x00, 0x00, 0x00, 0x00, 0x00, 0x00, 0x00, 0x00, 0x00, 0x00,
    0xFF, 0xB0, 0x00, 0x00, 0xFF, 0xB0, 0x00, 0x00, 0xFF, 0xB0, 0x00, 0x00,
    0xFF, 0xC0, 0x00, 0x00, 0x88, 0x50, 0x00, 0x00, 0x00, 0x00, 0x00, 0x00,
    0x00, 0x00, 0x00, 0x00, 0x00, 0x00, 0x00, 0x00, 0x00, 0x00, 0x00, 0x00,
    0x00, 0x00, 0x00, 0x07, 0x00, 0x00, 0x00, 0x1F, 0x00, 0x00, 0x00, 0x0F,
    0x00, 0x00, 0x00, 0x0F, 0x00, 0x00, 0x00, 0x0F, 0x00, 0x00, 0x00, 0x0F,
    0x00, 0x00, 0x00, 0x0F, 0x00, 0x00, 0x00, 0x00, 0x44, 0x42, 0x00, 0x00,
    0xFF, 0xFF, 0xA0, 0x00, 0xFF, 0xFF, 0xB0, 0x00, 0xFF, 0xFF, 0xB0, 0x00,
    0xFF, 0xFF, 0xB0, 0x00, 0xFF, 0xFF, 0xB0, 0x00, 0xFF, 0xFF, 0xB0, 0x00,
    0x00, 0x00, 0x00, 0x00, 0x00, 0x07, 0x64, 0x43, 0x00, 0x1F, 0xFF, 0xFF,
    0x00, 0x0F, 0xFF, 0xFF, 0x00, 0x0F, 0xFF, 0xFF, 0x00, 0x0F, 0xFF, 0xFF,
    0x00, 0x0F, 0xFF, 0xFF, 0x00, 0x0F, 0xFF, 0xFF, 0x00, 0x00, 0x00, 0x00,
    0x00, 0x00, 0x00, 0x00, 0xE0, 0x00, 0x00, 0x00, 0xF0, 0x00, 0x00, 0x00,
    0xF0, 0x00, 0x00, 0x00, 0xF0, 0x00, 0x00, 0x00, 0xF0, 0x00, 0x00, 0x00,
    0xF0, 0x00, 0x00, 0x00, 0x00, 0x00, 0x00, 0x1F, 0x00, 0xAF, 0xFF, 0xFF,
    0x00, 0xBF, 0xFF, 0xFF, 0x00, 0x34, 0x44, 0x5F, 0x00, 0x00, 0x00, 0x0E,
    0x00, 0x00, 0x00, 0x0F, 0x00, 0x00, 0x00, 0x0F, 0x00, 0x00, 0x00, 0x0F,
    0xFF, 0xFF, 0xB0, 0x00, 0xFF, 0xFF, 0xFF, 0xFF, 0xFF, 0xFF, 0xFF, 0xFF,
    0xFF, 0xFF, 0xC4, 0x44, 0xFF, 0xFF, 0xB0, 0x00, 0xFF, 0xFF, 0xB0, 0x00,
    0xFF, 0xFF, 0xB0, 0x00, 0xFF, 0xFF, 0xB0, 0x00, 0x00, 0x1F, 0xFF, 0xFF,
    0xFF, 0xFF, 0xFF, 0xFF, 0xFF, 0xFF, 0xFF, 0xFF, 0x44, 0x5F, 0xFF, 0xFF,
    0x00, 0x0E, 0xFF, 0xFF, 0x00, 0x0F, 0xFF, 0xFF, 0x00, 0x0F, 0xFF, 0xFF,
    0x00, 0x0F, 0xFF, 0xFF, 0xF1, 0x00, 0x00, 0x00, 0xFF, 0xFF, 0xFA, 0x00,
    0xFF, 0xFF, 0xFB, 0x00, 0xF5, 0x44, 0x43, 0x00, 0xE0, 0x00, 0x00, 0x00,
    0xF0, 0x00, 0x00, 0x00, 0xF0, 0x00, 0x00, 0x00, 0xF0, 0x00, 0x00, 0x00,
    0x00, 0x00, 0x00, 0x0F, 0x00, 0x00, 0x00, 0x0F, 0x00, 0x00, 0x00, 0x1F,
    0x00, 0x00, 0x00, 0x0A, 0x00, 0x00, 0x00, 0x00, 0x00, 0x00, 0x00, 0x00,
    0x00, 0x00, 0x00, 0x00, 0x00, 0x00, 0x00, 0x00, 0xFF, 0xFF, 0xB0, 0x00,
    0xFF, 0xFF, 0xB0, 0x00, 0xFF, 0xFF, 0xC0, 0x00, 0xBB, 0xBB, 0x80, 0x00,
    0x00, 0x00, 0x00, 0x00, 0x00, 0x00, 0x00, 0x00, 0x00, 0x00, 0x00, 0x00,
    0x00, 0x00, 0x00, 0x00, 0x00, 0x0F, 0xFF, 0xFF, 0x00, 0x1F, 0xFF, 0xFF,
    0x00, 0x4F, 0xFF, 0xFF, 0x00, 0x5F, 0xFF, 0xFF, 0x00, 0x8F, 0xFF, 0xFF,
    0x00, 0xDF, 0xFF, 0xFB, 0x06, 0xFF, 0xFF, 0xF4, 0x2E, 0xFF, 0xFF, 0x90,
    0xE0, 0x00, 0x00, 0x00, 0xB0, 0x00, 0x00, 0x00, 0xA0, 0x00, 0x00, 0x00,
    0x70, 0x00, 0x00, 0x00, 0x20, 0x00, 0x00, 0x00, 0x00, 0x00, 0x00, 0x00,
    0x00, 0x00, 0x00, 0x00, 0x00, 0x00, 0x00, 0x00, 0x00, 0x00, 0x00, 0x00,
    0x00, 0x00, 0x00, 0x00, 0x00, 0x00, 0x00, 0x00, 0x00, 0x00, 0x00, 0x00,
    0x00, 0x00, 0x00, 0x00, 0x00, 0x00, 0x00, 0x00, 0x00, 0x00, 0x00, 0x00,
    0x00, 0x00, 0x00, 0x00, 0x00, 0x00, 0x00, 0x03, 0x00, 0x00, 0x01, 0x8E,
    0x00, 0x26, 0x9E, 0xFF, 0x05, 0xFF, 0xFF, 0xFF, 0x00, 0xDF, 0xFC, 0x96,
    0x00, 0x24, 0x10, 0x00, 0x00, 0x00, 0x00, 0x00, 0x00, 0x00, 0x00, 0x00,
    0xCF, 0xFF, 0xFC, 0x10, 0xFF, 0xFF, 0xC1, 0x00, 0xFF, 0xF8, 0x00, 0x00,
    0xE9, 0x20, 0x00, 0x00, 0x10, 0x00, 0x00, 0x00, 0x00, 0x00, 0x00, 0x00,
    0x00, 0x00, 0x00, 0x00, 0x00, 0x00, 0x00, 0x00, 0x00, 0x00, 0x00, 0x00,
    0x00, 0x00, 0x00, 0x00, 0x00, 0x00, 0x00, 0x00, 0x00, 0x00, 0x00, 0x00,
    0x00, 0x00, 0x00, 0x00, 0x00, 0x00, 0x00, 0x00, 0x00, 0x00, 0x00, 0x00,
    0x00, 0x00, 0x00, 0x00, 0x00, 0x00, 0x00, 0x00, 0x00, 0x00, 0x00, 0x32,
    0x00, 0x00, 0x00, 0xBF, 0x00, 0x00, 0x00, 0xBF, 0x00, 0x00, 0x00, 0xBF,
    0x00, 0x00, 0x00, 0xBF, 0x00, 0x00, 0x00, 0xBF, 0x00, 0x00, 0x00, 0xBF,
    0x00, 0x00, 0x00, 0x00, 0x00, 0x00, 0x00, 0x00, 0xFF, 0xEA, 0x00, 0x00,
    0xFF, 0xFF, 0x10, 0x00, 0xFF, 0xFF, 0x00, 0x00, 0xFF, 0xFF, 0x00, 0x00,
    0xFF, 0xFF, 0x00, 0x00, 0xFF, 0xFF, 0x00, 0x00, 0x00, 0x00, 0x00, 0x00,
    0x00, 0x33, 0x00, 0x00, 0x00, 0xBF, 0xFF, 0xEB, 0x00, 0xBF, 0xFF, 0xFF,
    0x00, 0xBF, 0xFF, 0xFF, 0x00, 0xBF, 0xFF, 0xFF, 0x00, 0xBF, 0xFF, 0xFF,
    0x00, 0xBF, 0xFF, 0xFF, 0x00, 0x00, 0x23, 0x00, 0x00, 0x21, 0xEE, 0x30,
    0x7D, 0xE1, 0xAF, 0xE3, 0x6D, 0xFB, 0x1E, 0xFD, 0x34, 0xFF, 0x75, 0xFA,
    0x40, 0xBF, 0xF4, 0x30, 0x40, 0x4D, 0x50, 0x00, 0x40, 0x00, 0x00, 0x00,
    0x00, 0x00, 0x00, 0xBF, 0x05, 0xBB, 0xBB, 0xEF, 0x08, 0xFF, 0xFF, 0xFF,
    0x04, 0x88, 0x88, 0xDF, 0x00, 0x00, 0x00, 0xBF, 0x00, 0x00, 0x00, 0xBF,
    0x00, 0x00, 0x00, 0xBF, 0x00, 0x00, 0x00, 0xBF, 0xFF, 0xFF, 0x00, 0x00,
    0xFF, 0xFF, 0xBB, 0xBB, 0xFF, 0xFF, 0xFF, 0xFF, 0xFF, 0xFF, 0x88, 0x88,
    0xFF, 0xFE, 0x00, 0x00, 0xFF, 0xFF, 0x00, 0x00, 0xFF, 0xFF, 0x00, 0x00,
    0xFF, 0xFF, 0x00, 0x00, 0x00, 0xBF, 0xFF, 0xFF, 0xBB, 0xEF, 0xFF, 0xFF,
    0xFF, 0xFF, 0xFF, 0xFF, 0x88, 0xDF, 0xFF, 0xFF, 0x00, 0xBF, 0xFF, 0xFF,
    0x00, 0xBF, 0xFF, 0xFF, 0x00, 0xBF, 0xFF, 0xFF, 0x00, 0xBF, 0xFF, 0xFF,
    0x40, 0x00, 0x00, 0x00, 0xCB, 0xBB, 0xA0, 0x00, 0xFF, 0xFF, 0xF1, 0x00,
    0xA8, 0x88, 0x70, 0x00, 0x30, 0x00, 0x00, 0x00, 0x40, 0x00, 0x00, 0x00,
    0x40, 0x00, 0x00, 0x00, 0x40, 0x00, 0x00, 0x00, 0x00, 0x00, 0x00, 0xBF,
    0x00, 0x00, 0x00, 0xBF, 0x00, 0x00, 0x00, 0xBF, 0x00, 0x00, 0x00, 0xAF,
    0x00, 0x00, 0x00, 0x00, 0x00, 0x00, 0x00, 0x00, 0x00, 0x00, 0x00, 0x00,
    0x00, 0x00, 0x00, 0x00, 0xFF, 0xFF, 0x00, 0x00, 0xFF, 0xFF, 0x00, 0x00,
    0xFF, 0xFF, 0x00, 0x00, 0xFF, 0xFE, 0x00, 0x00, 0x00, 0x00, 0x00, 0x00,
    0x00, 0x00, 0x00, 0x00, 0x00, 0x00, 0x00, 0x00, 0x00, 0x00, 0x00, 0x00,
    0x00, 0xBF, 0xFF, 0xFF, 0x00, 0xBF, 0xFF, 0xFF, 0x00, 0xEF, 0xFF, 0xFE,
    0x01, 0xFF, 0xFF, 0xFB, 0x04, 0xFF, 0xFF, 0xF7, 0x08, 0xFF, 0xFF, 0xF2,
    0x1E, 0xFF, 0xFF, 0x90, 0x9F, 0xFF, 0xFE, 0x10, 0x40, 0x00, 0x00, 0x00,
    0x10, 0x00, 0x00, 0x00, 0x00, 0x00, 0x00, 0x00, 0x00, 0x00, 0x00, 0x00,
    0x00, 0x00, 0x00, 0x00, 0x00, 0x00, 0x00, 0x00, 0x00, 0x00, 0x00, 0x00,
    0x00, 0x00, 0x00, 0x00, 0x00, 0x00, 0x00, 0x00, 0x00, 0x00, 0x00, 0x00,
    0x00, 0x00, 0x00, 0x00, 0x00, 0x00, 0x00, 0x00, 0x00, 0x00, 0x00, 0x00,
    0x00, 0x00, 0x00, 0x00, 0x00, 0x00, 0x00, 0x00, 0x00, 0x00, 0x00, 0x00,
    0x00, 0x00, 0x00, 0x07, 0x00, 0x00, 0x02, 0xAF, 0x00, 0x15, 0x9F, 0xFF,
    0x2C, 0xFF, 0xFF, 0xFF, 0x0C, 0xFF, 0xFE, 0xA6, 0x03, 0x85, 0x20, 0x00,
    0x00, 0x00, 0x00, 0x00, 0x00, 0x00, 0x00, 0x00, 0xFF, 0xFF, 0xF5, 0x00,
    0xFF, 0xFF, 0x60, 0x00, 0xFF, 0xD3, 0x00, 0x00, 0xE8, 0x10, 0x00, 0x00,
    0x00, 0x00, 0x00, 0x00, 0x00, 0x00, 0x00, 0x00, 0x00, 0x00, 0x00, 0x00,
    0x00, 0x00, 0x00, 0x00, 0x00, 0x00, 0x00, 0x00, 0x00, 0x00, 0x00, 0x00,
    0x00, 0x00, 0x00, 0x00, 0x00, 0x00, 0x00, 0x00, 0x00, 0x00, 0x00, 0x00,
    0x00, 0x00, 0x00, 0x00, 0x00, 0x00, 0x00, 0x00, 0x00, 0x00, 0x00, 0x00,
    0x00, 0x00, 0x00, 0x00, 0x00, 0x00, 0x00, 0x00, 0x00, 0x00, 0x00, 0x0A,
    0x00, 0x00, 0x00, 0x08, 0x00, 0x00, 0x00, 0x00, 0x00, 0x00, 0x00, 0x00,
    0x00, 0x00, 0x00, 0x00, 0x00, 0x00, 0x00, 0x00, 0x00, 0x00, 0x00, 0x00,
    0x88, 0x30, 0x00, 0x00, 0xFF, 0xFC, 0x71, 0x00, 0xFF, 0xFF, 0xFF, 0x92,
    0x3E, 0xFF, 0xFF, 0xFF, 0x01, 0xCF, 0xFF, 0xFF, 0x00, 0x1C, 0xFF, 0xFF,
    0x00, 0x01, 0xCF, 0xFE, 0x00, 0x00, 0x00, 0x00, 0x00, 0x00, 0x00, 0x00,
    0x00, 0x00, 0x00, 0x00, 0x00, 0x00, 0x00, 0x00, 0x81, 0x00, 0x00, 0x00,
    0xF7, 0x00, 0x00, 0x00, 0xC0, 0x00, 0x00, 0x00, 0x20, 0x00, 0x00, 0x00,
    0x00, 0x00, 0x00, 0x00, 0x00, 0x00, 0x00, 0x00, 0x00, 0x00, 0x00, 0x00,
    0x00, 0x00, 0x00, 0x00, 0x00, 0x00, 0x00, 0x00, 0x00, 0x00, 0x00, 0x00,
    0x00, 0x00, 0x00, 0x00, 0x00, 0x00, 0x00, 0x00, 0x00, 0x00, 0x00, 0x00,
    0x00, 0x00, 0x41, 0x00, 0x00, 0x05, 0xFF, 0xDA, 0x00, 0x1E, 0xFF, 0xFF,
    0x00, 0x04, 0xBF, 0xFF, 0x00, 0x00, 0x04, 0xCF, 0x00, 0x00, 0x00, 0x07,
    0x00, 0x00, 0x00, 0x00, 0x00, 0x00, 0x1D, 0xF5, 0x00, 0x00, 0x04, 0x80,
    0x73, 0x00, 0x00, 0x00, 0xFF, 0xE9, 0x40, 0x00, 0xFF, 0xFF, 0xFD, 0x30,
    0xFF, 0xFF, 0xFE, 0x20, 0xFF, 0xFF, 0xF5, 0x00, 0x3E, 0xFF, 0xA0, 0x00,
    0x00, 0x00, 0x00, 0x00, 0x00, 0x00, 0x00, 0x00, 0x00, 0x00, 0x00, 0x00,
    0x00, 0x00, 0x00, 0x00, 0x00, 0x00, 0x00, 0x00, 0x00, 0x00, 0x00, 0x00,
    0x00, 0x00, 0x00, 0x01, 0x00, 0x00, 0x00, 0x1C, 0x00, 0x00, 0x00, 0x00,
    0x00, 0x03, 0xC4, 0x00, 0x00, 0x0C, 0xFF, 0x10, 0x00, 0x8F, 0xFA, 0x00,
    0x04, 0xFF, 0xF2, 0x00, 0x2E, 0xFF, 0x90, 0x00, 0xCF, 0xFE, 0x10, 0x00,
    0xFF, 0xF6, 0x00, 0x00, 0x00, 0x00, 0x00, 0x00, 0x00, 0x00, 0x00, 0x00,
    0x00, 0x00, 0x00, 0x00, 0x00, 0x00, 0x00, 0x00, 0x00, 0x00, 0x00, 0x00,
    0x00, 0x00, 0x00, 0x00, 0x00, 0x00, 0x02, 0x45, 0x00, 0x00, 0x8F, 0xFF,
    0x01, 0xCF, 0x10, 0x00, 0x00, 0x25, 0x00, 0x00, 0x00, 0x00, 0x00, 0x00,
    0x00, 0x00, 0x00, 0x00, 0x00, 0x00, 0x00, 0x16, 0x00, 0x01, 0x69, 0xFF,
    0x89, 0xCF, 0xFF, 0xFF, 0xFF, 0xFF, 0xFF, 0xFF, 0x00, 0x00, 0x03, 0xCF,
    0x00, 0x00, 0x5E, 0xFF, 0x00, 0x19, 0xFF, 0xFF, 0x06, 0xEF, 0xFF, 0xFF,
    0xDF, 0xFF, 0xFF, 0xF6, 0xFF, 0xFF, 0xFF, 0x60, 0xFF, 0xFF, 0xE6, 0x00,
    0xFF, 0xFC, 0x30, 0x00, 0xFF, 0xB0, 0x00, 0x00, 0xFE, 0x20, 0x00, 0x00,
    0xF4, 0x00, 0x00, 0x00, 0x60, 0x00, 0x00, 0x00, 0x00, 0x00, 0x00, 0x00,
    0x00, 0x00, 0x00, 0x00, 0x00, 0x00, 0x00, 0x00, 0x00, 0x00, 0x00, 0x00,
    0x00, 0x00, 0x3F, 0xFF, 0x00, 0x00, 0x0D, 0xFF, 0x00, 0x00, 0x08, 0xFF,
    0x00, 0x00, 0x03, 0xFF, 0x00, 0x00, 0x00, 0xCF, 0x00, 0x00, 0x00, 0x21,
    0x00, 0x00, 0x00, 0x00, 0x00, 0x00, 0x00, 0x00, 0xFF, 0xFF, 0xFF, 0xFF,
    0xFF, 0xFF, 0xFF, 0xFF, 0xFF, 0xFF, 0xFF, 0x92, 0xFF, 0xFC, 0x72, 0x00,
    0xB7, 0x20, 0x00, 0x00, 0x00, 0x00, 0x00, 0x00, 0x00, 0x00, 0x00, 0x00,
    0x00, 0x00, 0x00, 0x00, 0xFF, 0x80, 0x00, 0x00, 0x92, 0x00, 0x00, 0x00,
    0x00, 0x00, 0x00, 0x00, 0x00, 0x00, 0x00, 0x00, 0x00, 0x00, 0x00, 0x00,
    0x00, 0x00, 0x00, 0x00, 0x00, 0x00, 0x00, 0x00, 0x00, 0x00, 0x00, 0x00,
    0x00, 0x00, 0x00, 0x00, 0x00, 0x00, 0x00, 0x00, 0x00, 0x00, 0x00, 0x00,
    0x00, 0x00, 0x00, 0x00, 0x00, 0x00, 0x00, 0x00, 0x00, 0x00, 0x00, 0x00,
    0x00, 0x00, 0x00, 0x00, 0x00, 0x00, 0x00, 0x00, 0x00, 0x00, 0x00, 0x00,
    0x00, 0x00, 0x00, 0x00, 0x00, 0x00, 0x00, 0x04, 0x00, 0x00, 0x00, 0x0A,
    0x00, 0x00, 0x00, 0x00, 0x00, 0x00, 0x00, 0x00, 0x00, 0x00, 0x00, 0x00,
    0x00, 0x00, 0x00, 0x00, 0x00, 0x00, 0x00, 0x00, 0x34, 0x00, 0x00, 0x00,
    0xEF, 0xD8, 0x20, 0x00, 0xFF, 0xFF, 0xFB, 0x40, 0x8F, 0xFF, 0xFF, 0xFB,
    0x04, 0xEF, 0xFF, 0xFF, 0x00, 0x3E, 0xFF, 0xFF, 0x00, 0x03, 0xEF, 0xFF,
    0x00, 0x00, 0x00, 0x00, 0x00, 0x00, 0x00, 0x00, 0x00, 0x00, 0x00, 0x69,
    0x00, 0x00, 0x03, 0xFF, 0x40, 0x00, 0x00, 0x6F, 0xF6, 0x00, 0x00, 0x06,
    0xE3, 0x00, 0x00, 0x00, 0x50, 0x00, 0x00, 0x00, 0x06, 0x80, 0x00, 0x00,
    0x3F, 0xFD, 0x40, 0x00, 0x15, 0xFF, 0xF6, 0x00, 0xC2, 0x5F, 0xF6, 0x00,
    0xFE, 0x56, 0x40, 0x00, 0xFF, 0xE1, 0x00, 0x00, 0x7E, 0x30, 0x00, 0x00,
    0x02, 0x00, 0x00, 0x00, 0x00, 0x00, 0x00, 0x00, 0x00, 0x00, 0x00, 0x00,
    0x00, 0x03, 0xDB, 0x97, 0x00, 0x0D, 0xFF, 0xFF, 0x00, 0x18, 0xEF, 0xFF,
    0x00, 0x00, 0x18, 0xEF, 0x00, 0x00, 0x00, 0x2A, 0x00, 0x00, 0x00, 0x00,
    0x00, 0x00, 0x3E, 0xF8, 0x00, 0x00, 0x06, 0xC0, 0x30, 0x00, 0x00, 0x00,
    0xFE, 0xA6, 0x00, 0x00, 0xFF, 0xFF, 0xE9, 0x20, 0xFF, 0xFF, 0xFF, 0x30,
    0xFF, 0xFF, 0xF8, 0x00, 0x7F, 0xFF, 0xC0, 0x00, 0x00, 0x00, 0x00, 0x00,
    0x00, 0x00, 0x00, 0x00, 0x00, 0x00, 0x00, 0x00, 0x00, 0x00, 0x00, 0x00,
    0x00, 0x00, 0x00, 0x00, 0x00, 0x00, 0x00, 0x00, 0x00, 0x00, 0x00, 0x00,
    0x00, 0x00, 0x00, 0x09, 0x00, 0x00, 0x00, 0x00, 0x00, 0x01, 0x92, 0x00,
    0x00, 0x0A, 0xFE, 0x10, 0x00, 0x5F, 0xFC, 0x00, 0x02, 0xEF, 0xF4, 0x00,
    0x1C, 0xFF, 0xB0, 0x00, 0x9F, 0xFF, 0x20, 0x00, 0xFF, 0xF8, 0x00, 0x00,
    0x00, 0x00, 0x00, 0x00, 0x00, 0x00, 0x00, 0x00, 0x00, 0x00, 0x00, 0x00,
    0x00, 0x00, 0x00, 0x00, 0x00, 0x00, 0x00, 0x00, 0x00, 0x00, 0x00, 0x00,
    0x00, 0x00, 0x00, 0x01, 0x00, 0x00, 0x6D, 0xFF, 0x03, 0xEF, 0x40, 0x00,
    0x00, 0x48, 0x00, 0x00, 0x00, 0x00, 0x00, 0x00, 0x00, 0x00, 0x00, 0x00,
    0x00, 0x00, 0x00, 0x02, 0x00, 0x00, 0x16, 0xBF, 0x46, 0x8C, 0xFF, 0xFF,
    0xFF, 0xFF, 0xFF, 0xFF, 0x00, 0x00, 0x00, 0x9F, 0x00, 0x00, 0x1C, 0xFF,
    0x00, 0x05, 0xEF, 0xFF, 0x02, 0xAF, 0xFF, 0xFF, 0x9F, 0xFF, 0xFF, 0xFA,
    0xFF, 0xFF, 0xFF, 0x91, 0xFF, 0xFF, 0xF9, 0x00, 0xFF, 0xFE, 0x60, 0x00,
    0xFF, 0xD1, 0x00, 0x00, 0xFF, 0x40, 0x00, 0x00, 0xF7, 0x00, 0x00, 0x00,
    0x90, 0x00, 0x00, 0x00, 0x00, 0x00, 0x00, 0x00, 0x00, 0x00, 0x00, 0x00,
    0x00, 0x00, 0x00, 0x00, 0x00, 0x00, 0x00, 0x00, 0x00, 0x00, 0x5F, 0xFF,
    0x00, 0x00, 0x0E, 0xFF, 0x00, 0x00, 0x08, 0xFF, 0x00, 0x00, 0x03, 0xFF,
    0x00, 0x00, 0x00, 0xDF, 0x00, 0x00, 0x00, 0x44, 0x00, 0x00, 0x00, 0x00,
    0x00, 0x00, 0x00, 0x00, 0xFF, 0xFF, 0xFF, 0xFF, 0xFF, 0xFF, 0xFF, 0xFF,
    0xFF, 0xFF, 0xFF, 0xD6, 0xFF, 0xFF, 0xA5, 0x00, 0xEA, 0x61, 0x00, 0x00,
    0x10, 0x00, 0x00, 0x00, 0x00, 0x00, 0x00, 0x00, 0x00, 0x00, 0x00, 0x00,
    0xFF, 0xB2, 0x00, 0x00, 0xD6, 0x00, 0x00, 0x00, 0x00, 0x00, 0x00, 0x00,
    0x00, 0x00, 0x00, 0x00, 0x00, 0x00, 0x00, 0x00, 0x00, 0x00, 0x00, 0x00,
    0x00, 0x00, 0x00, 0x00, 0x00, 0x00, 0x00, 0x00, 0x00, 0x00, 0x00, 0x00,
    0x00, 0x00, 0x00, 0x00, 0x00, 0x00, 0x00, 0x00, 0x00, 0x00, 0x00, 0x00,
    0x00, 0x00, 0x00, 0x00, 0x00, 0x00, 0x00, 0x00, 0x00, 0x00, 0x00, 0x00,
    0x00, 0x00, 0x00, 0x00, 0x00, 0x00, 0x00, 0x00, 0x00, 0x00, 0x00, 0x00,
    0x00, 0x00, 0x00, 0x00, 0x00, 0x00, 0x00, 0x00, 0x00, 0x00, 0x7F, 0xFF,
    0x00, 0x00, 0x8F, 0xFF, 0x00, 0x00, 0x24, 0x44, 0x00, 0x00, 0x00, 0x00,
    0x00, 0x00, 0x00, 0x00, 0x00, 0x00, 0x00, 0x00, 0x00, 0x00, 0x00, 0x00,
    0x00, 0x00, 0x00, 0x00, 0xFF, 0xFF, 0xFF, 0xFF, 0xFF, 0xFF, 0xFF, 0xFF,
    0x44, 0x44, 0x44, 0x44, 0x00, 0x00, 0x00, 0x00, 0x00, 0x00, 0x00, 0x00,
    0x00, 0x00, 0x00, 0x00, 0x00, 0x00, 0x00, 0x00, 0x00, 0x00, 0x00, 0x00,
    0xFF, 0xFF, 0xFF, 0xFF, 0xFF, 0xFF, 0xFF, 0xFF, 0x44, 0x6F, 0xFF, 0xFF,
    0x00, 0x4F, 0xFF, 0xFF, 0x00, 0x00, 0x00, 0x00, 0x00, 0x00, 0x00, 0x00,
    0x00, 0x00, 0x00, 0x00, 0x00, 0x00, 0x00, 0x00, 0x90, 0x00, 0x00, 0x00,
    0xF9, 0x00, 0x00, 0x00, 0xFB, 0x00, 0x00, 0x00, 0xF5, 0x00, 0x00, 0x00,
    0x00, 0x00, 0x00, 0x00, 0x00, 0x00, 0x00, 0x00, 0x00, 0x00, 0x00, 0x00,
    0x00, 0x00, 0x00, 0x00, 0x00, 0x00, 0x00, 0x00, 0x00, 0x00, 0x00, 0x00,
    0x00, 0x00, 0x00, 0x00, 0x00, 0x00, 0x00, 0x00, 0x00, 0x00, 0x00, 0x00,
    0x00, 0x00, 0x00, 0x00, 0x00, 0x00, 0x00, 0x00, 0x00, 0x00, 0x00, 0x00,
    0x00, 0x00, 0x00, 0x00, 0x00, 0x00, 0x00, 0x00, 0x00, 0x00, 0x00, 0x00,
    0x00, 0x00, 0x00, 0x06, 0x00, 0x9F, 0xFF, 0xFF, 0x00, 0xDF, 0xFF, 0xFF,
    0x03, 0xFF, 0xFF, 0xFF, 0x08, 0xFF, 0xFF, 0xFA, 0x0E, 0xFF, 0xFF, 0xF4,
    0x6F, 0xFF, 0xFF, 0xB0, 0xDF, 0xFF, 0xFF, 0x20, 0xFF, 0xFF, 0xF7, 0x00,
    0xE0, 0x00, 0x00, 0x00, 0x90, 0x00, 0x00, 0x00, 0x20, 0x00, 0x00, 0x00,
    0x00, 0x00, 0x00, 0x00, 0x00, 0x00, 0x00, 0x00, 0x00, 0x00, 0x00, 0x00,
    0x00, 0x00, 0x00, 0x00, 0x00, 0x00, 0x00, 0x00, 0x00, 0x00, 0x00, 0x00,
    0x00, 0x00, 0x00, 0x00, 0x00, 0x00, 0x00, 0x00, 0x00, 0x00, 0x00, 0x00,
    0x00, 0x00, 0x00, 0x00, 0x00, 0x00, 0x00, 0x00, 0x00, 0x00, 0x00, 0x00,
    0x00, 0x00, 0x00, 0x29, 0x00, 0x00, 0x00, 0x1E, 0x00, 0x00, 0x00, 0xAF,
    0x00, 0x00, 0x06, 0xFF, 0x00, 0x00, 0x6F, 0xFF, 0x00, 0x06, 0xFF, 0xFF,
    0x00, 0x8F, 0xFF, 0xFF, 0x4C, 0xFF, 0xFF, 0xD3, 0xFF, 0xFF, 0xF9, 0x10,
    0xFF, 0xFF, 0xC0, 0x00, 0xFF, 0xFF, 0xE7, 0x00, 0xFF, 0xFF, 0xFF, 0xD5,
    0xFF, 0x7B, 0xFF, 0xFF, 0xF6, 0x01, 0xCF, 0xFF, 0x60, 0x00, 0x1E, 0xFF,
    0x00, 0x00, 0x03, 0xEF, 0x00, 0x00, 0x00, 0x5F, 0x00, 0x00, 0x00, 0x00,
    0x00, 0x00, 0x00, 0x00, 0x00, 0x00, 0x00, 0x00, 0xA1, 0x00, 0x00, 0x00,
    0xFE, 0x50, 0x00, 0x00, 0xFF, 0xF8, 0x00, 0x00, 0xFF, 0xFF, 0xB1, 0x00,
    0xFF, 0xFF, 0xFC, 0x10, 0x00, 0x00, 0x39, 0xFF, 0x00, 0x3C, 0xFF, 0xFF,
    0x00, 0x3F, 0xFF, 0xD7, 0x00, 0x07, 0x93, 0x00, 0x00, 0x00, 0x00, 0x00,
    0x00, 0x00, 0x00, 0x00, 0x00, 0x00, 0x00, 0x00, 0x00, 0x00, 0x00, 0x00,
    0xFF, 0xFB, 0x30, 0x00, 0xF9, 0x40, 0x00, 0x00, 0x20, 0x00, 0x00, 0x00,
    0x00, 0x00, 0x00, 0x00, 0x00, 0x00, 0x00, 0x00, 0x00, 0x00, 0x00, 0x00,
    0x00, 0x00, 0x00, 0x00, 0x00, 0x00, 0x00, 0x00, 0x00, 0x00, 0x00, 0x08,
    0x00, 0x00, 0x00, 0x00, 0x00, 0x00, 0x00, 0x00, 0x00, 0x00, 0x00, 0x00,
    0x00, 0x00, 0x00, 0x00, 0x00, 0x00, 0x00, 0x00, 0x00, 0x00, 0x00, 0x00,
    0x00, 0x00, 0x00, 0x00, 0xFF, 0xFF, 0xE6, 0x00, 0xCF, 0xFC, 0x30, 0x00,
    0x3F, 0x91, 0x00, 0x00, 0x03, 0x00, 0x00, 0x00, 0x00, 0x00, 0x00, 0x00,
    0x00, 0x00, 0x00, 0x00, 0x00, 0x00, 0x00, 0x00, 0x00, 0x00, 0x00, 0x00,
    0x00, 0x00, 0x00, 0x00, 0x00, 0x00, 0x00, 0x00, 0x00, 0x00, 0x00, 0x00,
    0x00, 0x00, 0x00, 0x00, 0x00, 0x00, 0x8B, 0xBB, 0x00, 0x00, 0xCF, 0xFF,
    0x00, 0x00, 0x58, 0x88, 0x00, 0x00, 0x00, 0x00, 0x00, 0x00, 0x00, 0x00,
    0x00, 0x00, 0x00, 0x00, 0x00, 0x00, 0x00, 0x00, 0x00, 0x00, 0x00, 0x00,
    0xBB, 0xBB, 0xBB, 0xBB, 0xFF, 0xFF, 0xFF, 0xFF, 0x88, 0x88, 0x88, 0x88,
    0x00, 0x00, 0x00, 0x00, 0x00, 0x00, 0x00, 0x00, 0x00, 0x00, 0x00, 0x00,
    0x00, 0x00, 0x00, 0x00, 0x00, 0x00, 0x00, 0x00, 0xBB, 0xBB, 0xBB, 0xBB,
    0xFF, 0xFF, 0xFF, 0xFF, 0x88, 0x9F, 0xFF, 0xFF, 0x00, 0x5F, 0xFF, 0xFF,
    0x00, 0x0C, 0xFD, 0x40, 0x4B, 0x33, 0xEF, 0xF7, 0xCF, 0xE5, 0x2E, 0xFC,
    0x1C, 0xFF, 0x56, 0x91, 0x51, 0xEF, 0xF2, 0x00, 0xF5, 0x3C, 0x50, 0x00,
    0xFB, 0x01, 0x00, 0x00, 0xF5, 0x00, 0x00, 0x00, 0x00, 0x00, 0x00, 0x00,
    0x00, 0x00, 0x00, 0x00, 0x00, 0x00, 0x00, 0x00, 0x00, 0x00, 0x00, 0x00,
    0x00, 0x00, 0x00, 0x00, 0x00, 0x00, 0x00, 0x00, 0x00, 0x00, 0x00, 0x00,
    0x00, 0x00, 0x00, 0x00, 0x00, 0x00, 0x00, 0x00, 0x00, 0x00, 0x00, 0x00,
    0x00, 0x00, 0x00, 0x00, 0x00, 0x00, 0x00, 0x00, 0x00, 0x00, 0x00, 0x00,
    0x00, 0x00, 0x00, 0x00, 0x00, 0x00, 0x00, 0x00, 0x00, 0x00, 0x00, 0x06,
    0x00, 0xAF, 0xFF, 0xFF, 0x00, 0xEF, 0xFF, 0xFF, 0x05, 0xFF, 0xFF, 0xFF,
    0x09, 0xFF, 0xFF, 0xFA, 0x1E, 0xFF, 0xFF, 0xF4, 0x6F, 0xFF, 0xFF, 0xB0,
    0xDF, 0xFF, 0xFF, 0x30, 0xFF, 0xFF, 0xF9, 0x00, 0xE0, 0x00, 0x00, 0x00,
    0x90, 0x00, 0x00, 0x00, 0x20, 0x00, 0x00, 0x00, 0x00, 0x00, 0x00, 0x00,
    0x00, 0x00, 0x00, 0x00, 0x00, 0x00, 0x00, 0x00, 0x00, 0x00, 0x00, 0x00,
    0x00, 0x00, 0x00, 0x00, 0x00, 0x00, 0x00, 0x00, 0x00, 0x00, 0x00, 0x00,
    0x00, 0x00, 0x00, 0x00, 0x00, 0x00, 0x00, 0x00, 0x00, 0x00, 0x00, 0x00,
    0x00, 0x00, 0x00, 0x00, 0x00, 0x00, 0x00, 0x00, 0x00, 0x00, 0x00, 0x18,
    0x00, 0x00, 0x00, 0x1D, 0x00, 0x00, 0x00, 0x9F, 0x00, 0x00, 0x06, 0xFF,
    0x00, 0x00, 0x3F, 0xFF, 0x00, 0x05, 0xEF, 0xFF, 0x00, 0x7F, 0xFF, 0xFF,
    0x2B, 0xFF, 0xFF, 0xE5, 0xEF, 0xFF, 0xFB, 0x20, 0xFF, 0xFF, 0xD0, 0x00,
    0xFF, 0xFF, 0xC2, 0x00, 0xFF, 0xFF, 0xFF, 0x91, 0xFF, 0xBF, 0xFF, 0xFE,
    0xF9, 0x06, 0xFF, 0xFF, 0x70, 0x00, 0x6F, 0xFF, 0x00, 0x00, 0x06, 0xFF,
    0x00, 0x00, 0x00, 0x9F, 0x00, 0x00, 0x00, 0x00, 0x00, 0x00, 0x00, 0x00,
    0x00, 0x00, 0x00, 0x00, 0x70, 0x00, 0x00, 0x00, 0xFB, 0x10, 0x00, 0x00,
    0xFF, 0xE4, 0x00, 0x00, 0xFF, 0xFF, 0x60, 0x00, 0xFF, 0xFF, 0xFA, 0x00,
    0x00, 0x00, 0x18, 0xEF, 0x00, 0x49, 0xFF, 0xFF, 0x00, 0x7F, 0xFF, 0xF9,
    0x00, 0x1D, 0xA6, 0x10, 0x00, 0x00, 0x00, 0x00, 0x00, 0x00, 0x00, 0x00,
    0x00, 0x00, 0x00, 0x00, 0x00, 0x00, 0x00, 0x00, 0xFF, 0xFD, 0x50, 0x00,
    0xFD, 0x60, 0x00, 0x00, 0x40, 0x00, 0x00, 0x00, 0x00, 0x00, 0x00, 0x00,
    0x00, 0x00, 0x00, 0x00, 0x00, 0x00, 0x00, 0x00, 0x00, 0x00, 0x00, 0x00,
    0x00, 0x00, 0x00, 0x00, 0x00, 0x00, 0x00, 0x0C, 0x00, 0x00, 0x00, 0x02,
    0x00, 0x00, 0x00, 0x00, 0x00, 0x00, 0x00, 0x00, 0x00, 0x00, 0x00, 0x00,
    0x00, 0x00, 0x00, 0x00, 0x00, 0x00, 0x00, 0x00, 0x00, 0x00, 0x00, 0x00,
    0xFF, 0xFF, 0xF9, 0x10, 0xEF, 0xFE, 0x50, 0x00, 0x5F, 0xC2, 0x00, 0x00,
    0x06, 0x00, 0x00, 0x00, 0x00, 0x00, 0x00, 0x00, 0x00, 0x00, 0x00, 0x00,
    0x00, 0x00, 0x00, 0x00, 0x00, 0x00, 0x00, 0x00, 0x00, 0x00, 0x00, 0x00,
    0x00, 0x00, 0x00, 0x00, 0x00, 0x00, 0x00, 0x00, 0x00, 0x00, 0x00, 0x00,
    0x00, 0x00, 0x00, 0x00, 0x00, 0x00, 0x00, 0x00, 0x00, 0x00, 0x00, 0x00,
    0x00, 0x00, 0x00, 0x00, 0x00, 0x00, 0x00, 0x00, 0x01, 0x44, 0x10, 0x00,
    0x04, 0xFF, 0xFF, 0xF7, 0x04, 0xFF, 0xFF, 0xF8, 0x04, 0xFF, 0xFF, 0xF8,
    0x04, 0xFF, 0xFF, 0xF8, 0x04, 0xFF, 0xFF, 0xF8, 0x04, 0xFF, 0xFF, 0xF7,
    0x00, 0x00, 0x00, 0x00, 0x00, 0x00, 0x00, 0x00, 0x00, 0x00, 0x00, 0x00,
    0x00, 0x00, 0x00, 0x00, 0x00, 0x00, 0x00, 0x00, 0x00, 0x00, 0x00, 0x00,
    0x00, 0x00, 0x00, 0x00, 0x00, 0x00, 0x00, 0x00, 0x00, 0x00, 0x00, 0x00,
    0x00, 0x00, 0x00, 0x00, 0x00, 0x00, 0x00, 0x00, 0x00, 0x00, 0x00, 0x00,
    0x00, 0x00, 0x00, 0x00, 0x00, 0x00, 0x00, 0x00, 0x00, 0x00, 0x00, 0x00,
    0x00, 0x00, 0x00, 0x00, 0x00, 0x00, 0x00, 0x00, 0x00, 0x05, 0x88, 0x88,
    0x00, 0x0F, 0xFF, 0xFF, 0x00, 0x1D, 0xBB, 0xBB, 0x00, 0x00, 0x00, 0x00,
    0x00, 0x00, 0x00, 0x00, 0x00, 0x00, 0x00, 0x00, 0x00, 0x00, 0x00, 0x00,
    0x04, 0xFF, 0xFF, 0xF8, 0x8C, 0xFF, 0xFF, 0xFF, 0xFF, 0xFF, 0xFF, 0xFF,
    0xBA, 0xFF, 0xFF, 0xFC, 0x03, 0xFF, 0xFF, 0xF7, 0x04, 0xFF, 0xFF, 0xF8,
    0x04, 0xFF, 0xFF, 0xF8, 0x04, 0xFF, 0xFF, 0xF8, 0x00, 0x03, 0x44, 0x44,
    0xFF, 0xFF, 0xFF, 0xFF, 0xFF, 0xFF, 0xFF, 0xFF, 0x64, 0x44, 0x43, 0x6F,
    0x00, 0x00, 0x00, 0xBF, 0x00, 0x00, 0x04, 0xFF, 0x00, 0x00, 0x0C, 0xFF,
    0x00, 0x00, 0x9F, 0xFF, 0x68, 0x88, 0x30, 0x00, 0xFF, 0xFF, 0xD1, 0x00,
    0xFF, 0xFF, 0xFB, 0x00, 0xFF, 0xFF, 0xF6, 0x00, 0xFF, 0xFF, 0xA0, 0x00,
    0xFF, 0xFC, 0x10, 0x00, 0xFF, 0xE2, 0x00, 0x00, 0xFE, 0x30, 0x00, 0x00,
    0x00, 0x00, 0x00, 0x00, 0x00, 0x00, 0x00, 0x00, 0x00, 0x00, 0x00, 0x00,
    0x00, 0x00, 0x00, 0x00, 0x00, 0x00, 0x00, 0x00, 0x00, 0x00, 0x00, 0x00,
    0x00, 0x00, 0x00, 0x00, 0x00, 0x00, 0x00, 0x00, 0x04, 0xFF, 0xFF, 0xF8,
    0x04, 0xFF, 0xFF, 0xF8, 0x04, 0xFF, 0xFF, 0xF8, 0x04, 0xFF, 0xFF, 0xF8,
    0x04, 0xFF, 0xFF, 0xF8, 0x04, 0xFF, 0xFF, 0xF8, 0x04, 0xFF, 0xFF, 0xF7,
    0x04, 0xFF, 0xFF, 0xF8, 0x00, 0x08, 0xFF, 0xFF, 0x01, 0x9F, 0xFF, 0xFB,
    0x03, 0xFF, 0xFE, 0x70, 0x00, 0x6E, 0x91, 0x00, 0x00, 0x01, 0x00, 0x00,
    0x00, 0x00, 0x00, 0x00, 0x00, 0x00, 0x00, 0x00, 0x00, 0x00, 0x00, 0x00,
    0xD3, 0x00, 0x00, 0x00, 0x10, 0x00, 0x00, 0x00, 0x00, 0x00, 0x00, 0x00,
    0x00, 0x00, 0x00, 0x00, 0x00, 0x00, 0x00, 0x00, 0x00, 0x00, 0x00, 0x00,
    0x00, 0x00, 0x00, 0x00, 0x00, 0x00, 0x00, 0x00, 0x00, 0x00, 0x00, 0x00,
    0x00, 0x00, 0x00, 0x00, 0x00, 0x00, 0x00, 0x00, 0x00, 0x00, 0x00, 0x00,
    0x00, 0x00, 0x00, 0x00, 0x00, 0x00, 0x00, 0x00, 0x00, 0x00, 0x00, 0x00,
    0x00, 0x00, 0x00, 0x00, 0x04, 0xFF, 0xFF, 0xFC, 0x00, 0xEF, 0xFF, 0xFF,
    0x00, 0x6F, 0xFF, 0xFF, 0x00, 0x04, 0xAE, 0xFF, 0x00, 0x00, 0x00, 0x24,
    0x00, 0x00, 0x00, 0x00, 0x00, 0x00, 0x00, 0x00, 0x00, 0x00, 0x00, 0x00,
    0x00, 0x00, 0x00, 0x00, 0xA5, 0x44, 0x44, 0x44, 0xFF, 0xFF, 0xFF, 0xFF,
    0xFF, 0xFF, 0xFF, 0xFF, 0x44, 0x44, 0x44, 0x44, 0x00, 0x00, 0x00, 0x00,
    0x00, 0x00, 0x00, 0x00, 0x00, 0x00, 0x00, 0x00, 0x00, 0x00, 0x00, 0x00,
    0x78, 0x9B, 0x60, 0x00, 0xFF, 0xFF, 0x80, 0x00, 0xFF, 0xFF, 0x80, 0x00,
    0x44, 0x44, 0x20, 0x00, 0x00, 0x00, 0x00, 0x00, 0x00, 0x00, 0x00, 0x00,
    0x00, 0x00, 0x00, 0x00, 0x00, 0x00, 0x00, 0x00, 0x00, 0x00, 0x00, 0x00,
    0x00, 0x00, 0x00, 0x00, 0x00, 0x00, 0x00, 0x00, 0x00, 0x00, 0x00, 0x00,
    0x00, 0x00, 0x00, 0x00, 0x00, 0x00, 0x00, 0x00, 0x00, 0x00, 0x00, 0x00,
    0x00, 0x00, 0x00, 0x00, 0x03, 0x42, 0x00, 0x00, 0x0B, 0xFF, 0xFF, 0xE0,
    0x0B, 0xFF, 0xFF, 0xF0, 0x0B, 0xFF, 0xFF, 0xF0, 0x0B, 0xFF, 0xFF, 0xF0,
    0x0B, 0xFF, 0xFF, 0xF0, 0x0B, 0xFF, 0xFF, 0xF0, 0x00, 0x00, 0x00, 0x00,
    0x00, 0x00, 0x00, 0x00, 0x00, 0x00, 0x00, 0x00, 0x00, 0x00, 0x00, 0x00,
    0x00, 0x00, 0x00, 0x00, 0x00, 0x00, 0x00, 0x00, 0x00, 0x00, 0x00, 0x00,
    0x00, 0x00, 0x00, 0x00, 0x00, 0x06, 0xFC, 0x10, 0x4B, 0x63, 0xEF, 0xC1,
    0xAF, 0xF4, 0x4F, 0xFC, 0x1D, 0xFE, 0x2A, 0xE8, 0x03, 0xFF, 0xD3, 0x20,
    0x00, 0x9E, 0x70, 0x00, 0x00, 0x22, 0x00, 0x00, 0x00, 0x00, 0x00, 0x00,
    0x00, 0x00, 0x00, 0x00, 0x00, 0x27, 0x88, 0x88, 0x00, 0x8F, 0xFF, 0xFF,
    0x00, 0x7C, 0xBB, 0xBB, 0x00, 0x00, 0x00, 0x00, 0x00, 0x00, 0x00, 0x00,
    0x00, 0x00, 0x00, 0x00, 0x00, 0x00, 0x00, 0x00, 0x0B, 0xFF, 0xFF, 0xF1,
    0x9E, 0xFF, 0xFF, 0xFF, 0xFF, 0xFF, 0xFF, 0xFF, 0x9D, 0xFF, 0xFF, 0xF8,
    0x0B, 0xFF, 0xFF, 0xE0, 0x0B, 0xFF, 0xFF, 0xF0, 0x0B, 0xFF, 0xFF, 0xF0,
    0x0B, 0xFF, 0xFF, 0xF0, 0x00, 0x14, 0x44, 0x44, 0xFF, 0xFF, 0xFF, 0xFF,
    0xFF, 0xFF, 0xFF, 0xFF, 0x44, 0x44, 0x42, 0xCF, 0x00, 0x00, 0x03, 0xFF,
    0x00, 0x00, 0x0B, 0xFF, 0x00, 0x00, 0x5F, 0xFF, 0x00, 0x03, 0xEF, 0xFF,
    0x78, 0x86, 0x00, 0x00, 0xFF, 0xFF, 0x70, 0x00, 0xFF, 0xFF, 0xF4, 0x00,
    0xFF, 0xFF, 0xC1, 0x00, 0xFF, 0xFF, 0x30, 0x00, 0xFF, 0xF6, 0x00, 0x00,
    0xFF, 0x80, 0x00, 0x00, 0xF9, 0x00, 0x00, 0x00, 0x00, 0x00, 0x00, 0x00,
    0x00, 0x00, 0x00, 0x00, 0x00, 0x00, 0x00, 0x00, 0x00, 0x00, 0x00, 0x00,
    0x00, 0x00, 0x00, 0x00, 0x00, 0x00, 0x00, 0x00, 0x00, 0x00, 0x00, 0x00,
    0x00, 0x00, 0x00, 0x00, 0x0B, 0xFF, 0xFF, 0xF0, 0x0B, 0xFF, 0xFF, 0xF0,
    0x0B, 0xFF, 0xFF, 0xF0, 0x0B, 0xFF, 0xFF, 0xF0, 0x0B, 0xFF, 0xFF, 0xF0,
    0x0B, 0xFF, 0xFF, 0xF0, 0x0B, 0xFF, 0xFF, 0xF0, 0x0B, 0xFF, 0xFF, 0xF0,
    0x00, 0x1D, 0xFF, 0xFF, 0x04, 0xEF, 0xFF, 0xE6, 0x09, 0xFF, 0xFB, 0x20,
    0x01, 0xCD, 0x50, 0x00, 0x00, 0x10, 0x00, 0x00, 0x00, 0x00, 0x00, 0x00,
    0x00, 0x00, 0x00, 0x00, 0x00, 0x00, 0x00, 0x00, 0x80, 0x00, 0x00, 0x00,
    0x00, 0x00, 0x00, 0x00, 0x00, 0x00, 0x00, 0x00, 0x00, 0x00, 0x00, 0x00,
    0x00, 0x00, 0x00, 0x00, 0x00, 0x00, 0x00, 0x00, 0x00, 0x00, 0x00, 0x00,
    0x00, 0x00, 0x00, 0x00, 0x00, 0x00, 0x00, 0x00, 0x00, 0x00, 0x00, 0x00,
    0x00, 0x00, 0x00, 0x00, 0x00, 0x00, 0x00, 0x00, 0x00, 0x00, 0x00, 0x00,
    0x00, 0x00, 0x00, 0x00, 0x00, 0x00, 0x00, 0x00, 0x00, 0x00, 0x00, 0x00,
    0x0B, 0xFF, 0xFF, 0xF5, 0x07, 0xFF, 0xFF, 0xFE, 0x01, 0xCF, 0xFF, 0xFF,
    0x00, 0x18, 0xDF, 0xFF, 0x00, 0x00, 0x01, 0x44, 0x00, 0x00, 0x00, 0x00,
    0x00, 0x00, 0x00, 0x00, 0x00, 0x00, 0x00, 0x00, 0x00, 0x00, 0x00, 0x00,
    0x74, 0x44, 0x44, 0x45, 0xFF, 0xFF, 0xFF, 0xFF, 0xFF, 0xFF, 0xFF, 0xFF,
    0x44, 0x44, 0x44, 0x44, 0x00, 0x00, 0x00, 0x00, 0x00, 0x00, 0x00, 0x00,
    0x00, 0x00, 0x00, 0x00, 0x00, 0x00, 0x00, 0x00, 0x88, 0xBB, 0x00, 0x00,
    0xFF, 0xFF, 0x00, 0x00, 0xFF, 0xFF, 0x00, 0x00, 0x44, 0x44, 0x00, 0x00,
    0x00, 0x00, 0x00, 0x00, 0x00, 0x00, 0x00, 0x00, 0x00, 0x00, 0x00, 0x00,
    0x00, 0x00, 0x00, 0x00, 0x00, 0x00, 0x00, 0x00, 0x00, 0x00, 0x40, 0x00,
    0x00, 0x1A, 0xF9, 0x10, 0x00, 0x4F, 0xFF, 0xC1, 0x00, 0x09, 0xFF, 0xFE,
    0x00, 0x01, 0xDF, 0xFF, 0x00, 0x00, 0x5F, 0xFF, 0x00, 0x00, 0x00, 0x00,
    0x00, 0x00, 0x00, 0x00, 0x00, 0x00, 0x00, 0x00, 0x00, 0x00, 0x00, 0x00,
    0x00, 0x00, 0x00, 0x00, 0x30, 0x00, 0x00, 0x00, 0xE3, 0x00, 0x00, 0x00,
    0xFE, 0x30, 0x00, 0x00, 0x00, 0x00, 0x00, 0x00, 0x00, 0x00, 0x00, 0x00,
    0x00, 0x00, 0x00, 0x39, 0x00, 0x00, 0x00, 0x4F, 0x00, 0x00, 0x00, 0x5F,
    0x00, 0x00, 0x00, 0x8F, 0x00, 0x00, 0x00, 0x8F, 0x00, 0x00, 0x00, 0xAF,
    0x00, 0x00, 0x00, 0x00, 0x00, 0x00, 0x00, 0x00, 0x74, 0x10, 0x00, 0x00,
    0xFF, 0xFC, 0xA0, 0x00, 0xFF, 0xFF, 0xE0, 0x00, 0xFF, 0xFF, 0xB0, 0x00,
    0xFF, 0xFF, 0x90, 0x00, 0xFF, 0xFF, 0x60, 0x00, 0x00, 0x00, 0x0B, 0xFF,
    0x00, 0x00, 0x04, 0xFF, 0x00, 0x00, 0x00, 0xBF, 0x00, 0x00, 0x00, 0x5F,
    0x00, 0x00, 0x00, 0x0E, 0x00, 0x00, 0x00, 0x09, 0x00, 0x00, 0x00, 0x01,
    0x00, 0x00, 0x00, 0x00, 0xFF, 0xE3, 0x00, 0x00, 0xFF, 0xFE, 0x40, 0x00,
    0xFF, 0xFF, 0xA0, 0x00, 0xFF, 0xF8, 0x00, 0x00, 0xFE, 0x50, 0x00, 0x00,
    0xC2, 0x00, 0x00, 0x00, 0x00, 0x00, 0x00, 0x00, 0x00, 0x00, 0x00, 0x00,
    0x00, 0x00, 0x00, 0xCF, 0x00, 0x00, 0x01, 0xFF, 0x00, 0x00, 0x04, 0xFF,
    0x00, 0x00, 0x07, 0xFF, 0x00, 0x00, 0x0C, 0xFF, 0x00, 0x00, 0x2F, 0xFF,
    0x00, 0x00, 0x8F, 0xFF, 0x00, 0x00, 0xDF, 0xFF, 0xFF, 0xFF, 0x40, 0x00,
    0xFF, 0xFE, 0x10, 0x00, 0xFF, 0xFB, 0x00, 0x00, 0xFF, 0xF7, 0x00, 0x00,
    0xFF, 0xF2, 0x00, 0x00, 0xFF, 0xB0, 0x00, 0x00, 0xFF, 0x50, 0x00, 0x00,
    0xFD, 0x00, 0x00, 0x00, 0x00, 0x00, 0x00, 0x00, 0x00, 0x00, 0x00, 0x00,
    0x00, 0x00, 0x00, 0x00, 0x00, 0x00, 0x00, 0x00, 0x00, 0x00, 0x00, 0x00,
    0x00, 0x00, 0x00, 0x00, 0x00, 0x00, 0x00, 0x00, 0x00, 0x00, 0x00, 0x00,
    0x00, 0x00, 0x00, 0x00, 0x00, 0x00, 0x00, 0x00, 0x00, 0x00, 0x00, 0x00,
    0x00, 0x00, 0x00, 0x00, 0x00, 0x00, 0x00, 0x00, 0x00, 0x00, 0x00, 0x01,
    0x00, 0x00, 0x00, 0x3C, 0x00, 0x00, 0x05, 0xEF, 0x00, 0x06, 0xFF, 0xFF,
    0x00, 0x1D, 0xFF, 0xFF, 0x00, 0x8F, 0xFF, 0xFF, 0x04, 0xFF, 0xFF, 0xF7,
    0x2E, 0xFF, 0xFF, 0x90, 0xCF, 0xFF, 0xFA, 0x00, 0xFF, 0xFF, 0x90, 0x00,
    0xFF, 0xF8, 0x00, 0x00, 0xF6, 0x00, 0x00, 0x00, 0xB0, 0x00, 0x00, 0x00,
    0x30, 0x00, 0x00, 0x00, 0x00, 0x00, 0x00, 0x00, 0x00, 0x00, 0x00, 0x00,
    0x00, 0x00, 0x00, 0x00, 0x00, 0x00, 0x00, 0x00, 0x00, 0x00, 0x00, 0x00,
    0x00, 0x00, 0x00, 0x00, 0x00, 0x00, 0x00, 0x00, 0x00, 0x00, 0x00, 0x03,
    0x00, 0x00, 0x00, 0x4F, 0x00, 0x00, 0x00, 0x0B, 0x00, 0x00, 0x00, 0x01,
    0x00, 0x00, 0x00, 0x00, 0x00, 0x00, 0x00, 0x00, 0x00, 0x01, 0x9F, 0xFF,
    0x01, 0x8E, 0xFF, 0xFF, 0x8E, 0xFF, 0xFF, 0xB4, 0xFF, 0xFE, 0x93, 0x00,
    0xFA, 0x61, 0x00, 0x00, 0x10, 0x00, 0x00, 0x00, 0x00, 0x00, 0x00, 0x00,
    0x00, 0x00, 0x00, 0x00, 0xFE, 0x50, 0x00, 0x00, 0x91, 0x00, 0x00, 0x00,
    0x00, 0x00, 0x00, 0x00, 0x00, 0x00, 0x00, 0x00, 0x00, 0x00, 0x00, 0x00,
    0x00, 0x00, 0x00, 0x00, 0x00, 0x00, 0x00, 0x00, 0x00, 0x00, 0x00, 0x00,
    0x00, 0x00, 0x00, 0x00, 0x00, 0x00, 0x00, 0x00, 0x00, 0x00, 0x00, 0x00,
    0x00, 0x00, 0x00, 0x00, 0x00, 0x00, 0x00, 0x00, 0x00, 0x00, 0x00, 0x00,
    0x00, 0x00, 0x00, 0x00, 0x00, 0x00, 0x00, 0x00, 0x00, 0x00, 0x00, 0x00,
    0x00, 0x00, 0x00, 0x00, 0x00, 0x00, 0x00, 0x00, 0x00, 0x15, 0x00, 0x00,
    0x01, 0xCF, 0xA1, 0x00, 0x04, 0xFF, 0xFC, 0x20, 0x00, 0x8F, 0xFF, 0xE3,
    0x00, 0x0D, 0xFF, 0xFE, 0x00, 0x00, 0x00, 0x00, 0x00, 0x00, 0x00, 0x00,
    0x00, 0x00, 0x00, 0x00, 0x00, 0x00, 0x00, 0x00, 0x00, 0x00, 0x00, 0x00,
    0x00, 0x00, 0x00, 0x00, 0x00, 0x00, 0x00, 0x00, 0x30, 0x00, 0x00, 0x00,
    0x00, 0x00, 0x00, 0x00, 0x00, 0x00, 0x00, 0x00, 0x00, 0x00, 0x00, 0x00,
    0x00, 0x00, 0x02, 0x20, 0x00, 0x00, 0x08, 0xFC, 0x00, 0x00, 0x07, 0xFF,
    0x00, 0x00, 0x09, 0xFF, 0x00, 0x00, 0x0B, 0xFF, 0x1D, 0xF2, 0xAF, 0xB0,
    0x0C, 0xF9, 0x4F, 0xF4, 0x08, 0xFF, 0x3D, 0xFB, 0x04, 0xFF, 0x7A, 0xD8,
    0x86, 0xC8, 0x31, 0x00, 0xFF, 0xFA, 0x00, 0x00, 0xFF, 0xFA, 0x00, 0x00,
    0xFF, 0xF7, 0x00, 0x00, 0x00, 0x04, 0xFF, 0xFF, 0x00, 0x00, 0xBF, 0xFF,
    0x00, 0x00, 0x4F, 0xFF, 0x00, 0x00, 0x0C, 0xFF, 0x00, 0x00, 0x06, 0xFF,
    0x00, 0x00, 0x00, 0xEF, 0x00, 0x00, 0x00, 0x9C, 0x00, 0x00, 0x00, 0x10,
    0xE3, 0x00, 0x00, 0x00, 0xFE, 0x30, 0x00, 0x00, 0xFF, 0xE3, 0x00, 0x00,
    0xFF, 0xF7, 0x00, 0x00, 0xFF, 0x60, 0x00, 0x00, 0xD3, 0x00, 0x00, 0x00,
    0x10, 0x00, 0x00, 0x00, 0x00, 0x00, 0x00, 0x00, 0x00, 0x00, 0x0B, 0xFF,
    0x00, 0x00, 0x0E, 0xFF, 0x00, 0x00, 0x3F, 0xFF, 0x00, 0x00, 0x6F, 0xFF,
    0x00, 0x00, 0x9F, 0xFF, 0x00, 0x00, 0xEF, 0xFF, 0x00, 0x05, 0xFF, 0xFF,
    0x00, 0x0A, 0xFF, 0xFF, 0xFF, 0xF5, 0x00, 0x00, 0xFF, 0xF2, 0x00, 0x00,
    0xFF, 0xD0, 0x00, 0x00, 0xFF, 0x90, 0x00, 0x00, 0xFF, 0x60, 0x00, 0x00,
    0xFE, 0x10, 0x00, 0x00, 0xF9, 0x00, 0x00, 0x00, 0xF4, 0x00, 0x00, 0x00,
    0x00, 0x00, 0x00, 0x00, 0x00, 0x00, 0x00, 0x00, 0x00, 0x00, 0x00, 0x00,
    0x00, 0x00, 0x00, 0x00, 0x00, 0x00, 0x00, 0x00, 0x00, 0x00, 0x00, 0x00,
    0x00, 0x00, 0x00, 0x00, 0x00, 0x00, 0x00, 0x00, 0x00, 0x00, 0x00, 0x00,
    0x00, 0x00, 0x00, 0x00, 0x00, 0x00, 0x00, 0x00, 0x00, 0x00, 0x00, 0x00,
    0x00, 0x00, 0x00, 0x00, 0x00, 0x00, 0x00, 0x03, 0x00, 0x00, 0x00, 0x3E,
    0x00, 0x00, 0x03, 0xEF, 0x00, 0x2F, 0xFF, 0xFF, 0x00, 0x9F, 0xFF, 0xFF,
    0x02, 0xFF, 0xFF, 0xFA, 0x0B, 0xFF, 0xFF, 0xE2, 0x7F, 0xFF, 0xFF, 0x60,
    0xFF, 0xFF, 0xF8, 0x00, 0xFF, 0xFF, 0x90, 0x00, 0xFF, 0xF9, 0x00, 0x00,
    0xB0, 0x00, 0x00, 0x00, 0x40, 0x00, 0x00, 0x00, 0x00, 0x00, 0x00, 0x00,
    0x00, 0x00, 0x00, 0x00, 0x00, 0x00, 0x00, 0x00, 0x00, 0x00, 0x00, 0x00,
    0x00, 0x00, 0x00, 0x00, 0x00, 0x00, 0x00, 0x00, 0x00, 0x00, 0x00, 0x00,
    0x00, 0x00, 0x00, 0x00, 0x00, 0x00, 0x00, 0x00, 0x00, 0x00, 0x00, 0x39,
    0x00, 0x00, 0x05, 0xFF, 0x00, 0x00, 0x00, 0xDE, 0x00, 0x00, 0x00, 0x21,
    0x00, 0x00, 0x00, 0x00, 0x00, 0x00, 0x7F, 0xFF, 0x00, 0x2B, 0xFF, 0xFF,
    0x18, 0xEF, 0xFF, 0xF9, 0xFF, 0xFF, 0xF9, 0x20, 0xFF, 0xE8, 0x20, 0x00,
    0x95, 0x00, 0x00, 0x00, 0x00, 0x00, 0x00, 0x00, 0x00, 0x00, 0x00, 0x00,
    0xFF, 0x80, 0x00, 0x00, 0xE4, 0x00, 0x00, 0x00, 0x10, 0x00, 0x00, 0x00,
    0x00, 0x00, 0x00, 0x00, 0x00, 0x00, 0x00, 0x00, 0x00, 0x00, 0x00, 0x00,
    0x00, 0x00, 0x00, 0x00, 0x00, 0x00, 0x00, 0x00, 0x00, 0x00, 0x00, 0x00,
    0x00, 0x00, 0x00, 0x00, 0x00, 0x00, 0x00, 0x00, 0x00, 0x00, 0x00, 0x00,
    0x00, 0x00, 0x00, 0x00, 0x00, 0x00, 0x00, 0x00, 0x00, 0x00, 0x00, 0x00,
    0x00, 0x00, 0x00, 0x00, 0x00, 0x00, 0x00, 0x00, 0x00, 0x00, 0x00, 0x00,
    0x00, 0x00, 0x00, 0x00, 0x00, 0x00, 0x00, 0x00, 0x00, 0x00, 0x00, 0x00,
    0x00, 0x00, 0x00, 0x00, 0x00, 0x00, 0x00, 0x00, 0x00, 0x00, 0x00, 0x00,
    0x00, 0x00, 0x00, 0x00, 0x00, 0x3A, 0x74, 0x10, 0x00, 0x4F, 0xFF, 0xEB,
    0x00, 0x7F, 0xFF, 0xFF, 0x00, 0xAF, 0xFF, 0xFF, 0x00, 0xEF, 0xFF, 0xFF,
    0x05, 0xFF, 0xFF, 0xFF, 0x0A, 0xFF, 0xFF, 0xFF, 0x00, 0x00, 0x00, 0x00,
    0x00, 0x00, 0x00, 0x00, 0x92, 0x00, 0x00, 0x00, 0xF2, 0x00, 0x00, 0x00,
    0xA0, 0x00, 0x00, 0x00, 0x60, 0x00, 0x00, 0x00, 0xFF, 0xFF, 0xFF, 0xFF,
    0xFF, 0xFF, 0xFF, 0xFF, 0x00, 0x00, 0x00, 0x00, 0x00, 0x00, 0x00, 0x00,
    0x00, 0x00, 0x00, 0x00, 0x00, 0x00, 0x00, 0x00, 0x00, 0x00, 0x00, 0x00,
    0x00, 0x00, 0x00, 0x00, 0xFF, 0xFD, 0x40, 0x00, 0xFF, 0xFF, 0xF5, 0x00,
    0x00, 0x00, 0x00, 0x00, 0x00, 0x00, 0x00, 0x00, 0x00, 0x00, 0x00, 0x05,
    0x00, 0x00, 0x00, 0x1E, 0x00, 0x00, 0x01, 0xCF, 0x00, 0x00, 0x1C, 0xFF,
    0x00, 0x03, 0xCF, 0xFF, 0x00, 0x0B, 0xFF, 0xF8, 0x2F, 0xFF, 0xFF, 0xA4,
    0xBF, 0xFF, 0xFE, 0x10, 0xFF, 0xFF, 0xF3, 0x00, 0xFF, 0xFF, 0x50, 0x00,
    0xFF, 0xF5, 0x12, 0x00, 0xFE, 0x51, 0xDF, 0xB6, 0xC3, 0x07, 0xFF, 0xFF,
    0x00, 0x00, 0x7F, 0xFF, 0x44, 0x44, 0x44, 0x5F, 0x00, 0x00, 0x00, 0x3F,
    0x00, 0x00, 0x00, 0x6F, 0x00, 0x00, 0x00, 0x9F, 0x00, 0x00, 0x00, 0xDF,
    0x10, 0x00, 0x03, 0xFF, 0xE8, 0x10, 0x09, 0xFF, 0xFF, 0xD5, 0x1E, 0xFF,
    0xFF, 0xFF, 0xF5, 0x00, 0xFF, 0xFF, 0xF1, 0x00, 0xFF, 0xFF, 0xC0, 0x00,
    0xFF, 0xFF, 0x80, 0x00, 0xFF, 0xFF, 0x30, 0x00, 0xFF, 0xFD, 0x00, 0x00,
    0xFF, 0xF7, 0x00, 0x00, 0xFF, 0xE1, 0x00, 0x00, 0x00, 0x02, 0xEB, 0x20,
    0x00, 0x00, 0x10, 0x00, 0x00, 0x00, 0x00, 0x00, 0x00, 0x00, 0x00, 0x00,
    0x00, 0x00, 0x00, 0x00, 0x00, 0x00, 0x00, 0x00, 0x00, 0x00, 0x00, 0x00,
    0x00, 0x00, 0x00, 0x00, 0x00, 0x00, 0x06, 0xFF, 0x00, 0x00, 0x00, 0x5F,
    0x00, 0x00, 0x00, 0x06, 0x00, 0x00, 0x00, 0x00, 0x00, 0x00, 0x00, 0x00,
    0x00, 0x00, 0x00, 0x00, 0x00, 0x00, 0x00, 0x09, 0x00, 0x00, 0x03, 0xCF,
    0xFF, 0xFF, 0xDF, 0xFF, 0xFF, 0xFF, 0xFF, 0xFF, 0xFF, 0xFF, 0xFF, 0xFF,
    0x8F, 0xFF, 0xFF, 0xFF, 0x0D, 0xFF, 0xFF, 0xFE, 0x6F, 0xFF, 0xFF, 0xE3,
    0xFF, 0xFF, 0xFE, 0x30, 0xFF, 0xFF, 0xE3, 0x00, 0xFF, 0x80, 0x00, 0x00,
    0xFE, 0x10, 0x00, 0x00, 0xF6, 0x00, 0x00, 0x00, 0xB0, 0x00, 0x00, 0x00,
    0x20, 0x00, 0x00, 0x00, 0x00, 0x00, 0x00, 0x00, 0x00, 0x00, 0x00, 0x00,
    0x00, 0x00, 0x00, 0x00, 0x00, 0x00, 0x00, 0x00, 0x00, 0x00, 0x00, 0x00,
    0x00, 0x00, 0x25, 0x8C, 0x00, 0x00, 0xBF, 0xFF, 0x00, 0x00, 0x5F, 0xFF,
    0x00, 0x00, 0x06, 0x42, 0x00, 0x00, 0x00, 0x00, 0x00, 0x00, 0x00, 0x00,
    0x00, 0x02, 0x9F, 0xFF, 0x16, 0xBF, 0xFF, 0xFF, 0xFF, 0xFF, 0xFF, 0xFD,
    0xFF, 0xFF, 0xE9, 0x50, 0xEB, 0x84, 0x00, 0x00, 0x00, 0x00, 0x00, 0x00,
    0x00, 0x00, 0x00, 0x00, 0x00, 0x00, 0x00, 0x00, 0xFF, 0xFB, 0x10, 0x00,
    0xFD, 0x60, 0x00, 0x00, 0x81, 0x00, 0x00, 0x00, 0x00, 0x00, 0x00, 0x00,
    0x00, 0x00, 0x00, 0x00, 0x00, 0x00, 0x00, 0x00, 0x00, 0x00, 0x00, 0x00,
    0x00, 0x00, 0x00, 0x00, 0x00, 0x00, 0x00, 0x00, 0x00, 0x00, 0x00, 0x00,
    0x00, 0x00, 0x00, 0x00, 0x00, 0x00, 0x00, 0x00, 0x00, 0x00, 0x00, 0x00,
    0x00, 0x00, 0x00, 0x00, 0x00, 0x00, 0x00, 0x00, 0x00, 0x00, 0x00, 0x00,
    0x00, 0x00, 0x00, 0x00, 0x00, 0x00, 0x00, 0x00, 0x00, 0x00, 0x00, 0x00,
    0x00, 0x00, 0x00, 0x00, 0x00, 0x00, 0x00, 0x00, 0x00, 0x00, 0x00, 0x00,
    0x00, 0x00, 0x00, 0x00, 0x00, 0x00, 0x00, 0x00, 0x00, 0x00, 0x00, 0x00,
    0x00, 0x86, 0x20, 0x00, 0x01, 0xFF, 0xFD, 0xA7, 0x04, 0xFF, 0xFF, 0xFF,
    0x07, 0xFF, 0xFF, 0xFF, 0x0A, 0xFF, 0xFF, 0xFA, 0x1F, 0xFF, 0xFF, 0xFD,
    0x6F, 0xFF, 0xFF, 0xFF, 0x00, 0x00, 0x00, 0x00, 0x00, 0x00, 0x00, 0x00,
    0x20, 0x00, 0x00, 0x00, 0x70, 0x00, 0x00, 0x00, 0x20, 0x00, 0x00, 0x00,
    0x00, 0x00, 0x00, 0x00, 0xBB, 0xBB, 0xBB, 0xBB, 0xFF, 0xFF, 0xFF, 0xFF,
    0x01, 0x05, 0xFE, 0x60, 0x4D, 0x81, 0xCF, 0xF8, 0x9F, 0xF9, 0x0D, 0xFF,
    0x09, 0xFF, 0x84, 0xD4, 0x00, 0xBF, 0xF3, 0x10, 0x00, 0x2C, 0x40, 0x00,
    0xBB, 0xA1, 0x00, 0x00, 0xFF, 0xFC, 0x10, 0x00, 0x00, 0x00, 0x00, 0x00,
    0x00, 0x00, 0x00, 0x06, 0x00, 0x00, 0x00, 0x1E, 0x00, 0x00, 0x00, 0xAF,
    0x00, 0x00, 0x09, 0xFF, 0x00, 0x00, 0x9F, 0xFF, 0x00, 0x19, 0xFF, 0xFF,
    0x00, 0x7F, 0xFF, 0xC3, 0xDF, 0xFF, 0xFE, 0x88, 0xFF, 0xFF, 0xF6, 0x00,
    0xFF, 0xFF, 0x90, 0x00, 0xFF, 0xFC, 0x00, 0x00, 0xFF, 0xC1, 0x10, 0x00,
    0xF9, 0x19, 0xEA, 0x50, 0x80, 0x3F, 0xFF, 0xFD, 0x00, 0x08, 0xFF, 0xFF,
    0x88, 0x88, 0x87, 0xDF, 0x00, 0x00, 0x00, 0xCF, 0x00, 0x00, 0x01, 0xFF,
    0x00, 0x00, 0x04, 0xFF, 0x00, 0x00, 0x08, 0xFF, 0x00, 0x00, 0x0D, 0xFF,
    0x60, 0x00, 0x3F, 0xFF, 0xFD, 0x40, 0x9F, 0xFF, 0xFF, 0xFF, 0x70, 0x00,
    0xFF, 0xFF, 0x50, 0x00, 0xFF, 0xFF, 0x10, 0x00, 0xFF, 0xFC, 0x00, 0x00,
    0xFF, 0xF8, 0x00, 0x00, 0xFF, 0xF2, 0x00, 0x00, 0xFF, 0xC0, 0x00, 0x00,
    0xFF, 0x60, 0x00, 0x00, 0x00, 0x1D, 0xE7, 0x00, 0x00, 0x02, 0x20, 0x00,
    0x00, 0x00, 0x00, 0x00, 0x00, 0x00, 0x00, 0x00, 0x00, 0x00, 0x00, 0x00,
    0x00, 0x00, 0x00, 0x00, 0x00, 0x00, 0x00, 0x00, 0x00, 0x00, 0x00, 0x00,
    0x00, 0x00, 0x6F, 0xFF, 0x00, 0x00, 0x06, 0xFF, 0x00, 0x00, 0x00, 0x6F,
    0x00, 0x00, 0x00, 0x09, 0x00, 0x00, 0x00, 0x00, 0x00, 0x00, 0x00, 0x02,
    0x00, 0x00, 0x00, 0x4E, 0x00, 0x00, 0x19, 0xFF, 0xFF, 0xFA, 0xFF, 0xFF,
    0xFF, 0xFF, 0xFF, 0xFF, 0xFF, 0xFF, 0xFF, 0xFF, 0xFF, 0xFF, 0xFF, 0xFF,
    0xCF, 0xFF, 0xFF, 0xF7, 0xCF, 0xFF, 0xFF, 0x90, 0xFF, 0xFF, 0xF9, 0x00,
    0xFF, 0xFF, 0x90, 0x00, 0xFD, 0x00, 0x00, 0x00, 0xF6, 0x00, 0x00, 0x00,
    0xC0, 0x00, 0x00, 0x00, 0x30, 0x00, 0x00, 0x00, 0x00, 0x00, 0x00, 0x00,
    0x00, 0x00, 0x00, 0x00, 0x00, 0x00, 0x00, 0x00, 0x00, 0x00, 0x00, 0x00,
    0x00, 0x00, 0x00, 0x00, 0x00, 0x00, 0x00, 0x00, 0x00, 0x01, 0x47, 0xAE,
    0x00, 0x08, 0xFF, 0xFF, 0x00, 0x02, 0xFF, 0xFF, 0x00, 0x00, 0x58, 0x53,
    0x00, 0x00, 0x00, 0x00, 0x00, 0x00, 0x00, 0x00, 0x00, 0x16, 0xDF, 0xFF,
    0x38, 0xEF, 0xFF, 0xFF, 0xFF, 0xFF, 0xFF, 0xFB, 0xFF, 0xFF, 0xE9, 0x30,
    0xEB, 0x83, 0x00, 0x00, 0x00, 0x00, 0x00, 0x00, 0x00, 0x00, 0x00, 0x00,
    0x00, 0x00, 0x00, 0x00, 0xFF, 0xE6, 0x00, 0x00, 0xFB, 0x20, 0x00, 0x00,
    0x40, 0x00, 0x00, 0x00, 0x00, 0x00, 0x00, 0x00, 0x00, 0x00, 0x00, 0x00,
    0x00, 0x00, 0x00, 0x00, 0x00, 0x00, 0x00, 0x00, 0x00, 0x00, 0x00, 0x00,
    0x00, 0x00, 0x00, 0x00, 0x00, 0x00, 0x00, 0x00, 0x00, 0x00, 0x00, 0x00,
    0x00, 0x00, 0x00, 0x00, 0x00, 0x00, 0x00, 0x00, 0x00, 0x00, 0x00, 0x00,
    0x00, 0x00, 0x00, 0x00, 0x00, 0x00, 0x00, 0x00, 0x00, 0x00, 0x00, 0x00,
    0x00, 0x00, 0x00, 0x00, 0x00, 0x00, 0x00, 0x00, 0x00, 0x00, 0x00, 0x00,
    0x00, 0x00, 0x10, 0x01, 0x00, 0x00, 0x9F, 0xFF, 0x00, 0x00, 0x3F, 0xFF,
    0x00, 0x00, 0x06, 0x88, 0x00, 0x00, 0x00, 0x00, 0x00, 0x00, 0x00, 0x00,
    0x00, 0x00, 0x00, 0x00, 0x00, 0x00, 0x00, 0x01, 0x44, 0x58, 0x8B, 0xDF,
    0xFF, 0xFF, 0xFF, 0xFF, 0xFF, 0xFF, 0xFF, 0xFF, 0x87, 0x44, 0x47, 0xFF,
    0x00, 0x00, 0x00, 0x00, 0x00, 0x00, 0x00, 0x06, 0x00, 0x01, 0x59, 0xEF,
    0x47, 0xAE, 0xFF, 0xFF, 0xFF, 0xFF, 0xFF, 0xFF, 0xFF, 0xFF, 0xFF, 0xFF,
    0xFF, 0xFD, 0x86, 0x41, 0xFF, 0xFB, 0x00, 0x00, 0x00, 0x00, 0x00, 0x00,
    0x50, 0x00, 0x00, 0x00, 0xE1, 0x00, 0x00, 0x00, 0xFB, 0x00, 0x00, 0x00,
    0xFF, 0x80, 0x00, 0x00, 0xDA, 0x60, 0x00, 0x00, 0x00, 0x00, 0x00, 0x00,
    0x00, 0x00, 0x00, 0x00, 0x00, 0x00, 0x00, 0x00, 0x00, 0x00, 0x00, 0x00,
    0x00, 0x00, 0x00, 0x00, 0x00, 0x00, 0x00, 0x00, 0x00, 0x34, 0x44, 0x44,
    0x00, 0xBF, 0xFF, 0xFF, 0x00, 0xAF, 0xFF, 0xFF, 0x00, 0x00, 0x00, 0x00,
    0x00, 0x00, 0x04, 0xFF, 0x00, 0x00, 0x04, 0xFF, 0x00, 0x00, 0x04, 0xFF,
    0x00, 0x00, 0x04, 0xFF, 0x44, 0x44, 0x47, 0xFF, 0xFF, 0xFF, 0xFF, 0xFF,
    0xFF, 0xFF, 0xFF, 0xFF, 0x00, 0x00, 0x05, 0xFF, 0xFF, 0xFB, 0x00, 0x00,
    0xFF, 0xFB, 0x00, 0x00, 0xFF, 0xFB, 0x00, 0x00, 0xFF, 0xFB, 0x00, 0x00,
    0xFF, 0xFC, 0x44, 0x44, 0xFF, 0xFF, 0xFF, 0xFF, 0xFF, 0xFF, 0xFF, 0xFF,
    0xFF, 0xFB, 0x00, 0x00, 0x00, 0x00, 0x00, 0x00, 0x00, 0x00, 0x00, 0x00,
    0x00, 0x00, 0x00, 0x00, 0x00, 0x00, 0x00, 0x00, 0x44, 0x44, 0x42, 0x00,
    0xFF, 0xFF, 0xF8, 0x00, 0xFF, 0xFF, 0xF7, 0x00, 0x00, 0x00, 0x00, 0x00,
    0x00, 0x00, 0x00, 0x00, 0x00, 0x00, 0x00, 0x00, 0x00, 0x00, 0x00, 0x00,
    0x00, 0x00, 0x00, 0x00, 0x00, 0x00, 0x00, 0x00, 0x00, 0x00, 0x00, 0x00,
    0x00, 0x00, 0x00, 0x00, 0x00, 0x00, 0x00, 0x00, 0x00, 0x00, 0x04, 0xFF,
    0x00, 0x00, 0x05, 0xFF, 0x00, 0x00, 0x07, 0xFF, 0x00, 0x00, 0x09, 0xFF,
    0x00, 0x00, 0x0D, 0xFF, 0x00, 0x00, 0x3F, 0xFF, 0x00, 0x00, 0x9F, 0xFF,
    0x00, 0x04, 0xFF, 0xFF, 0xFF, 0xFB, 0x00, 0x00, 0xFF, 0xF8, 0x00, 0x00,
    0xFF, 0xF7, 0x00, 0x00, 0xFF, 0xF3, 0x00, 0x00, 0xFF, 0xE0, 0x00, 0x00,
    0xFF, 0x90, 0x00, 0x00, 0xFF, 0x20, 0x00, 0x00, 0xF8, 0x00, 0x00, 0x00,
    0x00, 0x00, 0x00, 0x00, 0x00, 0x00, 0x00, 0x00, 0x00, 0x00, 0x00, 0x00,
    0x00, 0x00, 0x00, 0x00, 0x00, 0x00, 0x00, 0x00, 0x00, 0x00, 0x00, 0x00,
    0x00, 0x00, 0x00, 0x00, 0x00, 0x00, 0x00, 0x00, 0x00, 0x00, 0x00, 0x00,
    0x00, 0x00, 0x00, 0x00, 0x00, 0x00, 0x00, 0x04, 0x00, 0x00, 0x38, 0xCF,
    0x00, 0x00, 0x6F, 0xFF, 0x00, 0x00, 0x0C, 0xCA, 0x00, 0x00, 0x00, 0x00,
    0x00, 0x00, 0x00, 0x00, 0x00, 0x3E, 0xFF, 0xFF, 0x04, 0xEF, 0xFF, 0xFC,
    0xAF, 0xFF, 0xFF, 0xB1, 0xFF, 0xFF, 0xE6, 0x00, 0xFF, 0xC6, 0x10, 0x00,
    0x72, 0x00, 0x00, 0x00, 0x00, 0x00, 0x00, 0x00, 0x00, 0x00, 0x00, 0x00,
    0xC0, 0x00, 0x00, 0x00, 0x10, 0x00, 0x00, 0x00, 0x00, 0x00, 0x00, 0x00,
    0x00, 0x00, 0x00, 0x00, 0x00, 0x00, 0x00, 0x00, 0x00, 0x00, 0x00, 0x00,
    0x00, 0x00, 0x00, 0x00, 0x00, 0x00, 0x00, 0x00, 0x00, 0x00, 0x00, 0x00,
    0x00, 0x00, 0x00, 0x00, 0x00, 0x00, 0x00, 0x00, 0x00, 0x00, 0x00, 0x00,
    0x00, 0x00, 0x00, 0x00, 0x00, 0x00, 0x00, 0x00, 0x00, 0x00, 0x00, 0x00,
    0x00, 0x00, 0x00, 0x00, 0x00, 0x00, 0x00, 0x00, 0x00, 0x00, 0x00, 0x00,
    0x00, 0x00, 0x00, 0x00, 0x00, 0x00, 0x00, 0x00, 0x00, 0x00, 0x10, 0x01,
    0x00, 0x00, 0x9F, 0xFF, 0x00, 0x00, 0x3F, 0xFF, 0x00, 0x00, 0x06, 0x88,
    0x00, 0x00, 0x00, 0x00, 0x00, 0x00, 0x00, 0x00, 0x00, 0x00, 0x00, 0x00,
    0x00, 0x00, 0x00, 0x01, 0x44, 0x58, 0x8B, 0xDF, 0xFF, 0xFF, 0xFF, 0xFF,
    0xFF, 0xFF, 0xFF, 0xFF, 0x87, 0x44, 0x47, 0xFF, 0x00, 0x00, 0x00, 0x00,
    0x00, 0x00, 0x00, 0x06, 0x00, 0x01, 0x59, 0xEF, 0x47, 0xAE, 0xFF, 0xFF,
    0xFF, 0xFF, 0xFF, 0xFF, 0xFF, 0xFF, 0xFF, 0xFF, 0xFF, 0xFD, 0x86, 0x41,
    0xFF, 0xFB, 0x00, 0x00, 0x00, 0x00, 0x00, 0x00, 0x50, 0x00, 0x00, 0x00,
    0xE1, 0x00, 0x00, 0x00, 0xFB, 0x00, 0x00, 0x00, 0xFF, 0x80, 0x00, 0x00,
    0xC9, 0x62, 0x98, 0x00, 0x27, 0x05, 0xFF, 0x80, 0xBF, 0xC0, 0xAF, 0xF6,
    0x00, 0x00, 0x00, 0x00, 0x00, 0x00, 0x00, 0x00, 0x00, 0x00, 0x00, 0x00,
    0x00, 0x00, 0x00, 0x00, 0x00, 0x34, 0x44, 0x44, 0x00, 0xBF, 0xFF, 0xFF,
    0x00, 0xAF, 0xFF, 0xFF, 0x00, 0x00, 0x00, 0x00, 0x00, 0x00, 0x04, 0xFF,
    0x00, 0x00, 0x04, 0xFF, 0x00, 0x00, 0x04, 0xFF, 0x00, 0x00, 0x04, 0xFF,
    0x44, 0x44, 0x47, 0xFF, 0xFF, 0xFF, 0xFF, 0xFF, 0xFF, 0xFF, 0xFF, 0xFF,
    0x00, 0x00, 0x05, 0xFF, 0xFF, 0xFB, 0x00, 0x00, 0xFF, 0xFB, 0x00, 0x00,
    0xFF, 0xFB, 0x00, 0x00, 0xFF, 0xFB, 0x00, 0x00, 0xFF, 0xFC, 0x44, 0x44,
    0xFF, 0xFF, 0xFF, 0xFF, 0xFF, 0xFF, 0xFF, 0xFF, 0xFF, 0xFB, 0x00, 0x00,
    0x3F, 0xFA, 0x0E, 0xFC, 0x09, 0xFF, 0x67, 0x91, 0x01, 0xEF, 0xB0, 0x00,
    0x00, 0x77, 0x00, 0x00, 0x44, 0x44, 0x42, 0x00, 0xFF, 0xFF, 0xF8, 0x00,
    0xFF, 0xFF, 0xF7, 0x00, 0x00, 0x00, 0x00, 0x00, 0x00, 0x00, 0x00, 0x00,
    0x00, 0x00, 0x00, 0x00, 0x00, 0x00, 0x00, 0x00, 0x00, 0x00, 0x00, 0x00,
    0x00, 0x00, 0x00, 0x00, 0x00, 0x00, 0x00, 0x00, 0x00, 0x00, 0x00, 0x00,
    0x00, 0x00, 0x00, 0x00, 0x00, 0x00, 0x04, 0xFF, 0x00, 0x00, 0x05, 0xFF,
    0x00, 0x00, 0x07, 0xFF, 0x00, 0x00, 0x09, 0xFF, 0x00, 0x00, 0x0D, 0xFF,
    0x00, 0x00, 0x3F, 0xFF, 0x00, 0x00, 0x9F, 0xFF, 0x00, 0x04, 0xFF, 0xFF,
    0xFF, 0xFB, 0x00, 0x00, 0xFF, 0xF8, 0x00, 0x00, 0xFF, 0xF7, 0x00, 0x00,
    0xFF, 0xF3, 0x00, 0x00, 0xFF, 0xE0, 0x00, 0x00, 0xFF, 0x90, 0x00, 0x00,
    0xFF, 0x20, 0x00, 0x00, 0xF8, 0x00, 0x00, 0x00, 0x00, 0x00, 0x00, 0x00,
    0x00, 0x00, 0x00, 0x00, 0x00, 0x00, 0x00, 0x00, 0x00, 0x00, 0x00, 0x00,
    0x00, 0x00, 0x00, 0x00, 0x00, 0x00, 0x00, 0x00, 0x00, 0x00, 0x00, 0x00,
    0x00, 0x00, 0x00, 0x00, 0x00, 0x00, 0x00, 0x00, 0x00, 0x00, 0x00, 0x00,
    0x00, 0x00, 0x00, 0x04, 0x00, 0x00, 0x38, 0xCF, 0x00, 0x00, 0x6F, 0xFF,
    0x00, 0x00, 0x0C, 0xDA, 0x00, 0x00, 0x00, 0x00, 0x00, 0x00, 0x00, 0x00,
    0x00, 0x3E, 0xFF, 0xFF, 0x04, 0xEF, 0xFF, 0xFC, 0xAF, 0xFF, 0xFF, 0xB1,
    0xFF, 0xFF, 0xE6, 0x00, 0xFF, 0xC6, 0x10, 0x00, 0x72, 0x00, 0x00, 0x00,
    0x00, 0x00, 0x00, 0x00, 0x00, 0x00, 0x00, 0x00, 0xC0, 0x00, 0x00, 0x00,
    0x10, 0x00, 0x00, 0x00, 0x00, 0x00, 0x00, 0x00, 0x00, 0x00, 0x00, 0x00,
    0x00, 0x00, 0x00, 0x00, 0x00, 0x00, 0x00, 0x00, 0x00, 0x00, 0x00, 0x00,
    0x00, 0x00, 0x00, 0x00, 0x00, 0x00, 0x00, 0x00, 0x00, 0x00, 0x00, 0x00,
    0x00, 0x00, 0x00, 0x00, 0x00, 0x00, 0x00, 0x00, 0x00, 0x00, 0x00, 0x00,
    0x00, 0x00, 0x00, 0x00, 0x00, 0x00, 0x00, 0x00, 0x00, 0x00, 0x00, 0x00,
    0x00, 0x00, 0x00, 0x00, 0x00, 0x00, 0x00, 0x00, 0x00, 0x00, 0x00, 0x00,
    0x00, 0x00, 0x00, 0x00, 0x00, 0x00, 0x00, 0x00, 0x00, 0x00, 0x00, 0x00,
    0x00, 0x00, 0x00, 0x00, 0x00, 0x00, 0x00, 0x00, 0x00, 0x00, 0x00, 0x00,
    0x00, 0x00, 0x00, 0x00, 0x00, 0x00, 0x00, 0x00, 0x00, 0x00, 0x00, 0x00,
    0x00, 0x00, 0x00, 0x00, 0x00, 0x00, 0x00, 0x00, 0x00, 0x00, 0x00, 0x00,
    0x00, 0x00, 0x00, 0x00, 0x00, 0x00, 0x00, 0x00, 0x00, 0x00, 0x00, 0x00,
    0x00, 0x00, 0x00, 0x00, 0x00, 0x00, 0x00, 0x00, 0x00, 0x00, 0x00, 0x00,
    0x00, 0x00, 0x00, 0x00, 0x00, 0x00, 0x00, 0x00, 0x00, 0x00, 0x00, 0x00,
    0x00, 0x00, 0x00, 0x00, 0x00, 0x00, 0x00, 0x00, 0x00, 0x00, 0x00, 0x00,
    0x00, 0x00, 0x00, 0x00, 0x00, 0x00, 0x00, 0x00, 0x00, 0x00, 0x00, 0x00,
    0x00, 0x00, 0x00, 0x00, 0x00, 0x00, 0x00, 0x00, 0x00, 0x00, 0x00, 0x00,
    0x00, 0x00, 0x00, 0x00, 0x00, 0x00, 0x00, 0x43, 0x00, 0x00, 0x08, 0xFD,
    0x00, 0x00, 0x04, 0xFF, 0x00, 0x00, 0x00, 0xAF, 0x00, 0x00, 0x00, 0x5F,
    0x00, 0x00, 0x00, 0x0D, 0x00, 0x00, 0x00, 0x00, 0x00, 0x00, 0x2A, 0xC1,
    0x00, 0x00, 0x3F, 0xFB, 0x10, 0x00, 0x0A, 0xFF, 0xC1, 0x00, 0x05, 0xFF,
    0xF9, 0x00, 0x00, 0xEF, 0xFF, 0x50, 0x00, 0xAF, 0xFF, 0xE1, 0x00, 0x7F,
    0x00, 0x00, 0x04, 0x54, 0x00, 0x00, 0x08, 0xFF, 0x00, 0x00, 0x07, 0xFF,
    0x80, 0x00, 0x09, 0xFF, 0xF5, 0x00, 0x0B, 0xFF, 0xFE, 0x10, 0x0D, 0xFF,
    0xFF, 0xA0, 0x1F, 0xFF, 0xFE, 0x80, 0x4F, 0xFF, 0x10, 0x00, 0x00, 0x00,
    0xFD, 0x50, 0x00, 0x00, 0xFF, 0x50, 0x00, 0x00, 0xFF, 0x40, 0x00, 0x00,
    0xFF, 0x10, 0x00, 0x00, 0xFD, 0x00, 0x00, 0x00, 0xF9, 0x00, 0x00, 0x00,
    0xF6, 0x00, 0x00, 0x00, 0x00, 0x00, 0x00, 0x09, 0x00, 0x00, 0x00, 0x05,
    0x00, 0x00, 0x00, 0x01, 0x00, 0x00, 0x00, 0x00, 0x00, 0x00, 0x00, 0x00,
    0x00, 0x00, 0x00, 0x00, 0x00, 0x00, 0x00, 0x00, 0x00, 0x00, 0x00, 0x00,
    0xFF, 0xFB, 0x00, 0x3B, 0xFF, 0xFB, 0x10, 0x00, 0xEA, 0x40, 0x00, 0x00,
    0x20, 0x00, 0x00, 0x00, 0x00, 0x00, 0x00, 0x00, 0x00, 0x00, 0x00, 0x00,
    0x00, 0x00, 0x00, 0x00, 0x00, 0x00, 0x00, 0x00, 0x60, 0x00, 0x7F, 0xFF,
    0x00, 0x00, 0xCF, 0xFF, 0x00, 0x03, 0xFF, 0xFF, 0x00, 0x09, 0xFF, 0xFD,
    0x00, 0x2F, 0xFF, 0xF6, 0x00, 0xAF, 0xFF, 0xC0, 0x06, 0xFF, 0xFF, 0x30,
    0x3E, 0xFF, 0xF6, 0x00, 0xF2, 0x00, 0x00, 0x00, 0xB0, 0x00, 0x00, 0x00,
    0x50, 0x00, 0x00, 0x00, 0x00, 0x00, 0x00, 0x00, 0x00, 0x00, 0x00, 0x00,
    0x00, 0x00, 0x00, 0x00, 0x00, 0x00, 0x00, 0x00, 0x00, 0x00, 0x00, 0x00,
    0x00, 0x00, 0x00, 0x00, 0x00, 0x00, 0x00, 0x00, 0x00, 0x00, 0x00, 0x00,
    0x00, 0x00, 0x00, 0x00, 0x00, 0x00, 0x00, 0x00, 0x00, 0x00, 0x00, 0x00,
    0x00, 0x00, 0x00, 0x00, 0x00, 0x00, 0x00, 0x00, 0x00, 0x00, 0x00, 0x03,
    0x00, 0x00, 0x00, 0x5E, 0x00, 0x00, 0x19, 0xFF, 0x00, 0x28, 0xEF, 0xFF,
    0x09, 0xFF, 0xFE, 0x92, 0x07, 0xFC, 0x71, 0x00, 0x00, 0x20, 0x00, 0x00,
    0x00, 0x00, 0x00, 0x00, 0xEF, 0xFF, 0x60, 0x00, 0xFF, 0xF6, 0x00, 0x00,
    0xFD, 0x40, 0x00, 0x00, 0x91, 0x00, 0x00, 0x00, 0x00, 0x00, 0x00, 0x00,
    0x00, 0x00, 0x00, 0x00, 0x00, 0x00, 0x00, 0x00, 0x00, 0x00, 0x00, 0x00,
    0x00, 0x00, 0x00, 0x00, 0x00, 0x00, 0x00, 0x00, 0x00, 0x00, 0x00, 0x00,
    0x00, 0x00, 0x00, 0x00, 0x00, 0x00, 0x00, 0x00, 0x00, 0x00, 0x00, 0x00,
    0x00, 0x00, 0x00, 0x00, 0x00, 0x00, 0x00, 0x00, 0x00, 0x00, 0x00, 0x00,
    0x00, 0x00, 0x00, 0x00, 0x00, 0x00, 0x00, 0x00, 0x00, 0x00, 0x00, 0x00,
    0x00, 0x00, 0x20, 0x00, 0x00, 0x2A, 0xF6, 0x00, 0x00, 0x3F, 0xFF, 0x60,
    0x00, 0x09, 0xFF, 0xF3, 0x00, 0x00, 0x00, 0x00, 0x00, 0x00, 0x00, 0x00,
    0x00, 0x00, 0x00, 0x00, 0x00, 0x00, 0x6C, 0x60, 0x00, 0x02, 0xFF, 0xF6,
    0x00, 0x00, 0x9F, 0xFF, 0x00, 0x00, 0x3F, 0xFF, 0x00, 0x00, 0x0C, 0xFF,
    0x00, 0x00, 0x00, 0x00, 0x00, 0x00, 0x00, 0x00, 0x00, 0x00, 0x00, 0x09,
    0x00, 0x00, 0x00, 0x0F, 0x00, 0x00, 0x00, 0x0F, 0x40, 0x00, 0x00, 0x3F,
    0xE2, 0x00, 0x00, 0x4F, 0xFC, 0x00, 0x00, 0x5F, 0x00, 0x00, 0x00, 0x00,
    0x00, 0x00, 0x00, 0x00, 0x85, 0x41, 0x00, 0x00, 0xFF, 0xFF, 0xD3, 0x00,
    0xFF, 0xFF, 0xF2, 0x00, 0xFF, 0xFF, 0xE0, 0x00, 0xFF, 0xFF, 0xB0, 0x00,
    0xFF, 0xFF, 0x90, 0x00, 0x00, 0x02, 0xFF, 0xFE, 0x00, 0x00, 0xCF, 0xFF,
    0x00, 0x00, 0x6F, 0xFF, 0x00, 0x00, 0x1F, 0xFF, 0x00, 0x00, 0x0B, 0xFF,
    0x00, 0x00, 0x07, 0xFF, 0x00, 0x00, 0x04, 0xFF, 0x00, 0x00, 0x01, 0xA4,
    0x10, 0x00, 0x07, 0xFF, 0xB0, 0x00, 0x02, 0xFF, 0xF6, 0x00, 0x00, 0xDF,
    0xFE, 0x20, 0x00, 0x9F, 0xFF, 0xB0, 0x00, 0x6A, 0xFF, 0xB1, 0x00, 0x00,
    0xB4, 0x00, 0x00, 0x00, 0x00, 0x00, 0x00, 0x00, 0xFF, 0x80, 0x00, 0x7F,
    0xFF, 0xF3, 0x00, 0x9F, 0xFF, 0xFB, 0x00, 0xCF, 0xFC, 0x62, 0x01, 0xFF,
    0x30, 0x00, 0x06, 0xFF, 0x00, 0x00, 0x09, 0xFF, 0x00, 0x00, 0x1E, 0xFF,
    0x00, 0x00, 0x6F, 0xFF, 0xFF, 0xFF, 0x60, 0x00, 0xFF, 0xFF, 0x40, 0x00,
    0xFF, 0xFF, 0x10, 0x00, 0xFF, 0xFB, 0x00, 0x00, 0xFF, 0xF6, 0x00, 0x00,
    0xFF, 0xF1, 0x00, 0x00, 0xFF, 0xA0, 0x00, 0x00, 0xFF, 0x40, 0x00, 0x00,
    0x00, 0x00, 0x00, 0x00, 0x00, 0x00, 0x00, 0x00, 0x00, 0x00, 0x00, 0x00,
    0x00, 0x00, 0x00, 0x00, 0x00, 0x00, 0x00, 0x00, 0x00, 0x00, 0x00, 0x00,
    0x00, 0x00, 0x00, 0x00, 0x00, 0x00, 0x00, 0x00, 0x00, 0x00, 0x00, 0x00,
    0x00, 0x00, 0x00, 0x00, 0x00, 0x00, 0x00, 0x00, 0x00, 0x00, 0x00, 0x00,
    0x00, 0x00, 0x00, 0x00, 0x00, 0x00, 0x00, 0x00, 0x00, 0x00, 0x00, 0x06,
    0x00, 0x00, 0x00, 0x7F, 0x00, 0x00, 0xDF, 0xFF, 0x00, 0x06, 0xFF, 0xFF,
    0x00, 0x1E, 0xFF, 0xFF, 0x00, 0xAF, 0xFF, 0xFE, 0x06, 0xFF, 0xFF, 0xF5,
    0x4F, 0xFF, 0xFF, 0x60, 0xEF, 0xFF, 0xF9, 0x00, 0xFF, 0xFF, 0x60, 0x00,
    0xFB, 0x00, 0x00, 0x00, 0xF4, 0x00, 0x00, 0x00, 0xA0, 0x00, 0x00, 0x00,
    0x10, 0x00, 0x00, 0x00, 0x00, 0x00, 0x00, 0x00, 0x00, 0x00, 0x00, 0x00,
    0x00, 0x00, 0x00, 0x00, 0x00, 0x00, 0x00, 0x00, 0x00, 0x00, 0x00, 0x00,
    0x00, 0x00, 0x00, 0x00, 0x00, 0x00, 0x00, 0x00, 0x00, 0x00, 0x00, 0x07,
    0x00, 0x00, 0x00, 0x02, 0x00, 0x00, 0x00, 0x00, 0x00, 0x00, 0x00, 0x00,
    0x00, 0x00, 0x00, 0x00, 0x00, 0x00, 0x2A, 0xFF, 0x00, 0x18, 0xEF, 0xFF,
    0x28, 0xEF, 0xFF, 0xFB, 0xFF, 0xFF, 0xFB, 0x40, 0xFF, 0xD8, 0x20, 0x00,
    0x44, 0x00, 0x00, 0x00, 0x00, 0x00, 0x00, 0x00, 0x00, 0x00, 0x00, 0x00,
    0xFF, 0xE4, 0x00, 0x00, 0xF9, 0x10, 0x00, 0x00, 0x40, 0x00, 0x00, 0x00,
    0x00, 0x00, 0x00, 0x00, 0x00, 0x00, 0x00, 0x00, 0x00, 0x00, 0x00, 0x00,
    0x00, 0x00, 0x00, 0x00, 0x00, 0x00, 0x00, 0x00, 0x00, 0x00, 0x00, 0x00,
    0x00, 0x00, 0x00, 0x00, 0x00, 0x00, 0x00, 0x00, 0x00, 0x00, 0x00, 0x00,
    0x00, 0x00, 0x00, 0x00, 0x00, 0x00, 0x00, 0x00, 0x00, 0x00, 0x00, 0x00,
    0x00, 0x00, 0x00, 0x00, 0x00, 0x00, 0x00, 0x00, 0x00, 0x00, 0x00, 0x00,
    0x00, 0x00, 0x00, 0x00, 0x00, 0x00, 0x00, 0x00, 0x00, 0x00, 0x00, 0x00,
    0x00, 0x02, 0x00, 0x00, 0x04, 0xCE, 0x30, 0x00, 0x08, 0xFF, 0xE3, 0x00,
    0x00, 0x00, 0x00, 0x00, 0x00, 0x00, 0x00, 0x00, 0x00, 0x00, 0x00, 0x00,
    0x00, 0x00, 0x10, 0x00, 0x00, 0x2A, 0xE3, 0x00, 0x00, 0x6F, 0xFE, 0x30,
    0x00, 0x0D, 0xFF, 0xC1, 0x00, 0x07, 0xFF, 0xFA, 0x00, 0x00, 0x00, 0x00,
    0x00, 0x00, 0x00, 0x00, 0x00, 0x00, 0x00, 0x00, 0x00, 0x00, 0x00, 0x00,
    0x00, 0x00, 0x05, 0x95, 0x00, 0x00, 0x08, 0xFF, 0x00, 0x00, 0x07, 0xFF,
    0x00, 0x00, 0x09, 0xFF, 0x6D, 0x73, 0xEE, 0x10, 0x6F, 0xE3, 0xDF, 0x90,
    0x1F, 0xF8, 0x6F, 0xF2, 0x0A, 0xFF, 0x5F, 0xF9, 0x16, 0xEC, 0x46, 0x31,
    0xFD, 0xB4, 0x00, 0x00, 0xFF, 0xFA, 0x00, 0x00, 0xFF, 0xF7, 0x00, 0x00,
    0x00, 0xDF, 0xFC, 0x10, 0x00, 0x7F, 0xFF, 0xA0, 0x00, 0x1F, 0xFF, 0xF6,
    0x00, 0x09, 0xFF, 0xFE, 0x00, 0x05, 0xFF, 0xFF, 0x00, 0x01, 0xFF, 0xFF,
    0x00, 0x00, 0xBF, 0xFF, 0x00, 0x00, 0x8F, 0xE8, 0x00, 0x02, 0xFF, 0xFF,
    0x00, 0x00, 0xBF, 0xFF, 0x00, 0x00, 0x7F, 0xFF, 0x30, 0x00, 0x3F, 0xFF,
    0xB0, 0x00, 0x0F, 0xFE, 0xF6, 0x00, 0x09, 0x60, 0xE6, 0x00, 0x00, 0x00,
    0x10, 0x00, 0x00, 0x00, 0x70, 0x00, 0x0B, 0xFF, 0xF3, 0x00, 0x0C, 0xFF,
    0xFC, 0x00, 0x1F, 0xFF, 0xFF, 0x40, 0x4F, 0xFF, 0x82, 0x00, 0x7F, 0xFF,
    0x00, 0x00, 0xAF, 0xFF, 0x00, 0x00, 0xEF, 0xFF, 0x00, 0x05, 0xFF, 0xFF,
    0xFF, 0xF4, 0x00, 0x00, 0xFF, 0xF1, 0x00, 0x00, 0xFF, 0xD0, 0x00, 0x00,
    0xFF, 0x90, 0x00, 0x00, 0xFF, 0x60, 0x00, 0x00, 0xFF, 0x10, 0x00, 0x00,
    0xFB, 0x00, 0x00, 0x00, 0xF6, 0x00, 0x00, 0x00, 0x00, 0x00, 0x48, 0x10,
    0x00, 0x00, 0x00, 0x00, 0x00, 0x00, 0x00, 0x00, 0x00, 0x00, 0x00, 0x00,
    0x00, 0x00, 0x00, 0x00, 0x00, 0x00, 0x00, 0x00, 0x00, 0x00, 0x00, 0x00,
    0x00, 0x00, 0x00, 0x00, 0x00, 0x00, 0x00, 0x00, 0x00, 0x00, 0x00, 0x00,
    0x00, 0x00, 0x00, 0x00, 0x00, 0x00, 0x00, 0x00, 0x00, 0x00, 0x00, 0x00,
    0x00, 0x00, 0x00, 0x00, 0x00, 0x00, 0x00, 0x07, 0x00, 0x00, 0x00, 0x7F,
    0x00, 0x0A, 0xFF, 0xFF, 0x00, 0x2F, 0xFF, 0xFF, 0x00, 0xAF, 0xFF, 0xFD,
    0x04, 0xFF, 0xFF, 0xF5, 0x1C, 0xFF, 0xFF, 0xA0, 0x9F, 0xFF, 0xFE, 0x10,
    0xFF, 0xFF, 0xE3, 0x00, 0xFF, 0xFE, 0x30, 0x00, 0xD0, 0x00, 0x00, 0x00,
    0x70, 0x00, 0x00, 0x00, 0x00, 0x00, 0x00, 0x00, 0x00, 0x00, 0x00, 0x00,
    0x00, 0x00, 0x00, 0x00, 0x00, 0x00, 0x00, 0x00, 0x00, 0x00, 0x00, 0x00,
    0x00, 0x00, 0x00, 0x00, 0x00, 0x00, 0x00, 0x00, 0x00, 0x00, 0x00, 0x00,
    0x00, 0x00, 0x00, 0x00, 0x00, 0x00, 0x00, 0x04, 0x00, 0x00, 0x00, 0xBF,
    0x00, 0x00, 0x00, 0x5F, 0x00, 0x00, 0x00, 0x06, 0x00, 0x00, 0x00, 0x00,
    0x00, 0x00, 0x09, 0xFF, 0x00, 0x04, 0xCF, 0xFF, 0x02, 0x9F, 0xFF, 0xFF,
    0x9F, 0xFF, 0xFF, 0x92, 0xFF, 0xFF, 0x92, 0x00, 0xFC, 0x71, 0x00, 0x00,
    0x20, 0x00, 0x00, 0x00, 0x00, 0x00, 0x00, 0x00, 0xFF, 0xE3, 0x00, 0x00,
    0xFC, 0x20, 0x00, 0x00, 0x80, 0x00, 0x00, 0x00, 0x00, 0x00, 0x00, 0x00,
    0x00, 0x00, 0x00, 0x00, 0x00, 0x00, 0x00, 0x00, 0x00, 0x00, 0x00, 0x00,
    0x00, 0x00, 0x00, 0x00, 0x00, 0x00, 0x00, 0x00, 0x00, 0x00, 0x00, 0x00,
    0x00, 0x00, 0x00, 0x00, 0x00, 0x00, 0x00, 0x00, 0x00, 0x00, 0x00, 0x00,
    0x00, 0x00, 0x00, 0x00, 0x00, 0x00, 0x00, 0x00, 0x00, 0x00, 0x00, 0x00,
    0x00, 0x00, 0x00, 0x00, 0x00, 0x00, 0x00, 0x00, 0x00, 0x00, 0x00, 0x00,
    0x00, 0x00, 0x00, 0x5B, 0x00, 0x00, 0x00, 0x8F, 0x00, 0x00, 0x00, 0x48,
    0x00, 0x00, 0x00, 0x00, 0x00, 0x00, 0x00, 0x00, 0x00, 0x00, 0x00, 0x00,
    0x00, 0x00, 0x00, 0x00, 0x00, 0x00, 0x00, 0x00, 0xBB, 0xBB, 0xBB, 0xBB,
    0xFF, 0xFF, 0xFF, 0xFF, 0x88, 0x88, 0x88, 0x88, 0x00, 0x00, 0x00, 0x00,
    0x00, 0x00, 0x00, 0x00, 0x00, 0x00, 0x00, 0x00, 0x00, 0x00, 0x00, 0x00,
    0x00, 0x00, 0x00, 0x00, 0xBB, 0xBB, 0xBB, 0xBB, 0xFF, 0xFF, 0xFF, 0xFF,
    0x88, 0x88, 0x88, 0x88, 0x00, 0x00, 0x00, 0x00, 0x00, 0x00, 0x00, 0x00,
    0x00, 0x00, 0x00, 0x00, 0x00, 0x00, 0x00, 0x00, 0x00, 0x00, 0x00, 0x00,
    0xB5, 0x00, 0x00, 0x00, 0xF8, 0x00, 0x00, 0x00, 0x84, 0x00, 0x00, 0x00,
    0x00, 0x00, 0x00, 0x00, 0x00, 0x00, 0x00, 0x00, 0x00, 0x00, 0x00, 0x00,
    0x00, 0x00, 0x00, 0x00, 0x00, 0x00, 0x00, 0x00, 0x00, 0xAF, 0xFF, 0xFF,
    0x00, 0xBF, 0xFF, 0xFF, 0x00, 0x34, 0x44, 0x44, 0x00, 0x00, 0x00, 0x00,
    0x00, 0x00, 0x00, 0x00, 0x00, 0x00, 0x00, 0x00, 0x00, 0x00, 0x00, 0x00,
    0x00, 0x00, 0x00, 0x00, 0xFF, 0xFF, 0xFF, 0xFF, 0xFF, 0xFF, 0xFF, 0xFF,
    0x44, 0x44, 0x4C, 0xFF, 0x00, 0x00, 0x0B, 0xFF, 0x00, 0x00, 0x0B, 0xFF,
    0x00, 0x00, 0x00, 0x00, 0x00, 0x00, 0x00, 0x00, 0x00, 0x00, 0x00, 0x00,
    0xFF, 0xFF, 0xFF, 0xFF, 0xFF, 0xFF, 0xFF, 0xFF, 0xFF, 0xF7, 0x44, 0x44,
    0xFF, 0xF4, 0x00, 0x00, 0xFF, 0xF4, 0x00, 0x00, 0x00, 0x00, 0x00, 0x00,
    0x00, 0x00, 0x00, 0x00, 0x00, 0x00, 0x00, 0x00, 0xFF, 0xFF, 0xFA, 0x00,
    0xFF, 0xFF, 0xFB, 0x00, 0x44, 0x44, 0x43, 0x00, 0x00, 0x00, 0x00, 0x00,
    0x00, 0x00, 0x00, 0x00, 0x00, 0x00, 0x00, 0x00, 0x00, 0x00, 0x00, 0x00,
    0x00, 0x00, 0x00, 0x00, 0x00, 0x00, 0x00, 0x00, 0x00, 0x00, 0x00, 0x00,
    0x00, 0x00, 0x00, 0x00, 0x00, 0x00, 0x00, 0x00, 0x00, 0x00, 0x00, 0x00,
    0x00, 0x00, 0x0B, 0xFF, 0x00, 0x00, 0x0B, 0xFF, 0x00, 0x00, 0x0D, 0xFF,
    0x00, 0x00, 0x1F, 0xFF, 0x00, 0x00, 0x5F, 0xFF, 0x00, 0x00, 0x9F, 0xFF,
    0x00, 0x02, 0xFF, 0xFF, 0x00, 0x0B, 0xFF, 0xFF, 0xFF, 0xF4, 0x00, 0x00,
    0xFF, 0xF4, 0x00, 0x00, 0xFF, 0xF2, 0x00, 0x00, 0xFF, 0xE0, 0x00, 0x00,
    0xFF, 0x90, 0x00, 0x00, 0xFF, 0x40, 0x00, 0x00, 0xFC, 0x00, 0x00, 0x00,
    0xF4, 0x00, 0x00, 0x00, 0x00, 0x00, 0x00, 0x00, 0x00, 0x00, 0x00, 0x00,
    0x00, 0x00, 0x00, 0x00, 0x00, 0x00, 0x00, 0x00, 0x00, 0x00, 0x00, 0x00,
    0x00, 0x00, 0x00, 0x00, 0x00, 0x00, 0x00, 0x00, 0x00, 0x00, 0x00, 0x00,
    0x00, 0x00, 0x00, 0x00, 0x00, 0x00, 0x00, 0x00, 0x00, 0x00, 0x00, 0x28,
    0x00, 0x00, 0x3D, 0xFF, 0x00, 0x00, 0x0D, 0xFF, 0x00, 0x00, 0x03, 0x84,
    0x00, 0x00, 0x00, 0x00, 0x00, 0x00, 0x00, 0x00, 0x00, 0x9F, 0xFF, 0xFF,
    0x1A, 0xFF, 0xFF, 0xF6, 0xEF, 0xFF, 0xFE, 0x50, 0xFF, 0xFE, 0x81, 0x00,
    0xEA, 0x61, 0x00, 0x00, 0x00, 0x00, 0x00, 0x00, 0x00, 0x00, 0x00, 0x00,
    0x00, 0x00, 0x00, 0x00, 0x60, 0x00, 0x00, 0x00, 0x00, 0x00, 0x00, 0x00,
    0x00, 0x00, 0x00, 0x00, 0x00, 0x00, 0x00, 0x00, 0x00, 0x00, 0x00, 0x00,
    0x00, 0x00, 0x00, 0x00, 0x00, 0x00, 0x00, 0x00, 0x00, 0x00, 0x00, 0x00,
    0x00, 0x00, 0x00, 0x00, 0x00, 0x00, 0x00, 0x00, 0x00, 0x00, 0x00, 0x00,
    0x00, 0x00, 0x00, 0x00, 0x00, 0x00, 0x00, 0x00, 0x00, 0x00, 0x00, 0x00,
    0x00, 0x00, 0x00, 0x00, 0x00, 0x00, 0x00, 0x00, 0x00, 0x00, 0x00, 0x00,
    0x00, 0x00, 0x00, 0x00, 0x00, 0x00, 0x00, 0x00, 0x00, 0x00, 0x00, 0xEF,
    0x00, 0x00, 0x00, 0xFF, 0x00, 0x00, 0x00, 0x44, 0x00, 0x00, 0x00, 0x00,
    0x00, 0x00, 0x00, 0x00, 0x00, 0x00, 0x00, 0x00, 0x00, 0x00, 0x00, 0x00,
    0x00, 0x00, 0x00, 0x00, 0xFF, 0xFF, 0xFF, 0xFF, 0xFF, 0xFF, 0xFF, 0xFF,
    0x44, 0x44, 0x44, 0x44, 0x00, 0x00, 0x00, 0x00, 0x00, 0x00, 0x00, 0x00,
    0x00, 0x00, 0x00, 0x00, 0x00, 0x00, 0x00, 0x00, 0x00, 0x00, 0x00, 0x00,
    0xFF, 0xFF, 0xFF, 0xFF, 0xFF, 0xFF, 0xFF, 0xFF, 0x44, 0x44, 0x44, 0x44,
    0x00, 0x00, 0x00, 0x00, 0x00, 0x00, 0x00, 0x00, 0x00, 0x00, 0x38, 0x10,
    0x28, 0x90, 0xCF, 0xB0, 0x3F, 0xF5, 0x3F, 0xF7, 0x67, 0xFE, 0x2B, 0xFF,
    0x71, 0xFF, 0x96, 0xD7, 0x20, 0xAF, 0xB2, 0x00, 0x00, 0x24, 0x00, 0x00,
    0x00, 0x00, 0x00, 0x00, 0x00, 0x00, 0x00, 0x00, 0x00, 0x00, 0x00, 0x00,
    0x00, 0x00, 0x00, 0x00, 0x04, 0xFF, 0xFF, 0xFF, 0x04, 0xFF, 0xFF, 0xFF,
    0x01, 0x44, 0x44, 0x44, 0x00, 0x00, 0x00, 0x00, 0x00, 0x00, 0x00, 0x00,
    0x00, 0x00, 0x00, 0x00, 0x00, 0x00, 0x00, 0x00, 0x00, 0x00, 0x00, 0x00,
    0xFF, 0xFF, 0xFF, 0xFF, 0xFF, 0xFF, 0xFF, 0xFF, 0x44, 0x44, 0x7F, 0xFF,
    0x00, 0x00, 0x4F, 0xFF, 0x00, 0x00, 0x4F, 0xFF, 0x00, 0x00, 0x00, 0x00,
    0x00, 0x00, 0x00, 0x00, 0x00, 0x00, 0x00, 0x00, 0xFF, 0xFF, 0xFF, 0xFF,
    0xFF, 0xFF, 0xFF, 0xFF, 0xFF, 0xC4, 0x44, 0x44, 0xFF, 0xB0, 0x00, 0x00,
    0xFF, 0xB0, 0x00, 0x00, 0x00, 0x00, 0x00, 0x00, 0x00, 0x00, 0x00, 0x00,
    0x00, 0x00, 0x00, 0x00, 0xFF, 0xFF, 0xF4, 0x00, 0xFF, 0xFF, 0xF4, 0x00,
    0x44, 0x44, 0x41, 0x00, 0x00, 0x00, 0x00, 0x00, 0x00, 0x00, 0x00, 0x00,
    0x00, 0x00, 0x00, 0x00, 0x00, 0x00, 0x00, 0x00, 0x00, 0x00, 0x00, 0x00,
    0x00, 0x00, 0x00, 0x00, 0x00, 0x00, 0x00, 0x00, 0x00, 0x00, 0x00, 0x00,
    0x00, 0x00, 0x00, 0x00, 0x00, 0x00, 0x00, 0x00, 0x00, 0x00, 0x4F, 0xFF,
    0x00, 0x00, 0x4F, 0xFF, 0x00, 0x00, 0x6F, 0xFF, 0x00, 0x00, 0x8F, 0xFF,
    0x00, 0x00, 0xCF, 0xFF, 0x00, 0x02, 0xFF, 0xFF, 0x00, 0x0A, 0xFF, 0xFF,
    0x00, 0x4F, 0xFF, 0xFF, 0xFF, 0xB0, 0x00, 0x00, 0xFF, 0xB0, 0x00, 0x00,
    0xFF, 0x90, 0x00, 0x00, 0xFF, 0x70, 0x00, 0x00, 0xFF, 0x20, 0x00, 0x00,
    0xFB, 0x00, 0x00, 0x00, 0xF5, 0x00, 0x00, 0x00, 0xB0, 0x00, 0x00, 0x00,
    0x00, 0x00, 0x00, 0x00, 0x00, 0x00, 0x00, 0x00, 0x00, 0x00, 0x00, 0x00,
    0x00, 0x00, 0x00, 0x00, 0x00, 0x00, 0x00, 0x00, 0x00, 0x00, 0x00, 0x00,
    0x00, 0x00, 0x00, 0x00, 0x00, 0x00, 0x00, 0x00, 0x00, 0x00, 0x00, 0x00,
    0x00, 0x00, 0x00, 0x00, 0x00, 0x00, 0x01, 0x5B, 0x00, 0x00, 0x9E, 0xFF,
    0x00, 0x00, 0x6F, 0xFF, 0x00, 0x00, 0x08, 0x62, 0x00, 0x00, 0x00, 0x00,
    0x00, 0x00, 0x00, 0x00, 0x03, 0xEF, 0xFF, 0xFC, 0x5E, 0xFF, 0xFF, 0xC1,
    0xFF, 0xFF, 0xFA, 0x10, 0xFF, 0xFB, 0x40, 0x00, 0xD8, 0x30, 0x00, 0x00,
    0x00, 0x00, 0x00, 0x00, 0x00, 0x00, 0x00, 0x00, 0x00, 0x00, 0x00, 0x00,
    0x10, 0x00, 0x00, 0x00, 0x00, 0x00, 0x00, 0x00, 0x00, 0x00, 0x00, 0x00,
    0x00, 0x00, 0x00, 0x00, 0x00, 0x00, 0x00, 0x00, 0x00, 0x00, 0x00, 0x00,
    0x00, 0x00, 0x00, 0x00, 0x00, 0x00, 0x00, 0x00, 0x00, 0x00, 0x00, 0x00,
    0x00, 0x00, 0x00, 0x00, 0x00, 0x00, 0x00, 0x00, 0x00, 0x00, 0x00, 0x00,
    0x00, 0x00, 0x00, 0x00, 0x00, 0x00, 0x00, 0x00, 0x00, 0x00, 0x00, 0x00,
    0x00, 0x00, 0x00, 0x00, 0x00, 0x00, 0x00, 0x00, 0x00, 0x00, 0x00, 0x00,
    0x00, 0x00, 0x00, 0x00, 0x00, 0x00, 0x00, 0x00, 0x00, 0x00, 0x00, 0x00,
    0x00, 0x00, 0x00, 0x00, 0x00, 0x00, 0x00, 0x00, 0x00, 0x00, 0x00, 0x00,
    0x00, 0x00, 0x00, 0x00, 0x01, 0x42, 0x00, 0x00, 0x04, 0xFF, 0xFF, 0xF6,
    0x04, 0xFF, 0xFF, 0xF8, 0x04, 0xFF, 0xFF, 0xF8, 0x04, 0xFF, 0xFF, 0xF8,
    0x04, 0xFF, 0xFF, 0xF8, 0x04, 0xFF, 0xFF, 0xF8, 0x00, 0x00, 0x00, 0x00,
    0x00, 0x00, 0x00, 0x00, 0x00, 0x00, 0x00, 0x00, 0x00, 0x00, 0x00, 0x00,
    0x00, 0x00, 0x00, 0x00, 0x00, 0x00, 0x00, 0x00, 0x00, 0x00, 0x00, 0x00,
    0x00, 0x00, 0x00, 0x00, 0x00, 0x00, 0x00, 0x00, 0x00, 0x00, 0x00, 0x00,
    0x00, 0x00, 0x00, 0x00, 0x00, 0x00, 0x00, 0x00, 0x00, 0x00, 0x00, 0x00,
    0x00, 0x00, 0x00, 0x00, 0x00, 0x00, 0x00, 0x00, 0x00, 0x00, 0x00, 0x00,
    0x00, 0x00, 0x00, 0x00, 0x00, 0x00, 0x00, 0x00, 0x00, 0x00, 0x00, 0x00,
    0x00, 0x00, 0x00, 0x00, 0x00, 0x00, 0x00, 0x00, 0x00, 0x00, 0x00, 0x00,
    0x00, 0x00, 0x00, 0x00, 0x00, 0x00, 0x00, 0x00, 0x04, 0xFF, 0xFF, 0xF8,
    0x04, 0xFF, 0xFF, 0xF7, 0x04, 0xFF, 0xFF, 0xF8, 0x04, 0xFF, 0xFF, 0xFF,
    0x04, 0xFF, 0xFF, 0xFF, 0x04, 0xFF, 0xFF, 0xFE, 0x04, 0xFF, 0xFF, 0xF8,
    0x04, 0xFF, 0xFF, 0xF7, 0x00, 0x00, 0x00, 0x00, 0x00, 0x00, 0x00, 0x00,
    0x00, 0x00, 0x00, 0x00, 0xDA, 0x73, 0x00, 0x00, 0xFF, 0xFF, 0xE9, 0x40,
    0xFF, 0xFF, 0xFF, 0xFD, 0x3C, 0xFF, 0xFF, 0xFF, 0x00, 0x7E, 0xFF, 0xFF,
    0x00, 0x00, 0x00, 0x00, 0x00, 0x00, 0x00, 0x00, 0x00, 0x00, 0x00, 0x00,
    0x00, 0x00, 0x00, 0x00, 0x00, 0x00, 0x00, 0x00, 0x71, 0x00, 0x00, 0x00,
    0xFE, 0x81, 0x00, 0x00, 0xFF, 0xFE, 0x60, 0x00, 0x00, 0x00, 0x00, 0x00,
    0x00, 0x00, 0x00, 0x00, 0x00, 0x00, 0x00, 0x00, 0x00, 0x00, 0x00, 0x00,
    0x00, 0x00, 0x00, 0x00, 0x00, 0x00, 0x00, 0x00, 0x00, 0x00, 0x00, 0x00,
    0x00, 0x00, 0x00, 0x00, 0x04, 0xFF, 0xFF, 0xF8, 0x04, 0xFF, 0xFF, 0xF8,
    0x04, 0xFF, 0xFF, 0xF8, 0x04, 0xFF, 0xFF, 0xF8, 0x04, 0xFF, 0xFF, 0xF8,
    0x04, 0xFF, 0xFF, 0xF8, 0x04, 0xFF, 0xFF, 0xF8, 0x04, 0xFF, 0xFF, 0xF8,
    0x00, 0x02, 0xBF, 0xFF, 0x00, 0x00, 0x09, 0xFF, 0x00, 0x00, 0x00, 0x6F,
    0x00, 0x00, 0x00, 0x06, 0x00, 0x00, 0x00, 0x00, 0x00, 0x00, 0x00, 0x00,
    0x00, 0x00, 0x00, 0x00, 0x00, 0x00, 0x00, 0x00, 0xFF, 0xFF, 0x70, 0x00,
    0xFF, 0xF9, 0x00, 0x00, 0xFF, 0xC1, 0x00, 0x00, 0xFE, 0x20, 0x00, 0x00,
    0x65, 0x00, 0x00, 0x00, 0x00, 0x00, 0x00, 0x00, 0x00, 0x00, 0x00, 0x00,
    0x00, 0x00, 0x00, 0x00, 0x00, 0x00, 0x00, 0x00, 0x00, 0x00, 0x00, 0x00,
    0x00, 0x00, 0x00, 0x00, 0x00, 0x00, 0x00, 0x00, 0x00, 0x00, 0x00, 0x00,
    0x00, 0x00, 0x00, 0x00, 0x00, 0x00, 0x00, 0x00, 0x00, 0x00, 0x00, 0x00,
    0x04, 0xFF, 0xFF, 0xF8, 0x04, 0xFF, 0xFF, 0xF8, 0x04, 0xFF, 0xFF, 0xF8,
    0x04, 0xFF, 0xFF, 0xF8, 0x04, 0xFF, 0xFF, 0xF8, 0x03, 0xBB, 0xBB, 0xB5,
    0x00, 0x00, 0x00, 0x00, 0x00, 0x00, 0x00, 0x00, 0x00, 0x00, 0x00, 0x00,
    0x00, 0x00, 0x00, 0x00, 0x00, 0x00, 0x00, 0x00, 0x00, 0x00, 0x00, 0x00,
    0x00, 0x00, 0x00, 0x00, 0x00, 0x00, 0x00, 0x00, 0x00, 0x00, 0x00, 0x00,
    0x00, 0x00, 0x00, 0x00, 0x00, 0x00, 0x00, 0x00, 0x00, 0x00, 0x00, 0x00,
    0x00, 0x00, 0x00, 0x00, 0x00, 0x00, 0x00, 0x00, 0x00, 0x00, 0x00, 0x00,
    0x00, 0x00, 0x00, 0x00, 0x00, 0x00, 0x00, 0x00, 0x00, 0x00, 0x00, 0x00,
    0x00, 0x00, 0x00, 0x00, 0x00, 0x00, 0x00, 0x00, 0x00, 0x00, 0x00, 0x00,
    0x00, 0x00, 0x00, 0x00, 0x00, 0x00, 0x00, 0x00, 0x00, 0x00, 0x00, 0x00,
    0x00, 0x00, 0x00, 0x00, 0x00, 0x00, 0x00, 0x00, 0x00, 0x00, 0x00, 0x00,
    0x01, 0x42, 0x00, 0x00, 0x04, 0xFF, 0xFF, 0xE6, 0x04, 0xFF, 0xFF, 0xF8,
    0x04, 0xFF, 0xFF, 0xF8, 0x04, 0xFF, 0xFF, 0xF8, 0x04, 0xFF, 0xFF, 0xF8,
    0x04, 0xFF, 0xFF, 0xF8, 0x00, 0x00, 0x00, 0x00, 0x00, 0x00, 0x00, 0x00,
    0x00, 0x00, 0x00, 0x00, 0x00, 0x00, 0x00, 0x00, 0x00, 0x00, 0x00, 0x11,
    0x00, 0x00, 0x03, 0xDC, 0x00, 0x00, 0x04, 0xFF, 0x00, 0x00, 0x00, 0x4F,
    0x00, 0x00, 0x00, 0x00, 0x00, 0x00, 0x00, 0x00, 0x00, 0x00, 0x00, 0x00,
    0x08, 0xA1, 0x00, 0x00, 0x3F, 0xFC, 0x30, 0x00, 0x25, 0xFF, 0xE4, 0x00,
    0xE2, 0x7F, 0xF5, 0x00, 0xFE, 0x47, 0x30, 0x00, 0x00, 0x00, 0x00, 0x00,
    0x00, 0x00, 0x00, 0x00, 0x00, 0x00, 0x00, 0x00, 0x00, 0x00, 0x00, 0x00,
    0x00, 0x00, 0x00, 0x00, 0x00, 0x00, 0x00, 0x00, 0x00, 0x00, 0x00, 0x00,
    0x00, 0x00, 0x00, 0x00, 0x04, 0xFF, 0xFF, 0xF8, 0x04, 0xFF, 0xFF, 0xF7,
    0x04, 0xFF, 0xFF, 0xF8, 0x04, 0xFF, 0xFF, 0xFF, 0x04, 0xFF, 0xFF, 0xFF,
    0x04, 0xFF, 0xFF, 0xFE, 0x04, 0xFF, 0xFF, 0xF8, 0x04, 0xFF, 0xFF, 0xF7,
    0x00, 0x00, 0x00, 0x07, 0x00, 0x00, 0x00, 0x00, 0x00, 0x00, 0x00, 0x00,
    0xC9, 0x73, 0x00, 0x00, 0xFF, 0xFF, 0xD9, 0x40, 0xFF, 0xFF, 0xFF, 0xFD,
    0x3C, 0xFF, 0xFF, 0xFF, 0x00, 0x7E, 0xFF, 0xFF, 0xFF, 0x90, 0x00, 0x00,
    0xB7, 0x00, 0x00, 0x00, 0x00, 0x00, 0x00, 0x00, 0x00, 0x00, 0x00, 0x00,
    0x00, 0x00, 0x00, 0x00, 0x61, 0x00, 0x00, 0x00, 0xFE, 0x81, 0x00, 0x00,
    0xFF, 0xFD, 0x60, 0x00, 0x00, 0x00, 0x00, 0x00, 0x00, 0x00, 0x00, 0x00,
    0x00, 0x00, 0x00, 0x00, 0x00, 0x00, 0x00, 0x00, 0x00, 0x00, 0x00, 0x00,
    0x00, 0x00, 0x00, 0x00, 0x00, 0x00, 0x00, 0x00, 0x00, 0x00, 0x00, 0x00,
    0x04, 0xFF, 0xFF, 0xF8, 0x04, 0xFF, 0xFF, 0xF8, 0x04, 0xFF, 0xFF, 0xF8,
    0x04, 0xFF, 0xFF, 0xF8, 0x04, 0xFF, 0xFF, 0xF8, 0x04, 0xFF, 0xFF, 0xF8,
    0x04, 0xFF, 0xFF, 0xF8, 0x04, 0xFF, 0xFF, 0xF8, 0x00, 0x02, 0xBF, 0xFF,
    0x00, 0x00, 0x09, 0xFF, 0x00, 0x00, 0x00, 0x6F, 0x00, 0x00, 0x00, 0x06,
    0x00, 0x00, 0x00, 0x00, 0x00, 0x00, 0x00, 0x00, 0x00, 0x00, 0x00, 0x00,
    0x00, 0x00, 0x00, 0x00, 0xFF, 0xFF, 0x80, 0x00, 0xFF, 0xFA, 0x00, 0x00,
    0xFF, 0xC1, 0x00, 0x00, 0xFE, 0x30, 0x00, 0x00, 0x65, 0x00, 0x00, 0x00,
    0x00, 0x00, 0x00, 0x00, 0x00, 0x00, 0x00, 0x00, 0x00, 0x00, 0x00, 0x00,
    0x00, 0x00, 0x00, 0x00, 0x00, 0x00, 0x00, 0x00, 0x00, 0x00, 0x00, 0x00,
    0x00, 0x00, 0x00, 0x00, 0x00, 0x00, 0x00, 0x00, 0x00, 0x00, 0x00, 0x00,
    0x00, 0x00, 0x00, 0x00, 0x00, 0x00, 0x00, 0x00, 0x04, 0xFF, 0xFF, 0xF8,
    0x04, 0xFF, 0xFF, 0xF8, 0x04, 0xFF, 0xFF, 0xF8, 0x04, 0xFF, 0xFF, 0xF8,
    0x04, 0xFF, 0xFF, 0xF8, 0x03, 0xBB, 0xBB, 0xB5, 0x00, 0x00, 0x00, 0x00,
    0x00, 0x00, 0x00, 0x00, 0x00, 0x00, 0x00, 0x00, 0x00, 0x00, 0x00, 0x00,
    0x00, 0x00, 0x00, 0x00, 0x00, 0x00, 0x00, 0x00, 0x00, 0x00, 0x00, 0x00,
    0x00, 0x00, 0x00, 0x00, 0x00, 0x00, 0x00, 0x00, 0x00, 0x00, 0x00, 0x00,
    0x00, 0x00, 0x00, 0x00, 0x00, 0x00, 0x00, 0x00, 0x00, 0x00, 0x00, 0x00,
    0x00, 0x00, 0x00, 0x00, 0x00, 0x00, 0x00, 0x00, 0x00, 0x00, 0x00, 0x00,
    0x00, 0x00, 0x00, 0x00, 0x00, 0x00, 0x00, 0x00, 0x00, 0x00, 0x00, 0x00,
    0x00, 0x00, 0x00, 0x00, 0x00, 0x00, 0x00, 0x00, 0x00, 0x00, 0x00, 0x00,
    0x00, 0x00, 0x00, 0x00, 0x00, 0x00, 0x00, 0x00, 0x00, 0x00, 0x00, 0x00,
    0x00, 0x00, 0x00, 0x00, 0x00, 0x00, 0x00, 0x00, 0x00, 0x00, 0x00, 0x00,
    0x00, 0x00, 0x00, 0xEF, 0x00, 0x00, 0x00, 0xFF, 0x00, 0x00, 0x00, 0xFF,
    0x00, 0x00, 0x00, 0xFF, 0x00, 0x00, 0x00, 0xFF, 0x00, 0x00, 0x00, 0xFF,
    0x00, 0x00, 0x00, 0x00, 0x00, 0x00, 0x00, 0x00, 0xFE, 0xBA, 0x00, 0x00,
    0xFF, 0xFF, 0x10, 0x00, 0xFF, 0xFF, 0x00, 0x00, 0xFF, 0xFF, 0x00, 0x00,
    0xFF, 0xFF, 0x00, 0x00, 0xFF, 0xFF, 0x00, 0x00, 0x00, 0x00, 0x00, 0x00,
    0x00, 0x00, 0x00, 0x00, 0x00, 0x00, 0x00, 0x00, 0x00, 0x00, 0x00, 0x00,
    0x00, 0x00, 0x00, 0x00, 0x00, 0x00, 0x00, 0x00, 0x00, 0x00, 0x00, 0x00,
    0x00, 0x00, 0x00, 0x00, 0x00, 0x00, 0x00, 0x00, 0x00, 0x00, 0x00, 0x00,
    0x00, 0xAF, 0xFF, 0xFF, 0x00, 0xBF, 0xFF, 0xFF, 0x00, 0x34, 0x44, 0x44,
    0x00, 0x00, 0x00, 0x00, 0x00, 0x00, 0x00, 0x00, 0x00, 0x00, 0x00, 0x00,
    0x00, 0x00, 0x00, 0xFF, 0x00, 0x00, 0x01, 0xFF, 0xFF, 0xFF, 0xFF, 0xFF,
    0xFF, 0xFF, 0xFF, 0xFF, 0x44, 0x44, 0x45, 0xFF, 0x00, 0x00, 0x00, 0xEF,
    0x00, 0x00, 0x00, 0xFF, 0x00, 0x00, 0x00, 0xEF, 0xFF, 0xFF, 0x00, 0x00,
    0xFF, 0xFF, 0x10, 0x00, 0xFF, 0xFF, 0xFF, 0xFF, 0xFF, 0xFF, 0xFF, 0xFF,
    0xFF, 0xFF, 0x54, 0x44, 0xFF, 0xFF, 0x00, 0x00, 0xFF, 0xFF, 0x00, 0x00,
    0xFF, 0xFC, 0x00, 0x00, 0x00, 0x00, 0x00, 0x00, 0x00, 0x00, 0x00, 0x00,
    0xFF, 0xFF, 0xFA, 0x00, 0xFF, 0xFF, 0xFB, 0x00, 0x44, 0x44, 0x43, 0x00,
    0x00, 0x00, 0x00, 0x00, 0x00, 0x00, 0x00, 0x00, 0x00, 0x00, 0x00, 0x00,
    0x00, 0x00, 0x00, 0x00, 0x00, 0x00, 0x00, 0x00, 0x00, 0x00, 0x00, 0x00,
    0x00, 0x00, 0x00, 0x00, 0x00, 0x00, 0x00, 0x00, 0x00, 0x00, 0x00, 0x00,
    0x00, 0x00, 0x00, 0x00, 0x00, 0x00, 0x00, 0x00, 0x00, 0x00, 0x01, 0xFF,
    0x00, 0x00, 0x04, 0xFF, 0x00, 0x00, 0x07, 0xFF, 0x00, 0x00, 0x0A, 0xFF,
    0x00, 0x00, 0x2F, 0xFF, 0x00, 0x00, 0xAF, 0xFF, 0x00, 0x04, 0xFF, 0xFF,
    0x00, 0x3E, 0xFF, 0xFF, 0xFF, 0xFB, 0x00, 0x00, 0xFF, 0xF8, 0x00, 0x00,
    0xFF, 0xF5, 0x00, 0x00, 0xFF, 0xF1, 0x00, 0x00, 0xFF, 0xA0, 0x00, 0x00,
    0xFF, 0x40, 0x00, 0x00, 0xFA, 0x00, 0x00, 0x00, 0xC1, 0x00, 0x00, 0x00,
    0x00, 0x00, 0x00, 0x00, 0x00, 0x00, 0x00, 0x00, 0x00, 0x00, 0x00, 0x00,
    0x00, 0x00, 0x00, 0x00, 0x00, 0x00, 0x00, 0x00, 0x00, 0x00, 0x00, 0x00,
    0x00, 0x00, 0x00, 0x00, 0x00, 0x00, 0x00, 0x00, 0x00, 0x00, 0x00, 0x00,
    0x00, 0x00, 0x00, 0x02, 0x00, 0x00, 0x25, 0x9F, 0x00, 0x01, 0xDF, 0xFF,
    0x00, 0x00, 0x8F, 0xFC, 0x00, 0x00, 0x14, 0x20, 0x00, 0x00, 0x00, 0x00,
    0x00, 0x00, 0x00, 0x00, 0x04, 0xEF, 0xFF, 0xFE, 0x9F, 0xFF, 0xFF, 0xB1,
    0xFF, 0xFF, 0xE7, 0x00, 0xFF, 0xD8, 0x10, 0x00, 0x83, 0x00, 0x00, 0x00,
    0x00, 0x00, 0x00, 0x00, 0x00, 0x00, 0x00, 0x00, 0x00, 0x00, 0x00, 0x00,
    0x30, 0x00, 0x00, 0x00, 0x00, 0x00, 0x00, 0x00, 0x00, 0x00, 0x00, 0x00,
    0x00, 0x00, 0x00, 0x00, 0x00, 0x00, 0x00, 0x00, 0x00, 0x00, 0x00, 0x00,
    0x00, 0x00, 0x00, 0x00, 0x00, 0x00, 0x00, 0x00, 0x00, 0x00, 0x00, 0x00,
    0x00, 0x00, 0x00, 0x00, 0x00, 0x00, 0x00, 0x00, 0x00, 0x00, 0x00, 0x00,
    0x00, 0x00, 0x00, 0x00, 0x00, 0x00, 0x00, 0x00, 0x00, 0x00, 0x00, 0x00,
    0x00, 0x00, 0x00, 0x00, 0x00, 0x00, 0x00, 0x00, 0x00, 0x00, 0x00, 0x00,
    0x00, 0x00, 0x00, 0x00, 0x00, 0x00, 0x00, 0x00, 0x00, 0x00, 0x24, 0x44,
    0x00, 0x00, 0x8F, 0xFF, 0x00, 0x00, 0x8F, 0xFF, 0x00, 0x00, 0x24, 0x44,
    0x00, 0x00, 0x00, 0x00, 0x00, 0x00, 0x00, 0x00, 0x00, 0x00, 0x00, 0x00,
    0x00, 0x00, 0x00, 0x00, 0x44, 0x44, 0x44, 0x44, 0xFF, 0xFF, 0xFF, 0xFF,
    0xFF, 0xFF, 0xFF, 0xFF, 0x44, 0x44, 0x44, 0x44, 0x00, 0x00, 0x00, 0x00,
    0x00, 0x00, 0x00, 0x00, 0x00, 0x00, 0x00, 0x00, 0x00, 0x00, 0x00, 0x00,
    0x44, 0x44, 0x44, 0x44, 0xFF, 0xFF, 0xFF, 0xFF, 0xFF, 0xFF, 0xFF, 0xFF,
    0x44, 0x44, 0x44, 0x44, 0x00, 0x00, 0x00, 0x00, 0x00, 0x00, 0x00, 0x00,
    0x00, 0x00, 0x00, 0x00, 0x00, 0x00, 0x00, 0x00, 0x44, 0x42, 0x00, 0x00,
    0xFF, 0xF8, 0x00, 0x00, 0xFF, 0xF8, 0x00, 0x00, 0x44, 0x42, 0x00, 0x00,
    0x00, 0x00, 0x00, 0x00, 0x00, 0x00, 0x00, 0x00, 0x00, 0x00, 0x00, 0x00,
    0x00, 0x00, 0x00, 0x00, 0x00, 0x00, 0x00, 0x00, 0x00, 0x00, 0x00, 0x00,
    0x00, 0x00, 0x00, 0x00, 0x00, 0x00, 0x00, 0x00, 0x00, 0x00, 0x00, 0x00,
    0x00, 0x00, 0x00, 0x00, 0x00, 0x00, 0x00, 0x00, 0x00, 0x00, 0x00, 0x00,
    0x00, 0x00, 0x00, 0x00, 0x00, 0x00, 0x00, 0x00, 0x00, 0x00, 0x00, 0x00,
    0x00, 0x00, 0x00, 0x00, 0x00, 0x00, 0x00, 0x00, 0x00, 0x00, 0x00, 0x00,
    0x00, 0x00, 0x00, 0x00, 0x00, 0x00, 0x00, 0x00, 0x00, 0x00, 0x00, 0x00,
    0x00, 0x00, 0x00, 0x00, 0x00, 0x00, 0x00, 0x00, 0x00, 0x00, 0x00, 0x00,
    0x00, 0x00, 0x00, 0x00, 0x00, 0x00, 0x00, 0x00, 0x00, 0x00, 0x00, 0x00,
    0x00, 0x00, 0x00, 0x00, 0x00, 0x00, 0x00, 0x00, 0x00, 0x00, 0x00, 0x00,
    0x00, 0x00, 0x00, 0x00, 0x00, 0x00, 0x00, 0x00, 0x00, 0x00, 0x00, 0x00,
    0x00, 0x00, 0x00, 0x00, 0x00, 0x00, 0x00, 0x00, 0x00, 0x00, 0x00, 0x00,
    0x00, 0x00, 0x00, 0x00, 0x00, 0x00, 0x00, 0x00, 0x00, 0x00, 0x00, 0x00,
    0x00, 0x00, 0x00, 0x00, 0x00, 0x00, 0x00, 0x00, 0x00, 0x00, 0x00, 0x00,
    0x00, 0x00, 0x00, 0x00, 0x00, 0x00, 0x00, 0x00, 0x00, 0x00, 0x00, 0x00,
    0x00, 0x00, 0x00, 0x00, 0x00, 0x00, 0x00, 0x00, 0x00, 0x00, 0x00, 0x00,
    0x00, 0x00, 0x00, 0x00, 0x00, 0x00, 0x00, 0x00, 0x00, 0x00, 0x00, 0x00,
    0x00, 0x00, 0x00, 0x00, 0x00, 0x00, 0x00, 0x00, 0x00, 0x00, 0x00, 0x00,
    0x00, 0x00, 0x00, 0x00, 0x00, 0x00, 0x00, 0x00, 0x00, 0x00, 0x00, 0x00,
    0x00, 0x00, 0x00, 0x00, 0x00, 0x00, 0x00, 0x00, 0x00, 0x00, 0x00, 0x00,
    0x00, 0x00, 0x00, 0x00, 0x00, 0x00, 0x00, 0x00, 0x00, 0x00, 0x00, 0x00,
    0x00, 0x00, 0x00, 0x00, 0x00, 0x78, 0x88, 0x88, 0x01, 0xFF, 0xFF, 0xFF,
    0x00, 0xEF, 0xFF, 0xFF, 0x00, 0x00, 0x00, 0x00, 0x00, 0x00, 0x00, 0x00,
    0x00, 0x00, 0x00, 0x00, 0x00, 0x00, 0x00, 0x00, 0x00, 0x00, 0x00, 0x00,
    0x88, 0x88, 0x88, 0x88, 0xFF, 0xFF, 0xFF, 0xFF, 0xFF, 0xFF, 0xFF, 0xFF,
    0x00, 0x00, 0x00, 0x00, 0x00, 0x00, 0x00, 0x00, 0x00, 0x00, 0x00, 0x00,
    0x00, 0x00, 0x00, 0x00, 0x00, 0x00, 0x00, 0x00, 0x88, 0x88, 0x88, 0x88,
    0xFF, 0xFF, 0xFF, 0xFF, 0xFF, 0xFF, 0xFF, 0xFF, 0x00, 0x00, 0x00, 0x00,
    0x00, 0x00, 0x00, 0x00, 0x00, 0x00, 0x00, 0x00, 0x00, 0x00, 0x00, 0x00,
    0x00, 0x00, 0x00, 0x00, 0x88, 0x88, 0x87, 0x00, 0xFF, 0xFF, 0xFF, 0x10,
    0xFF, 0xFF, 0xFE, 0x00, 0x00, 0x00, 0x00, 0x00, 0x00, 0x00, 0x00, 0x00,
    0x00, 0x00, 0x00, 0x00, 0x00, 0x00, 0x00, 0x00, 0x00, 0x00, 0x00, 0x00,
    0x00, 0x00, 0x00, 0x00, 0x00, 0x00, 0x00, 0x00, 0x00, 0x00, 0x00, 0x00,
    0x00, 0x00, 0x00, 0x00, 0x00, 0x00, 0x07, 0xFF, 0x00, 0x00, 0x08, 0xFF,
    0x00, 0x00, 0x02, 0x44, 0x00, 0x00, 0x00, 0x00, 0x00, 0x00, 0x00, 0x00,
    0x00, 0x00, 0x00, 0x00, 0x00, 0x00, 0x00, 0x00, 0x00, 0x00, 0x00, 0x00,
    0xFF, 0xFF, 0xFF, 0xFF, 0xFF, 0xFF, 0xFF, 0xFF, 0x44, 0x44, 0x44, 0x44,
    0x00, 0x00, 0x00, 0x00, 0x00, 0x00, 0x00, 0x00, 0x00, 0x00, 0x00, 0x00,
    0x00, 0x00, 0x00, 0x00, 0x00, 0x00, 0x00, 0x00, 0xFF, 0xFF, 0xFF, 0xFF,
    0xFF, 0xFF, 0xFF, 0xFF, 0x44, 0x45, 0xFF, 0xFF, 0x00, 0x03, 0xFF, 0xFF,
    0x00, 0x00, 0x00, 0x00, 0x00, 0x00, 0x00, 0x00, 0x00, 0x00, 0x00, 0x00,
    0x00, 0x00, 0x00, 0x00, 0xE9, 0x10, 0x00, 0x00, 0xFF, 0xB0, 0x00, 0x00,
    0xFF, 0x70, 0x00, 0x00, 0xFF, 0x30, 0x00, 0x00, 0x00, 0x00, 0x00, 0x00,
    0x00, 0x00, 0x00, 0x00, 0x00, 0x00, 0x00, 0x00, 0x00, 0x00, 0x00, 0x00,
    0x00, 0x00, 0x00, 0x00, 0x00, 0x00, 0x00, 0x00, 0x00, 0x00, 0x00, 0x00,
    0x00, 0x00, 0x00, 0x00, 0x00, 0x00, 0x00, 0x00, 0x00, 0x00, 0x00, 0x00,
    0x00, 0x00, 0x00, 0x00, 0x06, 0x92, 0x00, 0x00, 0x3F, 0xFF, 0xB4, 0x00,
    0x2A, 0xFF, 0xFF, 0xB4, 0x00, 0x2B, 0xFF, 0xFF, 0x00, 0x00, 0x5E, 0xFF,
    0x00, 0x07, 0xFF, 0xFF, 0x00, 0x0A, 0xFF, 0xFF, 0x00, 0x0E, 0xFF, 0xFF,
    0x00, 0x5F, 0xFF, 0xFF, 0x00, 0xAF, 0xFF, 0xFF, 0x02, 0xFF, 0xFF, 0xFE,
    0x99, 0xFF, 0xFF, 0xF8, 0xFF, 0xFF, 0xFF, 0xD1, 0xFD, 0x00, 0x00, 0x00,
    0xF8, 0x00, 0x00, 0x00, 0xF3, 0x00, 0x00, 0x00, 0xC0, 0x00, 0x00, 0x00,
    0x60, 0x00, 0x00, 0x00, 0x00, 0x00, 0x00, 0x00, 0x00, 0x00, 0x00, 0x00,
    0x00, 0x00, 0x00, 0x00, 0x00, 0x00, 0x00, 0x00, 0x00, 0x00, 0x00, 0x00,
    0x00, 0x00, 0x00, 0x00, 0x00, 0x00, 0x00, 0x00, 0x00, 0x00, 0x00, 0x00,
    0x00, 0x00, 0x00, 0x00, 0x00, 0x00, 0x00, 0x00, 0x00, 0x00, 0x00, 0x00,
    0x00, 0x00, 0x02, 0xCF, 0x00, 0x00, 0x00, 0x0A, 0x00, 0x00, 0x00, 0x1D,
    0x00, 0x00, 0x01, 0xCF, 0x00, 0x00, 0x0A, 0xFF, 0x00, 0x01, 0xBF, 0xFF,
    0x00, 0x3C, 0xFF, 0xFF, 0x07, 0xEF, 0xFF, 0xFC, 0xFF, 0xFF, 0xFF, 0x40,
    0xFF, 0xFF, 0xFE, 0x20, 0xFF, 0xFF, 0xFF, 0xE7, 0xFF, 0xFF, 0xFF, 0xFF,
    0xFF, 0xFE, 0xFF, 0xFF, 0xFF, 0x53, 0xEF, 0xFF, 0xE4, 0x00, 0x3E, 0xFF,
    0x20, 0x00, 0x03, 0xFF, 0x00, 0x00, 0x00, 0x00, 0x00, 0x00, 0x00, 0x00,
    0x00, 0x00, 0x00, 0x00, 0xA1, 0x00, 0x00, 0x00, 0xFE, 0x30, 0x00, 0x00,
    0xFF, 0xF6, 0x00, 0x00, 0xFF, 0xFF, 0xA0, 0x00, 0xFF, 0xFF, 0xB1, 0x00,
    0x00, 0x00, 0x00, 0x06, 0x00, 0x00, 0x27, 0xDF, 0x00, 0x1A, 0xFF, 0xFF,
    0x00, 0x0C, 0xFF, 0xFC, 0x00, 0x04, 0xA6, 0x20, 0x00, 0x00, 0x00, 0x00,
    0x00, 0x00, 0x00, 0x00, 0x00, 0x00, 0x00, 0x00, 0xDF, 0xFF, 0xFF, 0x80,
    0xFF, 0xFF, 0xB2, 0x00, 0xFF, 0x92, 0x00, 0x00, 0x71, 0x00, 0x00, 0x00,
    0x00, 0x00, 0x00, 0x00, 0x00, 0x00, 0x00, 0x00, 0x00, 0x00, 0x00, 0x00,
    0x00, 0x00, 0x00, 0x00, 0x00, 0x00, 0x00, 0x6F, 0x00, 0x00, 0x00, 0x08,
    0x00, 0x00, 0x00, 0x00, 0x00, 0x00, 0x00, 0x00, 0x00, 0x00, 0x00, 0x00,
    0x00, 0x00, 0x00, 0x00, 0x00, 0x00, 0x00, 0x00, 0x00, 0x00, 0x00, 0x00,
    0xFF, 0xF9, 0x00, 0x00, 0xFF, 0x90, 0x00, 0x00, 0xCA, 0x00, 0x00, 0x00,
    0x10, 0x00, 0x00, 0x00, 0x00, 0x00, 0x00, 0x00, 0x00, 0x00, 0x00, 0x00,
    0x00, 0x00, 0x00, 0x00, 0x00, 0x00, 0x00, 0x00, 0x00, 0x00, 0x00, 0x00,
    0x00, 0x00, 0x00, 0x00, 0x00, 0x00, 0x00, 0x00, 0x00, 0x00, 0x00, 0x00,
    0x00, 0x00, 0x00, 0x00, 0x00, 0x00, 0x00, 0x00, 0x00, 0x00, 0x28, 0x88,
    0x00, 0x00, 0x4F, 0xFF, 0x00, 0x00, 0x00, 0x00, 0x00, 0x00, 0x03, 0x10,
    0x00, 0x00, 0x1E, 0xFF, 0x00, 0x00, 0x0F, 0xFF, 0x00, 0x00, 0x0F, 0xFF,
    0x00, 0x00, 0x0E, 0xFF, 0x88, 0x88, 0x8F, 0xFF, 0xFF, 0xFF, 0xFF, 0xFF,
    0x00, 0x00, 0x00, 0x00, 0x00, 0x00, 0x00, 0x00, 0xFE, 0x80, 0x00, 0x00,
    0xFF, 0xC0, 0x00, 0x00, 0xFF, 0xB0, 0x00, 0x00, 0xFF, 0xB0, 0x00, 0x00,
    0xFF, 0xD8, 0x88, 0x88, 0xFF, 0xFF, 0xFF, 0xFF, 0x00, 0x00, 0x00, 0x00,
    0x00, 0x00, 0x00, 0x00, 0x00, 0x00, 0x00, 0x00, 0x00, 0x00, 0x00, 0x00,
    0x00, 0x00, 0x00, 0x00, 0x00, 0x00, 0x00, 0x00, 0x86, 0x00, 0x00, 0x00,
    0xFF, 0x60, 0x00, 0x00, 0x00, 0x00, 0x4F, 0xFF, 0x00, 0x00, 0x00, 0x00,
    0x00, 0x00, 0x00, 0x00, 0x00, 0x00, 0x00, 0x00, 0x00, 0x00, 0x00, 0x00,
    0x00, 0x00, 0x00, 0x00, 0x00, 0x00, 0x00, 0x00, 0x00, 0x00, 0x00, 0x00,
    0xFF, 0xFF, 0xFF, 0xFF, 0x00, 0x00, 0x00, 0x00, 0x00, 0x00, 0x00, 0x00,
    0x00, 0x00, 0x00, 0x00, 0x00, 0x00, 0x00, 0x00, 0x00, 0x00, 0x00, 0x01,
    0x00, 0x00, 0x00, 0x3D, 0x00, 0x00, 0x05, 0xEF, 0xFF, 0xEF, 0xFF, 0xFF,
    0x00, 0x1C, 0xFF, 0xFF, 0x00, 0x6F, 0xFF, 0xFF, 0x03, 0xFF, 0xFF, 0xFF,
    0x2E, 0xFF, 0xFF, 0xFE, 0xCF, 0xFF, 0xFF, 0xE3, 0xFF, 0xFF, 0xFC, 0x30,
    0xFF, 0xFF, 0xA0, 0x00, 0xFF, 0xE1, 0x00, 0x00, 0xFF, 0x70, 0x00, 0x00,
    0xF9, 0x00, 0x00, 0x00, 0xC1, 0x00, 0x00, 0x00, 0x10, 0x00, 0x00, 0x00,
    0x00, 0x00, 0x00, 0x00, 0x00, 0x00, 0x00, 0x00, 0x00, 0x00, 0x00, 0x00,
    0x00, 0x00, 0x00, 0x00, 0x00, 0x00, 0x00, 0x00, 0x00, 0x00, 0x00, 0x03,
    0x00, 0x02, 0x58, 0xDF, 0x00, 0x0C, 0xFF, 0xFF, 0x00, 0x06, 0xFF, 0xD9,
    0x00, 0x00, 0x42, 0x00, 0x00, 0x00, 0x00, 0x00, 0x00, 0x01, 0xAF, 0xFF,
    0x01, 0x8E, 0xFF, 0xFF, 0x8E, 0xFF, 0xFF, 0xFF, 0xFF, 0xFF, 0xFF, 0xFF,
    0xFF, 0xC7, 0x3E, 0xFF, 0x62, 0x00, 0x0F, 0xFF, 0x00, 0x00, 0x0F, 0xFF,
    0x00, 0x00, 0x0F, 0xFF, 0xFF, 0xF6, 0x37, 0x30, 0xFF, 0xB2, 0xEF, 0xFD,
    0xFF, 0xB4, 0xEF, 0xFF, 0xFF, 0xB0, 0x1A, 0xFF, 0xFF, 0xB0, 0x00, 0x8F,
    0xFF, 0xB0, 0x00, 0x06, 0xFF, 0xB0, 0x00, 0x00, 0xFF, 0xB0, 0x00, 0x00,
    0x00, 0x00, 0x00, 0x00, 0x83, 0x00, 0x00, 0x00, 0xFF, 0xB4, 0x00, 0x00,
    0xFF, 0xFF, 0xB4, 0x00, 0xFF, 0xFF, 0xF4, 0x00, 0xFF, 0xFF, 0x40, 0x00,
    0x7F, 0xF6, 0x00, 0x00, 0x0A, 0x70, 0x00, 0x00, 0x00, 0x00, 0x00, 0x00,
    0x00, 0x00, 0x00, 0x00, 0x00, 0x00, 0x00, 0x00, 0x00, 0x00, 0x00, 0x00,
    0x00, 0x00, 0x00, 0x00, 0x00, 0x00, 0x00, 0x00, 0x00, 0x00, 0x00, 0x00,
    0x00, 0x00, 0x00, 0x00, 0x00, 0x00, 0x0F, 0xFF, 0x00, 0x00, 0x0F, 0xFF,
    0x00, 0x00, 0x0F, 0xFF, 0x00, 0x00, 0x0F, 0xFF, 0x00, 0x00, 0x1F, 0xFF,
    0x00, 0x00, 0x0A, 0xBB, 0x00, 0x00, 0x00, 0x00, 0x00, 0x00, 0x00, 0x00,
    0xFF, 0xB0, 0x00, 0x00, 0xFF, 0xB0, 0x00, 0x00, 0xFF, 0xB0, 0x00, 0x00,
    0xFF, 0xB0, 0x00, 0x00, 0xFF, 0xC0, 0x00, 0x00, 0xBB, 0x80, 0x00, 0x00,
    0x00, 0x00, 0x00, 0x00, 0x00, 0x00, 0x00, 0x00, 0x00, 0x00, 0x00, 0x00,
    0x00, 0x00, 0x00, 0x00, 0x00, 0x00, 0x00, 0x00, 0x00, 0x00, 0x00, 0x00,
    0x00, 0x00, 0x00, 0x00, 0x00, 0x00, 0x00, 0x00, 0x00, 0x00, 0x00, 0x00,
    0x00, 0x00, 0x00, 0x00, 0x00, 0x00, 0x00, 0x00, 0x00, 0x00, 0x00, 0x00,
    0x00, 0x00, 0x00, 0x00, 0x00, 0x00, 0x00, 0x00, 0x00, 0x00, 0x00, 0x00,
    0x00, 0x00, 0x00, 0x00, 0x00, 0x00, 0x00, 0x00, 0x00, 0x00, 0x00, 0x00,
    0x00, 0x00, 0x00, 0x00, 0x00, 0x00, 0x00, 0x00, 0x00, 0x00, 0x00, 0x00,
    0x00, 0x00, 0x00, 0x00, 0x00, 0x00, 0x00, 0x00, 0x00, 0x00, 0x00, 0x00,
    0x00, 0x00, 0x00, 0x00, 0x00, 0x00, 0x00, 0x00, 0x00, 0x00, 0x00, 0x00,
    0x00, 0x00, 0x00, 0x00, 0x00, 0x03, 0x10, 0x00, 0x00, 0x1E, 0xFC, 0xA7,
    0x00, 0x0F, 0xFF, 0xFF, 0x00, 0x1F, 0xFF, 0xFF, 0x00, 0x4F, 0xFF, 0xFF,
    0x00, 0x4F, 0xFF, 0xFF, 0x00, 0x00, 0x00, 0x00, 0x00, 0x00, 0x00, 0x00,
    0x00, 0x00, 0x00, 0x00, 0x42, 0x00, 0x00, 0x00, 0xF7, 0x00, 0x00, 0x00,
    0xF4, 0x00, 0x00, 0x00, 0xF3, 0x00, 0x00, 0x00, 0xF0, 0x00, 0x00, 0x00,
    0x00, 0x00, 0x00, 0x00, 0x00, 0x00, 0x00, 0x00, 0x00, 0x00, 0x00, 0x00,
    0x00, 0x00, 0x00, 0x00, 0x00, 0x00, 0x00, 0x00, 0x00, 0x00, 0x00, 0x00,
    0x00, 0x00, 0x00, 0x00, 0x00, 0x00, 0x00, 0x00, 0x00, 0x00, 0x00, 0x00,
    0x00, 0x00, 0x00, 0x00, 0x00, 0x00, 0x00, 0x00, 0x00, 0x00, 0x00, 0x00,
    0x00, 0x00, 0x00, 0x00, 0x00, 0x00, 0x00, 0x00, 0x00, 0x00, 0x00, 0x00,
    0x00, 0x00, 0x00, 0x00, 0x00, 0x6F, 0xFF, 0xFF, 0x00, 0x8F, 0xFF, 0xFF,
    0x00, 0xBF, 0xFF, 0xFF, 0x00, 0xEF, 0xFF, 0xFF, 0x03, 0xFF, 0xFF, 0xFC,
    0x07, 0xFF, 0xFF, 0xF7, 0x0D, 0xFF, 0xFF, 0xF2, 0x4F, 0xFF, 0xFF, 0xA0,
    0xC0, 0x00, 0x00, 0x00, 0x90, 0x00, 0x00, 0x00, 0x60, 0x00, 0x00, 0x00,
    0x20, 0x00, 0x00, 0x00, 0x00, 0x00, 0x00, 0x00, 0x00, 0x00, 0x00, 0x00,
    0x00, 0x00, 0x00, 0x00, 0x00, 0x00, 0x00, 0x00, 0x00, 0x00, 0x00, 0x00,
    0x00, 0x00, 0x00, 0x00, 0x00, 0x00, 0x00, 0x00, 0x00, 0x00, 0x00, 0x00,
    0x00, 0x00, 0x00, 0x00, 0x00, 0x00, 0x00, 0x00, 0x00, 0x00, 0x00, 0x00,
    0x00, 0x00, 0x00, 0x00, 0x00, 0x00, 0x00, 0x00, 0x00, 0x00, 0x00, 0x04,
    0x00, 0x00, 0x00, 0x1D, 0x00, 0x00, 0x00, 0x9F, 0x00, 0x00, 0x09, 0xFF,
    0x00, 0x00, 0x9F, 0xFF, 0x00, 0x1A, 0xFF, 0xFF, 0x06, 0xEF, 0xFF, 0xFE,
    0xBF, 0xFF, 0xFF, 0x40, 0xFF, 0xFF, 0xFA, 0x00, 0xFF, 0xFF, 0xE2, 0x00,
    0xFF, 0xFF, 0x60, 0x00, 0xFF, 0xF8, 0x00, 0x00, 0xFF, 0x90, 0x00, 0x00,
    0xF8, 0x00, 0x00, 0x00, 0x60, 0x00, 0x00, 0x00, 0x00, 0x00, 0x00, 0x00,
    0x00, 0x00, 0x00, 0x00, 0x00, 0x00, 0x00, 0x00, 0x00, 0x00, 0x00, 0x00,
    0x00, 0x00, 0x00, 0x00, 0x00, 0x00, 0x00, 0x00, 0x00, 0x00, 0x00, 0x00,
    0x00, 0x00, 0x00, 0x00, 0x00, 0x00, 0x00, 0x06, 0x00, 0x00, 0x38, 0xDF,
    0x00, 0x0A, 0xFF, 0xFF, 0x00, 0x06, 0xFF, 0xD9, 0x00, 0x00, 0x62, 0x00,
    0x00, 0x00, 0x00, 0x00, 0x00, 0x00, 0x00, 0x00, 0x00, 0x00, 0x00, 0x00,
    0xCF, 0xFF, 0xFF, 0xA2, 0xFF, 0xFF, 0xB4, 0x00, 0xFE, 0x93, 0x00, 0x00,
    0x50, 0x00, 0x00, 0x00, 0x00, 0x00, 0x00, 0x00, 0x00, 0x00, 0x00, 0x00,
    0x00, 0x00, 0x00, 0x00, 0x00, 0x00, 0x00, 0x00, 0x00, 0x00, 0x00, 0x00,
    0x00, 0x00, 0x00, 0x00, 0x00, 0x00, 0x00, 0x00, 0x00, 0x00, 0x00, 0x00,
    0x00, 0x00, 0x00, 0x00, 0x00, 0x00, 0x00, 0x00, 0x00, 0x00, 0x00, 0x00,
    0x00, 0x00, 0x00, 0x00, 0x00, 0x00, 0x00, 0x00, 0x00, 0x00, 0x00, 0x00,
    0x00, 0x00, 0x00, 0x00, 0x00, 0x00, 0x00, 0x00, 0x00, 0x00, 0x00, 0x00,
    0x00, 0x00, 0x00, 0x00, 0x00, 0x00, 0x00, 0x00, 0x00, 0x00, 0x00, 0x00,
    0x00, 0x00, 0x00, 0x00, 0x00, 0x00, 0x00, 0x00, 0x00, 0x00, 0x00, 0x00,
    0x00, 0x00, 0x00, 0x00, 0x00, 0x00, 0x00, 0x04, 0x00, 0x00, 0x00, 0x08,
    0x00, 0x00, 0x00, 0x08, 0x00, 0x00, 0x00, 0x0B, 0x00, 0x00, 0x00, 0x00,
    0x00, 0x00, 0x00, 0x00, 0x00, 0x00, 0x00, 0x00, 0x00, 0x00, 0x00, 0x00,
    0x84, 0x30, 0x00, 0x00, 0xFF, 0xFF, 0xC8, 0x00, 0xFF, 0xFF, 0xF9, 0x00,
    0xFF, 0xFF, 0xF8, 0x00, 0x00, 0x00, 0x00, 0x00, 0x00, 0x00, 0x00, 0x00,
    0x00, 0x00, 0x00, 0x00, 0x00, 0x00, 0x00, 0x00, 0x00, 0x01, 0x73, 0x00,
    0x00, 0x3E, 0xFE, 0x10, 0x00, 0x1D, 0xFF, 0xB0, 0x00, 0x06, 0xFF, 0xF6,
    0x00, 0x00, 0x00, 0x00, 0x00, 0x00, 0x00, 0x00, 0x00, 0x00, 0x00, 0x00,
    0x00, 0x00, 0x00, 0x00, 0x00, 0x00, 0x00, 0x00, 0x00, 0x00, 0x00, 0x00,
    0x00, 0x00, 0x00, 0x00, 0x00, 0x00, 0x00, 0x00, 0x00, 0x00, 0x00, 0x0B,
    0x00, 0x00, 0x00, 0x0B, 0x00, 0x00, 0x00, 0x0C, 0x00, 0x00, 0x00, 0x0F,
    0x00, 0x00, 0x00, 0x1F, 0x00, 0x00, 0x00, 0x4F, 0x00, 0x00, 0x00, 0x7F,
    0x00, 0x00, 0x00, 0xAF, 0xFF, 0xFF, 0xF7, 0x00, 0xFF, 0xFF, 0xF4, 0x00,
    0xFF, 0xFF, 0xF2, 0x00, 0xFF, 0xFF, 0xD0, 0x00, 0xFF, 0xFF, 0xA0, 0x00,
    0xFF, 0xFF, 0x70, 0x00, 0xFF, 0xFF, 0x20, 0x00, 0xFF, 0xFB, 0x00, 0x00,
    0x00, 0x00, 0xDF, 0xFE, 0x00, 0x00, 0x7F, 0xFF, 0x00, 0x00, 0x1F, 0xFF,
    0x00, 0x00, 0x0A, 0xFF, 0x00, 0x00, 0x05, 0xFF, 0x00, 0x00, 0x00, 0xEF,
    0x00, 0x00, 0x00, 0x9F, 0x00, 0x00, 0x00, 0x5F, 0x20, 0x00, 0x00, 0x00,
    0xB0, 0x00, 0x00, 0x00, 0xF5, 0x00, 0x00, 0x00, 0xFD, 0x00, 0x00, 0x00,
    0xFF, 0x70, 0x00, 0x00, 0xFF, 0xE1, 0x00, 0x00, 0xFF, 0xF8, 0x00, 0x00,
    0xFF, 0xFE, 0x10, 0x00, 0x00, 0x00, 0x01, 0xFF, 0x00, 0x00, 0x05, 0xFF,
    0x00, 0x00, 0x0A, 0xFF, 0x00, 0x00, 0x2F, 0xFF, 0x00, 0x00, 0x9F, 0xFF,
    0x00, 0x02, 0xFF, 0xFF, 0x00, 0x0B, 0xFF, 0xF8, 0x00, 0x7F, 0xFF, 0x90,
    0xFF, 0xF5, 0x00, 0x00, 0xFF, 0xD0, 0x00, 0x00, 0xFF, 0x60, 0x00, 0x00,
    0xFB, 0x00, 0x00, 0x00, 0xE3, 0x00, 0x00, 0x00, 0x60, 0x00, 0x00, 0x00,
    0x00, 0x00, 0x00, 0x00, 0x00, 0x00, 0x00, 0x00, 0x00, 0x00, 0x00, 0x0E,
    0x00, 0x00, 0x00, 0x0A, 0x00, 0x00, 0x00, 0x06, 0x00, 0x00, 0x00, 0x02,
    0x00, 0x00, 0x00, 0x00, 0x00, 0x00, 0x00, 0x00, 0x00, 0x00, 0x00, 0x00,
    0x00, 0x00, 0x00, 0x00, 0xFF, 0xFF, 0x80, 0x00, 0xFF, 0xFF, 0xE0, 0x00,
    0xFF, 0xFF, 0xF6, 0x00, 0xFF, 0xFF, 0xFD, 0x00, 0xDF, 0xFF, 0xFF, 0x40,
    0x9F, 0xFF, 0xFF, 0xA0, 0x6F, 0xFF, 0xFF, 0xF1, 0x2F, 0xFF, 0xFF, 0xF5,
    0x03, 0xFF, 0xF9, 0x00, 0x1E, 0xFF, 0x90, 0x00, 0x04, 0xB7, 0x00, 0x00,
    0x00, 0x00, 0x00, 0x00, 0x00, 0x00, 0x00, 0x00, 0x00, 0x00, 0x00, 0x00,
    0x00, 0x00, 0x00, 0x00, 0x00, 0x00, 0x00, 0x00, 0x00, 0x00, 0x00, 0x00,
    0x00, 0x00, 0x00, 0x00, 0x00, 0x00, 0x00, 0x00, 0x00, 0x00, 0x00, 0x00,
    0x00, 0x00, 0x00, 0x00, 0x00, 0x00, 0x00, 0x00, 0x00, 0x00, 0x00, 0x00,
    0x00, 0x00, 0x00, 0x00, 0x00, 0x00, 0x00, 0x00, 0x00, 0x00, 0x00, 0x00,
    0x00, 0x00, 0x00, 0x00, 0x00, 0x00, 0x00, 0x00, 0x00, 0x00, 0x00, 0x00,
    0x00, 0x00, 0x00, 0x00, 0x00, 0x00, 0x00, 0x00, 0x00, 0x00, 0x00, 0x00,
    0x0E, 0xFF, 0xF9, 0x40, 0x0B, 0xE8, 0x20, 0x00, 0x04, 0x20, 0x00, 0x00,
    0x00, 0x00, 0x00, 0x00, 0x00, 0x00, 0x00, 0x00, 0x00, 0x00, 0x00, 0x00,
    0x00, 0x00, 0x00, 0x00, 0x00, 0x00, 0x00, 0x00, 0x00, 0x00, 0x00, 0x00,
    0x00, 0x00, 0x00, 0x00, 0x00, 0x00, 0x00, 0x00, 0x00, 0x00, 0x00, 0x00,
    0x00, 0x00, 0x00, 0x0A, 0x00, 0x00, 0x00, 0x1F, 0x00, 0x00, 0x00, 0x0F,
    0x00, 0x00, 0x00, 0x0F, 0x00, 0x00, 0x00, 0x00, 0x00, 0x00, 0x00, 0x00,
    0x00, 0x00, 0x00, 0x00, 0x00, 0x00, 0x00, 0x00, 0x97, 0x42, 0x00, 0x00,
    0xFF, 0xFF, 0xE5, 0x00, 0xFF, 0xFF, 0xF4, 0x00, 0xFF, 0xFF, 0xF4, 0x00,
    0x00, 0x00, 0x00, 0x00, 0x00, 0x00, 0x00, 0x00, 0x00, 0x00, 0x00, 0x01,
    0x00, 0x00, 0x00, 0x00, 0x00, 0x04, 0xB3, 0x00, 0x00, 0x7F, 0xFC, 0x10,
    0x00, 0x3F, 0xFF, 0x90, 0x00, 0x09, 0xFF, 0xF4, 0x00, 0x07, 0xF6, 0x00,
    0x15, 0x09, 0xFF, 0x90, 0xCF, 0x90, 0xAF, 0xF9, 0x6F, 0xFB, 0x2C, 0xE5,
    0x08, 0xFF, 0xC3, 0x20, 0x00, 0xCF, 0xB0, 0x00, 0x00, 0x26, 0x00, 0x00,
    0x00, 0x00, 0x00, 0x00, 0x00, 0x00, 0x00, 0x0F, 0x00, 0x00, 0x00, 0x0F,
    0x00, 0x00, 0x00, 0x3F, 0x00, 0x00, 0x00, 0x4F, 0x00, 0x00, 0x00, 0x6F,
    0x00, 0x00, 0x00, 0x9F, 0x00, 0x00, 0x00, 0xCF, 0x00, 0x00, 0x01, 0xFF,
    0xFF, 0xFF, 0xF1, 0x00, 0xFF, 0xFF, 0xE0, 0x00, 0xFF, 0xFF, 0xB0, 0x00,
    0xFF, 0xFF, 0x80, 0x00, 0xFF, 0xFF, 0x50, 0x00, 0xFF, 0xFF, 0x10, 0x00,
    0xFF, 0xFC, 0x00, 0x00, 0xFF, 0xF6, 0x00, 0x00, 0x00, 0x02, 0xFF, 0xFD,
    0x00, 0x00, 0xAF, 0xFF, 0x00, 0x00, 0x5F, 0xFF, 0x00, 0x00, 0x0D, 0xFF,
    0x00, 0x00, 0x08, 0xFF, 0x00, 0x00, 0x02, 0xFF, 0x00, 0x00, 0x00, 0xCF,
    0x00, 0x00, 0x00, 0x8F, 0x10, 0x00, 0x00, 0x00, 0x90, 0x00, 0x00, 0x00,
    0xF3, 0x00, 0x00, 0x00, 0xFB, 0x00, 0x00, 0x00, 0xFF, 0x40, 0x00, 0x00,
    0xFF, 0xC0, 0x00, 0x00, 0xFF, 0xF6, 0x00, 0x00, 0xFF, 0xFC, 0x00, 0x00,
    0x00, 0x00, 0x05, 0xFF, 0x00, 0x00, 0x0A, 0xFF, 0x00, 0x00, 0x1F, 0xFF,
    0x00, 0x00, 0x8F, 0xFF, 0x00, 0x01, 0xEF, 0xFF, 0x00, 0x09, 0xFF, 0xFC,
    0x00, 0x4F, 0xFF, 0xE3, 0x01, 0xDF, 0xFE, 0x30, 0xFF, 0xE1, 0x00, 0x00,
    0xFF, 0x80, 0x00, 0x00, 0xFE, 0x10, 0x00, 0x00, 0xF5, 0x00, 0x00, 0x00,
    0xA0, 0x00, 0x00, 0x00, 0x10, 0x00, 0x00, 0x00, 0x00, 0x00, 0x00, 0x00,
    0x00, 0x00, 0x00, 0x00, 0x00, 0x00, 0x00, 0x3F, 0x00, 0x00, 0x00, 0x0D,
    0x00, 0x00, 0x00, 0x09, 0x00, 0x00, 0x00, 0x06, 0x00, 0x00, 0x00, 0x01,
    0x00, 0x00, 0x00, 0x00, 0x00, 0x00, 0x00, 0x00, 0x00, 0x00, 0x00, 0x00,
    0xFF, 0xFF, 0x40, 0x00, 0xFF, 0xFF, 0xB0, 0x00, 0xFF, 0xFF, 0xF3, 0x00,
    0xFF, 0xFF, 0xF9, 0x00, 0xFF, 0xFF, 0xFF, 0x10, 0xDF, 0xFF, 0xFF, 0x70,
    0x9F, 0xFF, 0xFF, 0xC0, 0x6F, 0xFF, 0xFF, 0xC1, 0x0B, 0xFF, 0xE3, 0x00,
    0x3E, 0xFD, 0x30, 0x00, 0x02, 0x91, 0x00, 0x00, 0x00, 0x00, 0x00, 0x00,
    0x00, 0x00, 0x00, 0x00, 0x00, 0x00, 0x00, 0x00, 0x00, 0x00, 0x00, 0x00,
    0x00, 0x00, 0x00, 0x00, 0x00, 0x00, 0x00, 0x00, 0x00, 0x00, 0x00, 0x00,
    0x00, 0x00, 0x00, 0x00, 0x00, 0x00, 0x00, 0x00, 0x00, 0x00, 0x00, 0x00,
    0x00, 0x00, 0x00, 0x00, 0x00, 0x00, 0x00, 0x00, 0x00, 0x00, 0x00, 0x00,
    0x00, 0x00, 0x00, 0x00, 0x00, 0x00, 0x00, 0x00, 0x00, 0x00, 0x00, 0x00,
    0x00, 0x00, 0x00, 0x00, 0x00, 0x00, 0x00, 0x00, 0x00, 0x00, 0x00, 0x00,
    0x00, 0x00, 0x00, 0x00, 0x00, 0x00, 0x00, 0x00, 0x3F, 0xFF, 0xB5, 0x00,
    0x1E, 0x92, 0x00, 0x00, 0x01, 0x00, 0x00, 0x00, 0x00, 0x00, 0x00, 0x00,
    0x00, 0x00, 0x00, 0x00, 0x00, 0x00, 0x00, 0x00, 0x00, 0x00, 0x00, 0x00,
    0x00, 0x00, 0x00, 0x00, 0x00, 0x00, 0x00, 0x00, 0x00, 0x00, 0x00, 0x00,
    0x00, 0x00, 0x00, 0x00, 0x00, 0x00, 0x00, 0x00, 0x00, 0x00, 0x00, 0x07,
    0x00, 0x00, 0x00, 0x1F, 0x00, 0x00, 0x00, 0x0F, 0x00, 0x00, 0x00, 0x0E,
    0x00, 0x00, 0x00, 0x00, 0x00, 0x00, 0x00, 0x00, 0x00, 0x00, 0x00, 0x00,
    0x00, 0x00, 0x00, 0x00, 0x54, 0x10, 0x00, 0x00, 0xFF, 0xFD, 0xB2, 0x00,
    0xFF, 0xFF, 0xF4, 0x00, 0xFF, 0xFF, 0xF1, 0x00, 0x00, 0x00, 0x00, 0x00,
    0x00, 0x00, 0x00, 0x00, 0x00, 0x00, 0x00, 0x00, 0x00, 0x00, 0x00, 0x00,
    0x00, 0x03, 0x70, 0x00, 0x00, 0x6F, 0xF8, 0x00, 0x00, 0x5F, 0xFF, 0x50,
    0x00, 0x0B, 0xFF, 0xE1, 0x00, 0x01, 0x41, 0x00, 0x00, 0x8F, 0xFF, 0x80,
    0x07, 0xFF, 0xCF, 0xF7, 0x0D, 0xF4, 0x04, 0xFD, 0x1F, 0xF1, 0x01, 0xFF,
    0x0B, 0xFA, 0x4A, 0xFB, 0x03, 0xEF, 0xFF, 0xE3, 0x00, 0x29, 0xB9, 0x20,
    0x00, 0x00, 0x00, 0x2F, 0x00, 0x00, 0x00, 0x4F, 0x00, 0x00, 0x00, 0x4F,
    0x00, 0x00, 0x00, 0x6F, 0x00, 0x00, 0x00, 0x8F, 0x00, 0x00, 0x00, 0xBF,
    0x00, 0x00, 0x00, 0xEF, 0x00, 0x00, 0x02, 0xFF, 0xFF, 0xFF, 0xF0, 0x00,
    0xFF, 0xFF, 0xC0, 0x00, 0xFF, 0xFF, 0xA0, 0x00, 0xFF, 0xFF, 0x70, 0x00,
    0xFF, 0xFF, 0x40, 0x00, 0xFF, 0xFE, 0x00, 0x00, 0xFF, 0xFA, 0x00, 0x00,
    0xFF, 0xF6, 0x00, 0x00, 0x00, 0x05, 0xFF, 0xFA, 0x00, 0x00, 0xDF, 0xFF,
    0x00, 0x00, 0x7F, 0xFF, 0x00, 0x00, 0x1F, 0xFF, 0x00, 0x00, 0x0B, 0xFF,
    0x00, 0x00, 0x06, 0xFF, 0x00, 0x00, 0x00, 0xEF, 0x00, 0x00, 0x00, 0xAF,
    0x00, 0x00, 0x00, 0x00, 0x50, 0x00, 0x00, 0x00, 0xD1, 0x00, 0x00, 0x00,
    0xF8, 0x00, 0x00, 0x00, 0xFE, 0x20, 0x00, 0x00, 0xFF, 0xA0, 0x00, 0x00,
    0xFF, 0xF2, 0x00, 0x00, 0xFF, 0xF9, 0x00, 0x00, 0x00, 0x00, 0x07, 0xFF,
    0x00, 0x00, 0x0C, 0xFF, 0x00, 0x00, 0x2F, 0xFF, 0x00, 0x00, 0x9F, 0xFF,
    0x00, 0x02, 0xFF, 0xFF, 0x00, 0x0A, 0xFF, 0xFC, 0x00, 0x4F, 0xFF, 0xE3,
    0x01, 0xDF, 0xFE, 0x30, 0xFF, 0xD0, 0x00, 0x00, 0xFF, 0x70, 0x00, 0x00,
    0xFD, 0x10, 0x00, 0x00, 0xF5, 0x00, 0x00, 0x00, 0xA0, 0x00, 0x00, 0x00,
    0x10, 0x00, 0x00, 0x00, 0x00, 0x00, 0x00, 0x00, 0x00, 0x00, 0x00, 0x00,
    0x00, 0x00, 0x00, 0x6F, 0x00, 0x00, 0x00, 0x1F, 0x00, 0x00, 0x00, 0x0B,
    0x00, 0x00, 0x00, 0x08, 0x00, 0x00, 0x00, 0x04, 0x00, 0x00, 0x00, 0x01,
    0x00, 0x00, 0x00, 0x00, 0x00, 0x00, 0x00, 0x00, 0xFF, 0xFF, 0x20, 0x00,
    0xFF, 0xFF, 0x90, 0x00, 0xFF, 0xFF, 0xF2, 0x00, 0xFF, 0xFF, 0xF8, 0x00,
    0xFF, 0xFF, 0xFE, 0x00, 0xEF, 0xFF, 0xFF, 0x60, 0xBF, 0xFF, 0xFF, 0xB0,
    0x8F, 0xFF, 0xFF, 0xE1, 0x0A, 0xFF, 0xE3, 0x00, 0x7F, 0xFE, 0x30, 0x00,
    0x16, 0xB1, 0x00, 0x00, 0x00, 0x00, 0x00, 0x00, 0x00, 0x00, 0x00, 0x00,
    0x00, 0x00, 0x00, 0x00, 0x00, 0x00, 0x00, 0x00, 0x00, 0x00, 0x00, 0x00,
    0x00, 0x00, 0x00, 0x00, 0x00, 0x00, 0x00, 0x00, 0x00, 0x00, 0x00, 0x00,
    0x00, 0x00, 0x00, 0x00, 0x00, 0x00, 0x00, 0x00, 0x00, 0x00, 0x00, 0x00,
    0x00, 0x00, 0x00, 0x00, 0x00, 0x00, 0x00, 0x00, 0x00, 0x00, 0x00, 0x00,
    0x00, 0x00, 0x00, 0x00, 0x00, 0x00, 0x00, 0x00, 0x00, 0x00, 0x00, 0x00,
    0x00, 0x00, 0x00, 0x00, 0x00, 0x00, 0x00, 0x00, 0x00, 0x00, 0x00, 0x00,
    0x00, 0x00, 0x00, 0x00, 0x5F, 0xFF, 0xD8, 0x20, 0x2F, 0xB5, 0x00, 0x00,
    0x02, 0x00, 0x00, 0x00, 0x00, 0x00, 0x00, 0x00, 0x00, 0x00, 0x00, 0x00,
    0x00, 0x00, 0x00, 0x00, 0x00, 0x00, 0x00, 0x00, 0x00, 0x00, 0x00, 0x00,
    0x00, 0x00, 0x00, 0x00, 0x00, 0x00, 0x00, 0x00, 0x00, 0x00, 0x06, 0x88,
    0x00, 0x00, 0x0C, 0xFF, 0x10, 0x00, 0x0B, 0xFF, 0x00, 0x00, 0x0B, 0xFF,
    0x00, 0x00, 0x0B, 0xFF, 0x00, 0x00, 0x0B, 0xFF, 0x00, 0x00, 0x00, 0x00,
    0x00, 0x00, 0x00, 0x00, 0x74, 0x40, 0x00, 0x00, 0xFF, 0xF0, 0x00, 0x00,
    0xFF, 0xF0, 0x00, 0x00, 0xFF, 0xF0, 0x00, 0x00, 0xFF, 0xF0, 0x00, 0x00,
    0xFF, 0xF0, 0x00, 0x00, 0x00, 0x00, 0x00, 0x00, 0x00, 0x00, 0x00, 0x00,
    0x00, 0x00, 0x00, 0x00, 0x00, 0x00, 0x00, 0x00, 0x00, 0x00, 0x00, 0x00,
    0x00, 0x00, 0x00, 0x00, 0x00, 0x00, 0x00, 0x00, 0x00, 0x00, 0x00, 0x02,
    0x00, 0x00, 0x00, 0x00, 0x00, 0x00, 0x00, 0x00, 0x00, 0x00, 0x00, 0x00,
    0x00, 0x00, 0x00, 0x00, 0x00, 0x00, 0x00, 0x00, 0x00, 0x00, 0x00, 0x00,
    0x00, 0x00, 0x00, 0x00, 0x30, 0x00, 0x00, 0x00, 0x00, 0x00, 0x0B, 0xFF,
    0x00, 0x00, 0x0B, 0xFF, 0x00, 0x00, 0x0B, 0xFF, 0x00, 0x00, 0x0B, 0xFF,
    0x00, 0x00, 0x0B, 0xFF, 0x00, 0x00, 0x0B, 0xFF, 0x00, 0x00, 0x0B, 0xFF,
    0x00, 0x00, 0x0B, 0xFF, 0xFF, 0xF0, 0x00, 0x00, 0xFF, 0xF0, 0x00, 0x00,
    0xFF, 0xF0, 0x00, 0x00, 0xFF, 0xF0, 0x00, 0x27, 0xFF, 0xF6, 0x9D, 0xFF,
    0xFF, 0xFF, 0xFF, 0xFF, 0xFF, 0xFF, 0xFF, 0xFC, 0xFF, 0xF5, 0x42, 0x00,
    0x00, 0x00, 0x00, 0x6E, 0x00, 0x00, 0x6D, 0xFF, 0x02, 0x8D, 0xFF, 0xFF,
    0xCF, 0xFF, 0xFF, 0xFF, 0xFF, 0xFF, 0xFF, 0xFF, 0xFF, 0xFF, 0xDA, 0x72,
    0xA8, 0x52, 0x00, 0x00, 0x00, 0x00, 0x00, 0x00, 0xE1, 0x00, 0x00, 0x00,
    0xFC, 0x00, 0x00, 0x00, 0xFF, 0x90, 0x00, 0x00, 0xFF, 0xF5, 0x00, 0x00,
    0xD8, 0x31, 0x00, 0x00, 0x00, 0x00, 0x00, 0x00, 0x00, 0x00, 0x00, 0x00,
    0x00, 0x00, 0x00, 0x00, 0x00, 0x00, 0x0B, 0xFF, 0x00, 0x00, 0x0B, 0xFF,
    0x00, 0x00, 0x0B, 0xFF, 0x00, 0x00, 0x0B, 0xFF, 0x00, 0x00, 0x0B, 0xFF,
    0x00, 0x00, 0x0B, 0xFF, 0x00, 0x00, 0x0B, 0xFF, 0x00, 0x00, 0x0B, 0xFF,
    0xFF, 0xE0, 0x00, 0x00, 0xFF, 0xF0, 0x00, 0x00, 0xFF, 0xF0, 0x00, 0x00,
    0xFF, 0xF0, 0x00, 0x00, 0xFF, 0xF0, 0x00, 0x00, 0xFF, 0xF0, 0x00, 0x00,
    0xFF, 0xF0, 0x00, 0x00, 0xFF, 0xE0, 0x00, 0x00, 0x00, 0x00, 0x00, 0x00,
    0x00, 0x00, 0x00, 0x00, 0x00, 0x00, 0x00, 0x00, 0x00, 0x00, 0x00, 0x00,
    0x00, 0x00, 0x00, 0x00, 0x00, 0x00, 0x00, 0x00, 0x00, 0x00, 0x00, 0x00,
    0x00, 0x00, 0x00, 0x00, 0x00, 0x00, 0x00, 0x00, 0x00, 0x00, 0x00, 0x00,
    0x00, 0x00, 0x00, 0x00, 0x00, 0x00, 0x00, 0x00, 0x00, 0x00, 0x00, 0x00,
    0x00, 0x00, 0x00, 0x00, 0x00, 0x00, 0x00, 0x00, 0x00, 0x00, 0x00, 0x00,
    0x00, 0x00, 0x0A, 0xFF, 0x00, 0x00, 0x07, 0xFF, 0x00, 0x00, 0x02, 0xEF,
    0x00, 0x00, 0x00, 0x3E, 0x00, 0x00, 0x00, 0x01, 0x00, 0x00, 0x00, 0x00,
    0x00, 0x00, 0x00, 0x00, 0x00, 0x00, 0x00, 0x00, 0xFF, 0xF1, 0x00, 0x00,
    0xFF, 0xF7, 0x00, 0x00, 0xFF, 0xFF, 0xC8, 0x88, 0xFF, 0xFF, 0xFF, 0xFF,
    0x68, 0xBD, 0xFF, 0xFF, 0x00, 0x00, 0x00, 0x00, 0x00, 0x00, 0x00, 0x00,
    0x00, 0x00, 0x00, 0x00, 0x00, 0x00, 0x00, 0x00, 0x00, 0x00, 0x00, 0x00,
    0x88, 0x88, 0x88, 0x9B, 0xFF, 0xFF, 0xFF, 0xFF, 0xFF, 0xFF, 0xFF, 0xFF,
    0x00, 0x00, 0x00, 0x00, 0x00, 0x00, 0x00, 0x00, 0x00, 0x00, 0x00, 0x00,
    0x00, 0x00, 0x00, 0x00, 0x00, 0x14, 0x00, 0x00, 0xBD, 0xFF, 0x00, 0x00,
    0xFF, 0xFF, 0x00, 0x00, 0xFF, 0xFE, 0x00, 0x00, 0x00, 0x00, 0x00, 0x00,
    0x00, 0x00, 0x00, 0x00, 0x00, 0x00, 0x00, 0x00, 0x00, 0x00, 0x00, 0x00,
    0x00, 0x00, 0x00, 0x00, 0x00, 0x00, 0x4B, 0xBB, 0x00, 0x00, 0x4F, 0xFF,
    0x00, 0x00, 0x4F, 0xFF, 0x00, 0x00, 0x4F, 0xFF, 0x00, 0x00, 0x4F, 0xFF,
    0x00, 0x00, 0x4F, 0xFF, 0x00, 0x00, 0x00, 0x00, 0x00, 0x00, 0x00, 0x00,
    0x98, 0x40, 0x00, 0x00, 0xFF, 0x80, 0x00, 0x00, 0xFF, 0x80, 0x00, 0x00,
    0xFF, 0x80, 0x00, 0x00, 0xFF, 0x80, 0x00, 0x00, 0xFF, 0x80, 0x00, 0x00,
    0x00, 0x00, 0x00, 0x00, 0x00, 0x00, 0x00, 0x00, 0x00, 0x00, 0x00, 0x02,
    0x00, 0x00, 0x00, 0x08, 0x00, 0x00, 0x00, 0x00, 0x00, 0x00, 0x00, 0x00,
    0x00, 0x00, 0x00, 0x00, 0x00, 0x00, 0x00, 0x17, 0x00, 0x06, 0x50, 0x00,
    0x00, 0x7F, 0xF8, 0x00, 0xB8, 0x1C, 0xFF, 0x90, 0xFF, 0x90, 0xCF, 0xF3,
    0x9F, 0xF8, 0x2A, 0x30, 0x0C, 0xFF, 0x60, 0x00, 0x02, 0xE7, 0x00, 0x00,
    0x10, 0x20, 0x00, 0x00, 0x00, 0x00, 0x4F, 0xFF, 0x00, 0x00, 0x4F, 0xFF,
    0x00, 0x00, 0x4F, 0xFF, 0x00, 0x00, 0x4F, 0xFF, 0x00, 0x00, 0x4F, 0xFF,
    0x00, 0x00, 0x4F, 0xFF, 0x00, 0x00, 0x4F, 0xFF, 0x00, 0x00, 0x4F, 0xFF,
    0xFF, 0x80, 0x00, 0x00, 0xFF, 0x80, 0x00, 0x00, 0xFF, 0x80, 0x00, 0x00,
    0xFF, 0x70, 0x14, 0x8D, 0xFF, 0xCB, 0xEF, 0xFF, 0xFF, 0xFF, 0xFF, 0xFF,
    0xFF, 0xFF, 0xEB, 0xA8, 0xFF, 0x90, 0x00, 0x00, 0x00, 0x00, 0x06, 0xDF,
    0x00, 0x06, 0xDF, 0xFF, 0x39, 0xEF, 0xFF, 0xFF, 0xFF, 0xFF, 0xFF, 0xFF,
    0xFF, 0xFF, 0xFF, 0xFB, 0xFF, 0xEB, 0x85, 0x10, 0x53, 0x00, 0x00, 0x00,
    0x00, 0x00, 0x00, 0x00, 0xA0, 0x00, 0x00, 0x00, 0xF8, 0x00, 0x00, 0x00,
    0xFF, 0x50, 0x00, 0x00, 0xFF, 0xB1, 0x00, 0x00, 0x72, 0x00, 0x00, 0x00,
    0x00, 0x00, 0x00, 0x00, 0x00, 0x00, 0x00, 0x00, 0x00, 0x00, 0x00, 0x00,
    0x00, 0x00, 0x4F, 0xFF, 0x00, 0x00, 0x4F, 0xFF, 0x00, 0x00, 0x4F, 0xFF,
    0x00, 0x00, 0x4F, 0xFF, 0x00, 0x00, 0x4F, 0xFF, 0x00, 0x00, 0x4F, 0xFF,
    0x00, 0x00, 0x4F, 0xFF, 0x00, 0x00, 0x4F, 0xFF, 0xFF, 0x70, 0x00, 0x00,
    0xFF, 0x80, 0x00, 0x00, 0xFF, 0x80, 0x00, 0x00, 0xFF, 0x80, 0x00, 0x00,
    0xFF, 0x80, 0x00, 0x00, 0xFF, 0x80, 0x00, 0x00, 0xFF, 0x80, 0x00, 0x00,
    0xFF, 0x70, 0x00, 0x00, 0x00, 0x00, 0x00, 0x00, 0x00, 0x00, 0x00, 0x00,
    0x00, 0x00, 0x00, 0x00, 0x00, 0x00, 0x00, 0x00, 0x00, 0x00, 0x00, 0x00,
    0x00, 0x00, 0x00, 0x00, 0x00, 0x00, 0x00, 0x00, 0x00, 0x00, 0x00, 0x00,
    0x00, 0x00, 0x00, 0x00, 0x00, 0x00, 0x00, 0x00, 0x00, 0x00, 0x00, 0x00,
    0x00, 0x00, 0x00, 0x00, 0x00, 0x00, 0x00, 0x00, 0x00, 0x00, 0x00, 0x00,
    0x00, 0x00, 0x00, 0x00, 0x00, 0x00, 0x00, 0x00, 0x00, 0x00, 0x2F, 0xFF,
    0x00, 0x00, 0x0D, 0xFF, 0x00, 0x00, 0x05, 0xFF, 0x00, 0x00, 0x00, 0x5D,
    0x00, 0x00, 0x00, 0x00, 0x00, 0x00, 0x00, 0x00, 0x00, 0x00, 0x00, 0x00,
    0x00, 0x00, 0x00, 0x00, 0xFF, 0x90, 0x00, 0x00, 0xFF, 0xE4, 0x00, 0x00,
    0xFF, 0xFF, 0xEB, 0xBB, 0xFF, 0xFF, 0xFF, 0xFF, 0x36, 0x8A, 0xBB, 0xBB,
    0x00, 0x00, 0x00, 0x00, 0x00, 0x00, 0x00, 0x00, 0x00, 0x00, 0x00, 0x00,
    0x00, 0x00, 0x00, 0x00, 0x00, 0x00, 0x00, 0x00, 0xBB, 0xBB, 0xBB, 0xEF,
    0xFF, 0xFF, 0xFF, 0xFF, 0xBB, 0xBB, 0xBB, 0xBB, 0x00, 0x00, 0x00, 0x00,
    0x00, 0x00, 0x00, 0x00, 0x00, 0x00, 0x00, 0x00, 0x00, 0x00, 0x00, 0x00,
    0x14, 0x64, 0x00, 0x00, 0xFF, 0xF8, 0x00, 0x00, 0xFF, 0xF8, 0x00, 0x00,
    0xBB, 0xB5, 0x00, 0x00, 0x00, 0x00, 0x00, 0x00, 0x00, 0x00, 0x00, 0x00,
    0x00, 0x00, 0x00, 0x00, 0x00, 0x00, 0x00, 0x00, 0x00, 0x00, 0x00, 0x00,
    0x00, 0x00, 0x07, 0x88, 0x00, 0x00, 0x1F, 0xFF, 0x00, 0x00, 0x0F, 0xFF,
    0x00, 0x00, 0x0F, 0xFF, 0x00, 0x00, 0x0F, 0xFF, 0x00, 0x00, 0x0F, 0xFF,
    0x00, 0x00, 0x00, 0x00, 0x00, 0x00, 0x00, 0x00, 0x54, 0x30, 0x00, 0x00,
    0xFF, 0xB0, 0x00, 0x00, 0xFF, 0xB0, 0x00, 0x00, 0xFF, 0xB0, 0x00, 0x00,
    0xFF, 0xB0, 0x00, 0x00, 0xFF, 0xB0, 0x00, 0x00, 0x00, 0x00, 0x00, 0x00,
    0x00, 0x00, 0x00, 0x03, 0x00, 0x00, 0x00, 0x0B, 0x00, 0x00, 0x00, 0x1F,
    0x00, 0x00, 0x00, 0x0D, 0x00, 0x00, 0x00, 0x07, 0x00, 0x00, 0x00, 0x00,
    0x00, 0x00, 0x00, 0x03, 0x29, 0xB8, 0x20, 0x00, 0xEF, 0xFF, 0xE3, 0x00,
    0xFA, 0x4A, 0xFB, 0x00, 0xF1, 0x01, 0xFF, 0x00, 0xF4, 0x04, 0xFD, 0x00,
    0xFF, 0xCF, 0xF7, 0x00, 0x8F, 0xFF, 0x80, 0x00, 0x22, 0x41, 0x00, 0x00,
    0x00, 0x00, 0x0F, 0xFF, 0x00, 0x00, 0x0F, 0xFF, 0x00, 0x00, 0x0F, 0xFF,
    0x00, 0x00, 0x0F, 0xFF, 0x00, 0x00, 0x0F, 0xFF, 0x00, 0x00, 0x0F, 0xFF,
    0x00, 0x00, 0x0F, 0xFF, 0x00, 0x00, 0x0F, 0xFF, 0xFF, 0xB0, 0x00, 0x00,
    0xFF, 0xB0, 0x00, 0x00, 0xFF, 0xB0, 0x00, 0x00, 0xFF, 0xB0, 0x00, 0x48,
    0xFF, 0xC7, 0xAE, 0xFF, 0xFF, 0xFF, 0xFF, 0xFF, 0xFF, 0xFF, 0xFF, 0xEB,
    0xFF, 0xC4, 0x41, 0x00, 0x00, 0x00, 0x01, 0x8F, 0x00, 0x01, 0x8E, 0xFF,
    0x04, 0x9F, 0xFF, 0xFF, 0xDF, 0xFF, 0xFF, 0xFF, 0xFF, 0xFF, 0xFF, 0xFF,
    0xFF, 0xFF, 0xC9, 0x61, 0x97, 0x41, 0x00, 0x00, 0x00, 0x00, 0x00, 0x00,
    0xC0, 0x00, 0x00, 0x00, 0xF9, 0x00, 0x00, 0x00, 0xFF, 0x70, 0x00, 0x00,
    0xFF, 0xF3, 0x00, 0x00, 0xC7, 0x20, 0x00, 0x00, 0x00, 0x00, 0x00, 0x00,
    0x00, 0x00, 0x00, 0x00, 0x00, 0x00, 0x00, 0x00, 0x00, 0x00, 0x0F, 0xFF,
    0x00, 0x00, 0x0F, 0xFF, 0x00, 0x00, 0x0F, 0xFF, 0x00, 0x00, 0x0F, 0xFF,
    0x00, 0x00, 0x0F, 0xFF, 0x00, 0x00, 0x0F, 0xFF, 0x00, 0x00, 0x0F, 0xFF,
    0x00, 0x00, 0x1F, 0xFF, 0xFF, 0xB0, 0x00, 0x00, 0xFF, 0xB0, 0x00, 0x00,
    0xFF, 0xB0, 0x00, 0x00, 0xFF, 0xB0, 0x00, 0x00, 0xFF, 0xB0, 0x00, 0x00,
    0xFF, 0xB0, 0x00, 0x00, 0xFF, 0xB0, 0x00, 0x00, 0xFF, 0xB0, 0x00, 0x00,
    0x00, 0x00, 0x00, 0x00, 0x00, 0x00, 0x00, 0x00, 0x00, 0x00, 0x00, 0x00,
    0x00, 0x00, 0x00, 0x00, 0x00, 0x00, 0x00, 0x00, 0x00, 0x00, 0x00, 0x00,
    0x00, 0x00, 0x00, 0x00, 0x00, 0x00, 0x00, 0x00, 0x00, 0x00, 0x00, 0x00,
    0x00, 0x00, 0x00, 0x00, 0x00, 0x00, 0x00, 0x00, 0x00, 0x00, 0x00, 0x00,
    0x00, 0x00, 0x00, 0x00, 0x00, 0x00, 0x00, 0x00, 0x00, 0x00, 0x00, 0x00,
    0x00, 0x00, 0x00, 0x00, 0x00, 0x00, 0x0E, 0xFF, 0x00, 0x00, 0x0A, 0xFF,
    0x00, 0x00, 0x04, 0xFF, 0x00, 0x00, 0x00, 0x6F, 0x00, 0x00, 0x00, 0x01,
    0x00, 0x00, 0x00, 0x00, 0x00, 0x00, 0x00, 0x00, 0x00, 0x00, 0x00, 0x00,
    0xFF, 0xC0, 0x00, 0x00, 0xFF, 0xF4, 0x00, 0x00, 0xFF, 0xFF, 0xB8, 0x88,
    0xFF, 0xFF, 0xFF, 0xFF, 0x69, 0xBD, 0xFF, 0xFF, 0x00, 0x00, 0x00, 0x00,
    0x00, 0x00, 0x00, 0x00, 0x00, 0x00, 0x00, 0x00, 0x00, 0x00, 0x00, 0x00,
    0x00, 0x00, 0x00, 0x00, 0x88, 0x88, 0x88, 0x9B, 0xFF, 0xFF, 0xFF, 0xFF,
    0xFF, 0xFF, 0xFF, 0xFF, 0x00, 0x00, 0x00, 0x00, 0x00, 0x00, 0x00, 0x00,
    0x00, 0x00, 0x00, 0x00, 0x00, 0x00, 0x00, 0x00, 0x00, 0x13, 0x00, 0x00,
    0xBE, 0xFB, 0x00, 0x00, 0xFF, 0xFB, 0x00, 0x00, 0xFF, 0xFA, 0x00, 0x00,
    0x00, 0x00, 0x00, 0x00, 0x00, 0x00, 0x00, 0x00, 0x00, 0x00, 0x00, 0x00,
    0x00, 0x00, 0x00, 0x00, 0x00, 0x00, 0x00, 0x00, 0x00, 0x00, 0x00, 0x00,
    0x00, 0x00, 0x00, 0x00, 0x00, 0x00, 0x8B, 0xBB, 0x00, 0x00, 0xCF, 0xFF,
    0x00, 0x00, 0x58, 0x88, 0x00, 0x00, 0x00, 0x00, 0x00, 0x00, 0x00, 0x00,
    0x00, 0x00, 0x00, 0x00, 0x00, 0x00, 0x00, 0x00, 0x00, 0x00, 0x00, 0x00,
    0xBB, 0xBB, 0xBB, 0xBB, 0xFF, 0xFF, 0xFF, 0xFF, 0x88, 0x88, 0x88, 0x88,
    0x00, 0x00, 0x00, 0x00, 0x00, 0x00, 0x00, 0x00, 0x00, 0x00, 0x00, 0x00,
    0x00, 0x00, 0x00, 0x00, 0x00, 0x00, 0x00, 0x00, 0xBB, 0xBB, 0xBB, 0xBB,
    0xFF, 0xFF, 0xFF, 0xFF, 0x88, 0x88, 0x8A, 0xFF, 0x00, 0x00, 0x03, 0xFF,
    0x00, 0x00, 0x00, 0x00, 0x00, 0x00, 0x00, 0x00, 0x00, 0x00, 0x00, 0x00,
    0x00, 0x00, 0x00, 0x00, 0xBB, 0x91, 0x00, 0x00, 0xFF, 0xFE, 0x40, 0x00,
    0xFF, 0xFF, 0x60, 0x00, 0xFF, 0xFF, 0x20, 0x00, 0x00, 0x00, 0x00, 0x00,
    0x00, 0x00, 0x00, 0x00, 0x00, 0x00, 0x00, 0x00, 0x00, 0x00, 0x00, 0x00,
    0x00, 0x00, 0x00, 0x00, 0x00, 0x00, 0x00, 0x00, 0x00, 0x00, 0x00, 0x00,
    0x00, 0x00, 0x00, 0x00, 0x00, 0x00, 0x00, 0x00, 0x00, 0x00, 0x00, 0x00,
    0x00, 0x00, 0x00, 0x00, 0x00, 0x00, 0x00, 0x00, 0x00, 0x00, 0x00, 0x00,
    0x00, 0x00, 0x00, 0x00, 0x00, 0x00, 0x00, 0x00, 0x00, 0x00, 0x00, 0x00,
    0x00, 0x00, 0x07, 0xFF, 0x00, 0x00, 0x0A, 0xFF, 0x00, 0x00, 0x0D, 0xFF,
    0x00, 0x00, 0x3F, 0xFF, 0x00, 0x00, 0x8F, 0xFF, 0x00, 0x00, 0xDF, 0xFF,
    0x00, 0x05, 0xFF, 0xFF, 0x00, 0x0B, 0xFF, 0xFF, 0xFF, 0xFE, 0x00, 0x00,
    0xFF, 0xFA, 0x00, 0x00, 0xFF, 0xF6, 0x00, 0x00, 0xFF, 0xF1, 0x00, 0x00,
    0xFF, 0xB0, 0x00, 0x00, 0xFF, 0x60, 0x00, 0x00, 0xFD, 0x00, 0x00, 0x00,
    0xF6, 0x00, 0x00, 0x00, 0x00, 0x00, 0x00, 0x00, 0x00, 0x00, 0x00, 0x00,
    0x00, 0x00, 0x00, 0x00, 0x00, 0x00, 0x00, 0x00, 0x00, 0x00, 0x00, 0x00,
    0x00, 0x00, 0x00, 0x00, 0x00, 0x00, 0x00, 0x00, 0x00, 0x00, 0x00, 0x00,
    0x00, 0x00, 0x00, 0x00, 0x00, 0x00, 0x00, 0x00, 0x00, 0x00, 0x00, 0x00,
    0x00, 0x00, 0x00, 0x00, 0x00, 0x00, 0x00, 0x06, 0x00, 0x00, 0x00, 0x6F,
    0x00, 0x00, 0x19, 0xFF, 0x00, 0x04, 0xDF, 0xFF, 0x00, 0x4F, 0xFF, 0xFF,
    0x01, 0xDF, 0xFF, 0xFF, 0x09, 0xFF, 0xFF, 0xF8, 0x6F, 0xFF, 0xFF, 0xC0,
    0xFF, 0xFF, 0xFD, 0x10, 0xFF, 0xFF, 0xC2, 0x00, 0xFF, 0xFC, 0x10, 0x00,
    0xFF, 0x80, 0x00, 0x00, 0xD0, 0x00, 0x00, 0x00, 0x40, 0x00, 0x00, 0x00,
    0x00, 0x00, 0x00, 0x00, 0x00, 0x00, 0x00, 0x00, 0x00, 0x00, 0x00, 0x00,
    0x00, 0x00, 0x00, 0x00, 0x00, 0x00, 0x00, 0x00, 0x00, 0x00, 0x00, 0x00,
    0x00, 0x00, 0x00, 0x00, 0x00, 0x00, 0x00, 0x27, 0x00, 0x00, 0x5C, 0xFF,
    0x00, 0x00, 0x3F, 0xFF, 0x00, 0x00, 0x06, 0x85, 0x00, 0x00, 0x00, 0x00,
    0x00, 0x00, 0x00, 0x00, 0x00, 0x00, 0x00, 0x00, 0x04, 0xBF, 0xFF, 0xFF,
    0xCF, 0xFF, 0xFF, 0xD6, 0xFF, 0xFF, 0xB6, 0x00, 0xFC, 0x72, 0x00, 0x00,
    0x10, 0x00, 0x00, 0x00, 0x00, 0x00, 0x00, 0x00, 0x00, 0x00, 0x00, 0x00,
    0x00, 0x00, 0x00, 0x00, 0xD4, 0x00, 0x00, 0x00, 0x00, 0x00, 0x00, 0x00,
    0x00, 0x00, 0x00, 0x00, 0x00, 0x00, 0x00, 0x00, 0x00, 0x00, 0x00, 0x00,
    0x00, 0x00, 0x00, 0x00, 0x00, 0x00, 0x00, 0x00, 0x00, 0x00, 0x00, 0x00,
    0x00, 0x00, 0x00, 0x00, 0x00, 0x00, 0x00, 0x00, 0x00, 0x00, 0x00, 0x00,
    0x00, 0x00, 0x00, 0x00, 0x00, 0x00, 0x00, 0x00, 0x00, 0x00, 0x00, 0x00,
    0x00, 0x00, 0x00, 0x00, 0x00, 0x00, 0x00, 0x00, 0x00, 0x00, 0x00, 0x00,
    0x00, 0x00, 0x00, 0x00, 0x00, 0x00, 0x00, 0x00, 0x00, 0x00, 0x00, 0x00,
    0x00, 0x04, 0x44, 0x44, 0x00, 0x0F, 0xFF, 0xFF, 0x00, 0x0E, 0xFF, 0xFF,
    0x00, 0x00, 0x00, 0x00, 0x00, 0x00, 0x00, 0x00, 0x00, 0x00, 0x00, 0x00,
    0x00, 0x00, 0x00, 0x00, 0x00, 0x00, 0x00, 0x00, 0x44, 0x44, 0x44, 0x44,
    0xFF, 0xFF, 0xFF, 0xFF, 0xFF, 0xFF, 0xFF, 0xFF, 0x00, 0x00, 0x00, 0x00,
    0x00, 0x00, 0x00, 0x00, 0x00, 0x00, 0x00, 0x00, 0x00, 0x00, 0x00, 0x00,
    0x00, 0x00, 0x00, 0x00, 0x44, 0x44, 0x44, 0x44, 0xFF, 0xFF, 0xFF, 0xFF,
    0xFF, 0xFF, 0xFF, 0xFF, 0x00, 0x00, 0x8F, 0xFF, 0x00, 0x02, 0xCC, 0x30,
    0x06, 0x52, 0xFF, 0xE3, 0x6F, 0xF5, 0x2E, 0xFE, 0x09, 0xFF, 0x55, 0xFA,
    0x40, 0xDF, 0xF5, 0x40, 0xF6, 0x3F, 0xC3, 0x00, 0xFF, 0x64, 0x00, 0x00,
    0xFF, 0xE0, 0x00, 0x00, 0x00, 0x00, 0x00, 0x00, 0x00, 0x00, 0x00, 0x00,
    0x00, 0x00, 0x00, 0x00, 0x00, 0x00, 0x00, 0x00, 0x00, 0x00, 0x00, 0x00,
    0x00, 0x00, 0x00, 0x00, 0x00, 0x00, 0x00, 0x00, 0x00, 0x00, 0x00, 0x00,
    0x00, 0x00, 0x00, 0x00, 0x00, 0x00, 0x00, 0x00, 0x00, 0x00, 0x00, 0x00,
    0x00, 0x00, 0x00, 0x00, 0x00, 0x00, 0x00, 0x00, 0x00, 0x00, 0x00, 0x00,
    0x00, 0x00, 0x00, 0x00, 0x00, 0x00, 0x00, 0x00, 0x00, 0x00, 0xAF, 0xFF,
    0x00, 0x00, 0xDF, 0xFF, 0x00, 0x01, 0xFF, 0xFF, 0x00, 0x05, 0xFF, 0xFF,
    0x00, 0x08, 0xFF, 0xFF, 0x00, 0x0D, 0xFF, 0xFF, 0x00, 0x4F, 0xFF, 0xFF,
    0x00, 0xBF, 0xFF, 0xFF, 0xFF, 0xB0, 0x00, 0x00, 0xFF, 0x80, 0x00, 0x00,
    0xFF, 0x40, 0x00, 0x00, 0xFE, 0x00, 0x00, 0x00, 0xF9, 0x00, 0x00, 0x00,
    0xF4, 0x00, 0x00, 0x00, 0xD0, 0x00, 0x00, 0x00, 0x60, 0x00, 0x00, 0x00,
    0x00, 0x00, 0x00, 0x00, 0x00, 0x00, 0x00, 0x00, 0x00, 0x00, 0x00, 0x00,
    0x00, 0x00, 0x00, 0x00, 0x00, 0x00, 0x00, 0x00, 0x00, 0x00, 0x00, 0x00,
    0x00, 0x00, 0x00, 0x00, 0x00, 0x00, 0x00, 0x00, 0x00, 0x00, 0x00, 0x00,
    0x00, 0x00, 0x00, 0x00, 0x00, 0x00, 0x00, 0x00, 0x00, 0x00, 0x00, 0x03,
    0x00, 0x00, 0x00, 0x3E, 0x00, 0x00, 0x03, 0xEF, 0x00, 0x00, 0x5E, 0xFF,
    0x00, 0x19, 0xFF, 0xFF, 0x04, 0xFF, 0xFF, 0xFD, 0x0B, 0xFF, 0xFF, 0xF5,
    0x7F, 0xFF, 0xFF, 0xB0, 0xFF, 0xFF, 0xFE, 0x20, 0xFF, 0xFF, 0xF4, 0x00,
    0xFF, 0xFF, 0x60, 0x00, 0xFF, 0xE6, 0x00, 0x00, 0xFD, 0x30, 0x00, 0x00,
    0x00, 0x00, 0x00, 0x00, 0x00, 0x00, 0x00, 0x00, 0x00, 0x00, 0x00, 0x00,
    0x00, 0x00, 0x00, 0x00, 0x00, 0x00, 0x00, 0x00, 0x00, 0x00, 0x00, 0x00,
    0x00, 0x00, 0x00, 0x00, 0x00, 0x00, 0x00, 0x00, 0x00, 0x00, 0x00, 0x00,
    0x00, 0x00, 0x00, 0x28, 0x00, 0x02, 0x6A, 0xFF, 0x00, 0x09, 0xFF, 0xFF,
    0x00, 0x02, 0xFD, 0xA6, 0x00, 0x00, 0x10, 0x00, 0x00, 0x00, 0x00, 0x00,
    0x00, 0x00, 0x00, 0x00, 0x06, 0xEF, 0xFF, 0xFF, 0xDF, 0xFF, 0xFF, 0xB4,
    0xFF, 0xFF, 0x94, 0x00, 0xFC, 0x72, 0x00, 0x00, 0x20, 0x00, 0x00, 0x00,
    0x00, 0x00, 0x00, 0x00, 0x00, 0x00, 0x00, 0x00, 0x00, 0x00, 0x00, 0x00,
    0x91, 0x00, 0x00, 0x00, 0x00, 0x00, 0x00, 0x00, 0x00, 0x00, 0x00, 0x00,
    0x00, 0x00, 0x00, 0x00, 0x00, 0x00, 0x00, 0x00, 0x00, 0x00, 0x00, 0x00,
    0x00, 0x00, 0x00, 0x00, 0x00, 0x00, 0x00, 0x00, 0x00, 0x00, 0x00, 0x00,
    0x00, 0x00, 0x00, 0x00, 0x00, 0x00, 0x00, 0x00, 0x00, 0x00, 0x00, 0x00,
    0x00, 0x00, 0x00, 0x00, 0x00, 0x00, 0x00, 0x00, 0x00, 0x00, 0x00, 0x00,
    0x00, 0x00, 0x00, 0x00, 0x00, 0x00, 0x00, 0x00, 0x00, 0x00, 0x00, 0x00,
    0x00, 0x00, 0x00, 0x00, 0x00, 0x00, 0x00, 0x00, 0x00, 0x04, 0x44, 0x44,
    0x00, 0x0F, 0xFF, 0xFF, 0x00, 0x0E, 0xFF, 0xFF, 0x00, 0x00, 0x00, 0x00,
    0x00, 0x00, 0x00, 0x00, 0x00, 0x00, 0x00, 0x00, 0x00, 0x00, 0x00, 0x00,
    0x00, 0x00, 0x00, 0x00, 0x44, 0x44, 0x44, 0x44, 0xFF, 0xFF, 0xFF, 0xFF,
    0xFF, 0xFF, 0xFF, 0xFF, 0x00, 0x00, 0x00, 0x00, 0x00, 0x00, 0x00, 0x00,
    0x00, 0x00, 0x00, 0x00, 0x00, 0x00, 0x00, 0x00, 0x00, 0x00, 0x00, 0x00,
    0x44, 0x44, 0x44, 0x44, 0xFF, 0xFF, 0xFF, 0xFF, 0xFF, 0xFF, 0xFF, 0xFF,
    0x00, 0x00, 0x8F, 0xFF, 0x00, 0x3D, 0xFF, 0xD3, 0x01, 0xEF, 0xDD, 0xFE,
    0x06, 0xFB, 0x00, 0xBF, 0x08, 0xF8, 0x00, 0x9F, 0x34, 0xFE, 0x66, 0xEF,
    0xF6, 0x8F, 0xFF, 0xF9, 0xFF, 0x35, 0xBB, 0x60, 0xFF, 0xD0, 0x00, 0x00,
    0x00, 0x00, 0x00, 0x00, 0x00, 0x00, 0x00, 0x00, 0x00, 0x00, 0x00, 0x00,
    0x00, 0x00, 0x00, 0x00, 0x00, 0x00, 0x00, 0x00, 0x00, 0x00, 0x00, 0x00,
    0x00, 0x00, 0x00, 0x00, 0x00, 0x00, 0x00, 0x00, 0x00, 0x00, 0x00, 0x00,
    0x00, 0x00, 0x00, 0x00, 0x00, 0x00, 0x00, 0x00, 0x00, 0x00, 0x00, 0x00,
    0x00, 0x00, 0x00, 0x00, 0x00, 0x00, 0x00, 0x00, 0x00, 0x00, 0x00, 0x00,
    0x00, 0x00, 0x00, 0x00, 0x00, 0x00, 0xAF, 0xFF, 0x00, 0x00, 0xDF, 0xFF,
    0x00, 0x01, 0xFF, 0xFF, 0x00, 0x05, 0xFF, 0xFF, 0x00, 0x08, 0xFF, 0xFF,
    0x00, 0x0D, 0xFF, 0xFF, 0x00, 0x5F, 0xFF, 0xFF, 0x00, 0xBF, 0xFF, 0xFF,
    0xFF, 0xB0, 0x00, 0x00, 0xFF, 0x80, 0x00, 0x00, 0xFF, 0x40, 0x00, 0x00,
    0xFE, 0x00, 0x00, 0x00, 0xF9, 0x00, 0x00, 0x00, 0xF4, 0x00, 0x00, 0x00,
    0xD0, 0x00, 0x00, 0x00, 0x60, 0x00, 0x00, 0x00, 0x00, 0x00, 0x00, 0x00,
    0x00, 0x00, 0x00, 0x00, 0x00, 0x00, 0x00, 0x00, 0x00, 0x00, 0x00, 0x00,
    0x00, 0x00, 0x00, 0x00, 0x00, 0x00, 0x00, 0x00, 0x00, 0x00, 0x00, 0x00,
    0x00, 0x00, 0x00, 0x00, 0x00, 0x00, 0x00, 0x00, 0x00, 0x00, 0x00, 0x00,
    0x00, 0x00, 0x00, 0x00, 0x00, 0x00, 0x00, 0x03, 0x00, 0x00, 0x00, 0x3E,
    0x00, 0x00, 0x03, 0xEF, 0x00, 0x00, 0x5E, 0xFF, 0x00, 0x19, 0xFF, 0xFF,
    0x04, 0xFF, 0xFF, 0xFD, 0x0C, 0xFF, 0xFF, 0xF5, 0x7F, 0xFF, 0xFF, 0xB0,
    0xFF, 0xFF, 0xFE, 0x10, 0xFF, 0xFF, 0xF4, 0x00, 0xFF, 0xFF, 0x60, 0x00,
    0xFF, 0xE6, 0x00, 0x00, 0xFD, 0x30, 0x00, 0x00, 0x00, 0x00, 0x00, 0x00,
    0x00, 0x00, 0x00, 0x00, 0x00, 0x00, 0x00, 0x00, 0x00, 0x00, 0x00, 0x00,
    0x00, 0x00, 0x00, 0x00, 0x00, 0x00, 0x00, 0x00, 0x00, 0x00, 0x00, 0x00,
    0x00, 0x00, 0x00, 0x00, 0x00, 0x00, 0x00, 0x00, 0x00, 0x00, 0x00, 0x28,
    0x00, 0x03, 0x7A, 0xFF, 0x00, 0x0A, 0xFF, 0xFF, 0x00, 0x02, 0xFD, 0x96,
    0x00, 0x00, 0x10, 0x00, 0x00, 0x00, 0x00, 0x00, 0x00, 0x00, 0x00, 0x00,
    0x06, 0xEF, 0xFF, 0xFF, 0xDF, 0xFF, 0xFF, 0xB4, 0xFF, 0xFF, 0xA4, 0x00,
    0xFC, 0x72, 0x00, 0x00, 0x20, 0x00, 0x00, 0x00, 0x00, 0x00, 0x00, 0x00,
    0x00, 0x00, 0x00, 0x00, 0x00, 0x00, 0x00, 0x00, 0x91, 0x00, 0x00, 0x00,
    0x00, 0x00, 0x00, 0x00, 0x00, 0x00, 0x00, 0x00, 0x00, 0x00, 0x00, 0x00,
    0x00, 0x00, 0x00, 0x00, 0x00, 0x00, 0x00, 0x00, 0x00, 0x00, 0x00, 0x00,
    0x00, 0x00, 0x00, 0x00, 0x00, 0x00, 0x00, 0x00, 0x00, 0x00, 0x00, 0x00,
    0x00, 0x00, 0x00, 0x00, 0x00, 0x00, 0x00, 0x00, 0x00, 0x00, 0x00, 0x00,
    0x00, 0x00, 0x00, 0x00, 0x00, 0x00, 0x00, 0x00, 0x00, 0x00, 0x00, 0x00,
    0x00, 0x00, 0x00, 0x00, 0x00, 0x00, 0x00, 0x00, 0x10, 0x00, 0x00, 0x00,
    0x00, 0x00, 0x00, 0x00, 0x00, 0x00, 0x00, 0x00, 0x00, 0x00, 0x00, 0x00,
    0x00, 0x00, 0x00, 0x00, 0x00, 0x00, 0x00, 0x00, 0x00, 0x00, 0x00, 0x00,
    0x00, 0x00, 0x00, 0x00, 0x00, 0x00, 0x00, 0x00, 0x00, 0x00, 0x00, 0x00,
    0x00, 0x00, 0x00, 0x00, 0x00, 0x00, 0x17, 0x73, 0x00, 0x05, 0xEF, 0xFF,
    0x00, 0x6F, 0xFF, 0xFF, 0x00, 0x00, 0x00, 0x00, 0x00, 0x00, 0x00, 0x00,
    0x00, 0x00, 0x00, 0x00, 0x00, 0x00, 0x00, 0x00, 0x00, 0x00, 0x00, 0x00,
    0x00, 0x00, 0x00, 0x00, 0x80, 0x00, 0x00, 0x00, 0xFC, 0x10, 0x00, 0x00,
    0x00, 0x00, 0x00, 0x00, 0x00, 0x00, 0x00, 0x00, 0x00, 0x00, 0x00, 0x00,
    0x00, 0x00, 0x00, 0x00, 0x00, 0x00, 0x00, 0x00, 0x00, 0x00, 0x00, 0x00,
    0x00, 0x00, 0x00, 0x00, 0x00, 0x00, 0x00, 0x00, 0x00, 0x00, 0x00, 0x00,
    0x00, 0x00, 0x00, 0x00, 0x00, 0x00, 0x00, 0x02, 0x00, 0x00, 0x00, 0x1C,
    0x00, 0x00, 0x00, 0xBF, 0x00, 0x00, 0x09, 0xFF, 0x00, 0x00, 0x7F, 0xFF,
    0x00, 0x06, 0xFF, 0xFF, 0x04, 0xFF, 0xF7, 0x7F, 0x3E, 0xFF, 0xA0, 0x08,
    0xEF, 0xFE, 0x20, 0x00, 0xFF, 0xF8, 0x00, 0x00, 0xFF, 0xD1, 0x00, 0x00,
    0xFF, 0x60, 0x00, 0x00, 0xFC, 0x00, 0x00, 0x00, 0xF4, 0x00, 0x00, 0x00,
    0xFF, 0xC1, 0x00, 0x00, 0xFF, 0xFC, 0x10, 0x00, 0xBF, 0xFF, 0xC1, 0x00,
    0x2E, 0xFF, 0xFB, 0x00, 0x06, 0xFF, 0xFF, 0x90, 0x00, 0xAF, 0xFF, 0xF9,
    0x00, 0x1E, 0xFF, 0xFF, 0x00, 0x05, 0xFF, 0xFF, 0x00, 0x00, 0x00, 0x00,
    0x00, 0x00, 0x00, 0x00, 0x00, 0x00, 0x00, 0x00, 0x00, 0x00, 0x00, 0x00,
    0x00, 0x00, 0x00, 0x00, 0x00, 0x00, 0x00, 0x00, 0x90, 0x00, 0x00, 0x00,
    0xF7, 0x00, 0x00, 0x00, 0x00, 0x3E, 0xFF, 0xFF, 0x02, 0xEF, 0xFF, 0xFF,
    0x06, 0xFF, 0xFF, 0xFA, 0x00, 0x5E, 0xFF, 0xF2, 0x00, 0x02, 0xBF, 0xA0,
    0x00, 0x00, 0x07, 0x20, 0x00, 0x00, 0x00, 0x00, 0x00, 0x00, 0x00, 0x00,
    0xB0, 0x00, 0x00, 0x00, 0x40, 0x00, 0x00, 0x00, 0x00, 0x00, 0x00, 0x00,
    0x00, 0x00, 0x00, 0x00, 0x00, 0x00, 0x00, 0x00, 0x00, 0x00, 0x00, 0x00,
    0x00, 0x00, 0x00, 0x00, 0x00, 0x00, 0x00, 0x00, 0x00, 0x00, 0xAF, 0xFF,
    0x00, 0x00, 0x1E, 0xFF, 0x00, 0x00, 0x05, 0xFF, 0x00, 0x00, 0x00, 0xAF,
    0x00, 0x00, 0x00, 0x1E, 0x00, 0x00, 0x00, 0x05, 0x00, 0x00, 0x00, 0x00,
    0x00, 0x00, 0x00, 0x00, 0xFF, 0x60, 0x00, 0x00, 0xFF, 0xF4, 0x00, 0x00,
    0xFF, 0xFE, 0x30, 0x00, 0xFF, 0xFF, 0xD1, 0x00, 0xFF, 0xFF, 0xFC, 0x10,
    0xFF, 0xFF, 0xFF, 0xA0, 0xBF, 0xFF, 0xFF, 0xF7, 0x2E, 0xFF, 0xFF, 0xA2,
    0x00, 0x00, 0x00, 0x00, 0x00, 0x00, 0x00, 0x00, 0x00, 0x00, 0x00, 0x00,
    0x00, 0x00, 0x00, 0x00, 0x00, 0x00, 0x00, 0x00, 0x00, 0x00, 0x00, 0x00,
    0x00, 0x00, 0x00, 0x00, 0x00, 0x00, 0x00, 0x00, 0x00, 0x00, 0x00, 0x00,
    0x00, 0x00, 0x00, 0x00, 0x00, 0x00, 0x00, 0x00, 0x00, 0x00, 0x00, 0x00,
    0x00, 0x00, 0x00, 0x00, 0x00, 0x00, 0x00, 0x00, 0x00, 0x00, 0x00, 0x00,
    0x00, 0x00, 0x00, 0x00, 0x00, 0x00, 0x00, 0x00, 0x00, 0x00, 0x00, 0x00,
    0x00, 0x00, 0x00, 0x00, 0x00, 0x00, 0x00, 0x00, 0x00, 0x00, 0x00, 0x00,
    0x00, 0x00, 0x00, 0x00, 0x00, 0x00, 0x00, 0x00, 0x00, 0x00, 0x00, 0x00,
    0x07, 0xFF, 0xF8, 0x00, 0x00, 0xDE, 0x50, 0x00, 0x00, 0x32, 0x00, 0x00,
    0x00, 0x00, 0x00, 0x00, 0x00, 0x00, 0x00, 0x00, 0x00, 0x00, 0x00, 0x00,
    0x00, 0x00, 0x00, 0x00, 0x00, 0x00, 0x00, 0x00, 0x00, 0x00, 0x00, 0x00,
    0x00, 0x00, 0x00, 0x00, 0x00, 0x00, 0x00, 0x00, 0x00, 0x00, 0x00, 0x00,
    0x00, 0x00, 0x00, 0x00, 0x00, 0x00, 0x00, 0x00, 0x00, 0x00, 0x00, 0x00,
    0x00, 0x00, 0x00, 0x00, 0x00, 0x00, 0x00, 0x00, 0x00, 0x00, 0x00, 0x00,
    0x00, 0x00, 0x00, 0x00, 0x00, 0x00, 0x00, 0x00, 0x00, 0x00, 0x00, 0x00,
    0x00, 0x00, 0x68, 0x50, 0x00, 0x3C, 0xFF, 0xFC, 0x03, 0xEF, 0xFF, 0xFF,
    0x00, 0x00, 0x00, 0x00, 0x00, 0x00, 0x00, 0x00, 0x00, 0x00, 0x00, 0x00,
    0x00, 0x00, 0x00, 0x00, 0x00, 0x00, 0x00, 0x39, 0x00, 0x00, 0x01, 0xDF,
    0x10, 0x00, 0x00, 0x3E, 0xE3, 0x00, 0x00, 0x06, 0x00, 0x00, 0x00, 0x00,
    0x00, 0x00, 0x00, 0x00, 0x00, 0x50, 0x00, 0x00, 0x0C, 0xFC, 0x20, 0x00,
    0x16, 0xFF, 0xE4, 0x00, 0xD2, 0x5F, 0xFB, 0x00, 0xFE, 0x39, 0xA1, 0x00,
    0xFF, 0xE1, 0x00, 0x00, 0x00, 0x00, 0x00, 0x00, 0x00, 0x00, 0x00, 0x01,
    0x00, 0x00, 0x00, 0x0C, 0x00, 0x00, 0x00, 0x9F, 0x00, 0x00, 0x08, 0xFF,
    0x00, 0x00, 0x6F, 0xFF, 0x00, 0x03, 0xFF, 0xFF, 0x00, 0x3E, 0xFF, 0xFF,
    0x2E, 0xFF, 0xA5, 0xEF, 0xCF, 0xFE, 0x10, 0x4F, 0xFF, 0xF6, 0x00, 0x08,
    0xFF, 0xB0, 0x00, 0x00, 0xFF, 0x30, 0x00, 0x00, 0xFA, 0x00, 0x00, 0x00,
    0xE2, 0x00, 0x00, 0x00, 0x80, 0x00, 0x00, 0x00, 0xFE, 0x30, 0x00, 0x00,
    0xFF, 0xE3, 0x00, 0x00, 0xFF, 0xFE, 0x30, 0x00, 0xCF, 0xFF, 0xE3, 0x00,
    0x2E, 0xFF, 0xFC, 0x10, 0x06, 0xFF, 0xFF, 0xC1, 0x00, 0xBF, 0xFF, 0xFC,
    0x00, 0x2E, 0xFF, 0xFF, 0x9E, 0x50, 0x00, 0x00, 0x13, 0x00, 0x00, 0x00,
    0x00, 0x00, 0x00, 0x00, 0x00, 0x00, 0x00, 0x00, 0x00, 0x00, 0x00, 0x00,
    0x00, 0x00, 0x00, 0x00, 0x10, 0x00, 0x00, 0x00, 0xA0, 0x00, 0x00, 0x00,
    0x01, 0xCF, 0xFF, 0xFE, 0x0B, 0xFF, 0xFF, 0xF8, 0x3F, 0xFF, 0xFF, 0xE1,
    0x03, 0xCF, 0xFF, 0x70, 0x00, 0x08, 0xFD, 0x00, 0x00, 0x00, 0x65, 0x00,
    0x00, 0x00, 0x00, 0x00, 0x00, 0x00, 0x00, 0x00, 0x10, 0x00, 0x00, 0x00,
    0x00, 0x00, 0x00, 0x00, 0x00, 0x00, 0x00, 0x00, 0x00, 0x00, 0x00, 0x00,
    0x00, 0x00, 0x00, 0x00, 0x00, 0x00, 0x00, 0x00, 0x00, 0x00, 0x00, 0x00,
    0x00, 0x00, 0x00, 0x00, 0x00, 0x06, 0xFF, 0xFF, 0x00, 0x00, 0xBF, 0xFF,
    0x00, 0x00, 0x2E, 0xFF, 0x00, 0x00, 0x06, 0xFF, 0x00, 0x00, 0x00, 0xBF,
    0x00, 0x00, 0x00, 0x2F, 0x00, 0x00, 0x00, 0x08, 0x00, 0x00, 0x00, 0x00,
    0xF9, 0x00, 0x00, 0x00, 0xFF, 0x80, 0x00, 0x00, 0xFF, 0xF6, 0x00, 0x00,
    0xFF, 0xFF, 0x40, 0x00, 0xFF, 0xFF, 0xE3, 0x00, 0xFF, 0xFF, 0xFD, 0x10,
    0xFF, 0xFF, 0xFF, 0xB0, 0xDF, 0xFF, 0xFC, 0x30, 0x00, 0x00, 0x00, 0x00,
    0x00, 0x00, 0x00, 0x00, 0x00, 0x00, 0x00, 0x00, 0x00, 0x00, 0x00, 0x00,
    0x00, 0x00, 0x00, 0x00, 0x00, 0x00, 0x00, 0x00, 0x00, 0x00, 0x00, 0x00,
    0x00, 0x00, 0x00, 0x00, 0x00, 0x00, 0x00, 0x00, 0x00, 0x00, 0x00, 0x00,
    0x00, 0x00, 0x00, 0x00, 0x00, 0x00, 0x00, 0x00, 0x00, 0x00, 0x00, 0x00,
    0x00, 0x00, 0x00, 0x00, 0x00, 0x00, 0x00, 0x00, 0x00, 0x00, 0x00, 0x00,
    0x00, 0x00, 0x00, 0x00, 0x00, 0x00, 0x00, 0x00, 0x00, 0x00, 0x00, 0x00,
    0x00, 0x00, 0x00, 0x00, 0x00, 0x00, 0x00, 0x00, 0x00, 0x00, 0x00, 0x00,
    0x00, 0x00, 0x00, 0x00, 0x00, 0x00, 0x00, 0x00, 0x4F, 0xFF, 0xA1, 0x00,
    0x09, 0xF8, 0x00, 0x00, 0x01, 0x40, 0x00, 0x00, 0x00, 0x00, 0x00, 0x00,
    0x00, 0x00, 0x00, 0x00, 0x00, 0x00, 0x00, 0x00, 0x00, 0x00, 0x00, 0x00,
    0x00, 0x00, 0x00, 0x00, 0x00, 0x00, 0x00, 0x00, 0x00, 0x00, 0x00, 0x00,
    0x00, 0x00, 0x00, 0x00, 0x00, 0x00, 0x00, 0x00, 0x00, 0x00, 0x00, 0x00,
    0x00, 0x00, 0x00, 0x00, 0x00, 0x00, 0x00, 0x00, 0x00, 0x00, 0x00, 0x00,
    0x00, 0x00, 0x00, 0x00, 0x00, 0x00, 0x00, 0x00, 0x00, 0x00, 0x00, 0x00,
    0x00, 0x00, 0x00, 0x00, 0x00, 0x00, 0x00, 0x00, 0x00, 0x00, 0x68, 0x50,
    0x00, 0x1C, 0xFF, 0xFD, 0x01, 0xCF, 0xFF, 0xFF, 0x00, 0x00, 0x00, 0x00,
    0x00, 0x00, 0x00, 0x00, 0x00, 0x00, 0x00, 0x03, 0x00, 0x00, 0x00, 0x2E,
    0x00, 0x00, 0x00, 0x9F, 0x00, 0x00, 0x00, 0xCF, 0x30, 0x00, 0x00, 0x9F,
    0xE4, 0x00, 0x00, 0x2E, 0x00, 0x00, 0x00, 0x00, 0x00, 0x00, 0x00, 0x00,
    0xAF, 0xD7, 0x00, 0x00, 0xFF, 0xFF, 0x80, 0x00, 0xA1, 0x4F, 0xF1, 0x00,
    0x40, 0x0B, 0xF4, 0x00, 0xA1, 0x4F, 0xF2, 0x00, 0xFF, 0xFF, 0x80, 0x00,
    0x00, 0x00, 0x00, 0x00, 0x00, 0x00, 0x00, 0x00, 0x00, 0x00, 0x00, 0x09,
    0x00, 0x00, 0x00, 0x9F, 0x00, 0x00, 0x06, 0xFF, 0x00, 0x00, 0x6F, 0xFF,
    0x00, 0x03, 0xEF, 0xFF, 0x00, 0x2E, 0xFF, 0xFF, 0x1C, 0xFF, 0xC4, 0xCF,
    0xCF, 0xFE, 0x10, 0x2E, 0xFF, 0xF7, 0x00, 0x06, 0xFF, 0xC0, 0x00, 0x00,
    0xFF, 0x40, 0x00, 0x00, 0xFA, 0x00, 0x00, 0x00, 0xF2, 0x00, 0x00, 0x00,
    0xA0, 0x00, 0x00, 0x00, 0xFF, 0x60, 0x00, 0x03, 0xFF, 0xF6, 0x00, 0x00,
    0xFF, 0xFF, 0x50, 0x00, 0xAF, 0xFF, 0xE3, 0x00, 0x1E, 0xFF, 0xFE, 0x30,
    0x05, 0xFF, 0xFF, 0xE3, 0x00, 0x9F, 0xFF, 0xFE, 0x00, 0x1D, 0xFF, 0xFF,
    0xBF, 0xE7, 0x00, 0x00, 0x00, 0x00, 0x00, 0x00, 0x00, 0x00, 0x00, 0x00,
    0x00, 0x00, 0x00, 0x00, 0x00, 0x00, 0x00, 0x00, 0x00, 0x00, 0x00, 0x00,
    0x30, 0x00, 0x00, 0x00, 0xD1, 0x00, 0x00, 0x00, 0x01, 0xCF, 0xFF, 0xFE,
    0x1A, 0xFF, 0xFF, 0xF8, 0x3E, 0xFF, 0xFF, 0xE1, 0x02, 0xCF, 0xFF, 0x80,
    0x00, 0x08, 0xFE, 0x10, 0x00, 0x00, 0x57, 0x00, 0x00, 0x00, 0x00, 0x00,
    0x00, 0x00, 0x00, 0x00, 0x20, 0x00, 0x00, 0x00, 0x00, 0x00, 0x00, 0x00,
    0x00, 0x00, 0x00, 0x00, 0x00, 0x00, 0x00, 0x00, 0x00, 0x00, 0x00, 0x00,
    0x00, 0x00, 0x00, 0x00, 0x00, 0x00, 0x00, 0x00, 0x00, 0x00, 0x00, 0x00,
    0x00, 0x04, 0xFF, 0xFF, 0x00, 0x00, 0x9F, 0xFF, 0x00, 0x00, 0x1D, 0xFF,
    0x00, 0x00, 0x04, 0xFF, 0x00, 0x00, 0x00, 0x9F, 0x00, 0x00, 0x00, 0x1D,
    0x00, 0x00, 0x00, 0x05, 0x00, 0x00, 0x00, 0x00, 0xFC, 0x10, 0x00, 0x00,
    0xFF, 0xC0, 0x00, 0x00, 0xFF, 0xF9, 0x00, 0x00, 0xFF, 0xFF, 0x80, 0x00,
    0xFF, 0xFF, 0xF6, 0x00, 0xFF, 0xFF, 0xFF, 0x40, 0xFF, 0xFF, 0xFF, 0xE1,
    0xAF, 0xFF, 0xFE, 0x50, 0x00, 0x00, 0x00, 0x00, 0x00, 0x00, 0x00, 0x00,
    0x00, 0x00, 0x00, 0x00, 0x00, 0x00, 0x00, 0x00, 0x00, 0x00, 0x00, 0x00,
    0x00, 0x00, 0x00, 0x00, 0x00, 0x00, 0x00, 0x00, 0x00, 0x00, 0x00, 0x00,
    0x00, 0x00, 0x00, 0x00, 0x00, 0x00, 0x00, 0x00, 0x00, 0x00, 0x00, 0x00,
    0x00, 0x00, 0x00, 0x00, 0x00, 0x00, 0x00, 0x00, 0x00, 0x00, 0x00, 0x00,
    0x00, 0x00, 0x00, 0x00, 0x00, 0x00, 0x00, 0x00, 0x00, 0x00, 0x00, 0x00,
    0x00, 0x00, 0x00, 0x00, 0x00, 0x00, 0x00, 0x00, 0x00, 0x00, 0x00, 0x00,
    0x00, 0x00, 0x00, 0x00, 0x00, 0x00, 0x00, 0x00, 0x00, 0x00, 0x00, 0x00,
    0x00, 0x00, 0x00, 0x00, 0x1E, 0xFF, 0xC3, 0x00, 0x07, 0xF9, 0x10, 0x00,
    0x00, 0x50, 0x00, 0x00, 0x00, 0x00, 0x00, 0x00, 0x00, 0x00, 0x00, 0x00,
    0x00, 0x00, 0x00, 0x00, 0x00, 0x00, 0x00, 0x00, 0x00, 0x00, 0x00, 0x00,
    0x00, 0x00, 0x00, 0x00, 0x00, 0x00, 0x00, 0x00, 0x00, 0x00, 0x00, 0x00,
    0x00, 0x00, 0x00, 0x00, 0x00, 0x00, 0x00, 0x00, 0x00, 0x00, 0x00, 0x00,
    0x00, 0x00, 0x00, 0x00, 0x00, 0x00, 0x00, 0x00, 0x00, 0x00, 0x00, 0x00,
    0x00, 0x00, 0x00, 0x00, 0x00, 0x00, 0x0A, 0xBB, 0x00, 0x00, 0x1F, 0xFF,
    0x00, 0x00, 0x0F, 0xFF, 0x00, 0x00, 0x0F, 0xFF, 0x00, 0x00, 0x0F, 0xFF,
    0x00, 0x00, 0x0E, 0xFF, 0x00, 0x00, 0x00, 0x00, 0x00, 0x00, 0x00, 0x00,
    0xB8, 0x50, 0x00, 0x00, 0xFF, 0xC0, 0x00, 0x00, 0xFF, 0xB0, 0x00, 0x00,
    0xFF, 0xB0, 0x00, 0x00, 0xFF, 0xB0, 0x00, 0x00, 0xFF, 0xB0, 0x00, 0x00,
    0x00, 0x00, 0x00, 0x00, 0x00, 0x00, 0x00, 0x00, 0x00, 0x00, 0x00, 0x00,
    0x00, 0x00, 0x00, 0x00, 0x00, 0x00, 0x00, 0x00, 0x00, 0x00, 0x00, 0x00,
    0x00, 0x00, 0x00, 0x00, 0x00, 0x00, 0x00, 0x00, 0x00, 0x07, 0x88, 0x88,
    0x00, 0x1F, 0xFF, 0xFF, 0x00, 0x0A, 0xBB, 0xBB, 0x00, 0x00, 0x00, 0x00,
    0x00, 0x00, 0x00, 0x00, 0x00, 0x00, 0x00, 0x00, 0x00, 0x00, 0x00, 0x00,
    0x00, 0x00, 0x00, 0x06, 0x88, 0x88, 0x8F, 0xFF, 0xFF, 0xFF, 0xFF, 0xFF,
    0xBB, 0xBB, 0xBF, 0xFF, 0x00, 0x00, 0x0F, 0xFF, 0x00, 0x00, 0x0F, 0xFF,
    0x43, 0x00, 0x0F, 0xFF, 0xDF, 0xA0, 0x0F, 0xFF, 0xFF, 0xA0, 0x0F, 0xFF,
    0xFF, 0xD8, 0x88, 0x88, 0xFF, 0xFF, 0xFF, 0xFF, 0xFF, 0xEB, 0xBB, 0xBB,
    0xFF, 0xB0, 0x00, 0x00, 0xFF, 0xB0, 0x00, 0x00, 0xFF, 0xB0, 0x05, 0xB1,
    0xFF, 0xB0, 0x5F, 0xFC, 0xFF, 0xB0, 0x1E, 0xFF, 0x88, 0x88, 0x50, 0x00,
    0xFF, 0xFF, 0xC0, 0x00, 0xBB, 0xBB, 0x80, 0x00, 0x00, 0x00, 0x00, 0x00,
    0x00, 0x00, 0x00, 0x00, 0x00, 0x00, 0x00, 0x00, 0x10, 0x00, 0x00, 0x00,
    0x90, 0x00, 0x00, 0x00, 0x00, 0x00, 0x00, 0x1E, 0x00, 0x00, 0x00, 0x9F,
    0x00, 0x00, 0x05, 0xFF, 0x00, 0x00, 0x3E, 0xFF, 0x00, 0x01, 0xCF, 0xFF,
    0x00, 0x1C, 0xFF, 0xFF, 0x02, 0xCF, 0xFF, 0xFF, 0x09, 0xFF, 0xFF, 0xFB,
    0xFF, 0x60, 0x0F, 0xFF, 0xFF, 0x20, 0x0F, 0xFF, 0xFC, 0x00, 0x0F, 0xFF,
    0xF7, 0x00, 0x0F, 0xFF, 0xF1, 0x00, 0x0F, 0xFF, 0x90, 0x00, 0x0F, 0xFF,
    0x30, 0x00, 0x0F, 0xFF, 0x00, 0x00, 0x0F, 0xFF, 0xFF, 0xB0, 0x08, 0xFF,
    0xFF, 0xB0, 0x01, 0xEF, 0xFF, 0xB0, 0x00, 0x9F, 0xFF, 0xB0, 0x00, 0x2F,
    0xFF, 0xB0, 0x00, 0x0C, 0xFF, 0xB0, 0x00, 0x07, 0xFF, 0xB0, 0x00, 0x02,
    0xFF, 0xB0, 0x00, 0x00, 0xF8, 0x00, 0x00, 0x00, 0xFF, 0x40, 0x00, 0x00,
    0xFF, 0xE1, 0x00, 0x00, 0xFF, 0xFA, 0x00, 0x00, 0xFF, 0xFF, 0x60, 0x00,
    0xFF, 0xFF, 0xE2, 0x00, 0xFF, 0xFF, 0xFB, 0x00, 0xCF, 0xFF, 0xFE, 0x20,
    0x00, 0x9F, 0xFF, 0xF3, 0x00, 0x06, 0xFF, 0x90, 0x00, 0x00, 0x4C, 0x10,
    0x00, 0x00, 0x00, 0x01, 0x00, 0x00, 0x00, 0x01, 0x00, 0x00, 0x00, 0x00,
    0x00, 0x00, 0x00, 0x00, 0x00, 0x00, 0x00, 0x00, 0x00, 0x00, 0x0E, 0xFF,
    0x10, 0x00, 0x1F, 0xFF, 0x9D, 0x88, 0xBF, 0xFF, 0xFF, 0xFF, 0xFF, 0xFF,
    0x8D, 0xFF, 0xFF, 0xFF, 0x00, 0x26, 0x8B, 0xBB, 0x00, 0x00, 0x00, 0x00,
    0x00, 0x00, 0x00, 0x00, 0xFF, 0xB0, 0x00, 0x00, 0xFF, 0xB0, 0x00, 0x00,
    0xFF, 0xA0, 0x00, 0x00, 0xFF, 0x70, 0x00, 0x00, 0xFC, 0x10, 0x00, 0x00,
    0x71, 0x00, 0x00, 0x00, 0x00, 0x00, 0x00, 0x00, 0x00, 0x00, 0x00, 0x00,
    0x8F, 0xFF, 0xB2, 0x00, 0x3F, 0xE7, 0x00, 0x00, 0x1A, 0x20, 0x00, 0x00,
    0x00, 0x00, 0x00, 0x00, 0x00, 0x00, 0x00, 0x00, 0x00, 0x00, 0x00, 0x00,
    0x00, 0x00, 0x00, 0x00, 0x00, 0x00, 0x00, 0x00, 0x00, 0x00, 0x00, 0x00,
    0x00, 0x00, 0x00, 0x00, 0x00, 0x00, 0x00, 0x00, 0x00, 0x00, 0x00, 0x00,
    0x00, 0x00, 0x00, 0x00, 0x00, 0x00, 0x00, 0x00, 0x00, 0x00, 0x00, 0x00,
    0x00, 0x00, 0x00, 0x00, 0x00, 0x00, 0x00, 0x00, 0x00, 0x00, 0x00, 0x00,
    0x00, 0x00, 0x08, 0xBB, 0x00, 0x00, 0x0C, 0xFF, 0x00, 0x00, 0x0B, 0xFF,
    0x00, 0x00, 0x0B, 0xFF, 0x00, 0x00, 0x0B, 0xFF, 0x00, 0x00, 0x0B, 0xFF,
    0x00, 0x00, 0x00, 0x00, 0x00, 0x00, 0x00, 0x01, 0xB8, 0x70, 0x00, 0x3D,
    0xFF, 0xF1, 0x00, 0x6F, 0xFF, 0xF0, 0x00, 0x06, 0xFF, 0xF0, 0x00, 0x00,
    0xFF, 0xF0, 0x00, 0x00, 0xFF, 0xE0, 0x00, 0x00, 0x02, 0xA9, 0x10, 0x00,
    0x05, 0xFF, 0xC1, 0x00, 0xC0, 0x5F, 0xFE, 0x30, 0xFC, 0x18, 0xFD, 0x30,
    0xFF, 0xC2, 0x81, 0x00, 0x8F, 0xF5, 0x00, 0x00, 0x0B, 0x70, 0x00, 0x00,
    0x00, 0x00, 0x00, 0x00, 0x00, 0x05, 0x88, 0x88, 0x00, 0x0C, 0xFF, 0xFF,
    0x00, 0x08, 0xBB, 0xBB, 0x00, 0x00, 0x00, 0x00, 0x00, 0x00, 0x00, 0x00,
    0x00, 0x00, 0x00, 0x00, 0x00, 0x00, 0x00, 0x00, 0x00, 0x00, 0x00, 0x02,
    0x88, 0x88, 0x8D, 0xFF, 0xFF, 0xFF, 0xFF, 0xFF, 0xBB, 0xBB, 0xBE, 0xFF,
    0x00, 0x00, 0x0B, 0xFF, 0x00, 0x00, 0x0B, 0xFF, 0x34, 0x00, 0x0B, 0xFF,
    0xAF, 0xD1, 0x0B, 0xFF, 0xFF, 0xD0, 0x0B, 0xFF, 0xFF, 0xF8, 0x88, 0x88,
    0xFF, 0xFF, 0xFF, 0xFF, 0xFF, 0xFB, 0xBB, 0xBB, 0xFF, 0xF0, 0x00, 0x00,
    0xFF, 0xF0, 0x00, 0x00, 0xFF, 0xF0, 0x03, 0xB4, 0xFF, 0xF0, 0x2F, 0xFE,
    0xFF, 0xF0, 0x0B, 0xFF, 0x77, 0x78, 0x70, 0x00, 0xFF, 0xFF, 0xF1, 0x00,
    0xBB, 0xBB, 0xA0, 0x00, 0x00, 0x00, 0x00, 0x00, 0x00, 0x00, 0x00, 0x00,
    0x00, 0x00, 0x00, 0x00, 0x30, 0x00, 0x00, 0x00, 0xC1, 0x00, 0x00, 0x00,
    0x00, 0x00, 0x00, 0x0B, 0x00, 0x00, 0x00, 0x5F, 0x00, 0x00, 0x02, 0xEF,
    0x00, 0x00, 0x1C, 0xFF, 0x00, 0x00, 0x9F, 0xFF, 0x00, 0x09, 0xFF, 0xFF,
    0x00, 0x9F, 0xFF, 0xFF, 0x06, 0xFF, 0xFF, 0xFE, 0xFF, 0x90, 0x0B, 0xFF,
    0xFF, 0x60, 0x0B, 0xFF, 0xFF, 0x10, 0x0B, 0xFF, 0xFA, 0x00, 0x0B, 0xFF,
    0xF5, 0x00, 0x0B, 0xFF, 0xD0, 0x00, 0x0B, 0xFF, 0x70, 0x00, 0x0B, 0xFF,
    0x10, 0x00, 0x0B, 0xFF, 0xFF, 0xF0, 0x04, 0xFF, 0xFF, 0xF0, 0x00, 0xBF,
    0xFF, 0xF0, 0x00, 0x5F, 0xFF, 0xF0, 0x00, 0x0D, 0xFF, 0xF0, 0x00, 0x08,
    0xFF, 0xF0, 0x00, 0x03, 0xFF, 0xF0, 0x00, 0x00, 0xFF, 0xF0, 0x00, 0x00,
    0xFB, 0x00, 0x00, 0x00, 0xFF, 0x80, 0x00, 0x00, 0xFF, 0xF4, 0x00, 0x00,
    0xFF, 0xFD, 0x10, 0x00, 0xFF, 0xFF, 0xA0, 0x00, 0xFF, 0xFF, 0xF5, 0x00,
    0xDF, 0xFF, 0xFE, 0x20, 0x8F, 0xFF, 0xFF, 0x50, 0x00, 0x6F, 0xFF, 0xF7,
    0x00, 0x03, 0xEF, 0xD0, 0x00, 0x00, 0x1B, 0x40, 0x00, 0x00, 0x00, 0x00,
    0x00, 0x00, 0x00, 0x00, 0x00, 0x00, 0x00, 0x00, 0x00, 0x00, 0x00, 0x00,
    0x00, 0x00, 0x00, 0x00, 0x00, 0x00, 0x0B, 0xFF, 0x00, 0x00, 0x0C, 0xFF,
    0x6E, 0x98, 0xAF, 0xFF, 0xBF, 0xFF, 0xFF, 0xFF, 0x6C, 0xFF, 0xFF, 0xFF,
    0x00, 0x15, 0x8A, 0xBB, 0x00, 0x00, 0x00, 0x00, 0x00, 0x00, 0x00, 0x00,
    0xFF, 0xF0, 0x00, 0x00, 0xFF, 0xF1, 0x00, 0x00, 0xFF, 0xE0, 0x00, 0x00,
    0xFF, 0xA0, 0x00, 0x00, 0xFE, 0x30, 0x00, 0x00, 0x82, 0x00, 0x00, 0x00,
    0x00, 0x00, 0x00, 0x00, 0x00, 0x00, 0x00, 0x00, 0x4F, 0xFF, 0xD4, 0x00,
    0x0E, 0xF9, 0x10, 0x00, 0x09, 0x50, 0x00, 0x00, 0x00, 0x00, 0x00, 0x00,
    0x00, 0x00, 0x00, 0x00, 0x00, 0x00, 0x00, 0x00, 0x00, 0x00, 0x00, 0x00,
    0x00, 0x00, 0x00, 0x00, 0x00, 0x00, 0x00, 0x00, 0x00, 0x00, 0x00, 0x00,
    0x00, 0x00, 0x00, 0x00, 0x00, 0x00, 0x00, 0x00, 0x00, 0x00, 0x00, 0x00,
    0x00, 0x00, 0x00, 0x00, 0x00, 0x00, 0x00, 0x00, 0x00, 0x00, 0x00, 0x00,
    0x00, 0x00, 0x00, 0x00, 0x00, 0x00, 0x00, 0x00, 0x00, 0x00, 0x0E, 0xFD,
    0x00, 0x00, 0x0F, 0xFF, 0x00, 0x00, 0x0F, 0xFF, 0x00, 0x00, 0x0F, 0xFF,
    0x00, 0x00, 0x0F, 0xFF, 0x00, 0x00, 0x0E, 0xFF, 0x00, 0x00, 0x00, 0x00,
    0x00, 0x00, 0x00, 0x08, 0xBB, 0x80, 0x00, 0x1F, 0xFF, 0xC0, 0x00, 0x4F,
    0xFF, 0xB0, 0x00, 0x2F, 0xFF, 0xB0, 0x00, 0x08, 0xFF, 0xB0, 0x00, 0x00,
    0xFF, 0xB0, 0x00, 0x00, 0x7E, 0xF9, 0x10, 0x00, 0xFF, 0xFF, 0xC0, 0x00,
    0xF3, 0x1D, 0xF5, 0x00, 0xB0, 0x07, 0xF8, 0x00, 0xE3, 0x1D, 0xF6, 0x00,
    0xFF, 0xFF, 0xC0, 0x00, 0x7E, 0xF9, 0x10, 0x00, 0x00, 0x00, 0x00, 0x00,
    0x00, 0x07, 0x88, 0x88, 0x00, 0x1F, 0xFF, 0xFF, 0x00, 0x0A, 0xBB, 0xBB,
    0x00, 0x00, 0x00, 0x00, 0x00, 0x00, 0x00, 0x00, 0x00, 0x00, 0x00, 0x00,
    0x00, 0x00, 0x00, 0x00, 0x00, 0x00, 0x00, 0x06, 0x88, 0x88, 0x8F, 0xFF,
    0xFF, 0xFF, 0xFF, 0xFF, 0xBB, 0xBB, 0xBF, 0xFF, 0x00, 0x00, 0x0F, 0xFF,
    0x00, 0x00, 0x0F, 0xFF, 0x43, 0x00, 0x0F, 0xFF, 0xDF, 0xA0, 0x0F, 0xFF,
    0xFF, 0xA0, 0x0F, 0xFF, 0xFF, 0xD8, 0x88, 0x88, 0xFF, 0xFF, 0xFF, 0xFF,
    0xFF, 0xEB, 0xBB, 0xBB, 0xFF, 0xB0, 0x00, 0x00, 0xFF, 0xB0, 0x00, 0x00,
    0xFF, 0xB0, 0x04, 0xB2, 0xFF, 0xB0, 0x4F, 0xFC, 0xFF, 0xB0, 0x1D, 0xFF,
    0x77, 0x77, 0x50, 0x00, 0xFF, 0xFF, 0xC0, 0x00, 0xBB, 0xBB, 0x80, 0x00,
    0x00, 0x00, 0x00, 0x00, 0x00, 0x00, 0x00, 0x00, 0x00, 0x00, 0x00, 0x00,
    0x10, 0x00, 0x00, 0x00, 0xC0, 0x00, 0x00, 0x00, 0x00, 0x00, 0x00, 0x1E,
    0x00, 0x00, 0x00, 0x9F, 0x00, 0x00, 0x05, 0xFF, 0x00, 0x00, 0x3E, 0xFF,
    0x00, 0x01, 0xCF, 0xFF, 0x00, 0x1C, 0xFF, 0xFF, 0x02, 0xCF, 0xFF, 0xFF,
    0x09, 0xFF, 0xFF, 0xFB, 0xFF, 0x60, 0x0F, 0xFF, 0xFF, 0x20, 0x0F, 0xFF,
    0xFC, 0x00, 0x0F, 0xFF, 0xF7, 0x00, 0x0F, 0xFF, 0xF1, 0x00, 0x0F, 0xFF,
    0x90, 0x00, 0x0F, 0xFF, 0x30, 0x00, 0x0F, 0xFF, 0x00, 0x00, 0x0F, 0xFF,
    0xFF, 0xB0, 0x06, 0xFF, 0xFF, 0xB0, 0x00, 0xDF, 0xFF, 0xB0, 0x00, 0x7F,
    0xFF, 0xB0, 0x00, 0x1F, 0xFF, 0xB0, 0x00, 0x0A, 0xFF, 0xB0, 0x00, 0x05,
    0xFF, 0xB0, 0x00, 0x00, 0xFF, 0xB0, 0x00, 0x00, 0xF8, 0x00, 0x00, 0x00,
    0xFF, 0x50, 0x00, 0x00, 0xFF, 0xE2, 0x00, 0x00, 0xFF, 0xFB, 0x00, 0x00,
    0xFF, 0xFF, 0x60, 0x00, 0xFF, 0xFF, 0xE2, 0x00, 0xEF, 0xFF, 0xFB, 0x00,
    0x9F, 0xFF, 0xFE, 0x20, 0x00, 0x9F, 0xFF, 0xF3, 0x00, 0x06, 0xFF, 0x90,
    0x00, 0x00, 0x4C, 0x10, 0x00, 0x00, 0x00, 0x01, 0x00, 0x00, 0x00, 0x01,
    0x00, 0x00, 0x00, 0x00, 0x00, 0x00, 0x00, 0x00, 0x00, 0x00, 0x00, 0x00,
    0x00, 0x00, 0x0E, 0xFF, 0x10, 0x00, 0x1F, 0xFF, 0x9D, 0x88, 0xBF, 0xFF,
    0xFF, 0xFF, 0xFF, 0xFF, 0x8D, 0xFF, 0xFF, 0xFF, 0x00, 0x26, 0x8B, 0xBB,
    0x00, 0x00, 0x00, 0x00, 0x00, 0x00, 0x00, 0x00, 0xFF, 0xB0, 0x00, 0x00,
    0xFF, 0xB0, 0x00, 0x00, 0xFF, 0xA0, 0x00, 0x00, 0xFF, 0x70, 0x00, 0x00,
    0xFC, 0x10, 0x00, 0x00, 0x71, 0x00, 0x00, 0x00, 0x00, 0x00, 0x00, 0x00,
    0x00, 0x00, 0x00, 0x00, 0x5F, 0xFF, 0xC2, 0x00, 0x1F, 0xF8, 0x00, 0x00,
    0x09, 0x40, 0x00, 0x00, 0x00, 0x00, 0x00, 0x00, 0x00, 0x00, 0x00, 0x00,
    0x00, 0x00, 0x00, 0x00, 0x00, 0x00, 0x00, 0x00, 0x00, 0x00, 0x00, 0x00,
    0x00, 0x00, 0x00, 0x00, 0x00, 0x00, 0x00, 0x00, 0x00, 0x00, 0x00, 0x00,
    0x00, 0x00, 0x00, 0x00, 0x00, 0x4F, 0xFF, 0xFF, 0x00, 0x4F, 0xFF, 0xFF,
    0x00, 0x14, 0x44, 0x44, 0x00, 0x00, 0x00, 0x00, 0x00, 0x00, 0x00, 0x00,
    0x00, 0x00, 0x00, 0x00, 0x00, 0x00, 0x00, 0x00, 0x00, 0x00, 0x00, 0x00,
    0xFF, 0xFF, 0xFF, 0xFF, 0xFF, 0xFF, 0xFF, 0xFF, 0x44, 0x44, 0x44, 0x44,
    0x00, 0x00, 0x00, 0x00, 0x00, 0x00, 0x00, 0x00, 0x00, 0x00, 0x00, 0x00,
    0x00, 0x00, 0x00, 0x00, 0x00, 0x00, 0x00, 0x00, 0xFF, 0xFF, 0xFF, 0xFF,
    0xFF, 0xFF, 0xFF, 0xFF, 0x44, 0x44, 0x48, 0xFF, 0x00, 0x00, 0x09, 0xFF,
    0x00, 0x00, 0x00, 0x00, 0x00, 0x00, 0x00, 0x00, 0x00, 0x00, 0x00, 0x00,
    0x00, 0x00, 0x00, 0x00, 0xFF, 0xFD, 0x40, 0x00, 0xFF, 0xFF, 0xF6, 0x00,
    0xFF, 0xFF, 0xF5, 0x00, 0xFF, 0xFF, 0xB0, 0x00, 0x00, 0x00, 0x00, 0x00,
    0x00, 0x00, 0x00, 0x00, 0x00, 0x00, 0x00, 0x00, 0x00, 0x00, 0x00, 0x00,
    0x00, 0x00, 0x00, 0x00, 0x00, 0x00, 0x00, 0x00, 0x00, 0x00, 0x00, 0x08,
    0x00, 0x00, 0x00, 0x6F, 0x00, 0x00, 0x00, 0x00, 0x00, 0x00, 0x00, 0x00,
    0x00, 0x00, 0x00, 0x00, 0x00, 0x00, 0x00, 0x00, 0x00, 0x00, 0x00, 0x00,
    0x00, 0x00, 0x00, 0x00, 0xB3, 0x00, 0x00, 0x00, 0xFF, 0x91, 0x00, 0x01,
    0x00, 0x00, 0x1F, 0xFF, 0x00, 0x00, 0x9F, 0xFF, 0x00, 0x03, 0xFF, 0xFF,
    0x00, 0x0C, 0xFF, 0xFF, 0x00, 0x8F, 0xFF, 0xFF, 0x04, 0xFF, 0xFF, 0xFE,
    0x1E, 0xFF, 0xFF, 0xE3, 0xCF, 0xFF, 0xFC, 0x20, 0xFF, 0xFE, 0x20, 0x00,
    0xFF, 0xF6, 0x00, 0x00, 0xFF, 0x90, 0x00, 0x00, 0xFC, 0x10, 0x00, 0x00,
    0xD1, 0x00, 0x00, 0x00, 0x30, 0x00, 0x00, 0x00, 0x00, 0x00, 0x00, 0x00,
    0x00, 0x00, 0x00, 0x00, 0x00, 0x00, 0x00, 0x3C, 0x00, 0x00, 0x00, 0x01,
    0x00, 0x00, 0x00, 0x00, 0x00, 0x00, 0x00, 0x00, 0x00, 0x00, 0x00, 0x00,
    0x00, 0x00, 0x00, 0x00, 0x00, 0x00, 0x00, 0x00, 0x00, 0x00, 0x00, 0x00,
    0xFF, 0xFE, 0x50, 0x1C, 0x9F, 0xFF, 0xF9, 0xBF, 0x09, 0xFF, 0xFF, 0xFF,
    0x00, 0x6F, 0xFF, 0xFF, 0x00, 0x08, 0xFF, 0xFF, 0x00, 0x00, 0x9F, 0xFF,
    0x00, 0x00, 0x0C, 0xFF, 0x00, 0x00, 0x01, 0xEF, 0xFF, 0xFF, 0xB1, 0x00,
    0xFF, 0xF8, 0x00, 0x00, 0xFD, 0x40, 0x00, 0x00, 0xC1, 0x00, 0x00, 0x00,
    0xF9, 0x00, 0x00, 0x00, 0xFF, 0xB1, 0x00, 0x00, 0xFF, 0xFC, 0x10, 0x00,
    0xFF, 0xFF, 0xC1, 0x00, 0x00, 0x00, 0x00, 0x00, 0x00, 0x00, 0x00, 0x00,
    0x00, 0x00, 0x00, 0x00, 0x00, 0x00, 0x00, 0x00, 0x00, 0x00, 0x00, 0x00,
    0x00, 0x00, 0x00, 0x00, 0x00, 0x00, 0x00, 0x00, 0x00, 0x00, 0x00, 0x00,
    0x00, 0x00, 0x00, 0x00, 0x00, 0x00, 0x00, 0x00, 0x00, 0x00, 0x00, 0x00,
    0x00, 0x00, 0x00, 0x00, 0x00, 0x00, 0x00, 0x00, 0x00, 0x00, 0x00, 0x00,
    0x00, 0x00, 0x00, 0x00, 0x00, 0x00, 0x00, 0x00, 0x00, 0x00, 0x00, 0x4F,
    0x00, 0x00, 0x00, 0x08, 0x00, 0x00, 0x00, 0x01, 0x00, 0x00, 0x00, 0x00,
    0x00, 0x00, 0x00, 0x00, 0x00, 0x00, 0x00, 0x00, 0x00, 0x00, 0x00, 0x00,
    0x00, 0x00, 0x00, 0x00, 0xFF, 0xFF, 0xFD, 0x20, 0xFF, 0xFF, 0xFD, 0x30,
    0xDF, 0xFF, 0x91, 0x00, 0x6F, 0xF6, 0x00, 0x00, 0x0A, 0x40, 0x00, 0x00,
    0x00, 0x00, 0x00, 0x00, 0x00, 0x00, 0x00, 0x00, 0x00, 0x00, 0x00, 0x00,
    0x00, 0x00, 0x00, 0x00, 0x00, 0x00, 0x00, 0x00, 0x00, 0x00, 0x00, 0x00,
    0x00, 0x00, 0x00, 0x00, 0x00, 0x00, 0x00, 0x00, 0x00, 0x00, 0x00, 0x00,
    0x00, 0x00, 0x00, 0x00, 0x00, 0x00, 0x00, 0x00, 0x00, 0x00, 0x00, 0x00,
    0x00, 0x00, 0x00, 0x00, 0x00, 0x00, 0x00, 0x03, 0x00, 0x00, 0x00, 0x0B,
    0x00, 0x00, 0x00, 0x1E, 0x00, 0x00, 0x00, 0x02, 0x00, 0x00, 0x00, 0x00,
    0x00, 0x00, 0x00, 0x00, 0x00, 0x00, 0x00, 0x00, 0x00, 0x00, 0x00, 0x00,
    0x87, 0x44, 0x42, 0x00, 0xFF, 0xFF, 0xFF, 0xFE, 0xFF, 0xFF, 0xFF, 0xFF,
    0x47, 0x9C, 0xFF, 0xFF, 0x00, 0x00, 0x15, 0x8D, 0x00, 0x00, 0x00, 0x00,
    0x00, 0x00, 0x00, 0x00, 0x00, 0x00, 0x00, 0x00, 0x00, 0x00, 0x00, 0x00,
    0xBB, 0x87, 0x41, 0x00, 0xFF, 0xFF, 0xFF, 0xEB, 0xFF, 0xFF, 0xFF, 0xFF,
    0xFF, 0xFF, 0xFF, 0xFF, 0x38, 0xEF, 0xFF, 0xFF, 0x00, 0x00, 0x00, 0x00,
    0x00, 0x00, 0x00, 0x00, 0x00, 0x00, 0x00, 0x00, 0x00, 0x00, 0x00, 0x00,
    0x70, 0x00, 0x00, 0x00, 0xD0, 0x00, 0x00, 0x00, 0x80, 0x00, 0x00, 0x00,
    0x40, 0x00, 0x00, 0x00, 0x00, 0x00, 0x00, 0x00, 0x00, 0x00, 0x00, 0x00,
    0x00, 0x00, 0x00, 0x00, 0x00, 0x00, 0x00, 0x01, 0x00, 0x00, 0x00, 0x06,
    0x00, 0x00, 0x00, 0x02, 0x00, 0x00, 0x00, 0x00, 0x00, 0x00, 0x00, 0x00,
    0x00, 0x00, 0x00, 0x00, 0x00, 0x00, 0x00, 0x00, 0x00, 0x00, 0x00, 0x00,
    0xEF, 0xCB, 0x87, 0x43, 0xFF, 0xFF, 0xFF, 0xFF, 0x8C, 0xFF, 0xFF, 0xFF,
    0x00, 0x16, 0xAF, 0xFF, 0x00, 0x00, 0x01, 0x6C, 0x00, 0x06, 0xBF, 0xFE,
    0x00, 0x00, 0x03, 0xAA, 0x00, 0x00, 0x00, 0x00, 0x00, 0x00, 0x00, 0x00,
    0xEB, 0x86, 0x30, 0x00, 0xFF, 0xFF, 0xFD, 0x94, 0xFF, 0xFF, 0xFF, 0xF9,
    0xFF, 0xFF, 0xFF, 0xF3, 0x00, 0x00, 0x00, 0x00, 0x00, 0x00, 0x00, 0x00,
    0x00, 0x00, 0x00, 0x00, 0x00, 0x00, 0x00, 0x00, 0x00, 0x00, 0x00, 0x00,
    0x00, 0x00, 0x00, 0x00, 0x00, 0x00, 0x00, 0x00, 0x00, 0x00, 0x00, 0x00,
    0x00, 0x00, 0x00, 0x00, 0x00, 0x00, 0x00, 0x00, 0x00, 0x00, 0x00, 0x00,
    0x00, 0x00, 0x01, 0x00, 0x00, 0x00, 0x0D, 0xFF, 0x00, 0x00, 0x5F, 0xFF,
    0x00, 0x00, 0x27, 0x8B, 0x00, 0x00, 0x00, 0x00, 0x00, 0x00, 0x00, 0x00,
    0x00, 0x00, 0x00, 0x00, 0x00, 0x00, 0x00, 0x00, 0x00, 0x00, 0x00, 0x00,
    0xDB, 0xA8, 0x74, 0x10, 0xFF, 0xFF, 0xFF, 0xFE, 0xEF, 0xFF, 0xFF, 0xFF,
    0x03, 0x6A, 0xEF, 0xFF, 0x4A, 0xFF, 0xFF, 0xE0, 0x00, 0x29, 0xFF, 0x90,
    0x00, 0x00, 0x3B, 0x50, 0x00, 0x00, 0x00, 0x00, 0x00, 0x00, 0x00, 0x00,
    0xB8, 0x63, 0x00, 0x00, 0xFF, 0xFF, 0xEB, 0x73, 0xFF, 0xFF, 0xFF, 0xFF,
    0x00, 0x00, 0x00, 0x00, 0x00, 0x00, 0x00, 0x00, 0x00, 0x00, 0x00, 0x00,
    0x00, 0x00, 0x00, 0x00, 0x00, 0x00, 0x00, 0x00, 0x00, 0x00, 0x00, 0x00,
    0x00, 0x00, 0x00, 0x00, 0xE9, 0x51, 0x00, 0x00, 0x00, 0x00, 0x00, 0x00,
    0x00, 0x00, 0x00, 0x00, 0x00, 0x00, 0x00, 0x00, 0x00, 0x00, 0x00, 0x00,
    0x00, 0x00, 0x00, 0x00, 0x00, 0x00, 0x00, 0x00, 0x00, 0x00, 0x00, 0x00,
    0x00, 0x00, 0x00, 0x00, 0x00, 0x00, 0x05, 0x9E, 0x00, 0x00, 0x00, 0x00,
    0x00, 0x00, 0x00, 0x00, 0x00, 0x00, 0x00, 0x00, 0x00, 0x00, 0x00, 0x00,
    0x00, 0x00, 0x00, 0x00, 0x00, 0x00, 0x00, 0x00, 0x00, 0x00, 0x00, 0x00,
    0xFF, 0xFF, 0xFF, 0xFF, 0x6B, 0xFF, 0xFF, 0xFF, 0x00, 0x4B, 0xFF, 0xFF,
    0x00, 0x00, 0x4B, 0xFF, 0x00, 0x00, 0x00, 0x4C, 0x00, 0x00, 0x00, 0x00,
    0x00, 0x00, 0x00, 0x00, 0x00, 0x00, 0x00, 0x00, 0xFF, 0xF9, 0x00, 0x00,
    0xFF, 0xF2, 0x00, 0x00, 0xFF, 0x90, 0x00, 0x00, 0xFF, 0x20, 0x00, 0x00,
    0xF9, 0x00, 0x00, 0x00, 0x73, 0x00, 0x00, 0x00, 0x00, 0x00, 0x00, 0x00,
    0x00, 0x00, 0x00, 0x00, 0x00, 0x00, 0x00, 0x00, 0x00, 0x00, 0x00, 0x00,
    0x00, 0x00, 0x00, 0x00, 0x00, 0x00, 0x00, 0x00, 0x00, 0x00, 0x00, 0x00,
    0x00, 0x00, 0x00, 0x00, 0x00, 0x00, 0x00, 0x00, 0x00, 0x00, 0x00, 0x00,
    0x00, 0x00, 0x00, 0x00, 0x00, 0x04, 0x95, 0x10, 0x00, 0x08, 0xFF, 0xEB,
    0x00, 0x0B, 0xFF, 0xFF, 0x00, 0x1E, 0xFF, 0xFF, 0x00, 0x4F, 0xFF, 0xFF,
    0x00, 0x7F, 0xFF, 0xFF, 0x00, 0xAF, 0xFF, 0xFF, 0x00, 0x00, 0x00, 0x00,
    0x00, 0x00, 0x00, 0x00, 0x84, 0x10, 0x00, 0x00, 0xFF, 0x50, 0x00, 0x00,
    0xFD, 0x00, 0x00, 0x00, 0xF7, 0x00, 0x00, 0x00, 0xF1, 0x00, 0x00, 0x00,
    0x90, 0x00, 0x00, 0x00, 0x00, 0x00, 0x00, 0x00, 0x00, 0x00, 0x00, 0x00,
    0x00, 0x00, 0x00, 0x00, 0x00, 0x00, 0x00, 0x00, 0x00, 0x00, 0x00, 0x00,
    0x00, 0x00, 0x00, 0x00, 0x00, 0x00, 0x00, 0x00, 0x00, 0x00, 0x00, 0x00,
    0x00, 0x00, 0x00, 0x00, 0x00, 0x00, 0x00, 0x00, 0x00, 0x00, 0x00, 0x00,
    0x00, 0x00, 0x00, 0x00, 0x00, 0x00, 0x00, 0x00, 0x00, 0x00, 0x00, 0x00,
    0x00, 0x00, 0x00, 0x00, 0x00, 0x00, 0x00, 0x00, 0x00, 0xEF, 0xFF, 0xFF,
    0x03, 0xFF, 0xFF, 0xFB, 0x08, 0xFF, 0xFF, 0xF5, 0x0B, 0xFF, 0xFF, 0xD0,
    0x1F, 0xFF, 0xFF, 0x70, 0x5F, 0xFF, 0xFE, 0x10, 0x8F, 0xFF, 0xF9, 0x00,
    0xDF, 0xFF, 0xF2, 0x00, 0x20, 0x00, 0x00, 0x00, 0x00, 0x00, 0x00, 0x00,
    0x00, 0x00, 0x00, 0x00, 0x00, 0x00, 0x00, 0x00, 0x00, 0x00, 0x00, 0x00,
    0x00, 0x00, 0x61, 0x00, 0x00, 0x2C, 0xFC, 0x10, 0x00, 0x1D, 0xFF, 0xC1,
    0x00, 0x00, 0x00, 0x00, 0x00, 0x00, 0x00, 0x00, 0x00, 0x00, 0x00, 0x00,
    0x00, 0x00, 0x00, 0x00, 0x00, 0x00, 0x00, 0x00, 0x00, 0x00, 0x00, 0x00,
    0x00, 0x00, 0x00, 0x00, 0x00, 0x00, 0x00, 0x00, 0x00, 0x00, 0x00, 0x02,
    0x00, 0x00, 0x00, 0x07, 0x00, 0x00, 0x00, 0x0A, 0x00, 0x00, 0x00, 0x0F,
    0x00, 0x00, 0x00, 0x5F, 0x00, 0x00, 0x00, 0x9F, 0x00, 0x00, 0x01, 0xDF,
    0x04, 0xBB, 0xBE, 0xFF, 0xFF, 0xFF, 0xB0, 0x00, 0xFF, 0xFF, 0x50, 0x00,
    0xFF, 0xFE, 0x00, 0x00, 0xFF, 0xF9, 0x00, 0x00, 0xFF, 0xF2, 0x00, 0x00,
    0xFF, 0xA0, 0x00, 0x00, 0xFF, 0x84, 0x47, 0x88, 0xFF, 0xFF, 0xFF, 0xFF,
    0x00, 0x03, 0xFF, 0xFC, 0x00, 0x00, 0x9F, 0xFF, 0x00, 0x00, 0x2F, 0xFF,
    0x00, 0x00, 0x09, 0xFF, 0x00, 0x00, 0x01, 0xFF, 0x00, 0x00, 0x14, 0xDF,
    0xAB, 0xCF, 0xFF, 0xFF, 0xFF, 0xFF, 0xFF, 0xFF, 0x10, 0x00, 0x00, 0x00,
    0x90, 0x00, 0x00, 0x00, 0xF7, 0x00, 0x00, 0x00, 0xFF, 0x30, 0x00, 0x00,
    0xFF, 0xC1, 0x00, 0x00, 0xFF, 0xF9, 0x00, 0x00, 0xFF, 0xFF, 0x30, 0x00,
    0xFF, 0xFF, 0xB0, 0x00, 0x03, 0xFF, 0xFF, 0xFF, 0x00, 0xDF, 0xFF, 0xFF,
    0x00, 0x9F, 0xFF, 0xFF, 0x00, 0x6F, 0xFD, 0xA7, 0x00, 0x14, 0x10, 0x00,
    0x00, 0x00, 0x00, 0x00, 0x00, 0x00, 0x00, 0x00, 0x00, 0x00, 0x00, 0x00,
    0xFF, 0xFF, 0xFF, 0xFF, 0xFF, 0xFF, 0xFF, 0xFD, 0xFF, 0xEA, 0x74, 0x10,
    0x41, 0x00, 0x00, 0x00, 0x00, 0x00, 0x00, 0x00, 0x00, 0x00, 0x00, 0x00,
    0x00, 0x00, 0x00, 0x00, 0x00, 0x00, 0x00, 0x00, 0xFF, 0xFE, 0xB8, 0x49,
    0x97, 0x30, 0x00, 0x03, 0x00, 0x00, 0x00, 0x00, 0x00, 0x00, 0x00, 0x00,
    0x00, 0x00, 0x00, 0x00, 0x00, 0x00, 0x00, 0x00, 0x00, 0x00, 0x00, 0x00,
    0x00, 0x00, 0x00, 0x00, 0xFF, 0xFF, 0xF6, 0x00, 0xFF, 0xFF, 0xFE, 0x00,
    0xEF, 0xFF, 0xE9, 0x10, 0xAF, 0xD7, 0x10, 0x00, 0x56, 0x00, 0x00, 0x00,
    0x00, 0x00, 0x00, 0x00, 0x00, 0x00, 0x00, 0x00, 0x00, 0x00, 0x00, 0x00,
    0x00, 0x00, 0x00, 0x00, 0x00, 0x00, 0x00, 0x00, 0x00, 0x00, 0x00, 0x00,
    0x00, 0x00, 0x00, 0x00, 0x00, 0x00, 0x00, 0x00, 0x00, 0x00, 0x00, 0x00,
    0x00, 0x00, 0x00, 0x00, 0x00, 0x00, 0x00, 0x00, 0x00, 0x00, 0x00, 0x00,
    0x00, 0x00, 0x00, 0x00, 0x00, 0x00, 0x00, 0x00, 0x00, 0x00, 0x00, 0x00,
    0x00, 0x00, 0x00, 0x00, 0x00, 0x00, 0x00, 0x00, 0x00, 0x00, 0x00, 0x00,
    0x00, 0x00, 0x00, 0x00, 0x00, 0x00, 0x00, 0x00, 0x00, 0x00, 0x00, 0x00,
    0x00, 0x9B, 0x85, 0x10, 0x00, 0xCF, 0xFF, 0xFD, 0x00, 0xEF, 0xFF, 0xFF,
    0x01, 0xFF, 0xFF, 0xFF, 0x04, 0xFF, 0xFF, 0xFF, 0x06, 0xFF, 0xFF, 0xFD,
    0x00, 0x00, 0x00, 0x00, 0x00, 0x00, 0x00, 0x00, 0x00, 0x00, 0x00, 0x00,
    0x50, 0x00, 0x00, 0x00, 0x70, 0x00, 0x00, 0x00, 0x40, 0x00, 0x00, 0x00,
    0x20, 0x00, 0x00, 0x00, 0x00, 0x00, 0x00, 0x00, 0x00, 0x00, 0x00, 0x00,
    0x00, 0x00, 0x00, 0x00, 0x00, 0x00, 0x00, 0x00, 0x00, 0x00, 0x00, 0x00,
    0x00, 0x00, 0x00, 0x00, 0x00, 0x00, 0x00, 0x00, 0x00, 0x00, 0x00, 0x00,
    0x00, 0x00, 0x00, 0x00, 0x00, 0x00, 0x00, 0x00, 0x00, 0x00, 0x00, 0x00,
    0x02, 0x10, 0x00, 0x00, 0x1E, 0xFC, 0x96, 0x20, 0xAF, 0xFF, 0xFF, 0xFD,
    0x6A, 0xFF, 0xFF, 0xFF, 0x00, 0x16, 0xCF, 0xFF, 0x00, 0x00, 0x04, 0xAF,
    0x09, 0xFF, 0xFF, 0xF9, 0x0C, 0xFF, 0xFF, 0xF6, 0x1F, 0xFF, 0xFF, 0xF2,
    0x6F, 0xFF, 0xFF, 0xC0, 0xDF, 0xFF, 0xFF, 0x60, 0xFF, 0xFF, 0xFE, 0x00,
    0xFF, 0xFF, 0xFE, 0x71, 0xFF, 0xFF, 0xFF, 0xFE, 0x00, 0x00, 0x00, 0x00,
    0x00, 0x00, 0x00, 0x00, 0x00, 0x00, 0x00, 0x00, 0x00, 0x00, 0x00, 0x00,
    0x00, 0x00, 0x00, 0x00, 0x00, 0x00, 0x00, 0x00, 0x00, 0x00, 0x00, 0x00,
    0x81, 0x00, 0x00, 0x00, 0x00, 0x00, 0x00, 0x00, 0x00, 0x00, 0x00, 0x00,
    0x00, 0x00, 0x00, 0x00, 0x00, 0x00, 0x00, 0x00, 0x00, 0x00, 0x00, 0x00,
    0x00, 0x00, 0x00, 0x00, 0x00, 0x00, 0x00, 0x00, 0x00, 0x00, 0x00, 0x00,
    0x00, 0x00, 0x00, 0x7F, 0x00, 0x00, 0x02, 0xFF, 0x00, 0x00, 0x0B, 0xFF,
    0x00, 0x00, 0x8F, 0xFF, 0x00, 0x05, 0xFF, 0xFF, 0x00, 0x3E, 0xFF, 0xFF,
    0x03, 0xEF, 0xFF, 0xFC, 0x6E, 0xFF, 0xFF, 0xB1, 0xFF, 0xFF, 0xFF, 0xFF,
    0xFF, 0xFF, 0xFF, 0xFF, 0xFF, 0xFA, 0xFF, 0xFF, 0xFF, 0x80, 0x3D, 0xFF,
    0xFB, 0x00, 0x01, 0xCF, 0xC1, 0x00, 0x00, 0x09, 0x10, 0x00, 0x00, 0x00,
    0x00, 0x00, 0x00, 0x00, 0xFE, 0x60, 0x00, 0x00, 0xFF, 0xFB, 0x10, 0x00,
    0xFF, 0xFB, 0x00, 0x00, 0xFF, 0xD1, 0x00, 0x00, 0xFF, 0x30, 0x00, 0x00,
    0xF8, 0x00, 0x00, 0x00, 0x60, 0x00, 0x00, 0x00, 0x00, 0x00, 0x00, 0x00,
    0x00, 0x00, 0x00, 0x08, 0x00, 0x00, 0x04, 0xCF, 0x00, 0x02, 0xAF, 0xFF,
    0x00, 0x6F, 0xFF, 0xFE, 0x00, 0x3F, 0xFB, 0x60, 0x00, 0x04, 0x30, 0x00,
    0x00, 0x00, 0x00, 0x00, 0x00, 0x00, 0x00, 0x00, 0xFF, 0xFF, 0xF8, 0x00,
    0xFF, 0xFC, 0x40, 0x00, 0xFE, 0x70, 0x00, 0x00, 0x81, 0x00, 0x00, 0x00,
    0x00, 0x00, 0x00, 0x00, 0x00, 0x00, 0x00, 0x00, 0x00, 0x00, 0x00, 0x00,
    0x00, 0x00, 0x00, 0x00, 0x00, 0x00, 0x00, 0x00, 0x00, 0x00, 0x00, 0x00,
    0x00, 0x00, 0x00, 0x00, 0x00, 0x00, 0x00, 0x00, 0x00, 0x00, 0x00, 0x00,
    0x00, 0x00, 0x00, 0x00, 0x00, 0x00, 0x00, 0x00, 0x00, 0x00, 0x00, 0x00,
    0x00, 0x00, 0x00, 0x00, 0x00, 0x00, 0x00, 0x00, 0x00, 0x00, 0x00, 0x00,
    0x00, 0x00, 0x00, 0x00, 0x00, 0x00, 0x00, 0x00, 0x00, 0x00, 0x00, 0x00,
    0x00, 0x00, 0x00, 0x00, 0x00, 0x00, 0x00, 0x00, 0x00, 0x00, 0x00, 0x00,
    0x00, 0x00, 0x00, 0x00, 0x00, 0x00, 0x00, 0x00, 0x00, 0x00, 0x00, 0x00,
    0x00, 0x00, 0x48, 0x88, 0x00, 0x00, 0x8F, 0xFF, 0x00, 0x00, 0x5B, 0xBB,
    0x00, 0x00, 0x00, 0x00, 0x00, 0x00, 0x00, 0x00, 0x00, 0x00, 0x00, 0x00,
    0x00, 0x00, 0x00, 0x00, 0x00, 0x00, 0x00, 0x00, 0x88, 0x88, 0x88, 0x88,
    0xFF, 0xFF, 0xFF, 0xFF, 0xBB, 0xBB, 0xFF, 0xFF, 0x00, 0x00, 0xFF, 0xFF,
    0x00, 0x00, 0x00, 0x00, 0x00, 0x00, 0x00, 0x00, 0x00, 0x00, 0x00, 0x00,
    0x00, 0x00, 0x00, 0x00, 0x88, 0x88, 0x88, 0x88, 0xFF, 0xFF, 0xFF, 0xFF,
    0xFE, 0xBB, 0xBB, 0xBB, 0xFB, 0x00, 0x00, 0x00, 0x00, 0x00, 0x00, 0x00,
    0x00, 0x00, 0x00, 0x00, 0x00, 0x00, 0x00, 0x00, 0x00, 0x00, 0x00, 0x00,
    0x88, 0x84, 0x00, 0x00, 0xFF, 0xF8, 0x00, 0x00, 0xBB, 0xB5, 0x00, 0x00,
    0x00, 0x00, 0x00, 0x00, 0x00, 0x00, 0x00, 0x00, 0x00, 0x00, 0x00, 0x00,
    0x00, 0x00, 0x00, 0x00, 0x00, 0x00, 0x00, 0x00, 0x00, 0x00, 0x00, 0x00,
    0x00, 0xAF, 0xFF, 0xFF, 0x00, 0xBF, 0xFF, 0xFF, 0x00, 0x34, 0x44, 0x44,
    0x00, 0x00, 0xFF, 0xFF, 0x00, 0x00, 0xFF, 0xFF, 0x00, 0x00, 0xFF, 0xFF,
    0x00, 0x00, 0xFF, 0xFF, 0x00, 0x01, 0xFF, 0xFF, 0xFF, 0xFF, 0xFF, 0xFF,
    0xFF, 0xFF, 0xFF, 0xFF, 0x44, 0x45, 0xFF, 0xFF, 0xFB, 0x00, 0x00, 0x00,
    0xFB, 0x00, 0x00, 0x00, 0xFB, 0x00, 0x00, 0x00, 0xFB, 0x00, 0x00, 0x00,
    0xFB, 0x00, 0x00, 0x00, 0xFF, 0xFF, 0xFF, 0xFF, 0xFF, 0xFF, 0xFF, 0xFF,
    0xFC, 0x44, 0x44, 0x44, 0x00, 0x00, 0x00, 0x00, 0x00, 0x00, 0x00, 0x00,
    0x00, 0x00, 0x00, 0x00, 0x00, 0x00, 0x00, 0x00, 0x00, 0x00, 0x00, 0x00,
    0xFF, 0xFF, 0xFA, 0x00, 0xFF, 0xFF, 0xFB, 0x00, 0x44, 0x44, 0x43, 0x00,
    0x00, 0x00, 0x00, 0x00, 0x00, 0x00, 0x00, 0x00, 0x00, 0x00, 0x00, 0x00,
    0x00, 0x00, 0x00, 0x00, 0x00, 0x00, 0x00, 0x00, 0x00, 0x00, 0x00, 0x00,
    0x00, 0x00, 0x00, 0x00, 0x00, 0x00, 0x00, 0x00, 0x00, 0x00, 0xEF, 0xFF,
    0x00, 0x00, 0xFF, 0xFF, 0x00, 0x00, 0xFF, 0xFF, 0x00, 0x00, 0xFF, 0xFF,
    0x00, 0x00, 0xFF, 0xFF, 0x00, 0x00, 0xFF, 0xFF, 0x00, 0x00, 0xFF, 0xFF,
    0x00, 0x00, 0xFF, 0xFF, 0xFB, 0x00, 0x00, 0x00, 0xFB, 0x00, 0x00, 0x00,
    0xFB, 0x00, 0x00, 0x00, 0xFB, 0x00, 0x00, 0x00, 0xFB, 0x00, 0x00, 0x00,
    0xFB, 0x00, 0x00, 0x00, 0xFB, 0x00, 0x00, 0x00, 0xFB, 0x00, 0x00, 0x00,
    0x00, 0x00, 0x00, 0x00, 0x00, 0x00, 0x00, 0x00, 0x00, 0x00, 0x00, 0x00,
    0x00, 0x00, 0x00, 0x00, 0x00, 0x00, 0x00, 0x00, 0x00, 0x00, 0x00, 0x00,
    0x00, 0x00, 0x00, 0x00, 0x00, 0x00, 0x00, 0x00, 0x00, 0x00, 0x00, 0x00,
    0x00, 0x00, 0x00, 0x00, 0x00, 0x00, 0x00, 0x00, 0x00, 0x00, 0x00, 0x00,
    0x00, 0x00, 0x00, 0x00, 0x00, 0x00, 0x00, 0x00, 0x00, 0x00, 0x00, 0x00,
    0x00, 0x00, 0x00, 0x00, 0x00, 0x00, 0xCF, 0xFF, 0x00, 0x00, 0x7F, 0xFF,
    0x00, 0x00, 0x1C, 0xFF, 0x00, 0x00, 0x00, 0x6B, 0x00, 0x00, 0x00, 0x00,
    0x00, 0x00, 0x00, 0x00, 0x00, 0x00, 0x00, 0x00, 0x00, 0x00, 0x00, 0x00,
    0xFF, 0x40, 0x00, 0x00, 0xFF, 0xFA, 0x88, 0x88, 0xFF, 0xFF, 0xFF, 0xFF,
    0xEF, 0xFF, 0xFF, 0xFF, 0x00, 0x00, 0x00, 0x00, 0x00, 0x00, 0x00, 0x00,
    0x00, 0x00, 0x00, 0x00, 0x00, 0x00, 0x00, 0x00, 0x00, 0x00, 0x00, 0x00,
    0x8A, 0xBC, 0xA0, 0x00, 0xFF, 0xFF, 0xB0, 0x00, 0xFF, 0xFF, 0xA0, 0x00,
    0x00, 0x00, 0x00, 0x00, 0x00, 0x00, 0x00, 0x00, 0x00, 0x00, 0x00, 0x00,
    0x00, 0x00, 0x00, 0x00, 0x00, 0x00, 0x00, 0x00, 0x00, 0x00, 0x00, 0x00,
    0x00, 0x00, 0x00, 0x00, 0x00, 0x00, 0x00, 0x00, 0x00, 0x00, 0x00, 0x00,
    0x00, 0x00, 0x00, 0x00, 0x00, 0x00, 0x00, 0x00, 0x00, 0x00, 0x00, 0x00,
    0x00, 0x00, 0x00, 0x00, 0x00, 0x00, 0x00, 0x00, 0x00, 0x00, 0x00, 0x00,
    0x00, 0x00, 0x00, 0x00, 0x00, 0x00, 0x00, 0x00, 0x00, 0x00, 0x00, 0x00,
    0x00, 0x00, 0x00, 0x00, 0x00, 0x00, 0x00, 0x00, 0x00, 0x00, 0x00, 0x00,
    0x00, 0x00, 0x00, 0x00, 0x00, 0x00, 0x00, 0x00, 0x00, 0x00, 0x00, 0x00,
    0x00, 0x00, 0x00, 0x00, 0x00, 0x00, 0x00, 0x00, 0x00, 0x00, 0x00, 0x00,
    0x00, 0x00, 0x00, 0x00, 0x00, 0x00, 0x00, 0x00, 0x00, 0x00, 0x00, 0x00,
    0x00, 0x00, 0x00, 0x00, 0x00, 0x00, 0x00, 0x00, 0x00, 0x00, 0x00, 0x00,
    0x00, 0x00, 0x00, 0x00, 0x00, 0x00, 0x00, 0x00, 0x00, 0x00, 0x00, 0x00,
    0x00, 0x00, 0x00, 0x00, 0x00, 0x00, 0x00, 0x00, 0x00, 0x00, 0x00, 0x00,
    0x00, 0x00, 0x00, 0x00, 0x00, 0x00, 0x00, 0x00, 0x00, 0x00, 0x00, 0x00,
    0x00, 0x00, 0x05, 0x88, 0x00, 0x00, 0x1F, 0xFF, 0x00, 0x07, 0x88, 0xB7,
    0x00, 0x0C, 0xFF, 0xFD, 0x00, 0x09, 0xFF, 0xFF, 0x00, 0x06, 0xFF, 0xFF,
    0x00, 0x04, 0xFF, 0xFF, 0x00, 0x02, 0xFF, 0xFF, 0xAB, 0xCF, 0xFF, 0xFF,
    0xFF, 0xFF, 0xFF, 0xFF, 0x00, 0x00, 0x00, 0x00, 0x00, 0x00, 0x00, 0x00,
    0x00, 0x00, 0x00, 0x00, 0x30, 0x00, 0x00, 0x00, 0x50, 0x00, 0x00, 0x01,
    0xC8, 0x9B, 0xBE, 0xFF, 0xFF, 0xFF, 0xFF, 0xFF, 0xF6, 0x44, 0x1A, 0xFF,
    0x00, 0x00, 0x00, 0x00, 0x00, 0x00, 0x00, 0x00, 0x00, 0x00, 0x00, 0x00,
    0x00, 0x00, 0x00, 0x00, 0x44, 0x10, 0x00, 0x00, 0xFF, 0xC2, 0x00, 0x00,
    0xFF, 0xF4, 0x00, 0x00, 0xFF, 0xA0, 0x00, 0x00, 0x00, 0x00, 0x07, 0x74,
    0x00, 0x00, 0x00, 0x00, 0x00, 0x00, 0x00, 0x00, 0x00, 0x00, 0x00, 0x00,
    0x00, 0x00, 0x00, 0x00, 0x00, 0x00, 0x00, 0x00, 0x00, 0x00, 0x00, 0x00,
    0x00, 0x00, 0x00, 0x00, 0x43, 0x00, 0x9F, 0xFF, 0x00, 0x00, 0x6F, 0xFF,
    0x00, 0x00, 0x4F, 0xFF, 0x00, 0x00, 0x1F, 0xFF, 0x00, 0x00, 0x0D, 0xFF,
    0x00, 0x00, 0x0B, 0xFF, 0x00, 0x00, 0x08, 0xFF, 0x00, 0x00, 0x06, 0xFF,
    0xF1, 0x00, 0x0E, 0xFF, 0xF4, 0x00, 0x6F, 0xFF, 0xF7, 0x01, 0xDF, 0xFF,
    0xF9, 0x08, 0xFF, 0xF6, 0xFC, 0x3F, 0xFE, 0x60, 0xFF, 0x16, 0xC3, 0x00,
    0xFF, 0x30, 0x00, 0x00, 0xFF, 0x60, 0x00, 0x00, 0xFE, 0x20, 0x00, 0x00,
    0xF5, 0x00, 0x00, 0x00, 0x60, 0x00, 0x00, 0x00, 0x00, 0x00, 0x00, 0x00,
    0x00, 0x00, 0x00, 0x00, 0x00, 0x00, 0x00, 0x00, 0x00, 0x00, 0x00, 0x00,
    0x00, 0x00, 0x00, 0x00, 0x00, 0x00, 0x00, 0x00, 0x00, 0x00, 0x00, 0x00,
    0x00, 0x00, 0x00, 0x00, 0x00, 0x00, 0x00, 0x00, 0x00, 0x00, 0x00, 0x00,
    0x00, 0x00, 0x00, 0x00, 0x00, 0x00, 0x00, 0x00, 0x00, 0x00, 0x00, 0x00,
    0x00, 0x00, 0x03, 0xFF, 0x00, 0x00, 0x00, 0xFF, 0x00, 0x00, 0x00, 0xCF,
    0x00, 0x00, 0x00, 0xAF, 0x00, 0x00, 0x00, 0x8F, 0x00, 0x00, 0x00, 0x5F,
    0x00, 0x00, 0x00, 0x13, 0x00, 0x00, 0x00, 0x00, 0xFF, 0x90, 0x00, 0x00,
    0xFF, 0xB0, 0x00, 0x00, 0xFF, 0xE0, 0x00, 0x00, 0xFF, 0xF2, 0x00, 0x00,
    0xFF, 0xF6, 0x00, 0x00, 0xFC, 0xB4, 0x00, 0x00, 0x10, 0x00, 0x00, 0x00,
    0x00, 0x00, 0x00, 0x00, 0x00, 0x00, 0x00, 0x00, 0x00, 0x00, 0x00, 0x00,
    0x00, 0x00, 0x00, 0x00, 0x00, 0x00, 0x00, 0x00, 0x00, 0x00, 0x00, 0x00,
    0x00, 0x00, 0x00, 0x00, 0x00, 0x00, 0x00, 0x00, 0x00, 0x00, 0x00, 0x00,
    0x00, 0x00, 0x00, 0x00, 0x00, 0x00, 0x00, 0x00, 0x00, 0x00, 0x00, 0x00,
    0x00, 0x00, 0x00, 0x00, 0x00, 0x00, 0x00, 0x00, 0x00, 0x00, 0x00, 0x00,
    0x00, 0x00, 0x00, 0x00, 0x00, 0x00, 0x00, 0x00, 0x00, 0x00, 0x00, 0x00,
    0x00, 0x00, 0x00, 0x00, 0x01, 0x68, 0x89, 0xB4, 0x04, 0xFF, 0xFF, 0xF8,
    0x01, 0xFF, 0xFF, 0xFB, 0x00, 0xDF, 0xFF, 0xFE, 0x00, 0xBF, 0xFF, 0xFF,
    0x00, 0x8F, 0xFF, 0xFF, 0x00, 0x00, 0x00, 0x00, 0x00, 0x00, 0x00, 0x00,
    0x00, 0x00, 0x00, 0x00, 0x00, 0x00, 0x00, 0x00, 0x00, 0x00, 0x00, 0x00,
    0x00, 0x00, 0x00, 0x00, 0x10, 0x00, 0x00, 0x00, 0x40, 0x00, 0x00, 0x00,
    0x00, 0x00, 0x00, 0x00, 0x00, 0x00, 0x00, 0x00, 0x00, 0x00, 0x00, 0x00,
    0x00, 0x00, 0x00, 0x00, 0x00, 0x00, 0x00, 0x00, 0x00, 0x00, 0x00, 0x00,
    0x00, 0x00, 0x00, 0x00, 0x00, 0x01, 0x10, 0x00, 0x00, 0x00, 0x00, 0x00,
    0x00, 0x00, 0x00, 0x14, 0x00, 0xAB, 0xDF, 0xFF, 0x00, 0xFF, 0xFF, 0xFF,
    0x00, 0x89, 0x87, 0x44, 0x00, 0x00, 0x00, 0x00, 0x00, 0x00, 0x00, 0x00,
    0x00, 0x00, 0x00, 0x00, 0x00, 0x5F, 0xFF, 0xFF, 0x46, 0xAF, 0xFF, 0xFF,
    0xFF, 0xFF, 0xFF, 0xFF, 0xFF, 0xFF, 0xFF, 0xFF, 0x20, 0x0A, 0xFF, 0xFF,
    0x00, 0x07, 0xFF, 0xFF, 0x00, 0x05, 0xFF, 0xFF, 0x00, 0x03, 0xFF, 0xFF,
    0x72, 0x44, 0x78, 0x8B, 0xFF, 0xFF, 0xFF, 0xFF, 0xFF, 0xFF, 0xFD, 0xCF,
    0xF5, 0x41, 0x00, 0x7F, 0xF2, 0x00, 0x00, 0xCF, 0xF6, 0x00, 0x03, 0xFF,
    0xF8, 0x00, 0x09, 0xFF, 0xFB, 0x00, 0x4F, 0xFF, 0xBE, 0xFF, 0xE3, 0x00,
    0xFF, 0xFF, 0xFE, 0x20, 0xFF, 0xFF, 0xFB, 0x00, 0xFF, 0xFF, 0xF2, 0x00,
    0xFF, 0xFF, 0x80, 0x00, 0xFF, 0xFC, 0x00, 0x00, 0xFF, 0xE2, 0x00, 0x00,
    0xFE, 0x30, 0x00, 0x00, 0x00, 0x00, 0x00, 0x00, 0x00, 0x00, 0x00, 0x00,
    0x00, 0x00, 0x00, 0x00, 0x00, 0x00, 0x00, 0x00, 0x00, 0x00, 0x00, 0x00,
    0x00, 0x00, 0x00, 0x00, 0x00, 0x00, 0x00, 0x00, 0x00, 0x00, 0x00, 0x00,
    0x00, 0x00, 0xEF, 0xFF, 0x00, 0x00, 0xBF, 0xFF, 0x00, 0x00, 0x9F, 0xFF,
    0x00, 0x00, 0x7F, 0xFF, 0x00, 0x00, 0x4F, 0xFF, 0x00, 0x00, 0x2F, 0xFF,
    0x00, 0x00, 0x0E, 0xFF, 0x00, 0x00, 0x0B, 0xFF, 0xFE, 0x01, 0xCF, 0xFF,
    0xFF, 0x19, 0xFF, 0xFC, 0xFF, 0x43, 0xEF, 0xA1, 0xFF, 0x70, 0x46, 0x00,
    0xFF, 0xA0, 0x00, 0x00, 0xFF, 0xC0, 0x00, 0x00, 0xFF, 0xF1, 0x00, 0x00,
    0xFF, 0xF4, 0x00, 0x00, 0xE3, 0x00, 0x00, 0x00, 0x30, 0x00, 0x00, 0x00,
    0x00, 0x00, 0x00, 0x00, 0x00, 0x00, 0x00, 0x00, 0x00, 0x00, 0x00, 0x00,
    0x00, 0x00, 0x00, 0x00, 0x00, 0x00, 0x00, 0x00, 0x00, 0x00, 0x00, 0x00,
    0x00, 0x00, 0x00, 0x00, 0x00, 0x00, 0x00, 0x00, 0x00, 0x00, 0x00, 0x00,
    0x00, 0x00, 0x00, 0x00, 0x00, 0x00, 0x00, 0x00, 0x00, 0x00, 0x00, 0x00,
    0x00, 0x00, 0x00, 0x00, 0x00, 0x00, 0x00, 0x00, 0x00, 0x00, 0x09, 0xFF,
    0x00, 0x00, 0x06, 0xFF, 0x00, 0x00, 0x04, 0xFF, 0x00, 0x00, 0x01, 0xFF,
    0x00, 0x00, 0x00, 0xEF, 0x00, 0x00, 0x00, 0xAC, 0x00, 0x00, 0x00, 0x00,
    0x00, 0x00, 0x00, 0x00, 0xFF, 0xF6, 0x00, 0x00, 0xFF, 0xF9, 0x00, 0x00,
    0xFF, 0xFB, 0x00, 0x00, 0xFF, 0xFE, 0x00, 0x00, 0xFF, 0xFF, 0x20, 0x00,
    0xA8, 0x64, 0x00, 0x00, 0x00, 0x00, 0x00, 0x00, 0x00, 0x00, 0x00, 0x00,
    0x00, 0x00, 0x00, 0x00, 0x00, 0x00, 0x00, 0x00, 0x00, 0x00, 0x00, 0x00,
    0x00, 0x00, 0x00, 0x00, 0x00, 0x00, 0x00, 0x00, 0x00, 0x00, 0x00, 0x00,
    0x00, 0x00, 0x00, 0x00, 0x00, 0x00, 0x00, 0x00, 0x00, 0x00, 0x00, 0x00,
    0x00, 0x00, 0x00, 0x00, 0x00, 0x00, 0x00, 0x00, 0x00, 0x00, 0x00, 0x00,
    0x00, 0x00, 0x00, 0x00, 0x00, 0x00, 0x00, 0x00, 0x00, 0x00, 0x00, 0x00,
    0x00, 0x00, 0x00, 0x00, 0x00, 0x00, 0x00, 0x00, 0x00, 0x00, 0x00, 0x00,
    0x00, 0x00, 0x00, 0x00, 0x00, 0x00, 0x00, 0x00, 0x00, 0x00, 0x00, 0x00,
    0x00, 0x00, 0x00, 0x00, 0x00, 0x00, 0x00, 0x00, 0x00, 0x00, 0x00, 0x00,
    0x00, 0x00, 0x00, 0x00, 0x00, 0x00, 0x00, 0x00, 0x00, 0x00, 0x00, 0x00,
    0x00, 0x00, 0x00, 0x00, 0x00, 0x00, 0x00, 0x00, 0x00, 0x00, 0x00, 0x00,
    0x00, 0x00, 0x00, 0x00, 0x00, 0x00, 0x00, 0x00, 0x00, 0x00, 0x00, 0x00,
    0x00, 0x00, 0x00, 0x00, 0x00, 0x00, 0x00, 0x00, 0x00, 0x00, 0x00, 0x00,
    0x00, 0x00, 0x00, 0x00, 0x00, 0x00, 0x00, 0x00, 0x00, 0x00, 0x00, 0x00,
    0x00, 0x00, 0x00, 0x00, 0x00, 0x00, 0x00, 0x00, 0x00, 0x00, 0x00, 0x00,
    0x00, 0x00, 0x00, 0x00, 0x00, 0x00, 0x00, 0x00, 0x00, 0x00, 0x00, 0x00,
    0x00, 0x00, 0x00, 0x00, 0x00, 0x00, 0x00, 0x00, 0x00, 0x00, 0x00, 0x00,
    0x00, 0x00, 0x00, 0x00, 0x00, 0x00, 0x00, 0x00, 0xBB, 0xBB, 0xBB, 0xBB,
    0xEF, 0xFF, 0xFF, 0xFF, 0x00, 0x00, 0x00, 0x00, 0x00, 0x00, 0x00, 0x00,
    0x00, 0x00, 0x00, 0x00, 0x00, 0x00, 0x00, 0x00, 0x00, 0x00, 0x00, 0x00,
    0x00, 0x00, 0x00, 0x00, 0xBB, 0xBB, 0xBB, 0xA0, 0xFF, 0xFF, 0xFF, 0xD0,
    0x05, 0xFF, 0xFF, 0xB0, 0x05, 0xFF, 0xFF, 0x80, 0x07, 0xFF, 0xFF, 0x60,
    0x09, 0xFF, 0xFF, 0x40, 0x00, 0x00, 0x00, 0x00, 0x00, 0x00, 0x00, 0x00,
    0x00, 0x00, 0x00, 0x00, 0x00, 0x00, 0x00, 0x00, 0x00, 0x00, 0x00, 0x00,
    0x00, 0x00, 0x00, 0x00, 0x00, 0x00, 0x00, 0x00, 0x00, 0x00, 0x00, 0x00,
    0x00, 0x00, 0x00, 0x00, 0x00, 0x00, 0x00, 0x00, 0x00, 0x00, 0x00, 0x00,
    0x00, 0x00, 0x00, 0x00, 0x00, 0x00, 0x00, 0x00, 0x00, 0x00, 0x00, 0x00,
    0x00, 0x00, 0x00, 0x00, 0x00, 0x00, 0x00, 0x00, 0x00, 0x00, 0x00, 0x00,
    0x00, 0x00, 0x00, 0x00, 0x00, 0x00, 0x00, 0x00, 0x00, 0x00, 0x00, 0x00,
    0x00, 0x00, 0x00, 0x00, 0x00, 0x00, 0x00, 0x00, 0x00, 0x00, 0x00, 0x00,
    0x00, 0x00, 0x00, 0x00, 0x0B, 0xFF, 0xFF, 0x20, 0x0E, 0xFF, 0xFE, 0x00,
    0x2F, 0xFF, 0xFB, 0x00, 0x4F, 0xFF, 0xF9, 0x00, 0x6F, 0xFF, 0xF7, 0x00,
    0x8F, 0xFF, 0xF5, 0x00, 0xAF, 0xFF, 0xF3, 0x00, 0xCF, 0xFF, 0xF1, 0x00,
    0x00, 0x00, 0x00, 0x00, 0x00, 0x00, 0x00, 0x00, 0x00, 0x00, 0x00, 0x00,
    0x00, 0x00, 0x00, 0x00, 0x00, 0x00, 0x00, 0x00, 0x00, 0x00, 0x00, 0x00,
    0x00, 0x00, 0x00, 0x00, 0x00, 0x00, 0x00, 0x00, 0x00, 0x00, 0x00, 0x00,
    0x00, 0x00, 0x00, 0x00, 0x00, 0x00, 0x0E, 0xFF, 0x00, 0x00, 0x0B, 0xBB,
    0x00, 0x00, 0x00, 0x00, 0x00, 0x00, 0x00, 0x00, 0x00, 0x00, 0x00, 0x00,
    0x00, 0x00, 0x00, 0x00, 0x00, 0x00, 0x00, 0x00, 0x00, 0x00, 0x00, 0x03,
    0xFF, 0xFF, 0xFF, 0xFF, 0xBB, 0xBB, 0xBB, 0xBB, 0x00, 0x00, 0x00, 0x00,
    0x00, 0x00, 0x00, 0x00, 0x00, 0x00, 0x00, 0x00, 0x00, 0x00, 0x00, 0x00,
    0xEF, 0xFF, 0xD0, 0x00, 0xFF, 0xFF, 0xB0, 0x00, 0xFF, 0xFF, 0xFF, 0xFF,
    0xBB, 0xBB, 0xBB, 0xBB, 0x00, 0x00, 0x00, 0x00, 0x00, 0x00, 0x00, 0x00,
    0x00, 0x00, 0x00, 0x00, 0x00, 0x00, 0x00, 0x00, 0x00, 0x00, 0x00, 0x00,
    0x00, 0x00, 0x00, 0x00, 0xFF, 0xE0, 0x00, 0x00, 0xBB, 0xB0, 0x00, 0x00,
    0x00, 0x00, 0x00, 0x00, 0x00, 0x00, 0x00, 0x00, 0x00, 0x00, 0x00, 0x00,
    0x00, 0x00, 0x00, 0x00, 0x00, 0x00, 0x00, 0x00, 0x00, 0x00, 0x00, 0x00,
    0x00, 0x00, 0x00, 0x00, 0x00, 0x00, 0x00, 0x00, 0x00, 0x00, 0x00, 0x00,
    0x00, 0x00, 0x00, 0xEF, 0x00, 0x00, 0x00, 0xFF, 0x00, 0x00, 0x00, 0x44,
    0x00, 0x00, 0x00, 0x00, 0x00, 0x00, 0x00, 0x00, 0x00, 0x00, 0x00, 0x00,
    0x00, 0x00, 0x00, 0x00, 0x00, 0x00, 0x00, 0x00, 0xFF, 0xFF, 0xFF, 0xFF,
    0xFF, 0xFF, 0xFF, 0xFF, 0x44, 0x44, 0x44, 0x44, 0x00, 0x00, 0x00, 0x00,
    0x00, 0x00, 0x00, 0x00, 0x00, 0x00, 0x00, 0x00, 0x00, 0x00, 0x00, 0x00,
    0x00, 0x00, 0x00, 0x00, 0xFF, 0xFF, 0xFF, 0xFF, 0xFF, 0xFF, 0xFF, 0xFF,
    0x44, 0xCF, 0xFF, 0xFF, 0x00, 0x00, 0x00, 0x00, 0x00, 0x00, 0x00, 0x00,
    0x00, 0x00, 0x00, 0x00, 0x00, 0x00, 0x00, 0x00, 0x00, 0x00, 0x00, 0x00,
    0xA0, 0x00, 0x00, 0x00, 0x90, 0x00, 0x00, 0x00, 0x60, 0x00, 0x00, 0x00,
    0x00, 0x00, 0x00, 0x00, 0x00, 0x00, 0x00, 0x00, 0x00, 0x00, 0x00, 0x00,
    0x00, 0x00, 0x00, 0x00, 0x00, 0x00, 0x00, 0x00, 0x00, 0x00, 0x00, 0x00,
    0x00, 0x00, 0x00, 0x00, 0x00, 0x00, 0x00, 0x00, 0x00, 0x00, 0x00, 0x00,
    0x00, 0x00, 0x00, 0x00, 0x00, 0x00, 0x00, 0x00, 0x00, 0x00, 0x00, 0x00,
    0x00, 0x00, 0x00, 0x00, 0x00, 0x00, 0x00, 0x00, 0x00, 0x00, 0x00, 0x00,
    0x00, 0x00, 0x00, 0x00, 0x00, 0xBF, 0xFF, 0xFF, 0x00, 0xEF, 0xFF, 0xFF,
    0x01, 0xFF, 0xFF, 0xFE, 0x04, 0xFF, 0xFF, 0xFB, 0x06, 0xFF, 0xFF, 0xFA,
    0x08, 0xFF, 0xFF, 0xF8, 0x0B, 0xFF, 0xFF, 0xF6, 0x0C, 0xFF, 0xFF, 0xF4,
    0x40, 0x00, 0x00, 0x00, 0x20, 0x00, 0x00, 0x00, 0x00, 0x00, 0x00, 0x00,
    0x00, 0x00, 0x00, 0x00, 0x00, 0x00, 0x00, 0x00, 0x00, 0x00, 0x00, 0x00,
    0x00, 0x00, 0x00, 0x00, 0x00, 0x00, 0x00, 0x00, 0x00, 0x00, 0x00, 0x00,
    0x00, 0x00, 0x00, 0x00, 0x00, 0x00, 0x00, 0x00, 0x00, 0x00, 0x00, 0x00,
    0x00, 0x00, 0x00, 0x00, 0x00, 0x00, 0x00, 0x00, 0x00, 0x00, 0x00, 0x00,
    0x00, 0x00, 0x00, 0x00, 0x00, 0x00, 0x00, 0x00, 0x00, 0x00, 0x00, 0x00,
    0x00, 0x00, 0x00, 0x00, 0x00, 0x00, 0x00, 0x00, 0x00, 0x00, 0x00, 0x00,
    0x00, 0x00, 0x00, 0x00, 0x00, 0x00, 0x00, 0x00, 0x00, 0x00, 0x00, 0x00,
    0x0E, 0xFF, 0xFF, 0xF1, 0x2F, 0xFF, 0xFF, 0xE0, 0x4F, 0xFF, 0xFF, 0xB0,
    0x7F, 0xFF, 0xFF, 0x90, 0x9F, 0xFF, 0xFF, 0x70, 0xBF, 0xFF, 0xFF, 0x40,
    0xDF, 0xFF, 0xFF, 0x30, 0xFF, 0xFF, 0xFE, 0x00, 0x00, 0x00, 0x00, 0x00,
    0x00, 0x00, 0x00, 0x00, 0x00, 0x00, 0x00, 0x00, 0x00, 0x00, 0x00, 0x00,
    0x00, 0x00, 0x00, 0x00, 0x00, 0x00, 0x00, 0x00, 0x00, 0x00, 0x00, 0x00,
    0x00, 0x00, 0x00, 0x00, 0x00, 0x34, 0x44, 0x44, 0x00, 0xBF, 0xFF, 0xFF,
    0x00, 0xAF, 0xFF, 0xFF, 0x00, 0x00, 0x00, 0x00, 0x00, 0x00, 0x00, 0x00,
    0x00, 0x00, 0x00, 0x00, 0x00, 0x00, 0x00, 0x00, 0x00, 0x00, 0x00, 0x00,
    0x44, 0x44, 0x44, 0x47, 0xFF, 0xFF, 0xFF, 0xFF, 0xFF, 0xFF, 0xFF, 0xFF,
    0x00, 0x00, 0x00, 0x00, 0x00, 0x00, 0x00, 0x00, 0x00, 0x00, 0x00, 0x00,
    0x00, 0x00, 0x00, 0x00, 0x00, 0x00, 0x00, 0x00, 0xFF, 0xFF, 0xFD, 0x44,
    0xFF, 0xFF, 0xFF, 0xFF, 0xFF, 0xFF, 0xFF, 0xFF, 0x00, 0x00, 0x00, 0x00,
    0x00, 0x00, 0x00, 0x00, 0x00, 0x00, 0x00, 0x00, 0x00, 0x00, 0x00, 0x00,
    0x00, 0x00, 0x00, 0x00, 0x44, 0x44, 0x43, 0x00, 0xFF, 0xFF, 0xFB, 0x00,
    0xFF, 0xFF, 0xFA, 0x00, 0x00, 0x00, 0x00, 0x00, 0x00, 0x00, 0x00, 0x00,
    0x00, 0x00, 0x00, 0x00, 0x00, 0x00, 0x00, 0x00, 0x00, 0x00, 0x00, 0x00,
    0x00, 0x00, 0x00, 0x00, 0x00, 0x00, 0x00, 0x00, 0x00, 0x00, 0x00, 0x00,
    0x00, 0x00, 0x00, 0x00, 0x00, 0x00, 0x00, 0x00, 0x00, 0x00, 0x00, 0x00,
    0x00, 0x00, 0x00, 0x00, 0x00, 0x00, 0x00, 0x00, 0x00, 0x00, 0x00, 0x00,
    0x00, 0x00, 0x00, 0x00, 0x00, 0x00, 0x00, 0x00, 0x00, 0x00, 0x00, 0x00,
    0x00, 0x00, 0x00, 0x00, 0x00, 0x00, 0x00, 0x00, 0x00, 0x00, 0x00, 0x00,
    0x00, 0x00, 0x00, 0x00, 0x00, 0x00, 0x00, 0x00, 0x00, 0x00, 0x00, 0x00,
    0x00, 0x00, 0x00, 0x00, 0x00, 0x00, 0x00, 0x00, 0x00, 0x00, 0x00, 0x00,
    0x00, 0x00, 0x00, 0x00, 0x00, 0x00, 0x00, 0x00, 0x00, 0x00, 0x00, 0x00,
    0x00, 0x00, 0x00, 0x00, 0x00, 0x00, 0x00, 0x00, 0x00, 0x00, 0x00, 0x00,
    0x00, 0x00, 0x00, 0x00, 0x00, 0x00, 0x00, 0x00, 0x00, 0x00, 0x00, 0x00,
    0x00, 0x00, 0x00, 0x00, 0x00, 0x00, 0x00, 0x00, 0x00, 0x00, 0x00, 0x00,
    0x00, 0x00, 0x00, 0x24, 0x00, 0x00, 0x00, 0x8F, 0x00, 0x00, 0x00, 0x5B,
    0x00, 0x00, 0x00, 0x00, 0x00, 0x00, 0x00, 0x00, 0x00, 0x00, 0x00, 0x00,
    0x00, 0x00, 0x00, 0x00, 0x00, 0x00, 0x00, 0x00, 0x44, 0x44, 0x44, 0x44,
    0xFF, 0xFF, 0xFF, 0xFF, 0xBB, 0xBB, 0xBB, 0xBB, 0x00, 0x00, 0x00, 0x00,
    0x00, 0x00, 0x00, 0x00, 0x00, 0x00, 0x00, 0x00, 0x00, 0x00, 0x00, 0x00,
    0x00, 0x00, 0x00, 0x00, 0x44, 0x44, 0x44, 0x44, 0xFF, 0xFF, 0xFF, 0xFF,
    0xBB, 0xBB, 0xDF, 0xFF, 0x00, 0x00, 0x7F, 0xFF, 0x00, 0x00, 0x7F, 0xFF,
    0x00, 0x00, 0x8F, 0xFF, 0x00, 0x00, 0x8F, 0xFF, 0x00, 0x00, 0x00, 0x00,
    0x41, 0x00, 0x00, 0x00, 0xF4, 0x00, 0x00, 0x00, 0xF4, 0x00, 0x00, 0x00,
    0xF4, 0x00, 0x00, 0x00, 0xF4, 0x00, 0x00, 0x00, 0xF4, 0x00, 0x00, 0x00,
    0xF4, 0x00, 0x00, 0x00, 0x00, 0x00, 0x00, 0x00, 0x00, 0x00, 0x00, 0x05,
    0x00, 0x00, 0x00, 0x0D, 0x00, 0x00, 0x00, 0x05, 0x00, 0x00, 0x00, 0x00,
    0x00, 0x00, 0x00, 0x00, 0x00, 0x00, 0x00, 0x00, 0x00, 0x00, 0x00, 0x00,
    0x00, 0x00, 0x00, 0x00, 0x88, 0x88, 0x88, 0x88, 0xFF, 0xFF, 0xFF, 0xFF,
    0x88, 0x88, 0x88, 0x88, 0x00, 0x00, 0x00, 0x00, 0x00, 0x00, 0x00, 0x00,
    0x00, 0x00, 0x00, 0x00, 0x00, 0x00, 0x00, 0x00, 0x00, 0x00, 0x7F, 0xFF,
    0x88, 0x88, 0xCF, 0xFF, 0xFF, 0xFF, 0xFF, 0xFF, 0x88, 0x88, 0xCF, 0xFF,
    0x00, 0x00, 0x7F, 0xFF, 0x00, 0x00, 0x8F, 0xFF, 0x00, 0x00, 0x8F, 0xFF,
    0x00, 0x00, 0x8F, 0xFF, 0xF4, 0x00, 0x00, 0x00, 0xF4, 0x00, 0x00, 0x00,
    0xF4, 0x00, 0x00, 0x00, 0xF4, 0x00, 0x00, 0x00, 0xF4, 0x00, 0x00, 0x00,
    0xF4, 0x00, 0x00, 0x00, 0xF4, 0x00, 0x00, 0x00, 0xF4, 0x00, 0x00, 0x00,
    0x00, 0x00, 0x00, 0x00, 0x00, 0x00, 0x00, 0x00, 0x00, 0x00, 0x00, 0xBF,
    0x00, 0x00, 0x00, 0xBF, 0x00, 0x00, 0x00, 0x00, 0x00, 0x00, 0x00, 0x00,
    0x00, 0x00, 0x00, 0x00, 0x00, 0x00, 0x00, 0x00, 0x00, 0x00, 0x00, 0x00,
    0x00, 0x00, 0x00, 0x00, 0xFF, 0xFF, 0xFF, 0xFF, 0xFF, 0xFF, 0xFF, 0xFF,
    0x00, 0x00, 0x00, 0x00, 0x00, 0x00, 0x00, 0x00, 0x00, 0x00, 0x00, 0x00,
    0x00, 0x00, 0x00, 0x00, 0x00, 0x00, 0x7F, 0xFF, 0x00, 0x00, 0x8F, 0xFF,
    0xFF, 0xFF, 0xFF, 0xFF, 0xFF, 0xFF, 0xFF, 0xFF, 0x00, 0x00, 0x8F, 0xFF,
    0x00, 0x00, 0x24, 0x44, 0x00, 0x00, 0x00, 0x00, 0x00, 0x00, 0x00, 0x00,
    0xF4, 0x00, 0x00, 0x00, 0xF4, 0x00, 0x00, 0x00, 0xF4, 0x00, 0x00, 0x00,
    0xF4, 0x00, 0x00, 0x00, 0xF4, 0x00, 0x00, 0x00, 0x41, 0x00, 0x00, 0x00,
    0x00, 0x00, 0x00, 0x00, 0x00, 0x00, 0x00, 0x00, 0x00, 0x00, 0x00, 0x00,
    0x00, 0x00, 0x00, 0x00, 0x00, 0x00, 0x00, 0x00, 0x00, 0x00, 0x00, 0x00,
    0x00, 0x00, 0x34, 0x44, 0x00, 0x00, 0xBF, 0xFF, 0x00, 0x00, 0xBF, 0xFF,
    0x00, 0x00, 0x34, 0x44, 0x00, 0x00, 0x00, 0x00, 0x00, 0x00, 0x00, 0x00,
    0x00, 0x00, 0x00, 0x00, 0x00, 0x00, 0x00, 0x00, 0x44, 0x44, 0x44, 0x44,
    0xFF, 0xFF, 0xFF, 0xFF, 0xFF, 0xFF, 0xFF, 0xFF, 0x44, 0x44, 0x44, 0x44,
    0x00, 0x00, 0x00, 0x00, 0x00, 0x00, 0x00, 0x00, 0x00, 0x00, 0x00, 0x00,
    0x00, 0x00, 0x00, 0x00, 0x44, 0x44, 0x44, 0x44, 0xFF, 0xFF, 0xFF, 0xFF,
    0xFF, 0xFF, 0xFF, 0xFF, 0x44, 0x44, 0x4A, 0xFF, 0x00, 0x00, 0x00, 0x00,
    0x00, 0x00, 0x00, 0x00, 0x00, 0x00, 0x00, 0x00, 0x00, 0x00, 0x00, 0x00,
    0x44, 0x42, 0x00, 0x00, 0xFF, 0xF8, 0x00, 0x00, 0xFF, 0xF8, 0x00, 0x00,
    0xFF, 0xF8, 0x00, 0x00, 0x00, 0x00, 0x00, 0x00, 0x00, 0x00, 0x00, 0x00,
    0x00, 0x00, 0x00, 0x00, 0x00, 0x00, 0x00, 0x00, 0x00, 0x00, 0x00, 0x00,
    0x00, 0x00, 0x00, 0x00, 0x00, 0x00, 0x05, 0x88, 0x00, 0x00, 0x0C, 0xFF,
    0x00, 0x00, 0x00, 0x00, 0x00, 0x00, 0x00, 0x00, 0x00, 0x00, 0x00, 0x00,
    0x00, 0x00, 0x00, 0x00, 0x00, 0x00, 0x00, 0x00, 0x00, 0x00, 0x00, 0x00,
    0x88, 0x88, 0x88, 0x88, 0xFF, 0xFF, 0xFF, 0xFF, 0x00, 0x00, 0x07, 0xFF,
    0x00, 0x00, 0x08, 0xFF, 0x00, 0x00, 0x08, 0xFF, 0x00, 0x00, 0x08, 0xFF,
    0x00, 0x00, 0x08, 0xFF, 0x00, 0x00, 0x07, 0xFF, 0x88, 0x88, 0x8C, 0xFF,
    0xFF, 0xFF, 0xFF, 0xFF, 0xFF, 0xF8, 0x00, 0x00, 0xFF, 0xF8, 0x00, 0x00,
    0xFF, 0xF8, 0x00, 0x00, 0xFF, 0xF8, 0x00, 0x00, 0xFF, 0xF8, 0x00, 0x00,
    0xFF, 0xF8, 0x00, 0x00, 0xFF, 0xF8, 0x00, 0x00, 0xFF, 0xF8, 0x00, 0x00,
    0x00, 0x00, 0x0A, 0xFF, 0x00, 0x00, 0x00, 0x00, 0x00, 0x00, 0x00, 0x00,
    0x00, 0x00, 0x00, 0x00, 0x00, 0x00, 0x00, 0x00, 0x00, 0x00, 0x00, 0x00,
    0x00, 0x00, 0x00, 0x00, 0x00, 0x00, 0x00, 0x00, 0xFF, 0xFF, 0xFF, 0xFF,
    0x00, 0x00, 0x00, 0x00, 0x00, 0x00, 0x00, 0x00, 0x00, 0x00, 0x00, 0x00,
    0x00, 0x00, 0x00, 0x00, 0x00, 0x00, 0x00, 0x00, 0x00, 0x00, 0x00, 0x00,
    0x00, 0x00, 0x00, 0x00, 0xFF, 0xFF, 0xFF, 0xFF, 0x00, 0x00, 0x08, 0xFF,
    0x00, 0x00, 0x07, 0xFF, 0x00, 0x00, 0x08, 0xFF, 0x00, 0x00, 0x08, 0xFF,
    0x00, 0x00, 0x08, 0xFF, 0x00, 0x00, 0x08, 0xFF, 0x00, 0x00, 0x07, 0xFF,
    0xFF, 0xF8, 0x00, 0x00, 0xFF, 0xF8, 0x00, 0x00, 0xFF, 0xF8, 0x00, 0x00,
    0xFF, 0xF8, 0x00, 0x00, 0xFF, 0xF8, 0x00, 0x00, 0xFF, 0xF8, 0x00, 0x00,
    0xFF, 0xF8, 0x00, 0x00, 0xFF, 0xF8, 0x00, 0x00, 0x00, 0x00, 0x00, 0x00,
    0x00, 0x00, 0xAB, 0xBB, 0x00, 0x01, 0xFF, 0xFF, 0x00, 0x00, 0xAB, 0xBB,
    0x00, 0x00, 0x00, 0x00, 0x00, 0x00, 0x00, 0x00, 0x00, 0x00, 0x00, 0x00,
    0x00, 0x00, 0x00, 0x00, 0x00, 0x00, 0x00, 0x00, 0xBB, 0xBB, 0xBB, 0xBB,
    0xFF, 0xFF, 0xFF, 0xFF, 0xBB, 0xBB, 0xBB, 0xBB, 0x00, 0x00, 0x00, 0x00,
    0x00, 0x00, 0x00, 0x00, 0x00, 0x00, 0x00, 0x00, 0x00, 0x00, 0x00, 0x00,
    0x00, 0x00, 0x07, 0xFF, 0xBB, 0xBB, 0xBD, 0xFF, 0xFF, 0xFF, 0xFF, 0xFF,
    0xBB, 0xBB, 0xBD, 0xFF, 0x00, 0x00, 0x08, 0xFF, 0x00, 0x00, 0x02, 0x44,
    0x00, 0x00, 0x00, 0x00, 0x00, 0x00, 0x00, 0x00, 0xFF, 0xF8, 0x00, 0x00,
    0xFF, 0xF8, 0x00, 0x00, 0xFF, 0xF8, 0x00, 0x00, 0xFF, 0xF8, 0x00, 0x00,
    0xFF, 0xF8, 0x00, 0x00, 0x44, 0x42, 0x00, 0x00, 0x00, 0x00, 0x00, 0x00,
    0x00, 0x00, 0x00, 0x00, 0x00, 0x00, 0x00, 0x00, 0x00, 0x00, 0x00, 0x00,
    0x00, 0x00, 0x00, 0x00, 0x00, 0x00, 0x00, 0x24, 0x00, 0x00, 0x00, 0x8F,
    0x00, 0x00, 0x00, 0x7F, 0x00, 0x00, 0x00, 0x00, 0x00, 0x00, 0x00, 0x00,
    0x00, 0x00, 0x00, 0x00, 0x00, 0x00, 0x00, 0x00, 0x00, 0x00, 0x00, 0x00,
    0x44, 0x44, 0x44, 0x44, 0xFF, 0xFF, 0xFF, 0xFF, 0xFF, 0xFF, 0xFF, 0xFF,
    0x00, 0x00, 0x00, 0x00, 0x00, 0x00, 0x00, 0x00, 0x00, 0x00, 0x00, 0x00,
    0x00, 0x00, 0x00, 0x00, 0x00, 0x00, 0x00, 0x00, 0x44, 0x44, 0x44, 0x44,
    0xFF, 0xFF, 0xFF, 0xFF, 0xFF, 0xFF, 0xFF, 0xFF, 0x00, 0x00, 0x00, 0x00,
    0x00, 0x00, 0x00, 0x00, 0x00, 0x00, 0x00, 0x00, 0x00, 0x00, 0x00, 0x00,
    0x00, 0x00, 0x00, 0x00, 0x42, 0x00, 0x00, 0x00, 0xF8, 0x00, 0x00, 0x00,
    0xF7, 0x00, 0x00, 0x00, 0x00, 0x00, 0x00, 0x00, 0x00, 0x00, 0x00, 0x00,
    0x00, 0x00, 0x00, 0x00, 0x00, 0x00, 0x00, 0x00, 0x00, 0x05, 0x88, 0x88,
    0x00, 0x0C, 0xFF, 0xFF, 0x00, 0x08, 0xBB, 0xBB, 0x00, 0x00, 0x00, 0x00,
    0x00, 0x00, 0x00, 0x00, 0x00, 0x00, 0x00, 0x00, 0x00, 0x00, 0x00, 0x00,
    0x00, 0x00, 0x00, 0x00, 0x88, 0x88, 0x88, 0x88, 0xFF, 0xFF, 0xFF, 0xFF,
    0xBB, 0xBB, 0xBB, 0xBB, 0x00, 0x00, 0x00, 0x00, 0x00, 0x00, 0x00, 0x00,
    0x00, 0x00, 0x00, 0x00, 0x00, 0x00, 0x00, 0x00, 0x00, 0x00, 0x00, 0x00,
    0x88, 0x88, 0x88, 0x88, 0xFF, 0xFF, 0xFF, 0xFF, 0xBB, 0xBB, 0xBB, 0xFF,
    0x00, 0x00, 0x02, 0xFF, 0x00, 0x00, 0x04, 0xFF, 0x00, 0x00, 0x07, 0xFF,
    0x00, 0x00, 0x00, 0x00, 0x00, 0x00, 0x00, 0x00, 0x88, 0x60, 0x00, 0x00,
    0xFF, 0xFB, 0x30, 0x00, 0xFF, 0xFF, 0x70, 0x00, 0xFF, 0xFF, 0x40, 0x00,
    0xFF, 0xFF, 0x10, 0x00, 0xFF, 0xFC, 0x00, 0x00, 0x00, 0x00, 0x00, 0x00,
    0x00, 0x00, 0x00, 0x00, 0x00, 0x00, 0x00, 0x00, 0x00, 0x00, 0x00, 0x00,
    0x00, 0x00, 0x00, 0x00, 0x00, 0x00, 0x00, 0x00, 0x00, 0x00, 0x00, 0x00,
    0x00, 0x00, 0x00, 0x00, 0x00, 0x00, 0x00, 0x00, 0x00, 0x00, 0x00, 0x00,
    0x00, 0x00, 0x00, 0x00, 0x00, 0x00, 0x00, 0x00, 0x00, 0x00, 0x00, 0x00,
    0x00, 0x00, 0x00, 0x00, 0x00, 0x00, 0x00, 0x00, 0x00, 0x00, 0x00, 0x00,
    0x00, 0x00, 0x0A, 0xFF, 0x00, 0x00, 0x1F, 0xFF, 0x00, 0x00, 0x6F, 0xFF,
    0x00, 0x00, 0xDF, 0xFF, 0x00, 0x07, 0xFF, 0xFF, 0x00, 0x3F, 0xFF, 0xFF,
    0x03, 0xEF, 0xFF, 0xFE, 0x7E, 0xFF, 0xFF, 0xE3, 0xFF, 0xF8, 0x00, 0x00,
    0xFF, 0xF2, 0x00, 0x00, 0xFF, 0xB0, 0x00, 0x00, 0xFF, 0x40, 0x00, 0x00,
    0xFA, 0x00, 0x00, 0x00, 0xD1, 0x00, 0x00, 0x00, 0x30, 0x00, 0x00, 0x00,
    0x00, 0x00, 0x00, 0x00, 0x00, 0x00, 0x00, 0x00, 0x00, 0x00, 0x00, 0x00,
    0x00, 0x00, 0x00, 0x02, 0x00, 0x00, 0x00, 0x02, 0x00, 0x00, 0x00, 0x00,
    0x00, 0x00, 0x00, 0x00, 0x00, 0x00, 0x00, 0x00, 0x00, 0x00, 0x00, 0x00,
    0x00, 0x00, 0x00, 0x4B, 0x00, 0x02, 0x7C, 0xFF, 0x79, 0xDF, 0xFF, 0xFF,
    0xFF, 0xFF, 0xFF, 0xFB, 0x9F, 0xCA, 0x74, 0x10, 0x00, 0x00, 0x00, 0x00,
    0x00, 0x00, 0x00, 0x00, 0x00, 0x00, 0x00, 0x00, 0xFF, 0xFF, 0xFC, 0x30,
    0xFF, 0xFF, 0x81, 0x00, 0xFF, 0x92, 0x00, 0x00, 0x61, 0x00, 0x00, 0x00,
    0x00, 0x00, 0x00, 0x00, 0x00, 0x00, 0x00, 0x00, 0x00, 0x00, 0x00, 0x00,
    0x00, 0x00, 0x00, 0x00, 0x00, 0x00, 0x00, 0x00, 0x00, 0x00, 0x00, 0x00,
    0x00, 0x00, 0x00, 0x00, 0x00, 0x00, 0x00, 0x00, 0x00, 0x00, 0x00, 0x00,
    0x00, 0x00, 0x00, 0x00, 0x00, 0x00, 0x00, 0x00, 0x00, 0x00, 0x00, 0x00,
    0x00, 0x00, 0x00, 0x00, 0x00, 0x00, 0x00, 0x00, 0x00, 0x00, 0x02, 0x74,
    0x00, 0x00, 0x04, 0xFF, 0x00, 0x00, 0x04, 0xFF, 0x00, 0x00, 0x04, 0xFF,
    0x00, 0x00, 0x04, 0xFF, 0x00, 0x00, 0x04, 0xFF, 0x00, 0x00, 0x00, 0x00,
    0x00, 0x00, 0x00, 0x00, 0x44, 0x30, 0x00, 0x00, 0xFF, 0xF7, 0x00, 0x00,
    0xFF, 0xF8, 0x00, 0x00, 0xFF, 0xF8, 0x00, 0x00, 0xFF, 0xF8, 0x00, 0x00,
    0xFF, 0xF8, 0x00, 0x00, 0x00, 0x00, 0x00, 0x00, 0x00, 0x00, 0x00, 0x00,
    0x00, 0x00, 0x58, 0x54, 0x00, 0x00, 0xCF, 0xFF, 0x00, 0x00, 0xBF, 0xFF,
    0x00, 0x00, 0xBF, 0xFF, 0x00, 0x00, 0xBF, 0xFF, 0x00, 0x00, 0xBF, 0xFF,
    0x00, 0x00, 0x00, 0x00, 0x00, 0x00, 0x00, 0x00, 0x44, 0x00, 0x00, 0x00,
    0xFF, 0x00, 0x00, 0x00, 0xFF, 0x00, 0x00, 0x00, 0xFF, 0x00, 0x00, 0x00,
    0xFF, 0x00, 0x00, 0x00, 0xFF, 0x00, 0x00, 0x00, 0x00, 0x00, 0x04, 0xFF,
    0x00, 0x00, 0x04, 0xFF, 0x00, 0x00, 0x04, 0xFF, 0x00, 0x00, 0x04, 0xFF,
    0x00, 0x00, 0x04, 0xFF, 0x00, 0x00, 0x04, 0xFF, 0x00, 0x00, 0x04, 0xFF,
    0x00, 0x00, 0x04, 0xFF, 0xFF, 0xF8, 0x00, 0x00, 0xFF, 0xF8, 0x00, 0x00,
    0xFF, 0xF8, 0x00, 0x00, 0xFF, 0xF8, 0x00, 0x00, 0xFF, 0xF8, 0x00, 0x00,
    0xFF, 0xF8, 0x00, 0x00, 0xFF, 0xF8, 0x00, 0x00, 0xFF, 0xF8, 0x00, 0x00,
    0x00, 0x00, 0xBF, 0xFF, 0x00, 0x00, 0xBF, 0xFF, 0x00, 0x00, 0xBF, 0xFF,
    0x00, 0x00, 0xBF, 0xFF, 0x00, 0x00, 0xBF, 0xFF, 0x00, 0x00, 0xBF, 0xFF,
    0x00, 0x00, 0xBF, 0xFF, 0x00, 0x00, 0xBF, 0xFF, 0xFF, 0x00, 0x00, 0x00,
    0xFF, 0x00, 0x00, 0x00, 0xFF, 0x00, 0x00, 0x00, 0xFF, 0x00, 0x00, 0x00,
    0xFF, 0x00, 0x00, 0x00, 0xFF, 0x00, 0x00, 0x00, 0xFF, 0x00, 0x00, 0x00,
    0xFF, 0x10, 0x00, 0x00, 0x00, 0x00, 0x04, 0xFF, 0x00, 0x00, 0x04, 0xFF,
    0x00, 0x00, 0x04, 0xFF, 0x00, 0x00, 0x04, 0xFF, 0x00, 0x00, 0x01, 0x44,
    0x00, 0x00, 0x00, 0x00, 0x00, 0x00, 0x00, 0x00, 0x00, 0x00, 0x00, 0x00,
    0xFF, 0xF8, 0x00, 0x00, 0xFF, 0xF8, 0x00, 0x00, 0xFF, 0xF8, 0x00, 0x00,
    0xFF, 0xF8, 0x00, 0x00, 0x44, 0x42, 0x00, 0x00, 0x00, 0x00, 0x00, 0x00,
    0x00, 0x00, 0x00, 0x00, 0x00, 0x00, 0x00, 0x00, 0x00, 0x00, 0xBF, 0xFF,
    0x00, 0x00, 0xDF, 0xFF, 0x00, 0x00, 0xFF, 0xFF, 0x00, 0x02, 0xFF, 0xFF,
    0x00, 0x06, 0xFF, 0xFF, 0x00, 0x0A, 0xFF, 0xFF, 0x00, 0x2F, 0xFF, 0xFF,
    0x00, 0xAF, 0xFF, 0xFF, 0xFE, 0x00, 0x00, 0x00, 0xFB, 0x00, 0x00, 0x00,
    0xFA, 0x00, 0x00, 0x00, 0xF7, 0x00, 0x00, 0x00, 0xF4, 0x00, 0x00, 0x00,
    0xE0, 0x00, 0x00, 0x00, 0x90, 0x00, 0x00, 0x00, 0x20, 0x00, 0x00, 0x00,
    0x00, 0x00, 0x00, 0x00, 0x00, 0x00, 0x00, 0x00, 0x00, 0x00, 0x00, 0x00,
    0x00, 0x00, 0x00, 0x00, 0x00, 0x00, 0x00, 0x00, 0x00, 0x00, 0x00, 0x00,
    0x00, 0x00, 0x00, 0x00, 0x00, 0x00, 0x00, 0x00, 0x00, 0x00, 0x00, 0x00,
    0x00, 0x00, 0x00, 0x00, 0x00, 0x00, 0x00, 0x4B, 0x00, 0x02, 0x7C, 0xFF,
    0x00, 0x9F, 0xFF, 0xFF, 0x00, 0x5F, 0xFF, 0xC8, 0x00, 0x06, 0x41, 0x00,
    0x00, 0x00, 0x00, 0x00, 0x06, 0xFF, 0xFF, 0xF7, 0x7F, 0xFF, 0xFF, 0xA0,
    0xFF, 0xFF, 0xF9, 0x00, 0xFF, 0xFE, 0x70, 0x00, 0xFD, 0x81, 0x00, 0x00,
    0x40, 0x00, 0x00, 0x00, 0x00, 0x00, 0x00, 0x00, 0x00, 0x00, 0x00, 0x00,
    0x00, 0x00, 0x00, 0x00, 0x00, 0x00, 0x00, 0x00, 0x00, 0x00, 0x00, 0x00,
    0x00, 0x00, 0x00, 0x00, 0x00, 0x00, 0x00, 0x00, 0x00, 0x00, 0x00, 0x00,
    0x00, 0x00, 0x00, 0x00, 0x00, 0x00, 0x00, 0x00, 0x00, 0x00, 0x00, 0x00,
    0x00, 0x00, 0x00, 0x00, 0x00, 0x00, 0x00, 0x03, 0x00, 0x00, 0x00, 0x0B,
    0x00, 0x00, 0x00, 0x0B, 0x00, 0x00, 0x00, 0x0B, 0x00, 0x00, 0x00, 0x0B,
    0x00, 0x00, 0x00, 0x0B, 0x00, 0x00, 0x00, 0x00, 0x00, 0x00, 0x00, 0x00,
    0x30, 0x00, 0x00, 0x02, 0xFF, 0xFF, 0xA0, 0x08, 0xFF, 0xFF, 0xB0, 0x08,
    0xFF, 0xFF, 0xB0, 0x08, 0xFF, 0xFF, 0xB0, 0x08, 0xFF, 0xFF, 0xB0, 0x08,
    0x00, 0x00, 0x00, 0x00, 0x00, 0x00, 0x00, 0x00, 0x41, 0x00, 0x00, 0x00,
    0xFF, 0xFF, 0xE3, 0x00, 0xFF, 0xFF, 0xF4, 0x00, 0xFF, 0xFF, 0xF4, 0x00,
    0xFF, 0xFF, 0xF4, 0x00, 0xFF, 0xFF, 0xF4, 0x00, 0x00, 0x00, 0x00, 0x00,
    0x00, 0x00, 0x00, 0x00, 0x00, 0x00, 0x00, 0x00, 0x00, 0x00, 0x00, 0x00,
    0x00, 0x00, 0x00, 0x00, 0x00, 0x00, 0x00, 0x00, 0x00, 0x00, 0x00, 0x00,
    0x00, 0x00, 0x00, 0x00, 0x00, 0x00, 0x00, 0x0B, 0x00, 0x00, 0x00, 0x0B,
    0x00, 0x00, 0x00, 0x0B, 0x00, 0x00, 0x00, 0x0B, 0x00, 0x00, 0x00, 0x0B,
    0x00, 0x00, 0x00, 0x0B, 0x00, 0x00, 0x00, 0x0B, 0x00, 0x00, 0x00, 0x0B,
    0xFF, 0xFF, 0xB0, 0x08, 0xFF, 0xFF, 0xB0, 0x08, 0xFF, 0xFF, 0xB0, 0x08,
    0xFF, 0xFF, 0xB0, 0x08, 0xFF, 0xFF, 0xB0, 0x08, 0xFF, 0xFF, 0xB0, 0x08,
    0xFF, 0xFF, 0xB0, 0x08, 0xFF, 0xFF, 0xB0, 0x08, 0xFF, 0xFF, 0xF4, 0x00,
    0xFF, 0xFF, 0xF4, 0x00, 0xFF, 0xFF, 0xF4, 0x00, 0xFF, 0xFF, 0xF4, 0x00,
    0xFF, 0xFF, 0xF4, 0x00, 0xFF, 0xFF, 0xF4, 0x00, 0xFF, 0xFF, 0xF4, 0x00,
    0xFF, 0xFF, 0xF4, 0x00, 0x00, 0x00, 0x00, 0x00, 0x00, 0x00, 0x00, 0x00,
    0x00, 0x00, 0x00, 0x00, 0x00, 0x00, 0x00, 0x00, 0x00, 0x00, 0x00, 0x00,
    0x00, 0x00, 0x00, 0x00, 0x00, 0x00, 0x49, 0x00, 0x00, 0x00, 0xCF, 0x90,
    0x00, 0x00, 0x00, 0x0B, 0x00, 0x00, 0x00, 0x0D, 0x00, 0x00, 0x00, 0x0F,
    0x00, 0x00, 0x00, 0x3F, 0x00, 0x00, 0x00, 0x7F, 0x00, 0x00, 0x00, 0xCF,
    0x00, 0x00, 0x03, 0xFF, 0x00, 0x00, 0x0A, 0xFF, 0xFF, 0xFF, 0xB0, 0x08,
    0xFF, 0xFF, 0x80, 0x08, 0xFF, 0xFF, 0x60, 0x08, 0xFF, 0xFF, 0x30, 0x08,
    0xFF, 0xFD, 0x00, 0x08, 0xFF, 0xF9, 0x00, 0x08, 0xFF, 0xF3, 0x00, 0x08,
    0xFF, 0xA0, 0x00, 0x08, 0xFF, 0xFF, 0xF4, 0x00, 0xFF, 0xFF, 0xF4, 0x00,
    0xFF, 0xFF, 0xF4, 0x00, 0xFF, 0xFF, 0xF4, 0x00, 0xFF, 0xFF, 0xF4, 0x4D,
    0xFF, 0xFF, 0xFD, 0xFF, 0xFF, 0xFF, 0xFF, 0xFF, 0xFF, 0xFF, 0xFF, 0xFF,
    0x00, 0x08, 0xFF, 0x70, 0x00, 0x6F, 0xFE, 0x10, 0x06, 0xFF, 0xF8, 0x00,
    0x8F, 0xFF, 0xE1, 0x00, 0xFF, 0xFF, 0x60, 0x00, 0xFF, 0xFB, 0x00, 0x00,
    0xFF, 0xD1, 0x00, 0x00, 0xFE, 0x30, 0x00, 0x00, 0x00, 0x00, 0x4F, 0xFF,
    0x00, 0x02, 0xEF, 0xFF, 0x00, 0x1C, 0xFF, 0xFE, 0x04, 0xDF, 0xFF, 0xC2,
    0x06, 0xFF, 0xE7, 0x00, 0x00, 0xAA, 0x10, 0x00, 0x00, 0x00, 0x00, 0x00,
    0x00, 0x00, 0x00, 0x00, 0xFE, 0x10, 0x00, 0x08, 0xE3, 0x00, 0x00, 0x08,
    0x30, 0x00, 0x00, 0x05, 0x00, 0x00, 0x00, 0x00, 0x00, 0x00, 0x00, 0x00,
    0x00, 0x00, 0x00, 0x00, 0x00, 0x00, 0x00, 0x00, 0x00, 0x00, 0x00, 0x00,
    0xFF, 0xFF, 0xFF, 0xFF, 0xFF, 0xFF, 0xFF, 0xFD, 0xFF, 0xFF, 0xFF, 0xA1,
    0x6F, 0xFF, 0xE6, 0x00, 0x06, 0xE8, 0x10, 0x00, 0x00, 0x10, 0x00, 0x00,
    0x00, 0x00, 0x00, 0x00, 0x00, 0x00, 0x00, 0x00, 0xE3, 0x00, 0x00, 0x00,
    0x30, 0x00, 0x00, 0x00, 0x00, 0x00, 0x00, 0x00, 0x00, 0x00, 0x00, 0x00,
    0x00, 0x00, 0x00, 0x00, 0x00, 0x00, 0x00, 0x00, 0x00, 0x00, 0x00, 0x00,
    0x00, 0x00, 0x00, 0x00, 0x00, 0x00, 0x00, 0x00, 0x00, 0x00, 0x00, 0x00,
    0x00, 0x00, 0x02, 0x86, 0x00, 0x00, 0x04, 0xFF, 0x00, 0x00, 0x04, 0xFF,
    0x00, 0x00, 0x04, 0xFF, 0x00, 0x00, 0x04, 0xFF, 0x00, 0x00, 0x04, 0xFF,
    0x00, 0x00, 0x00, 0x00, 0x00, 0x00, 0x00, 0x00, 0x44, 0x30, 0x00, 0x00,
    0xFF, 0xFA, 0x00, 0x00, 0xFF, 0xFB, 0x00, 0x00, 0xFF, 0xFB, 0x00, 0x00,
    0xFF, 0xFB, 0x00, 0x00, 0xFF, 0xFB, 0x00, 0x00, 0x00, 0x00, 0x00, 0x00,
    0x00, 0x00, 0x00, 0x00, 0x00, 0x00, 0x00, 0x00, 0x00, 0x00, 0x00, 0x00,
    0x00, 0x00, 0x00, 0x00, 0x00, 0x00, 0x00, 0x00, 0x00, 0x00, 0x00, 0x00,
    0x00, 0x00, 0x00, 0x00, 0x00, 0x00, 0x00, 0x00, 0x00, 0x00, 0x00, 0x00,
    0x00, 0x00, 0x00, 0x00, 0x00, 0x00, 0x00, 0x00, 0x00, 0x00, 0x00, 0x00,
    0x00, 0x00, 0x00, 0x00, 0x00, 0x00, 0x00, 0x00, 0x00, 0x00, 0x00, 0x00,
    0x00, 0x00, 0x04, 0xFF, 0x00, 0x00, 0x04, 0xFF, 0x00, 0x00, 0x04, 0xFF,
    0x00, 0x00, 0x04, 0xFF, 0x00, 0x00, 0x04, 0xFF, 0x00, 0x00, 0x04, 0xFF,
    0x00, 0x00, 0x04, 0xFF, 0x00, 0x00, 0x04, 0xFF, 0xFF, 0xFB, 0x00, 0x00,
    0xFF, 0xFB, 0x00, 0x00, 0xFF, 0xFB, 0x00, 0x00, 0xFF, 0xFB, 0x00, 0x00,
    0xFF, 0xFB, 0x00, 0x00, 0xFF, 0xFB, 0x00, 0x00, 0xFF, 0xFB, 0x00, 0x00,
    0xFF, 0xFB, 0x00, 0x00, 0x00, 0x00, 0x00, 0x00, 0x00, 0x00, 0x00, 0x00,
    0x00, 0x00, 0x00, 0x00, 0x00, 0x00, 0x00, 0x00, 0x00, 0x00, 0x00, 0x00,
    0x00, 0x00, 0x00, 0x00, 0x00, 0x00, 0x00, 0x00, 0x00, 0x00, 0x00, 0x00,
    0x00, 0x00, 0x00, 0x00, 0x00, 0x00, 0x00, 0x00, 0x00, 0x00, 0x00, 0x00,
    0x00, 0x00, 0x00, 0x00, 0x00, 0x7A, 0x20, 0x00, 0x01, 0xEF, 0xC0, 0x00,
    0x0A, 0xFF, 0x90, 0x00, 0x7F, 0xFF, 0x20, 0x00, 0x00, 0x00, 0x04, 0xFF,
    0x00, 0x00, 0x04, 0xFF, 0x00, 0x00, 0x04, 0xFF, 0x00, 0x00, 0x04, 0xFF,
    0x00, 0x00, 0x04, 0xFF, 0x00, 0x00, 0x04, 0xFF, 0x00, 0x00, 0x04, 0xFF,
    0x00, 0x00, 0x04, 0xFF, 0xFF, 0xFB, 0x00, 0x00, 0xFF, 0xFB, 0x00, 0x00,
    0xFF, 0xFB, 0x00, 0x00, 0xFF, 0xFB, 0x00, 0x00, 0xFF, 0xFB, 0x00, 0x00,
    0xFF, 0xFB, 0x00, 0x04, 0xFF, 0xFC, 0x58, 0xDF, 0xFF, 0xFF, 0xFF, 0xFF,
    0x00, 0x00, 0x00, 0x06, 0x00, 0x00, 0x00, 0x6F, 0x00, 0x00, 0x19, 0xFF,
    0x00, 0x04, 0xCF, 0xFF, 0x02, 0x9F, 0xFF, 0xFF, 0x9F, 0xFF, 0xFF, 0xFE,
    0xFF, 0xFF, 0xFF, 0xE3, 0xFF, 0xFF, 0xFE, 0x30, 0xFF, 0xFA, 0x00, 0x00,
    0xFF, 0xE2, 0x00, 0x00, 0xFF, 0x70, 0x00, 0x00, 0xFB, 0x00, 0x00, 0x00,
    0xE1, 0x00, 0x00, 0x00, 0x30, 0x00, 0x00, 0x00, 0x00, 0x00, 0x00, 0x00,
    0x00, 0x00, 0x00, 0x00, 0x00, 0x00, 0x04, 0xFF, 0x00, 0x00, 0x04, 0xFF,
    0x00, 0x00, 0x01, 0xCF, 0x00, 0x00, 0x00, 0x1C, 0x00, 0x00, 0x00, 0x01,
    0x00, 0x00, 0x00, 0x00, 0x00, 0x00, 0x00, 0x00, 0x00, 0x00, 0x00, 0x00,
    0xFF, 0xFF, 0xFF, 0xFF, 0xFF, 0xFF, 0xFF, 0xFF, 0xFF, 0xFF, 0xFF, 0xFF,
    0xFF, 0xFF, 0xFF, 0xD8, 0xCF, 0xFD, 0x95, 0x00, 0x16, 0x20, 0x00, 0x00,
    0x00, 0x00, 0x00, 0x00, 0x00, 0x00, 0x00, 0x00, 0xFF, 0xFF, 0xB1, 0x00,
    0xFF, 0xE7, 0x00, 0x00, 0xF9, 0x10, 0x00, 0x00, 0x20, 0x00, 0x00, 0x00,
    0x00, 0x00, 0x00, 0x00, 0x00, 0x00, 0x00, 0x00, 0x00, 0x00, 0x00, 0x00,
    0x00, 0x00, 0x00, 0x00, 0x00, 0x00, 0x00, 0x00, 0x00, 0x00, 0x00, 0x00,
    0x00, 0x00, 0x00, 0x00, 0x00, 0x00, 0x00, 0x00, 0x00, 0x00, 0x00, 0x00,
    0x00, 0x00, 0x00, 0x00, 0x00, 0x00, 0x00, 0x00, 0x00, 0x00, 0x00, 0x00,
    0x00, 0x00, 0x00, 0x00, 0x00, 0x00, 0x00, 0x00, 0x00, 0x00, 0x00, 0x00,
    0x00, 0x00, 0x00, 0x00, 0x00, 0x05, 0xBB, 0xBB, 0x00, 0x08, 0xFF, 0xFF,
    0x00, 0x08, 0xFF, 0xFF, 0x00, 0x08, 0xFF, 0xFF, 0x00, 0x00, 0x00, 0x00,
    0x00, 0x00, 0x00, 0x00, 0x00, 0x00, 0x00, 0x00, 0x00, 0x00, 0x00, 0x00,
    0xBB, 0xBB, 0xBB, 0xBB, 0xFF, 0xFF, 0xFF, 0xFF, 0xFC, 0x88, 0x88, 0x88,
    0xF7, 0x00, 0x00, 0x00, 0x00, 0x00, 0x00, 0x00, 0x00, 0x00, 0x00, 0x00,
    0x00, 0x00, 0x00, 0x00, 0x00, 0x00, 0x00, 0x00, 0xBB, 0xBB, 0xBB, 0xBB,
    0xFF, 0xFF, 0xFF, 0xFF, 0x88, 0x88, 0x88, 0xDF, 0x00, 0x00, 0x00, 0xBF,
    0x00, 0x00, 0x00, 0x00, 0x00, 0x00, 0x00, 0x00, 0x00, 0x00, 0x00, 0x00,
    0x00, 0x00, 0x00, 0x00, 0xBB, 0xBB, 0x30, 0x00, 0xFF, 0xFF, 0x40, 0x00,
    0xFF, 0xFF, 0x40, 0x00, 0xFF, 0xFF, 0x40, 0x00, 0x00, 0x08, 0xFF, 0xFF,
    0x00, 0x08, 0xFF, 0xFF, 0x00, 0x08, 0xFF, 0xFF, 0x00, 0x08, 0xFF, 0xFF,
    0x00, 0x08, 0xFF, 0xFF, 0x00, 0x08, 0xFF, 0xFF, 0x00, 0x08, 0xFF, 0xFF,
    0x00, 0x08, 0xFF, 0xFF, 0xF8, 0x00, 0x00, 0x00, 0xF8, 0x00, 0x00, 0x00,
    0xF8, 0x00, 0x00, 0x00, 0xF8, 0x00, 0x00, 0x00, 0xF8, 0x00, 0x00, 0x00,
    0xF8, 0x00, 0x00, 0x00, 0xF8, 0x00, 0x00, 0x00, 0xF8, 0x00, 0x00, 0x00,
    0x00, 0x00, 0x00, 0xBF, 0x00, 0x00, 0x00, 0xBF, 0x00, 0x00, 0x00, 0xBF,
    0x00, 0x00, 0x00, 0xBF, 0x00, 0x00, 0x00, 0xBF, 0x00, 0x00, 0x00, 0xBF,
    0x00, 0x00, 0x00, 0xBF, 0x00, 0x00, 0x00, 0xBF, 0xFF, 0xFF, 0x40, 0x00,
    0xFF, 0xFF, 0x40, 0x00, 0xFF, 0xFF, 0x40, 0x00, 0xFF, 0xFF, 0x40, 0x00,
    0xFF, 0xFF, 0x40, 0x00, 0xFF, 0xFF, 0x40, 0x00, 0xFF, 0xFF, 0x40, 0x00,
    0xFF, 0xFF, 0x40, 0x00, 0x00, 0x08, 0xFF, 0xFF, 0x00, 0x08, 0xFF, 0xFF,
    0x00, 0x08, 0xFF, 0xFF, 0x00, 0x08, 0xFF, 0xFF, 0x00, 0x08, 0xFF, 0xFF,
    0x00, 0x08, 0xFF, 0xFF, 0x00, 0x08, 0xFF, 0xFF, 0x00, 0x08, 0xFF, 0xFF,
    0xF8, 0x00, 0x00, 0x00, 0xF8, 0x00, 0x00, 0x00, 0xF8, 0x00, 0x00, 0x00,
    0xF8, 0x00, 0x00, 0x00, 0xF8, 0x00, 0x00, 0x00, 0xF8, 0x00, 0x00, 0x00,
    0xF8, 0x00, 0x00, 0x00, 0xF7, 0x00, 0x00, 0x00, 0x00, 0x00, 0x00, 0xBF,
    0x00, 0x00, 0x00, 0xBF, 0x00, 0x00, 0x00, 0xBF, 0x00, 0x00, 0x00, 0xBF,
    0x00, 0x00, 0x00, 0xBF, 0x00, 0x00, 0x00, 0xBF, 0x00, 0x00, 0x00, 0xBF,
    0x00, 0x00, 0x00, 0xBF, 0xFF, 0xFF, 0x40, 0x00, 0xFF, 0xFF, 0x40, 0x00,
    0xFF, 0xFF, 0x40, 0x00, 0xFF, 0xFF, 0x40, 0x00, 0xFF, 0xFF, 0x40, 0x00,
    0xFF, 0xFF, 0x40, 0x00, 0xFF, 0xFF, 0x40, 0x00, 0xFF, 0xFF, 0x40, 0x00,
    0x00, 0x08, 0xFF, 0xFF, 0x00, 0x08, 0xFF, 0xFF, 0x00, 0x08, 0xFF, 0xFF,
    0x00, 0x08, 0xFF, 0xFF, 0x00, 0x05, 0xBB, 0xBB, 0x00, 0x00, 0x00, 0x00,
    0x00, 0x00, 0x00, 0x00, 0x00, 0x00, 0x00, 0x00, 0xF8, 0x00, 0x00, 0x00,
    0xFF, 0xFF, 0xFF, 0xFF, 0xFF, 0xFF, 0xFF, 0xFF, 0xFA, 0x44, 0x44, 0x44,
    0xB5, 0x00, 0x00, 0x00, 0x00, 0x00, 0x00, 0x00, 0x00, 0x00, 0x00, 0x00,
    0x00, 0x00, 0x00, 0x00, 0x00, 0x00, 0x00, 0xBF, 0xFF, 0xFF, 0xFF, 0xFF,
    0xFF, 0xFF, 0xFF, 0xFF, 0x44, 0x44, 0x44, 0xDF, 0x00, 0x00, 0x00, 0x8B,
    0x00, 0x00, 0x00, 0x00, 0x00, 0x00, 0x00, 0x00, 0x00, 0x00, 0x00, 0x00,
    0xFF, 0xFF, 0x40, 0x00, 0xFF, 0xFF, 0x40, 0x00, 0xFF, 0xFF, 0x40, 0x00,
    0xFF, 0xFF, 0x40, 0x00, 0xBB, 0xBB, 0x30, 0x00, 0x00, 0x00, 0x00, 0x00,
    0x00, 0x00, 0x00, 0x00, 0x00, 0x00, 0x00, 0x00, 0x00, 0x00, 0x00, 0x00,
    0x00, 0x00, 0x00, 0x00, 0x00, 0x00, 0x00, 0x00, 0x00, 0x00, 0x00, 0x00,
    0x00, 0x00, 0x00, 0x00, 0x00, 0x00, 0x00, 0x00, 0x00, 0x00, 0x00, 0x00,
    0x00, 0x00, 0x00, 0x00, 0x00, 0x00, 0x00, 0x00, 0x00, 0x00, 0x00, 0x00,
    0x00, 0x00, 0x00, 0x00, 0x00, 0x00, 0x00, 0x00, 0x00, 0x00, 0x00, 0x00,
    0x00, 0x00, 0x00, 0x00, 0x00, 0x00, 0x00, 0x00, 0x00, 0x00, 0x00, 0x00,
    0x00, 0x00, 0x00, 0x00, 0x00, 0x00, 0x00, 0x00, 0x00, 0x00, 0x00, 0x00,
    0x00, 0x00, 0x00, 0x00, 0x00, 0x00, 0x00, 0x00, 0x00, 0x00, 0x00, 0x00,
    0x00, 0x00, 0x00, 0x00, 0x00, 0x00, 0x00, 0x00, 0x00, 0x00, 0x00, 0x00,
    0x00, 0x00, 0x00, 0x00, 0x00, 0x00, 0x00, 0x00, 0x00, 0x00, 0x00, 0x00,
    0x00, 0x00, 0x00, 0x00, 0x00, 0x00, 0x00, 0x00, 0x00, 0x00, 0x00, 0x00,
    0x00, 0x00, 0x00, 0x00, 0x00, 0x00, 0x00, 0x00, 0x00, 0x00, 0x00, 0x34,
    0x00, 0x00, 0x00, 0xBF, 0x00, 0x00, 0x00, 0xBF, 0x00, 0x00, 0x00, 0xBF,
    0x00, 0x00, 0x00, 0xBF, 0x00, 0x00, 0x00, 0xBF, 0x00, 0x00, 0x00, 0xBF,
    0x00, 0x00, 0x00, 0x00, 0x44, 0x44, 0x44, 0x44, 0xFF, 0xFF, 0xFF, 0xFF,
    0xFF, 0xF8, 0x88, 0x88, 0xFF, 0xE0, 0x00, 0x00, 0xFF, 0xF0, 0x00, 0x00,
    0xFF, 0xF0, 0x00, 0x00, 0xFF, 0xF0, 0x00, 0x00, 0x00, 0x00, 0x00, 0x00,
    0x44, 0x44, 0x44, 0x44, 0xFF, 0xFF, 0xFF, 0xFF, 0x88, 0x88, 0xAF, 0xFF,
    0x00, 0x00, 0x3F, 0xFF, 0x00, 0x00, 0x4F, 0xFF, 0x00, 0x00, 0x7F, 0xFF,
    0x00, 0x00, 0x8F, 0xFF, 0x00, 0x00, 0x00, 0x00, 0x20, 0x00, 0x00, 0x00,
    0xE7, 0x00, 0x00, 0x00, 0xFF, 0x00, 0x00, 0x00, 0xFC, 0x00, 0x00, 0x00,
    0xFB, 0x00, 0x00, 0x00, 0xF9, 0x00, 0x00, 0x00, 0xF6, 0x00, 0x00, 0x00,
    0x00, 0x00, 0x00, 0xBF, 0x00, 0x00, 0x00, 0xBF, 0x00, 0x00, 0x00, 0x34,
    0x00, 0x00, 0x00, 0x00, 0x00, 0x00, 0x00, 0x00, 0x00, 0x00, 0x00, 0x00,
    0x00, 0x00, 0x00, 0x00, 0x00, 0x00, 0x00, 0x00, 0xFF, 0xF0, 0x00, 0x00,
    0xFF, 0xF0, 0x00, 0x00, 0x44, 0x40, 0x00, 0x00, 0x00, 0x00, 0x00, 0x00,
    0x00, 0x00, 0x00, 0x00, 0x00, 0x00, 0x00, 0x00, 0x00, 0x00, 0x00, 0x00,
    0x00, 0x00, 0x00, 0x00, 0x00, 0x00, 0xAF, 0xFF, 0x00, 0x00, 0xDF, 0xFF,
    0x00, 0x02, 0xFF, 0xFF, 0x00, 0x08, 0xFF, 0xFF, 0x00, 0x0D, 0xFF, 0xFB,
    0x00, 0x6F, 0xFF, 0xF4, 0x01, 0xEF, 0xFF, 0x90, 0x1C, 0xFF, 0xFC, 0x10,
    0xF3, 0x00, 0x00, 0x00, 0xD0, 0x00, 0x00, 0x00, 0x90, 0x00, 0x00, 0x00,
    0x30, 0x00, 0x00, 0x00, 0x00, 0x00, 0x00, 0x00, 0x00, 0x00, 0x00, 0x00,
    0x00, 0x00, 0x00, 0x00, 0x00, 0x00, 0x00, 0x00, 0x00, 0x00, 0x00, 0x00,
    0x00, 0x00, 0x00, 0x00, 0x00, 0x00, 0x00, 0x00, 0x00, 0x00, 0x00, 0x00,
    0x00, 0x00, 0x00, 0x00, 0x00, 0x00, 0x00, 0x00, 0x00, 0x00, 0x00, 0x00,
    0x00, 0x00, 0x00, 0x00, 0x00, 0x00, 0x00, 0x01, 0x00, 0x00, 0x00, 0x5E,
    0x00, 0x00, 0x5B, 0xFF, 0x00, 0x4E, 0xFF, 0xFE, 0x00, 0x1D, 0xC8, 0x50,
    0x00, 0x00, 0x00, 0x00, 0x00, 0x00, 0x00, 0x00, 0x00, 0x00, 0x00, 0x00,
    0xCF, 0xFF, 0xC1, 0x00, 0xFF, 0xFB, 0x10, 0x00, 0xFE, 0x70, 0x00, 0x00,
    0x81, 0x00, 0x00, 0x00, 0x00, 0x00, 0x00, 0x00, 0x00, 0x00, 0x00, 0x00,
    0x00, 0x00, 0x00, 0x00, 0x00, 0x00, 0x00, 0x00, 0x00, 0x00, 0x00, 0x00,
    0x00, 0x00, 0x00, 0x00, 0x00, 0x00, 0x00, 0x00, 0x00, 0x00, 0x00, 0x00,
    0x00, 0x00, 0x00, 0x00, 0x00, 0x00, 0x00, 0x00, 0x00, 0x00, 0x00, 0x00,
    0x00, 0x00, 0x00, 0x00, 0x00, 0x00, 0x00, 0x00, 0x00, 0x00, 0x00, 0x00,
    0x00, 0x00, 0x00, 0x00, 0x00, 0x00, 0x00, 0x00, 0x00, 0x02, 0x88, 0x88,
    0x00, 0x04, 0xFF, 0xFF, 0x00, 0x04, 0xFF, 0xFF, 0x00, 0x04, 0xFF, 0xFF,
    0x00, 0x00, 0x00, 0x00, 0x00, 0x00, 0x00, 0x00, 0x00, 0x00, 0x00, 0x00,
    0x00, 0x00, 0x00, 0x00, 0x88, 0x88, 0x88, 0x88, 0xFF, 0xFF, 0xFF, 0xFF,
    0xFE, 0xBB, 0xBB, 0xBB, 0xFB, 0x00, 0x00, 0x00, 0x00, 0x00, 0x00, 0x00,
    0x00, 0x00, 0x00, 0x00, 0x00, 0x00, 0x00, 0x00, 0x00, 0x00, 0x00, 0x00,
    0x88, 0x88, 0x88, 0x88, 0xFF, 0xFF, 0xFF, 0xFF, 0xBB, 0xBB, 0xBB, 0xEF,
    0x00, 0x00, 0x00, 0xBF, 0x00, 0x00, 0x00, 0x00, 0x00, 0x00, 0x00, 0x00,
    0x00, 0x00, 0x00, 0x00, 0x00, 0x00, 0x00, 0x00, 0x88, 0x60, 0x00, 0x00,
    0xFF, 0xFC, 0x30, 0x00, 0xFF, 0xFF, 0xB0, 0x00, 0xFF, 0xFF, 0x90, 0x00,
    0x00, 0x04, 0xFF, 0xFF, 0x00, 0x04, 0xFF, 0xFF, 0x00, 0x04, 0xFF, 0xFF,
    0x00, 0x04, 0xFF, 0xFF, 0x00, 0x04, 0xFF, 0xFF, 0x00, 0x04, 0xFF, 0xFF,
    0x00, 0x04, 0xFF, 0xFF, 0x00, 0x00, 0x00, 0x00, 0xFB, 0x00, 0x00, 0x00,
    0xFB, 0x00, 0x00, 0x00, 0xFB, 0x00, 0x00, 0x00, 0xFB, 0x00, 0x00, 0x00,
    0xFB, 0x00, 0x00, 0x00, 0xFB, 0x00, 0x00, 0x00, 0xFA, 0x00, 0x00, 0x00,
    0x00, 0x00, 0x00, 0x00, 0x00, 0x00, 0x00, 0xBF, 0x00, 0x00, 0x00, 0xCF,
    0x00, 0x00, 0x00, 0xFF, 0x00, 0x00, 0x01, 0xFF, 0x00, 0x00, 0x04, 0xFF,
    0x00, 0x00, 0x06, 0xFF, 0x00, 0x00, 0x09, 0xFF, 0x00, 0x00, 0x0D, 0xFF,
    0xFF, 0xFF, 0x70, 0x00, 0xFF, 0xFF, 0x70, 0x00, 0xFF, 0xFF, 0x40, 0x00,
    0xFF, 0xFF, 0x20, 0x00, 0xFF, 0xFD, 0x00, 0x00, 0xFF, 0xF9, 0x00, 0x00,
    0xFF, 0xF6, 0x00, 0x00, 0xFF, 0xF1, 0x00, 0x00, 0x00, 0x00, 0x00, 0x00,
    0x00, 0x00, 0x00, 0x00, 0x00, 0x00, 0x00, 0x00, 0x00, 0x00, 0x00, 0x00,
    0x00, 0x00, 0x00, 0x00, 0x00, 0x00, 0x00, 0x00, 0x00, 0x00, 0x00, 0x00,
    0x00, 0x00, 0x00, 0x00, 0x00, 0x00, 0x00, 0x00, 0x00, 0x00, 0x00, 0x00,
    0x00, 0x00, 0x00, 0x00, 0x00, 0x00, 0x00, 0x00, 0x00, 0x00, 0x00, 0x00,
    0x00, 0x00, 0x00, 0x00, 0x00, 0x00, 0x00, 0x00, 0x00, 0x00, 0x00, 0x04,
    0x00, 0x00, 0x3F, 0xFF, 0x00, 0x00, 0x9F, 0xFF, 0x00, 0x02, 0xFF, 0xFF,
    0x00, 0x0A, 0xFF, 0xFF, 0x00, 0x4F, 0xFF, 0xFF, 0x03, 0xEF, 0xFF, 0xFC,
    0x3D, 0xFF, 0xFF, 0xE2, 0xEF, 0xFF, 0xFD, 0x30, 0xFF, 0xA0, 0x00, 0x00,
    0xFF, 0x40, 0x00, 0x00, 0xFB, 0x00, 0x00, 0x00, 0xF4, 0x00, 0x00, 0x00,
    0x90, 0x00, 0x00, 0x00, 0x10, 0x00, 0x00, 0x00, 0x00, 0x00, 0x00, 0x00,
    0x00, 0x00, 0x00, 0x00, 0x00, 0x00, 0x00, 0x00, 0x00, 0x00, 0x00, 0x00,
    0x00, 0x00, 0x00, 0x00, 0x00, 0x00, 0x00, 0x00, 0x00, 0x00, 0x00, 0x00,
    0x00, 0x00, 0x00, 0x00, 0x00, 0x00, 0x00, 0x00, 0x00, 0x00, 0x00, 0x00,
    0x00, 0x00, 0x01, 0x9F, 0x00, 0x02, 0x8E, 0xFF, 0x06, 0xCF, 0xFF, 0xFF,
    0x09, 0xFF, 0xFF, 0xA6, 0x01, 0xA9, 0x51, 0x00, 0x00, 0x00, 0x00, 0x00,
    0x00, 0x00, 0x00, 0x00, 0x00, 0x00, 0x00, 0x00, 0xFF, 0xFF, 0xB1, 0x00,
    0xFF, 0xE7, 0x00, 0x00, 0xE8, 0x10, 0x00, 0x00, 0x10, 0x00, 0x00, 0x00,
    0x00, 0x00, 0x00, 0x00, 0x00, 0x00, 0x00, 0x00, 0x00, 0x00, 0x00, 0x00,
    0x00, 0x00, 0x00, 0x00, 0x00, 0x00, 0x00, 0x00, 0x00, 0x00, 0x00, 0x00,
    0x00, 0x00, 0x00, 0x00, 0x00, 0x00, 0x00, 0x00, 0x00, 0x00, 0x00, 0x00,
    0x00, 0x00, 0x00, 0x00, 0x00, 0x00, 0x00, 0x00, 0x00, 0x00, 0x00, 0x00,
    0x00, 0x00, 0x00, 0x00, 0x00, 0x00, 0x00, 0x00, 0x00, 0x00, 0x00, 0x00,
    0x00, 0x00, 0x00, 0x00, 0x00, 0x00, 0xEF, 0xFF, 0x00, 0x00, 0xFF, 0xFF,
    0x00, 0x00, 0x44, 0x44, 0x00, 0x00, 0x00, 0x00, 0x00, 0x00, 0x00, 0x00,
    0x00, 0x00, 0x00, 0x00, 0x00, 0x00, 0x00, 0x00, 0x00, 0x00, 0x00, 0x00,
    0xFF, 0xFF, 0xFF, 0xFF, 0xFF, 0xFF, 0xFF, 0xFF, 0x44, 0x44, 0x44, 0x44,
    0x00, 0x00, 0x00, 0x00, 0x00, 0x00, 0x00, 0x00, 0x00, 0x00, 0x00, 0x00,
    0x00, 0x00, 0x00, 0x00, 0x00, 0x00, 0x00, 0x00, 0xFF, 0xFF, 0xFF, 0xFF,
    0xFF, 0xFF, 0xFF, 0xFF, 0x44, 0x44, 0x45, 0xFF, 0x00, 0x00, 0x00, 0xEF,
    0x00, 0x00, 0x00, 0x00, 0x00, 0x00, 0x00, 0x00, 0x00, 0x00, 0x00, 0x00,
    0x00, 0x00, 0x00, 0x00, 0xFF, 0xE6, 0x00, 0x00, 0xFF, 0xFF, 0x60, 0x00,
    0xFF, 0xFF, 0x80, 0x00, 0xFF, 0xFF, 0x40, 0x00, 0x00, 0x00, 0x00, 0x00,
    0x00, 0x00, 0x00, 0x00, 0x00, 0x00, 0x00, 0x00, 0x00, 0x00, 0x00, 0x00,
    0x00, 0x00, 0x7F, 0xFF, 0x00, 0x00, 0x8F, 0xFF, 0x00, 0x00, 0x24, 0x44,
    0x00, 0x00, 0x00, 0x00, 0x00, 0x00, 0x00, 0x00, 0x00, 0x00, 0x00, 0x00,
    0x00, 0x00, 0x00, 0x00, 0x00, 0x00, 0x00, 0x00, 0xFF, 0xFF, 0xFF, 0xFF,
    0xFF, 0xFF, 0xFF, 0xFF, 0x44, 0x44, 0x44, 0x44, 0x00, 0x00, 0x00, 0x00,
    0x00, 0x00, 0x00, 0xEF, 0x00, 0x00, 0x01, 0xFF, 0x00, 0x00, 0x04, 0xFF,
    0x00, 0x00, 0x05, 0xFF, 0xFF, 0xFF, 0xFF, 0xFF, 0xFF, 0xFF, 0xFF, 0xFF,
    0x44, 0x44, 0x4E, 0xFF, 0x00, 0x00, 0x2F, 0xFF, 0xFF, 0xFF, 0x40, 0x00,
    0xFF, 0xFF, 0x20, 0x00, 0xFF, 0xFE, 0x00, 0x00, 0xFF, 0xFB, 0x00, 0x00,
    0xFF, 0xF9, 0x00, 0x00, 0xFF, 0xF6, 0x00, 0x00, 0xFF, 0xF2, 0x00, 0x00,
    0xFF, 0xC0, 0x00, 0x00, 0x00, 0x00, 0x00, 0x00, 0x00, 0x00, 0x00, 0x00,
    0x00, 0x00, 0x00, 0x00, 0x00, 0x00, 0x00, 0x00, 0x00, 0x00, 0x00, 0x00,
    0x00, 0x00, 0x00, 0x00, 0x00, 0x00, 0x00, 0x00, 0x00, 0x00, 0x00, 0x00,
    0x00, 0x00, 0x00, 0x00, 0x00, 0x00, 0x00, 0x00, 0x00, 0x00, 0x00, 0x00,
    0x00, 0x00, 0x00, 0x00, 0x00, 0x00, 0x00, 0x00, 0x00, 0x00, 0x00, 0x00,
    0x00, 0x00, 0x00, 0x00, 0x00, 0x00, 0x00, 0x04, 0x00, 0x00, 0x7F, 0xFF,
    0x00, 0x00, 0xCF, 0xFF, 0x00, 0x04, 0xFF, 0xFF, 0x00, 0x0B, 0xFF, 0xFF,
    0x00, 0x6F, 0xFF, 0xFF, 0x03, 0xEF, 0xFF, 0xFA, 0x3E, 0xFF, 0xFF, 0xC1,
    0xEF, 0xFF, 0xFC, 0x10, 0xFF, 0x70, 0x00, 0x00, 0xFE, 0x10, 0x00, 0x00,
    0xF8, 0x00, 0x00, 0x00, 0xE1, 0x00, 0x00, 0x00, 0x60, 0x00, 0x00, 0x00,
    0x00, 0x00, 0x00, 0x00, 0x00, 0x00, 0x00, 0x00, 0x00, 0x00, 0x00, 0x00,
    0x00, 0x00, 0x00, 0x00, 0x00, 0x00, 0x00, 0x00, 0x00, 0x00, 0x00, 0x01,
    0x00, 0x00, 0x00, 0x09, 0x00, 0x00, 0x00, 0x02, 0x00, 0x00, 0x00, 0x00,
    0x00, 0x00, 0x00, 0x00, 0x00, 0x00, 0x00, 0x00, 0x00, 0x00, 0x01, 0x9F,
    0x00, 0x02, 0x8E, 0xFF, 0x37, 0xCF, 0xFF, 0xFF, 0xFF, 0xFF, 0xFF, 0xD8,
    0xFF, 0xEB, 0x83, 0x00, 0x43, 0x00, 0x00, 0x00, 0x00, 0x00, 0x00, 0x00,
    0x00, 0x00, 0x00, 0x00, 0xFF, 0xFF, 0xC1, 0x00, 0xFF, 0xF8, 0x00, 0x00,
    0xFA, 0x20, 0x00, 0x00, 0x20, 0x00, 0x00, 0x00, 0x00, 0x00, 0x00, 0x00,
    0x00, 0x00, 0x00, 0x00, 0x00, 0x00, 0x00, 0x00, 0x00, 0x00, 0x00, 0x00,
    0x00, 0x00, 0x00, 0x00, 0x00, 0x00, 0x00, 0x00, 0x00, 0x00, 0x00, 0x00,
    0x00, 0x00, 0x00, 0x00, 0x00, 0x00, 0x00, 0x00, 0x00, 0x00, 0x00, 0x00,
    0x00, 0x00, 0x00, 0x00, 0x00, 0x00, 0x00, 0x00, 0x00, 0x00, 0x00, 0x00,
    0x00, 0x00, 0x00, 0x00, 0x00, 0x00, 0x0B, 0xC8, 0x00, 0x00, 0x4F, 0xFF,
    0x00, 0x00, 0x18, 0xFF, 0x00, 0x00, 0x00, 0x2C, 0x00, 0x00, 0x00, 0x01,
    0x00, 0x00, 0x00, 0x00, 0x00, 0x00, 0x00, 0x00, 0x00, 0x00, 0x00, 0x00,
    0x50, 0x00, 0x00, 0x00, 0xFE, 0x94, 0x00, 0x00, 0xFF, 0xFF, 0xB4, 0x00,
    0xFF, 0xFF, 0xFF, 0xB2, 0x9F, 0xFF, 0xFF, 0xFE, 0x06, 0xFF, 0xFF, 0xFF,
    0x00, 0x00, 0x00, 0x00, 0x00, 0x00, 0x00, 0x00, 0x00, 0x00, 0x00, 0x00,
    0x00, 0x00, 0x00, 0x00, 0x00, 0x00, 0x00, 0x00, 0x00, 0x00, 0x00, 0x00,
    0x70, 0x00, 0x00, 0x00, 0xA0, 0x00, 0x00, 0x00, 0x00, 0x00, 0x00, 0x00,
    0x00, 0x00, 0x00, 0x00, 0x00, 0x00, 0x00, 0x00, 0x00, 0x00, 0x00, 0x00,
    0x00, 0x00, 0x00, 0x00, 0x00, 0x00, 0x00, 0x00, 0x00, 0x00, 0x00, 0x00,
    0x00, 0x00, 0x00, 0x00, 0x00, 0x00, 0x00, 0x00, 0x00, 0x00, 0x00, 0x00,
    0x00, 0x00, 0x00, 0x00, 0x00, 0x00, 0x00, 0x00, 0x00, 0x00, 0x00, 0x00,
    0x00, 0x00, 0x00, 0x00, 0x00, 0x00, 0x00, 0x00, 0x00, 0x00, 0x00, 0x00,
    0x00, 0x6F, 0xFF, 0xFC, 0x00, 0x08, 0xFF, 0xC1, 0x00, 0x00, 0xBE, 0x10,
    0x00, 0x00, 0x13, 0x00, 0x00, 0x00, 0x00, 0x00, 0x00, 0x00, 0x00, 0x00,
    0x00, 0x00, 0x00, 0x00, 0x00, 0x00, 0x00, 0x00, 0x00, 0x00, 0x00, 0x00,
    0x00, 0x00, 0x00, 0x00, 0x00, 0x00, 0x00, 0x00, 0x00, 0x00, 0x00, 0x00,
    0x00, 0x00, 0x00, 0x00, 0x00, 0x00, 0x00, 0x00, 0x00, 0x00, 0x00, 0x00,
    0x00, 0x00, 0x00, 0x1A, 0x00, 0x00, 0x00, 0x00, 0x00, 0x00, 0x00, 0x00,
    0x00, 0x06, 0xC4, 0x00, 0x00, 0x3E, 0xFD, 0x00, 0x01, 0xDF, 0xF5, 0x00,
    0x1C, 0xFF, 0xB0, 0x00, 0x9F, 0xFF, 0x30, 0x00, 0xFF, 0xF8, 0x00, 0x00,
    0x00, 0x00, 0x00, 0x00, 0x00, 0x00, 0x00, 0x00, 0x00, 0x00, 0x00, 0x00,
    0x00, 0x00, 0x00, 0x00, 0x00, 0x00, 0x00, 0x00, 0x00, 0x00, 0x00, 0x00,
    0x00, 0x00, 0x00, 0x00, 0x00, 0x14, 0x78, 0xBD, 0x00, 0x00, 0x00, 0x00,
    0x00, 0x00, 0x00, 0x00, 0x00, 0x00, 0x00, 0x00, 0x00, 0x00, 0x00, 0x00,
    0x00, 0x00, 0x00, 0x05, 0x00, 0x00, 0x27, 0xDF, 0x14, 0x8C, 0xFF, 0xFF,
    0xFF, 0xFF, 0xFF, 0xFF, 0x00, 0x00, 0x01, 0xCF, 0x00, 0x00, 0x3E, 0xFF,
    0x00, 0x08, 0xFF, 0xFF, 0x05, 0xDF, 0xFF, 0xFF, 0xBF, 0xFF, 0xFF, 0xF6,
    0xFF, 0xFF, 0xFF, 0x60, 0xFF, 0xFF, 0xE3, 0x00, 0xFF, 0xFB, 0x10, 0x00,
    0xFF, 0xC0, 0x00, 0x00, 0xFE, 0x20, 0x00, 0x00, 0xF4, 0x00, 0x00, 0x00,
    0x60, 0x00, 0x00, 0x00, 0x00, 0x00, 0x00, 0x00, 0x00, 0x00, 0x00, 0x00,
    0x00, 0x00, 0x00, 0x00, 0x00, 0x00, 0x00, 0x00, 0x00, 0x0E, 0xFF, 0xFF,
    0x00, 0x08, 0xFF, 0xFF, 0x00, 0x02, 0xFF, 0xFF, 0x00, 0x00, 0xAF, 0xFF,
    0x00, 0x00, 0x4F, 0xFF, 0x00, 0x00, 0x08, 0x72, 0x00, 0x00, 0x00, 0x00,
    0x00, 0x00, 0x00, 0x00, 0xFF, 0xFF, 0xFF, 0xFF, 0xFF, 0xFF, 0xFF, 0xFF,
    0xFF, 0xFF, 0xFF, 0x92, 0xFF, 0xFD, 0x71, 0x00, 0xD8, 0x30, 0x00, 0x00,
    0x00, 0x00, 0x00, 0x00, 0x00, 0x00, 0x00, 0x00, 0x00, 0x00, 0x00, 0x00,
    0xFE, 0x70, 0x00, 0x00, 0x91, 0x00, 0x00, 0x00, 0x00, 0x00, 0x00, 0x00,
    0x00, 0x00, 0x00, 0x00, 0x00, 0x00, 0x00, 0x00, 0x00, 0x00, 0x00, 0x00,
    0x00, 0x00, 0x00, 0x00, 0x00, 0x00, 0x00, 0x00, 0x00, 0x00, 0x00, 0x00,
    0x00, 0x00, 0x00, 0x00, 0x00, 0x00, 0x00, 0x00, 0x00, 0x00, 0x00, 0x00,
    0x00, 0x00, 0x00, 0x00, 0x00, 0x00, 0x00, 0x00, 0x00, 0x00, 0x00, 0x00,
    0x00, 0x00, 0x00, 0x00, 0x00, 0x00, 0x00, 0x00, 0x00, 0x00, 0x00, 0x00,
    0x00, 0x00, 0x00, 0x00, 0x00, 0x00, 0x00, 0x00, 0x00, 0x00, 0x00, 0x00,
    0x00, 0x00, 0x00, 0x00, 0x00, 0x00, 0x00, 0x00, 0x00, 0x05, 0x88, 0x88,
    0x00, 0x00, 0x00, 0x00, 0x00, 0x00, 0x00, 0x00, 0x00, 0x00, 0x5B, 0xBA,
    0x00, 0x00, 0x8F, 0xFF, 0x00, 0x00, 0x8F, 0xFF, 0x00, 0x00, 0x8F, 0xFF,
    0x00, 0x00, 0x7F, 0xFF, 0x88, 0x88, 0xCF, 0xFF, 0x00, 0x00, 0x00, 0x00,
    0x00, 0x00, 0x00, 0x00, 0x88, 0x20, 0x00, 0x00, 0xFF, 0x40, 0x00, 0x00,
    0xFF, 0x40, 0x00, 0x00, 0xFF, 0x40, 0x00, 0x00, 0xFF, 0x30, 0x00, 0x00,
    0xFF, 0xA8, 0x88, 0x88, 0x00, 0x04, 0xB5, 0x00, 0x00, 0x0B, 0xFF, 0xA1,
    0x4C, 0x71, 0x9F, 0xFE, 0xAF, 0xFA, 0x19, 0xF9, 0x09, 0xFF, 0xD5, 0x70,
    0x00, 0x9F, 0xF6, 0x00, 0x00, 0x0C, 0x60, 0x00, 0x87, 0x20, 0x00, 0x00,
    0x00, 0x0C, 0xFF, 0xFF, 0x00, 0x0B, 0xFF, 0xFF, 0x00, 0x0B, 0xFF, 0xFF,
    0x00, 0x0B, 0xFF, 0xFF, 0x00, 0x0B, 0xFF, 0xFF, 0x00, 0x0B, 0xFF, 0xFF,
    0x00, 0x0B, 0xFF, 0xFF, 0x00, 0x0B, 0xFF, 0xFF, 0xFF, 0xFF, 0xFF, 0xFF,
    0xFB, 0xBB, 0xBB, 0xBB, 0xF0, 0x00, 0x00, 0x00, 0xF0, 0x00, 0x00, 0x00,
    0xF0, 0x00, 0x00, 0x00, 0xF0, 0x00, 0x00, 0x00, 0xF0, 0x00, 0x00, 0x00,
    0xF0, 0x00, 0x00, 0x00, 0xFF, 0xFF, 0xFF, 0xFF, 0xBB, 0xBB, 0xBC, 0xFF,
    0x00, 0x00, 0x04, 0xFF, 0x00, 0x00, 0x04, 0xFF, 0x00, 0x00, 0x04, 0xFF,
    0x00, 0x00, 0x07, 0xFF, 0x00, 0x00, 0x08, 0xFF, 0x00, 0x00, 0x08, 0xFF,
    0xFF, 0xE5, 0x00, 0x00, 0xFF, 0xFF, 0x00, 0x00, 0xFF, 0xFF, 0x10, 0x00,
    0xFF, 0xFE, 0x00, 0x00, 0xFF, 0xFB, 0x00, 0x00, 0xFF, 0xFB, 0x00, 0x00,
    0xFF, 0xF8, 0x00, 0x00, 0xFF, 0xF6, 0x00, 0x00, 0x00, 0x0A, 0xFF, 0xFF,
    0x00, 0x00, 0x00, 0x00, 0x00, 0x00, 0x00, 0x00, 0x00, 0x00, 0x00, 0x00,
    0x00, 0x00, 0x00, 0x00, 0x00, 0x00, 0x00, 0x00, 0x00, 0x00, 0x00, 0x00,
    0x00, 0x00, 0x00, 0x00, 0xE0, 0x00, 0x00, 0x00, 0x00, 0x00, 0x00, 0x00,
    0x00, 0x00, 0x00, 0x00, 0x00, 0x00, 0x00, 0x00, 0x00, 0x00, 0x00, 0x00,
    0x00, 0x00, 0x00, 0x00, 0x00, 0x00, 0x00, 0x00, 0x00, 0x00, 0x00, 0x00,
    0x00, 0x00, 0x0B, 0xFF, 0x00, 0x00, 0x0E, 0xFF, 0x00, 0x00, 0x3F, 0xFF,
    0x00, 0x00, 0x8F, 0xFF, 0x00, 0x01, 0xEF, 0xFF, 0x00, 0x08, 0xFF, 0xFF,
    0x00, 0x3E, 0xFF, 0xFF, 0x01, 0xCF, 0xFF, 0xFC, 0xFF, 0xF2, 0x00, 0x00,
    0xFF, 0xD0, 0x00, 0x00, 0xFF, 0x80, 0x00, 0x00, 0xFF, 0x20, 0x00, 0x00,
    0xF9, 0x00, 0x00, 0x00, 0xF2, 0x00, 0x00, 0x00, 0x80, 0x00, 0x00, 0x00,
    0x00, 0x00, 0x00, 0x00, 0x00, 0x00, 0x00, 0x00, 0x00, 0x00, 0x00, 0x00,
    0x00, 0x00, 0x00, 0x00, 0x00, 0x00, 0x00, 0x00, 0x00, 0x00, 0x00, 0x01,
    0x00, 0x00, 0x00, 0x00, 0x00, 0x00, 0x00, 0x00, 0x00, 0x00, 0x00, 0x00,
    0x00, 0x00, 0x00, 0x00, 0x00, 0x00, 0x00, 0x18, 0x00, 0x00, 0x28, 0xEF,
    0x25, 0x8C, 0xFF, 0xFF, 0xEF, 0xFF, 0xFF, 0xFF, 0x8F, 0xFF, 0xC8, 0x61,
    0x14, 0x20, 0x00, 0x00, 0x00, 0x00, 0x00, 0x00, 0x3D, 0xFF, 0xFF, 0xC1,
    0xFF, 0xFF, 0xFC, 0x10, 0xFF, 0xFF, 0x91, 0x00, 0xFF, 0xB4, 0x00, 0x00,
    0xA4, 0x00, 0x00, 0x00, 0x00, 0x00, 0x00, 0x00, 0x00, 0x00, 0x00, 0x00,
    0x00, 0x00, 0x00, 0x00, 0x00, 0x00, 0x00, 0x00, 0x00, 0x00, 0x00, 0x00,
    0x00, 0x00, 0x00, 0x00, 0x00, 0x00, 0x00, 0x00, 0x00, 0x00, 0x00, 0x00,
    0x00, 0x00, 0x00, 0x00, 0x00, 0x00, 0x00, 0x00, 0x00, 0x00, 0x00, 0x00,
    0x00, 0x00, 0x00, 0x00, 0x00, 0x00, 0x00, 0x00, 0x00, 0x00, 0x00, 0x00,
    0x00, 0x00, 0x00, 0x00, 0x00, 0x00, 0x00, 0x00, 0x00, 0x00, 0x00, 0x00,
    0x00, 0x00, 0x00, 0x00, 0x00, 0x00, 0x00, 0x00, 0x00, 0x00, 0x00, 0x00,
    0x00, 0x00, 0x00, 0x00, 0x00, 0x00, 0x00, 0x00, 0x00, 0x00, 0x00, 0x00,
    0x00, 0x00, 0x00, 0x00, 0x00, 0x00, 0x00, 0x00, 0x00, 0x00, 0x00, 0x00,
    0x00, 0x00, 0x00, 0x00, 0x00, 0x00, 0x00, 0x00, 0x00, 0x00, 0x00, 0x00,
    0x00, 0x00, 0x00, 0x00, 0x00, 0x00, 0x00, 0x00, 0x00, 0x00, 0x00, 0x00,
    0x00, 0x00, 0x00, 0x00, 0x00, 0x00, 0x00, 0x00, 0x00, 0x00, 0x00, 0x00,
    0x00, 0x00, 0x00, 0x00, 0x00, 0x00, 0x00, 0x00, 0x00, 0x00, 0x00, 0x00,
    0x00, 0x00, 0x00, 0x00, 0x00, 0x00, 0x00, 0x00, 0x00, 0x00, 0x00, 0x00,
    0x00, 0x00, 0x00, 0x00, 0x00, 0x00, 0x00, 0x00, 0x00, 0x00, 0x00, 0x00,
    0x00, 0x00, 0x00, 0x00, 0x00, 0x00, 0x00, 0x00, 0x00, 0x00, 0x00, 0x00,
    0x00, 0x00, 0x00, 0x00, 0x00, 0x00, 0x00, 0x78, 0x00, 0x00, 0x01, 0xFF,
    0x00, 0x00, 0x00, 0x44, 0x00, 0x04, 0xEB, 0xBB, 0x00, 0x04, 0xFF, 0xFF,
    0x00, 0x04, 0xFF, 0xFF, 0x00, 0x04, 0xFF, 0xFF, 0x00, 0x03, 0xFF, 0xFF,
    0x88, 0x8A, 0xFF, 0xFF, 0xFF, 0xFF, 0xFF, 0xFF, 0x44, 0x47, 0xFF, 0xFF,
    0x80, 0x00, 0x00, 0x00, 0xC0, 0x00, 0x00, 0x00, 0xB0, 0x00, 0x00, 0x00,
    0xB0, 0x00, 0x00, 0x00, 0xB0, 0x00, 0x00, 0x00, 0xD8, 0x88, 0x88, 0x88,
    0xFF, 0xFF, 0xFF, 0xFF, 0xB4, 0x44, 0x47, 0xFF, 0x00, 0x00, 0x00, 0x00,
    0x00, 0x00, 0x00, 0x00, 0x00, 0x00, 0x00, 0x00, 0x00, 0x00, 0x00, 0x00,
    0x00, 0x00, 0x00, 0x00, 0x88, 0x40, 0x00, 0x00, 0xFF, 0x80, 0x00, 0x00,
    0xFF, 0x80, 0x00, 0x00, 0x00, 0x00, 0x00, 0x00, 0x00, 0x00, 0x00, 0x00,
    0x00, 0x00, 0x00, 0x00, 0x00, 0x00, 0x00, 0x00, 0x00, 0x00, 0x00, 0x00,
    0x00, 0x00, 0x00, 0x00, 0x00, 0x00, 0x00, 0x00, 0x00, 0x00, 0x00, 0x00,
    0x00, 0x03, 0xFF, 0xFF, 0x00, 0x05, 0xFF, 0xFF, 0x00, 0x07, 0xFF, 0xFF,
    0x00, 0x09, 0xFF, 0xFF, 0x00, 0x0D, 0xFF, 0xFC, 0x00, 0x2F, 0xFF, 0xF8,
    0x00, 0x7F, 0xFF, 0xF2, 0x00, 0xDF, 0xFF, 0xA0, 0x70, 0x00, 0x04, 0xFF,
    0x70, 0x00, 0x04, 0xFF, 0x40, 0x00, 0x04, 0xFF, 0x10, 0x00, 0x04, 0xFF,
    0x00, 0x00, 0x07, 0xFF, 0x00, 0x00, 0x08, 0xFF, 0x00, 0x00, 0x08, 0xFF,
    0x00, 0x00, 0x0B, 0xFF, 0xFF, 0x80, 0x00, 0x00, 0xFF, 0x80, 0x00, 0x00,
    0xFF, 0x80, 0x00, 0x00, 0xFF, 0x70, 0x00, 0x00, 0xFF, 0x40, 0x00, 0x00,
    0xFF, 0x40, 0x00, 0x00, 0xFF, 0x30, 0x00, 0x00, 0xFF, 0x00, 0x00, 0x00,
    0x00, 0x00, 0x00, 0x00, 0x00, 0x00, 0x00, 0x00, 0x00, 0x00, 0x00, 0x03,
    0x00, 0x00, 0x00, 0x5E, 0x00, 0x00, 0x1B, 0xFF, 0x00, 0x00, 0x0C, 0xF9,
    0x00, 0x00, 0x02, 0x30, 0x00, 0x00, 0x00, 0x00, 0x08, 0xFF, 0xFE, 0x20,
    0x3F, 0xFF, 0xF6, 0x00, 0xEF, 0xFF, 0x60, 0x00, 0xFF, 0xE5, 0x00, 0x01,
    0xF9, 0x10, 0x00, 0x02, 0x20, 0x00, 0x00, 0x00, 0x00, 0x00, 0x00, 0x00,
    0x00, 0x00, 0x00, 0x00, 0x00, 0x00, 0x0C, 0xFF, 0x00, 0x00, 0x1F, 0xFF,
    0x41, 0x00, 0x4F, 0xFF, 0xFE, 0x98, 0xCF, 0xFF, 0xDF, 0xFF, 0xFF, 0xFF,
    0x04, 0x9D, 0xFF, 0xFD, 0x00, 0x00, 0x24, 0x30, 0x00, 0x00, 0x00, 0x00,
    0xFE, 0x00, 0x00, 0x00, 0xFB, 0x00, 0x00, 0x00, 0xF8, 0x00, 0x00, 0x00,
    0xF5, 0x00, 0x00, 0x00, 0xD0, 0x00, 0x00, 0x00, 0x30, 0x00, 0x00, 0x00,
    0x00, 0x00, 0x00, 0x00, 0x00, 0x00, 0x00, 0x00, 0x00, 0x00, 0x00, 0x00,
    0x00, 0x00, 0x00, 0x00, 0x00, 0x00, 0x00, 0x00, 0x00, 0x00, 0x00, 0x00,
    0x00, 0x00, 0x00, 0x00, 0x00, 0x00, 0x00, 0x00, 0x00, 0x00, 0x00, 0x00,
    0x00, 0x00, 0x00, 0x00, 0x00, 0x00, 0x00, 0x00, 0x00, 0x00, 0x00, 0x00,
    0x00, 0x00, 0x00, 0x00, 0x00, 0x00, 0x00, 0x00, 0x00, 0x00, 0x00, 0x00,
    0x00, 0x00, 0x00, 0x00, 0x00, 0x00, 0x00, 0x00, 0x00, 0x00, 0x00, 0x00,
    0x00, 0x00, 0x00, 0x00, 0x00, 0x00, 0x00, 0x00, 0x00, 0x00, 0x00, 0x00,
    0x00, 0x00, 0x00, 0x00, 0x00, 0x00, 0x00, 0x00, 0x00, 0x00, 0x00, 0x00,
    0x00, 0x00, 0x00, 0x00, 0x00, 0x00, 0x00, 0x00, 0x00, 0x00, 0x00, 0x00,
    0x00, 0x00, 0x00, 0x00, 0x00, 0x00, 0x00, 0x00, 0x00, 0x00, 0x00, 0x00,
    0x00, 0x00, 0x00, 0x00, 0x00, 0x00, 0x00, 0x00, 0x00, 0x00, 0x00, 0x00,
    0x00, 0x00, 0x00, 0x00, 0x00, 0x00, 0x00, 0x00, 0x00, 0x00, 0x00, 0x00,
    0x00, 0x00, 0x00, 0x00, 0x00, 0x00, 0x00, 0x00, 0x00, 0x00, 0x00, 0x00,
    0x00, 0x00, 0x00, 0x00, 0x00, 0x00, 0x00, 0x02, 0x00, 0x00, 0x00, 0x08,
    0x0D, 0xB9, 0x74, 0x00, 0x0F, 0xFF, 0xFD, 0x00, 0x3F, 0xFF, 0xFA, 0x00,
    0x5F, 0xFF, 0xF7, 0x00, 0x8F, 0xFF, 0xF1, 0x00, 0xBF, 0xFF, 0xE8, 0x88,
    0xFF, 0xFF, 0xFF, 0xFF, 0xFF, 0xFA, 0x44, 0x44, 0x00, 0x00, 0x00, 0x00,
    0x00, 0x00, 0x00, 0x00, 0x00, 0x00, 0x00, 0x00, 0x00, 0x00, 0x00, 0x00,
    0x00, 0x00, 0x00, 0x00, 0x88, 0x88, 0x88, 0x88, 0xFF, 0xFF, 0xFF, 0xFF,
    0x7F, 0xFF, 0xFC, 0x44, 0x00, 0x00, 0x00, 0x00, 0x00, 0x00, 0x00, 0x00,
    0x00, 0x00, 0x00, 0x00, 0x00, 0x00, 0x00, 0x00, 0x00, 0x00, 0x00, 0x00,
    0x88, 0x82, 0x00, 0x00, 0xFF, 0xF4, 0x00, 0x00, 0x44, 0x41, 0x00, 0x01,
    0x00, 0x00, 0x00, 0x1E, 0x00, 0x00, 0x00, 0x9F, 0x00, 0x00, 0x06, 0xFF,
    0x00, 0x00, 0x3F, 0xFE, 0x00, 0x00, 0x2C, 0xC3, 0x00, 0x00, 0x01, 0x00,
    0x00, 0x00, 0x00, 0x00, 0x00, 0x00, 0x00, 0x00, 0xFF, 0xE1, 0x00, 0x00,
    0xFF, 0x30, 0x00, 0x00, 0xF6, 0x00, 0x00, 0x00, 0x50, 0x00, 0x00, 0x00,
    0x00, 0x00, 0x00, 0x00, 0x00, 0x00, 0x00, 0x00, 0x00, 0x00, 0x00, 0x02,
    0x00, 0x00, 0x00, 0x08, 0x3F, 0xFF, 0xFB, 0x00, 0x4F, 0xFF, 0xF9, 0x00,
    0x7F, 0xFF, 0xF7, 0x00, 0x8F, 0xFF, 0xF7, 0x00, 0xAF, 0xFF, 0xF4, 0x00,
    0xDF, 0xFF, 0xF2, 0x00, 0xFF, 0xFF, 0xD0, 0x00, 0xFF, 0xFF, 0x70, 0x00,
    0x00, 0x00, 0x00, 0x00, 0x00, 0x00, 0x00, 0x00, 0x00, 0x00, 0x00, 0x00,
    0x00, 0x00, 0x00, 0x00, 0x00, 0x00, 0x00, 0x00, 0x00, 0x00, 0x00, 0x00,
    0x00, 0x00, 0x00, 0x00, 0x00, 0x00, 0x00, 0x00, 0x00, 0x00, 0x00, 0x00,
    0x00, 0x00, 0x00, 0x00, 0x00, 0x00, 0x00, 0x00, 0x00, 0x00, 0x00, 0x00,
    0x00, 0x00, 0x00, 0x02, 0x00, 0x00, 0x00, 0x01, 0x00, 0x00, 0x00, 0x00,
    0x00, 0x00, 0x00, 0x00, 0x00, 0x00, 0x00, 0x1E, 0x00, 0x00, 0x01, 0xCF,
    0x00, 0x00, 0x3C, 0xFF, 0x00, 0x49, 0xFF, 0xFF, 0xAD, 0xFF, 0xFF, 0xF9,
    0xEF, 0xFE, 0xA6, 0x10, 0x34, 0x20, 0x00, 0x00, 0x00, 0x00, 0x00, 0x00,
    0xFF, 0xFE, 0x10, 0x00, 0xFF, 0xF6, 0x00, 0x00, 0xFF, 0x80, 0x00, 0x00,
    0xF6, 0x00, 0x00, 0x00, 0x20, 0x00, 0x00, 0x00, 0x00, 0x00, 0x00, 0x00,
    0x00, 0x00, 0x00, 0x00, 0x00, 0x00, 0x00, 0x00, 0x00, 0x00, 0x00, 0x00,
    0x00, 0x00, 0x00, 0x00, 0x00, 0x00, 0x00, 0x00, 0x00, 0x00, 0x00, 0x00,
    0x00, 0x00, 0x00, 0x00, 0x00, 0x00, 0x00, 0x00, 0x00, 0x00, 0x00, 0x00,
    0x00, 0x00, 0x00, 0x00, 0x00, 0x00, 0x00, 0x00, 0x00, 0x00, 0x00, 0x00,
    0x00, 0x00, 0x00, 0x00, 0x00, 0x00, 0x00, 0x00, 0x00, 0x00, 0x00, 0x00,
    0x00, 0x00, 0x00, 0x00, 0x00, 0x00, 0x00, 0x00, 0x00, 0x00, 0x00, 0x00,
    0x00, 0x00, 0x00, 0x00, 0x00, 0x00, 0x00, 0x00, 0x00, 0x00, 0x00, 0x00,
    0x00, 0x00, 0x00, 0x00, 0x00, 0x00, 0x00, 0x00, 0x00, 0x00, 0x00, 0x00,
    0x00, 0x00, 0x00, 0x00, 0x00, 0x00, 0x00, 0x00, 0x00, 0x00, 0x00, 0x00,
    0x00, 0x00, 0x00, 0x00, 0x00, 0x00, 0x00, 0x00, 0x00, 0x00, 0x00, 0x00,
    0x00, 0x00, 0x00, 0x00, 0x00, 0x00, 0x00, 0x00, 0x00, 0x00, 0x00, 0x00,
    0x00, 0x00, 0x00, 0x00, 0x00, 0x00, 0x00, 0x00, 0x00, 0x00, 0x00, 0x00,
    0x00, 0x00, 0x00, 0x00, 0x00, 0x00, 0x00, 0x00, 0x00, 0x00, 0x00, 0x00,
    0x00, 0x00, 0x00, 0x00, 0x00, 0x00, 0x00, 0x00, 0x00, 0x00, 0x00, 0x00,
    0x00, 0x00, 0x00, 0x00, 0x00, 0x00, 0x00, 0x00, 0x00, 0x00, 0x00, 0x00,
    0x00, 0x00, 0x00, 0x00, 0x00, 0x00, 0x00, 0x00, 0x00, 0x00, 0x00, 0x00,
    0x00, 0x00, 0x00, 0x00, 0x00, 0x00, 0x00, 0x00, 0x00, 0x00, 0x00, 0x00,
    0x00, 0x00, 0x00, 0x00, 0x00, 0x00, 0x00, 0x00, 0x00, 0x00, 0x00, 0x00,
    0x00, 0x00, 0x00, 0x00, 0x00, 0x00, 0x00, 0x00, 0x00, 0x00, 0x00, 0x00,
    0x00, 0x00, 0x00, 0x00, 0x00, 0x00, 0x00, 0x00, 0x00, 0x00, 0x00, 0x00,
    0x00, 0x00, 0x00, 0x00, 0x00, 0x00, 0x00, 0x00, 0x00, 0x00, 0x00, 0x00,
    0x00, 0x00, 0x00, 0x00, 0x00, 0x00, 0x00, 0x00, 0x00, 0x00, 0x00, 0x00,
    0x00, 0x00, 0x00, 0x00, 0x00, 0x00, 0x00, 0x00, 0x00, 0x00, 0x00, 0x00,
    0x00, 0x00, 0x00, 0x00, 0x00, 0x00, 0x00, 0x00, 0x00, 0x00, 0x00, 0x00,
    0x00, 0x00, 0x00, 0x00, 0x00, 0x00, 0x00, 0x00, 0x00, 0x00, 0x00, 0x00,
    0x00, 0x00, 0x00, 0x00, 0x00, 0x00, 0x00, 0x00, 0x00, 0x00, 0x00, 0x00,
    0x00, 0x00, 0x00, 0x00, 0x00, 0x00, 0x00, 0x00, 0x00, 0x00, 0x00, 0x00,
    0x00, 0x00, 0x00, 0x00, 0x00, 0x00, 0x00, 0x00, 0x00, 0x00, 0x00, 0x00,
    0x00, 0x00, 0x00, 0x00, 0x00, 0x00, 0x00, 0x00, 0x00, 0x00, 0x00, 0x00,
    0x00, 0x00, 0x00, 0x00, 0x00, 0x00, 0x00, 0x00, 0x00, 0x00, 0x00, 0x00,
    0x00, 0x00, 0x00, 0x00, 0x00, 0x00, 0x00, 0x00, 0x00, 0x00, 0x00, 0x00,
    0x00, 0x00, 0x00, 0x00, 0x00, 0x00, 0x00, 0x00, 0x00, 0x00, 0x00, 0x00,
    0x00, 0x00, 0x00, 0x00, 0x00, 0x00, 0x00, 0x00, 0x00, 0x00, 0x00, 0x00,
    0x00, 0x00, 0x00, 0x00, 0x00, 0x00, 0x00, 0x00, 0x00, 0x00, 0x00, 0x00,
    0x00, 0x00, 0x00, 0x00, 0x00, 0x00, 0x00, 0x00, 0x00, 0x00, 0x00, 0x00,
    0x00, 0x00, 0x00, 0x00, 0x00, 0x00, 0x00, 0x00, 0x00, 0x00, 0x00, 0x00,
    0x00, 0x00, 0x00, 0x00, 0x00, 0x00, 0x00, 0x00, 0x00, 0x00, 0x00, 0x00,
    0x00, 0x00, 0x00, 0x00, 0x00, 0x00, 0x00, 0x00, 0x00, 0x00, 0x00, 0x00,
    0x00, 0x00, 0x00, 0x00, 0x00, 0x00, 0x00, 0x00, 0x00, 0x00, 0x00, 0x00,
    0x00, 0x00, 0x00, 0x00, 0x00, 0x00, 0x00, 0x00, 0x00, 0x00, 0x00, 0x00,
    0x00, 0x00, 0x00, 0x00, 0x00, 0x00, 0x00, 0x00, 0x00, 0x00, 0x00, 0x00,
    0x00, 0x00, 0x00, 0x00, 0x00, 0x00, 0x00, 0x00, 0x00, 0x00, 0x00, 0x00,
    0x00, 0x00, 0x00, 0x00, 0x00, 0x00, 0x00, 0x00, 0x00, 0x00, 0x00, 0x00,
    0x00, 0x00, 0x00, 0x00, 0x00, 0x00, 0x00, 0x00, 0x00, 0x00, 0x00, 0x00,
    0x00, 0x00, 0x00, 0x00, 0x00, 0x00, 0x00, 0x00, 0x00, 0x00, 0x00, 0x00,
    0x00, 0x00, 0x00, 0x00, 0x00, 0x00, 0x00, 0x00, 0x00, 0x00, 0x00, 0x00,
    0x00, 0x00, 0x00, 0x00, 0x00, 0x00, 0x00, 0x00, 0x00, 0x00, 0x00, 0x00,
    0x00, 0x00, 0x00, 0x00, 0x00, 0x00, 0x00, 0x00, 0x00, 0x00, 0x00, 0x00,
    0x00, 0x00, 0x00, 0x00, 0x00, 0x00, 0x00, 0x00, 0x00, 0x00, 0x00, 0x00,
    0x00, 0x00, 0x00, 0x00, 0x00, 0x00, 0x00, 0x00, 0x00, 0x00, 0x00, 0x00,
    0x00, 0x00, 0x00, 0x00, 0x00, 0x00, 0x00, 0x00, 0x00, 0x00, 0x00, 0x00,
    0x00, 0x00, 0x00, 0x00, 0x00, 0x00, 0x00, 0x00, 0x00, 0x00, 0x00, 0x00,
    0x00, 0x00, 0x00, 0x00, 0x00, 0x00, 0x00, 0x00, 0x00, 0x00, 0x00, 0x00,
    0x00, 0x00, 0x00, 0x00, 0x00, 0x00, 0x00, 0x00, 0x00, 0x00, 0x00, 0x00,
    0x00, 0x00, 0x00, 0x00, 0x00, 0x00, 0x00, 0x00, 0x00, 0x00, 0x00, 0x00,
    0x00, 0x00, 0x00, 0x00, 0x00, 0x00, 0x00, 0x00, 0x00, 0x00, 0x00, 0x00,
    0x00, 0x00, 0x00, 0x00, 0x00, 0x00, 0x00, 0x00, 0x00, 0x00, 0x00, 0x00,
    0x00, 0x00, 0x00, 0x00, 0x00, 0x00, 0x00, 0x00, 0x00, 0x00, 0x00, 0x00,
    0x00, 0x00, 0x00, 0x00, 0x00, 0x00, 0x00, 0x00, 0x00, 0x00, 0x00, 0x00,
    0x00, 0x00, 0x00, 0x00, 0x00, 0x00, 0x00, 0x00, 0x00, 0x00, 0x00, 0x00,
    0x00, 0x00, 0x00, 0x00, 0x00, 0x00, 0x00, 0x00, 0x00, 0x00, 0x00, 0x00,
    0x00, 0x00, 0x00, 0x00, 0x00, 0x00, 0x00, 0x00, 0x00, 0x00, 0x00, 0x00,
    0x00, 0x00, 0x00, 0x00, 0x00, 0x00, 0x00, 0x00, 0x00, 0x00, 0x00, 0x00,
    0x00, 0x00, 0x00, 0x00, 0x00, 0x00, 0x00, 0x00, 0x00, 0x00, 0x00, 0x00,
    0x00, 0x00, 0x00, 0x00, 0x00, 0x00, 0x00, 0x00, 0x00, 0x00, 0x00, 0x00,
    0x00, 0x00, 0x00, 0x00, 0x00, 0x00, 0x00, 0x00, 0x00, 0x00, 0x00, 0x00,
    0x00, 0x00, 0x00, 0x00, 0x00, 0x00, 0x00, 0x00, 0x00, 0x00, 0x00, 0x00,
    0x00, 0x00, 0x00, 0x00, 0x00, 0x00, 0x00, 0x00, 0x00, 0x00, 0x00, 0x00,
    0x00, 0x01, 0x40, 0x00, 0x00, 0x1C, 0xF9, 0x10, 0x00, 0x5F, 0xFF, 0xE4,
    0x00, 0x07, 0xFF, 0xFF, 0x00, 0x00, 0x9F, 0xFF, 0x00, 0x00, 0x1C, 0xFF,
    0x00, 0x00, 0x00, 0x00, 0x00, 0x00, 0x00, 0x00, 0x00, 0x00, 0x00, 0x00,
    0x00, 0x00, 0x00, 0x00, 0x00, 0x00, 0x00, 0x00, 0x70, 0x00, 0x00, 0x00,
    0xF9, 0x10, 0x00, 0x00, 0xFF, 0xC1, 0x00, 0x00, 0x00, 0x00, 0x00, 0x00,
    0x00, 0x00, 0x00, 0x00, 0x00, 0x00, 0x00, 0x00, 0x00, 0x00, 0x00, 0x00,
    0x00, 0x00, 0x00, 0x00, 0x00, 0x00, 0x00, 0x00, 0x00, 0x00, 0x00, 0x00,
    0x00, 0x00, 0x00, 0x00, 0x00, 0x00, 0x00, 0x00, 0x00, 0x00, 0x00, 0x00,
    0x00, 0x00, 0x00, 0x00, 0x00, 0x00, 0x00, 0x00, 0x00, 0x00, 0x00, 0x00,
    0x00, 0x00, 0x00, 0x00, 0x00, 0x00, 0x00, 0x00, 0x00, 0x00, 0x00, 0x00,
    0x00, 0x00, 0x03, 0xFF, 0x00, 0x00, 0x00, 0x8F, 0x00, 0x00, 0x00, 0x0D,
    0x00, 0x00, 0x00, 0x04, 0x00, 0x00, 0x00, 0x00, 0x00, 0x00, 0x00, 0x00,
    0x00, 0x00, 0x00, 0x00, 0x00, 0x00, 0x00, 0x00, 0xFF, 0xFC, 0x10, 0x00,
    0xFF, 0xFF, 0xC1, 0x00, 0xFF, 0xFF, 0xF9, 0x00, 0xFF, 0xFF, 0xC1, 0x00,
    0xBF, 0xFC, 0x10, 0x00, 0x3F, 0xC1, 0x00, 0x00, 0x05, 0x20, 0x00, 0x00,
    0x00, 0x00, 0x00, 0x00, 0x00, 0x00, 0x00, 0x00, 0x00, 0x00, 0x00, 0x00,
    0x00, 0x00, 0x00, 0x00, 0x00, 0x00, 0x00, 0x00, 0x00, 0x00, 0x00, 0x00,
    0x00, 0x00, 0x00, 0x00, 0x00, 0x00, 0x00, 0x00, 0x00, 0x00, 0x00, 0x00,
    0x00, 0x00, 0x00, 0x00, 0x00, 0x00, 0x00, 0x00, 0x00, 0x00, 0x00, 0x00,
    0x00, 0x00, 0x00, 0x00, 0x00, 0x00, 0x00, 0x00, 0x00, 0x00, 0x00, 0x00,
    0x00, 0x00, 0x00, 0x00, 0x00, 0x00, 0x00, 0x00, 0x00, 0x00, 0x00, 0x00,
    0x00, 0x00, 0x00, 0x00, 0x00, 0x00, 0x00, 0x00, 0x00, 0x00, 0x00, 0x00,
    0x00, 0x00, 0x00, 0x00, 0x00, 0x00, 0x00, 0x00, 0x00, 0x00, 0x00, 0x00,
    0x00, 0x00, 0x00, 0x00, 0x00, 0x00, 0x00, 0x00, 0x00, 0x00, 0x00, 0x00,
    0x00, 0x00, 0x00, 0x00, 0x00, 0x00, 0x00, 0x00, 0x00, 0x00, 0x00, 0x00,
    0x00, 0x00, 0x00, 0x00, 0x00, 0x00, 0x00, 0x00, 0x00, 0x00, 0x00, 0x00,
    0x00, 0x00, 0x00, 0x00, 0x00, 0x00, 0x00, 0x00, 0x00, 0x00, 0x00, 0x00,
    0x00, 0x00, 0x00, 0x00, 0x00, 0x00, 0x00, 0x00, 0x00, 0x00, 0x00, 0x00,
    0x00, 0x00, 0x00, 0x00, 0x00, 0x00, 0x00, 0x00, 0x00, 0x00, 0x00, 0x00,
    0x00, 0x00, 0x00, 0x00, 0x00, 0x00, 0x00, 0x00, 0x00, 0x00, 0x00, 0x00,
    0x00, 0x00, 0x00, 0x00, 0x00, 0x00, 0x00, 0x00, 0x00, 0x00, 0x00, 0x00,
    0x00, 0x00, 0x00, 0x00, 0x00, 0x00, 0x00, 0x00, 0x00, 0x00, 0x00, 0x00,
    0x00, 0x00, 0x00, 0x00, 0x00, 0x00, 0x00, 0x00, 0x00, 0x00, 0x00, 0x00,
    0x00, 0x00, 0x00, 0x00, 0x00, 0x00, 0x00, 0x00, 0x00, 0x00, 0x00, 0x00,
    0x00, 0x00, 0x00, 0x00, 0x00, 0x00, 0x00, 0x00, 0x00, 0x00, 0x00, 0x00,
    0x00, 0x00, 0x00, 0x00, 0x00, 0x00, 0x00, 0x00, 0x00, 0x00, 0x00, 0x00,
    0x00, 0x00, 0x00, 0x00, 0x00, 0x00, 0x00, 0x00, 0x00, 0x00, 0x00, 0x00,
    0x00, 0x00, 0x00, 0x00, 0x00, 0x00, 0x00, 0x00, 0x00, 0x00, 0x00, 0x00,
    0x00, 0x00, 0x00, 0x00, 0x00, 0x00, 0x00, 0x00, 0x00, 0x00, 0x00, 0x00,
    0x00, 0x00, 0x00, 0x00, 0x00, 0x00, 0x00, 0x00, 0x00, 0x00, 0x00, 0x00,
    0x00, 0x00, 0x00, 0x00, 0x00, 0x00, 0x00, 0x00, 0x00, 0x00, 0x00, 0x00,
    0x00, 0x00, 0x00, 0x00, 0x00, 0x00, 0x00, 0x00, 0x00, 0x00, 0x00, 0x00,
    0x00, 0x00, 0x00, 0x00, 0x00, 0x00, 0x00, 0x00, 0x00, 0x00, 0x00, 0x00,
    0x00, 0x00, 0x00, 0x01, 0x00, 0x00, 0x17, 0xDF, 0x00, 0x01, 0xCF, 0xFF,
    0x00, 0x0B, 0xFC, 0x40, 0x00, 0x3F, 0xE1, 0x00, 0x00, 0x00, 0x00, 0x00,
    0x00, 0x00, 0x00, 0x00, 0x00, 0x00, 0x00, 0x00, 0x00, 0x00, 0x00, 0x00,
    0xE9, 0x20, 0x00, 0x00, 0xFF, 0xE3, 0x00, 0x00, 0x2A, 0xFE, 0x10, 0x00,
    0x00, 0xBF, 0x70, 0x00, 0x00, 0x00, 0x00, 0x00, 0x00, 0x00, 0x00, 0x00,
    0x00, 0x00, 0x00, 0x00, 0x00, 0x00, 0x00, 0x00, 0x00, 0x00, 0x00, 0x00,
    0x00, 0x00, 0x00, 0x00, 0x00, 0x00, 0x00, 0x00, 0x00, 0x00, 0x00, 0x00,
    0x00, 0x00, 0x00, 0x00, 0x00, 0x00, 0x00, 0x00, 0x00, 0x00, 0x00, 0x00,
    0x00, 0x00, 0x00, 0x00, 0x00, 0x00, 0x00, 0x00, 0x00, 0x00, 0x00, 0x00,
    0x00, 0x00, 0x00, 0x00, 0x00, 0x00, 0x00, 0x00, 0x00, 0x7F, 0x90, 0x00,
    0x00, 0x8F, 0x80, 0x00, 0x00, 0x6F, 0xC0, 0x00, 0x00, 0x1E, 0xF6, 0x00,
    0x00, 0x06, 0xFF, 0xB7, 0x00, 0x00, 0x6E, 0xFF, 0x00, 0x00, 0x01, 0x68,
    0x00, 0x00, 0x00, 0x00, 0x00, 0x6F, 0xA0, 0x00, 0x00, 0x4F, 0xB0, 0x00,
    0x00, 0x8F, 0x80, 0x00, 0x03, 0xEF, 0x40, 0x00, 0x9F, 0xF9, 0x00, 0x00,
    0xFF, 0x80, 0x00, 0x00, 0x72, 0x00, 0x00, 0x00, 0x00, 0x00, 0x00, 0x00,
    0x00, 0x00, 0x00, 0x00, 0x00, 0x00, 0x00, 0x00, 0x00, 0x00, 0x00, 0x00,
    0x00, 0x00, 0x00, 0x00, 0x00, 0x00, 0x00, 0x00, 0x00, 0x00, 0x00, 0x00,
    0x00, 0x00, 0x00, 0x00, 0x00, 0x00, 0x00, 0x00, 0x00, 0x00, 0x00, 0x00,
    0x00, 0x00, 0x00, 0x00, 0x00, 0x00, 0x00, 0x00, 0x00, 0x00, 0x00, 0x00,
    0x00, 0x00, 0x00, 0x00, 0x00, 0x00, 0x00, 0x00, 0x00, 0x00, 0x00, 0x00,
    0x00, 0x00, 0x00, 0x00, 0x00, 0x00, 0x00, 0x00, 0x00, 0x00, 0x00, 0x00,
    0x00, 0x00, 0x00, 0x00, 0x00, 0x00, 0x00, 0x00, 0x00, 0x00, 0x00, 0x00,
    0x00, 0x00, 0x00, 0x00, 0x00, 0x00, 0x00, 0x00, 0x00, 0x00, 0x00, 0x00,
    0x00, 0x00, 0x00, 0x00, 0x00, 0x00, 0x00, 0x00, 0x00, 0x00, 0x00, 0x00,
    0x00, 0x00, 0x00, 0x00, 0x00, 0x00, 0x00, 0x00, 0x00, 0x00, 0x00, 0x00,
    0x00, 0x00, 0x00, 0x00, 0x00, 0x00, 0x00, 0x00, 0x00, 0x00, 0x00, 0x00,
    0x00, 0x00, 0x00, 0x00, 0x00, 0x00, 0x00, 0x00, 0x00, 0x00, 0x00, 0x00,
    0x00, 0x00, 0x00, 0x00, 0x00, 0x00, 0x00, 0x00, 0x00, 0x00, 0x00, 0x00,
    0x00, 0x00, 0x00, 0x00, 0x00, 0x00, 0x00, 0x00, 0x00, 0x00, 0x00, 0x00,
    0x00, 0x00, 0x00, 0x00, 0x00, 0x00, 0x00, 0x00, 0x00, 0x00, 0x00, 0x00,
    0x00, 0x00, 0x00, 0x00, 0x00, 0x00, 0x00, 0x00, 0x00, 0x00, 0x00, 0x00,
    0x00, 0x00, 0x00, 0x00, 0x00, 0x00, 0x00, 0x00, 0x00, 0x00, 0x00, 0x00,
    0x00, 0x00, 0x00, 0x00, 0x00, 0x00, 0x00, 0x00, 0x00, 0x00, 0x00, 0x00,
    0x00, 0x00, 0x00, 0x00, 0x00, 0x00, 0x00, 0x00, 0x00, 0x00, 0x00, 0x00,
    0x00, 0x00, 0x00, 0x00, 0x00, 0x00, 0x00, 0x00, 0x00, 0x00, 0x00, 0x00,
    0x00, 0x00, 0x00, 0x00, 0x00, 0x00, 0x00, 0x00, 0x00, 0x00, 0x00, 0x00,
    0x00, 0x00, 0x00, 0x00, 0x00, 0x00, 0x00, 0x00, 0x00, 0x00, 0x00, 0x00,
    0x00, 0x00, 0x00, 0x00, 0x00, 0x00, 0x00, 0x00, 0x00, 0x00, 0x00, 0x00,
    0x00, 0x00, 0x00, 0x00, 0x00, 0x00, 0x00, 0x00, 0x00, 0x00, 0x00, 0x00,
    0x00, 0x00, 0x00, 0x00, 0x00, 0x00, 0x00, 0x00, 0x00, 0x00, 0x00, 0x00,
    0x00, 0x00, 0x00, 0x00, 0x00, 0x00, 0x00, 0x00, 0x00, 0x00, 0x00, 0x00,
    0x00, 0x00, 0x00, 0x00, 0x00, 0x00, 0x00, 0x00, 0x00, 0x00, 0x00, 0x00,
    0x00, 0x00, 0x00, 0x00, 0x00, 0x00, 0x00, 0x00, 0x00, 0x00, 0x00, 0x00,
    0x00, 0x00, 0x00, 0x00, 0x00, 0x00, 0x00, 0x00, 0x00, 0x00, 0x00, 0x00,
    0x00, 0x00, 0x00, 0x00, 0x00, 0x00, 0x00, 0x00, 0x00, 0x00, 0x00, 0x00,
    0x00, 0x00, 0x00, 0x00, 0x00, 0x00, 0x00, 0x00, 0x00, 0x00, 0x14, 0x44,
    0x00, 0x00, 0x4F, 0xFF, 0x00, 0x00, 0x4F, 0xFF, 0x00, 0x00, 0x4F, 0xFF,
    0x00, 0x00, 0x00, 0x00, 0x00, 0x00, 0x00, 0x00, 0x00, 0x00, 0x00, 0x00,
    0x00, 0x00, 0x00, 0x00, 0x44, 0x40, 0x00, 0x00, 0xFF, 0xF0, 0x00, 0x00,
    0xFF, 0xF0, 0x00, 0x00, 0xFF, 0xF0, 0x00, 0x00, 0x00, 0x00, 0x00, 0x00,
    0x00, 0x00, 0x00, 0x00, 0x00, 0x00, 0x00, 0x00, 0x00, 0x00, 0x00, 0x00,
    0x00, 0x00, 0x00, 0x00, 0x00, 0x00, 0x00, 0x00, 0x00, 0x00, 0x00, 0x00,
    0x00, 0x00, 0x00, 0x00, 0x00, 0x00, 0x00, 0x00, 0x00, 0x00, 0x00, 0x00,
    0x00, 0x00, 0x00, 0x00, 0x00, 0x00, 0x00, 0x00, 0x00, 0x00, 0x00, 0x00,
    0x00, 0x00, 0x00, 0x00, 0x00, 0x00, 0x00, 0x00, 0x00, 0x00, 0x00, 0x00,
    0x00, 0x00, 0x4F, 0xFF, 0x00, 0x00, 0x4F, 0xFF, 0x00, 0x00, 0x3B, 0xBE,
    0x00, 0x00, 0x00, 0x1F, 0x00, 0x00, 0x00, 0x7F, 0x00, 0x00, 0x07, 0xFF,
    0x00, 0x00, 0x3F, 0xFD, 0x00, 0x00, 0x06, 0x60, 0xFF, 0xF0, 0x00, 0x00,
    0xFF, 0xF0, 0x00, 0x00, 0xFF, 0xE0, 0x00, 0x00, 0xFF, 0x90, 0x00, 0x00,
    0xFF, 0x40, 0x00, 0x00, 0xF8, 0x00, 0x00, 0x00, 0x50, 0x00, 0x00, 0x00,
    0x00, 0x00, 0x00, 0x00, 0x00, 0x00, 0x00, 0x00, 0x00, 0x00, 0x00, 0x00,
    0x00, 0x00, 0x00, 0x00, 0x00, 0x00, 0x00, 0x00, 0x00, 0x00, 0x00, 0x00,
    0x00, 0x00, 0x00, 0x00, 0x00, 0x00, 0x00, 0x00, 0x00, 0x00, 0x00, 0x00,
    0x00, 0x00, 0x00, 0x00, 0x00, 0x00, 0x00, 0x00, 0x00, 0x00, 0x00, 0x00,
    0x00, 0x00, 0x00, 0x00, 0x00, 0x00, 0x00, 0x00, 0x00, 0x00, 0x00, 0x00,
    0x00, 0x00, 0x00, 0x00, 0x00, 0x00, 0x00, 0x00, 0x00, 0x00, 0x00, 0x00,
    0x00, 0x00, 0x00, 0x00, 0x00, 0x00, 0x00, 0x00, 0x00, 0x00, 0x00, 0x00,
    0x00, 0x00, 0x00, 0x00, 0x00, 0x00, 0x00, 0x00, 0x00, 0x00, 0x00, 0x00,
    0x00, 0x00, 0x00, 0x00, 0x00, 0x00, 0x00, 0x00, 0x00, 0x00, 0x00, 0x00,
    0x00, 0x00, 0x00, 0x00, 0x00, 0x00, 0x00, 0x00, 0x00, 0x00, 0x00, 0x00,
    0x00, 0x00, 0x00, 0x00, 0x00, 0x00, 0x00, 0x00, 0x00, 0x00, 0x00, 0x00,
    0x00, 0x00, 0x00, 0x00, 0x00, 0x00, 0x00, 0x00, 0x00, 0x00, 0x00, 0x00,
    0x00, 0x00, 0x00, 0x00, 0x00, 0x00, 0x00, 0x00, 0x00, 0x00, 0x00, 0x00,
    0x00, 0x00, 0x00, 0x00, 0x00, 0x00, 0x00, 0x00, 0x00, 0x00, 0x00, 0x00,
    0x00, 0x00, 0x00, 0x00, 0x00, 0x00, 0x00, 0x00, 0x00, 0x00, 0x00, 0x00,
    0x00, 0x00, 0x00, 0x00, 0x00, 0x00, 0x00, 0x00, 0x00, 0x00, 0x00, 0x00,
    0x00, 0x00, 0x00, 0x00, 0x00, 0x00, 0x00, 0x00, 0x00, 0x00, 0x00, 0x00,
    0x00, 0x00, 0x00, 0x00, 0x00, 0x00, 0x00, 0x00, 0x00, 0x00, 0x00, 0x00,
    0x00, 0x00, 0x00, 0x00, 0x00, 0x00, 0x00, 0x00, 0x00, 0x00, 0x00, 0x00,
    0x00, 0x00, 0x00, 0x00, 0x00, 0x00, 0x00, 0x00, 0x00, 0x00, 0x00, 0x00,
    0x00, 0x00, 0x00, 0x00, 0x00, 0x00, 0x00, 0x00, 0x00, 0x00, 0x00, 0x00,
    0x00, 0x00, 0x00, 0x00, 0x00, 0x00, 0x00, 0x00, 0x00, 0x00, 0x00, 0x00,
    0x00, 0x00, 0x00, 0x00, 0x00, 0x00, 0x00, 0x00, 0x00, 0x00, 0x00, 0x00,
    0x00, 0x00, 0x00, 0x00, 0x00, 0x00, 0x00, 0x00, 0x00, 0x00, 0x00, 0x00,
    0x00, 0x00, 0x00, 0x00, 0x00, 0x00, 0x00, 0x00, 0x00, 0x00, 0x00, 0x00,
    0x00, 0x00, 0x00, 0x00, 0x00, 0x00, 0x00, 0x00, 0x00, 0x00, 0x00, 0x00,
    0x00, 0x00, 0x00, 0x00, 0x00, 0x00, 0x00, 0x00, 0x00, 0x00, 0x00, 0x00,
    0x00, 0x00, 0x00, 0x00, 0x00, 0x00, 0x00, 0x00, 0x00, 0x00, 0x00, 0x00,
    0x00, 0x00, 0x00, 0x00, 0x00, 0x00, 0x00, 0x00, 0x00, 0x00, 0x00, 0x00,
    0x00, 0x00, 0x00, 0x00, 0x00, 0x00, 0x14, 0x44, 0x00, 0x00, 0x00, 0x00,
    0x00, 0x00, 0x00, 0x00, 0x00, 0x00, 0x00, 0x00, 0x00, 0x00, 0x00, 0x00,
    0x00, 0x00, 0x00, 0x00, 0x00, 0x00, 0x00, 0x00, 0x00, 0x00, 0x00, 0x00,
    0x44, 0x40, 0x00, 0x00, 0x00, 0x00, 0x00, 0x00, 0x00, 0x00, 0x00, 0x00,
    0x00, 0x00, 0x00, 0x00, 0x00, 0x00, 0x00, 0x00, 0x00, 0x00, 0x00, 0x00,
    0x00, 0x00, 0x00, 0x00, 0x00, 0x00, 0x00, 0x00, 0x00, 0x00, 0x00, 0x00,
    0x00, 0x00, 0x00, 0x00, 0x00, 0x00, 0x00, 0x00, 0x00, 0x00, 0x00, 0x00,
    0x00, 0x00, 0x00, 0x00, 0x00, 0x00, 0x00, 0x00, 0x00, 0x00, 0x00, 0x00,
    0x00, 0x00, 0x00, 0x00, 0x00, 0x00, 0x00, 0x00, 0x00, 0x00, 0x4F, 0xFF,
    0x00, 0x00, 0x4F, 0xFF, 0x00, 0x00, 0x4F, 0xFF, 0x00, 0x00, 0x4F, 0xFF,
    0x00, 0x00, 0x4F, 0xFF, 0x00, 0x00, 0x4F, 0xFF, 0x00, 0x00, 0x00, 0x00,
    0x00, 0x00, 0x00, 0x00, 0xFF, 0xF0, 0x00, 0x00, 0xFF, 0xF0, 0x00, 0x00,
    0xFF, 0xF0, 0x00, 0x00, 0xFF, 0xF0, 0x00, 0x00, 0xFF, 0xF0, 0x00, 0x00,
    0xFF, 0xE0, 0x00, 0x00, 0x00, 0x00, 0x00, 0x00, 0x00, 0x00, 0x00, 0x00,
    0x00, 0x00, 0x00, 0x00, 0x00, 0x00, 0x00, 0x00, 0x00, 0x00, 0x00, 0x00,
    0x00, 0x00, 0x00, 0x00, 0x00, 0x00, 0x00, 0x00, 0x00, 0x00, 0x00, 0x00,
    0x00, 0x00, 0x00, 0x00, 0x00, 0x00, 0x00, 0x00, 0x00, 0x00, 0x00, 0x00,
    0x00, 0x00, 0x00, 0x00, 0x00, 0x00, 0x00, 0x00, 0x00, 0x00, 0x00, 0x00,
    0x00, 0x00, 0x00, 0x00, 0x00, 0x00, 0x00, 0x00, 0x00, 0x00, 0x00, 0x00,
    0x00, 0x00, 0x00, 0x00, 0x00, 0x00, 0x00, 0x00, 0x00, 0x00, 0x00, 0x00,
    0x00, 0x00, 0x00, 0x00, 0x00, 0x00, 0x00, 0x00, 0x00, 0x00, 0x00, 0x00,
    0x00, 0x00, 0x00, 0x00, 0x00, 0x00, 0x00, 0x00, 0x00, 0x00, 0x00, 0x00,
    0x00, 0x00, 0x00, 0x00, 0x00, 0x00, 0x00, 0x00, 0x00, 0x00, 0x00, 0x00,
    0x00, 0x00, 0x00, 0x00, 0x00, 0x00, 0x00, 0x00, 0x00, 0x00, 0x00, 0x00,
    0x00, 0x00, 0x00, 0x00, 0x00, 0x00, 0x00, 0x00, 0x00, 0x00, 0x00, 0x00,
    0x00, 0x00, 0x00, 0x00, 0x00, 0x00, 0x00, 0x00, 0x00, 0x00, 0x00, 0x00,
    0x00, 0x00, 0x00, 0x00, 0x00, 0x00, 0x00, 0x00, 0x00, 0x00, 0x00, 0x00,
    0x00, 0x00, 0x00, 0x00, 0x00, 0x00, 0x00, 0x00, 0x00, 0x00, 0x00, 0x00,
    0x00, 0x00, 0x00, 0x00, 0x00, 0x00, 0x00, 0x00, 0x00, 0x00, 0x00, 0x00,
    0x00, 0x00, 0x00, 0x00, 0x00, 0x00, 0x00, 0x00, 0x00, 0x00, 0x00, 0x00,
    0x00, 0x00, 0x00, 0x00, 0x00, 0x00, 0x00, 0x00, 0x00, 0x00, 0x00, 0x00,
    0x00, 0x00, 0x01, 0x8D, 0x00, 0x00, 0x2D, 0xFF, 0x00, 0x00, 0xBF, 0xFF,
    0x00, 0x04, 0xFF, 0xFF, 0x00, 0x07, 0xFF, 0xFF, 0x00, 0x00, 0x00, 0x00,
    0x00, 0x00, 0x00, 0x00, 0x10, 0x00, 0x00, 0x00, 0xFD, 0x81, 0x00, 0x00,
    0xFF, 0xFE, 0x30, 0x00, 0xFF, 0xFF, 0xC0, 0x00, 0xFF, 0xFF, 0xF4, 0x00,
    0xFF, 0xFF, 0xF7, 0x00, 0x00, 0x00, 0x00, 0x00, 0x00, 0x00, 0x00, 0x00,
    0x00, 0x00, 0x00, 0x00, 0x00, 0x00, 0x00, 0x00, 0x00, 0x00, 0x00, 0x00,
    0x00, 0x00, 0x00, 0x00, 0x00, 0x00, 0x00, 0x00, 0x00, 0x00, 0x00, 0x00,
    0x00, 0x00, 0x00, 0x00, 0x00, 0x00, 0x00, 0x00, 0x00, 0x00, 0x00, 0x00,
    0x00, 0x00, 0x00, 0x00, 0x00, 0x00, 0x00, 0x00, 0x00, 0x00, 0x00, 0x00,
    0x00, 0x00, 0x00, 0x00, 0x00, 0x00, 0x00, 0x00, 0x00, 0x07, 0xFF, 0xFF,
    0x00, 0x04, 0xFF, 0xFF, 0x00, 0x00, 0xCF, 0xFF, 0x00, 0x00, 0x3E, 0xFF,
    0x00, 0x00, 0x01, 0x9D, 0x00, 0x00, 0x00, 0x00, 0x00, 0x00, 0x00, 0x00,
    0x00, 0x00, 0x00, 0x00, 0xFF, 0xFF, 0xF7, 0x00, 0xFF, 0xFF, 0xF4, 0x00,
    0xFF, 0xFF, 0xB0, 0x00, 0xFF, 0xFD, 0x20, 0x00, 0xFD, 0x81, 0x00, 0x00,
    0x10, 0x00, 0x00, 0x00, 0x00, 0x00, 0x00, 0x00, 0x00, 0x00, 0x00, 0x00,
    0x00, 0x00, 0x00, 0x00, 0x00, 0x00, 0x00, 0x00, 0x00, 0x00, 0x00, 0x00,
    0x00, 0x00, 0x00, 0x00, 0x00, 0x00, 0x00, 0x00, 0x00, 0x00, 0x00, 0x00,
    0x00, 0x00, 0x00, 0x00, 0x00, 0x00, 0x00, 0x00, 0x00, 0x00, 0x00, 0x00,
    0x00, 0x00, 0x00, 0x00, 0x00, 0x00, 0x00, 0x00, 0x00, 0x00, 0x00, 0x00,
    0x00, 0x00, 0x00, 0x00, 0x00, 0x00, 0x00, 0x00, 0x00, 0x00, 0x00, 0x00,
    0x00, 0x00, 0x00, 0x00, 0x00, 0x00, 0x00, 0x00, 0x00, 0x00, 0x00, 0x00,
    0x00, 0x00, 0x00, 0x00, 0x00, 0x00, 0x00, 0x00, 0x00, 0x00, 0x00, 0x00,
    0x00, 0x00, 0x00, 0x00, 0x00, 0x00, 0x00, 0x00, 0x00, 0x00, 0x00, 0x00,
    0x00, 0x00, 0x00, 0x00, 0x00, 0x00, 0x00, 0x00, 0x00, 0x00, 0x00, 0x00,
    0x00, 0x00, 0x00, 0x00, 0x00, 0x00, 0x00, 0x00, 0x00, 0x00, 0x00, 0x00,
    0x00, 0x00, 0x00, 0x00, 0x00, 0x00, 0x00, 0x00, 0x00, 0x00, 0x00, 0x00,
    0x00, 0x00, 0x00, 0x00, 0x00, 0x00, 0x00, 0x00, 0x00, 0x00, 0x00, 0x00,
    0x00, 0x00, 0x00, 0x00, 0x00, 0x00, 0x00, 0x00, 0x00, 0x00, 0x00, 0x00,
    0x00, 0x00, 0x00, 0x00, 0x00, 0x00, 0x00, 0x00, 0x00, 0x00, 0x00, 0x00,
    0x00, 0x00, 0x00, 0x00, 0x00, 0x00, 0x00, 0x00, 0x00, 0x00, 0x00, 0x00,
    0x00, 0x00, 0x00, 0x00, 0x00, 0x00, 0x00, 0x00, 0x00, 0x00, 0x00, 0x00,
    0x00, 0x00, 0x00, 0x00, 0x00, 0x00, 0x00, 0x00, 0x00, 0x00, 0x00, 0x00,
    0x00, 0x00, 0x00, 0x00, 0x00, 0x00, 0x00, 0x00, 0x00, 0x00, 0x00, 0x00,
    0x00, 0x00, 0x00, 0x00, 0x00, 0x00, 0x00, 0x00, 0x00, 0x00, 0x00, 0x00,
    0x00, 0x00, 0x00, 0x00, 0x00, 0x00, 0x00, 0x00, 0x00, 0x00, 0x00, 0x00,
    0x00, 0x00, 0x00, 0x00, 0x00, 0x00, 0x00, 0x00, 0x00, 0x00, 0x00, 0x00,
    0x00, 0x00, 0x00, 0x00, 0x00, 0x00, 0x00, 0x00, 0x00, 0x00, 0x00, 0x00,
    0x00, 0x00, 0x00, 0x00, 0x00, 0x00, 0x00, 0x00, 0x00, 0x00, 0x00, 0x00,
    0x00, 0x00, 0x00, 0x00, 0x00, 0x00, 0x00, 0x00, 0x00, 0x00, 0x00, 0x00,
    0x00, 0x00, 0x00, 0x00, 0x00, 0x00, 0x00, 0x00, 0x00, 0x00, 0x00, 0x00,
    0x00, 0x00, 0x00, 0x00, 0x00, 0x00, 0x00, 0x00, 0x00, 0x00, 0x00, 0x00,
    0x00, 0x00, 0x00, 0x00, 0x00, 0x00, 0x00, 0x00, 0x00, 0x00, 0x00, 0x00,
    0x00, 0x00, 0x00, 0x00, 0x00, 0x00, 0x08, 0xCB, 0x00, 0x00, 0x0B, 0xFF,
    0x00, 0x00, 0x0B, 0xFF, 0x00, 0x00, 0x0B, 0xFF, 0x00, 0x00, 0x0B, 0xFF,
    0x00, 0x00, 0x0B, 0xFF, 0x00, 0x00, 0x00, 0x00, 0x00, 0x00, 0x00, 0x00,
    0xBB, 0xC5, 0x00, 0x00, 0xFF, 0xF8, 0x00, 0x00, 0xFF, 0xF8, 0x00, 0x00,
    0xFF, 0xF8, 0x00, 0x00, 0xFF, 0xF8, 0x00, 0x00, 0xFF, 0xF8, 0x00, 0x00,
    0x00, 0x00, 0x00, 0x00, 0x00, 0x00, 0x00, 0x00, 0x00, 0x00, 0x00, 0x00,
    0x00, 0x00, 0x00, 0x00, 0x00, 0x00, 0x00, 0x00, 0x00, 0x00, 0x00, 0x00,
    0x00, 0x00, 0x00, 0x00, 0x00, 0x00, 0x00, 0x00, 0x00, 0x00, 0x00, 0x00,
    0x00, 0x00, 0x00, 0x00, 0x00, 0x00, 0x00, 0x00, 0x00, 0x00, 0x00, 0x00,
    0x00, 0x00, 0x00, 0x00, 0x00, 0x00, 0x00, 0x00, 0x00, 0x00, 0x00, 0x00,
    0x00, 0x00, 0x00, 0x00, 0x00, 0x00, 0x05, 0x88, 0x00, 0x00, 0x00, 0x00,
    0x00, 0x00, 0x00, 0x00, 0x00, 0x00, 0x00, 0x00, 0x00, 0x00, 0x00, 0x00,
    0x00, 0x00, 0x03, 0x44, 0x00, 0x00, 0x0B, 0xFF, 0x00, 0x00, 0x0B, 0xFF,
    0x88, 0x84, 0x00, 0x00, 0x00, 0x00, 0x00, 0x00, 0x00, 0x00, 0x00, 0x00,
    0x00, 0x00, 0x00, 0x00, 0x00, 0x00, 0x00, 0x00, 0x44, 0x42, 0x00, 0x00,
    0xFF, 0xF8, 0x00, 0x00, 0xFF, 0xF8, 0x00, 0x00, 0x00, 0x00, 0x00, 0x00,
    0x00, 0x00, 0x00, 0x00, 0x00, 0x00, 0x00, 0x00, 0x00, 0x00, 0x00, 0x00,
    0x00, 0x00, 0x00, 0x00, 0x00, 0x00, 0x00, 0x00, 0x00, 0x00, 0x00, 0x00,
    0x00, 0x00, 0x00, 0x00, 0x00, 0x00, 0x00, 0x00, 0x00, 0x00, 0x00, 0x00,
    0x00, 0x00, 0x00, 0x00, 0x00, 0x00, 0x00, 0x00, 0x00, 0x00, 0x00, 0x00,
    0x00, 0x00, 0x00, 0x00, 0x00, 0x00, 0x00, 0x00, 0x00, 0x00, 0x00, 0x00,
    0x00, 0x00, 0x0B, 0xFF, 0x00, 0x00, 0x0B, 0xFF, 0x00, 0x00, 0x0B, 0xFF,
    0x00, 0x00, 0x0A, 0xFF, 0x00, 0x00, 0x00, 0x10, 0x00, 0x00, 0x00, 0x00,
    0x00, 0x00, 0x00, 0x00, 0x00, 0x00, 0x00, 0x00, 0xFF, 0xF8, 0x00, 0x00,
    0xFF, 0xF8, 0x00, 0x00, 0xFF, 0xF8, 0x00, 0x00, 0xFF, 0xF7, 0x00, 0x00,
    0x00, 0x10, 0x00, 0x00, 0x00, 0x00, 0x00, 0x00, 0x00, 0x00, 0x00, 0x00,
    0x00, 0x00, 0x00, 0x00, 0x00, 0x00, 0x00, 0x00, 0x00, 0x00, 0x00, 0x00,
    0x00, 0x00, 0x00, 0x00, 0x00, 0x00, 0x00, 0x00, 0x00, 0x00, 0x00, 0x00,
    0x00, 0x00, 0x00, 0x00, 0x00, 0x00, 0x00, 0x00, 0x00, 0x00, 0x00, 0x00,
    0x00, 0x00, 0x00, 0x00, 0x00, 0x00, 0x00, 0x00, 0x00, 0x00, 0x00, 0x00,
    0x00, 0x00, 0x00, 0x00, 0x00, 0x00, 0x00, 0x00, 0x00, 0x00, 0x00, 0x00,
    0x00, 0x00, 0x00, 0x00, 0x00, 0x00, 0x00, 0x00, 0x00, 0x00, 0x00, 0x00,
    0x00, 0x00, 0x00, 0x00, 0x00, 0x00, 0x00, 0x00, 0x00, 0x00, 0x00, 0x00,
    0x00, 0x00, 0x00, 0x00, 0x00, 0x00, 0x00, 0x00, 0x00, 0x00, 0x00, 0x00,
    0x00, 0x00, 0x00, 0x00, 0x00, 0x00, 0x00, 0x00, 0x00, 0x00, 0x00, 0x00,
    0x00, 0x00, 0x00, 0x00, 0x00, 0x00, 0x00, 0x00, 0x00, 0x00, 0x00, 0x00,
    0x00, 0x00, 0x00, 0x00, 0x00, 0x00, 0x00, 0x00, 0x00, 0x00, 0x00, 0x00,
    0x00, 0x00, 0x00, 0x00, 0x00, 0x00, 0x00, 0x00, 0x00, 0x00, 0x00, 0x00,
    0x00, 0x00, 0x00, 0x00, 0x00, 0x00, 0x00, 0x00, 0x00, 0x00, 0x00, 0x00,
    0x00, 0x00, 0x00, 0x00, 0x00, 0x00, 0x00, 0x00, 0x00, 0x00, 0x00, 0x00,
    0x00, 0x00, 0x00, 0x00, 0x00, 0x00, 0x00, 0x00, 0x00, 0x00, 0x00, 0x00,
    0x00, 0x00, 0x00, 0x00, 0x00, 0x00, 0x00, 0x00, 0x00, 0x00, 0x00, 0x00,
    0x00, 0x00, 0x00, 0x00, 0x00, 0x00, 0x00, 0x00, 0x00, 0x00, 0x00, 0x00,
    0x00, 0x00, 0x05, 0xCB, 0x00, 0x00, 0x08, 0xFF, 0x00, 0x00, 0x08, 0xFF,
    0x00, 0x00, 0x08, 0xFF, 0x00, 0x00, 0x08, 0xFF, 0x00, 0x00, 0x08, 0xFF,
    0x00, 0x00, 0x00, 0x00, 0x00, 0x00, 0x00, 0x00, 0xBB, 0xC8, 0x00, 0x00,
    0xFF, 0xFB, 0x00, 0x00, 0xFF, 0xFB, 0x00, 0x00, 0xFF, 0xFB, 0x00, 0x00,
    0xFF, 0xFB, 0x00, 0x00, 0xFF, 0xFB, 0x00, 0x00, 0x00, 0x00, 0x00, 0x00,
    0x00, 0x00, 0x00, 0x00, 0x00, 0x00, 0x00, 0x00, 0x00, 0x00, 0x00, 0x00,
    0x00, 0x00, 0x00, 0x00, 0x00, 0x00, 0x00, 0x00, 0x00, 0x00, 0x00, 0x00,
    0x00, 0x00, 0x00, 0x00, 0x00, 0x00, 0x00, 0x00, 0x00, 0x00, 0x00, 0x00,
    0x00, 0x00, 0x00, 0x00, 0x00, 0x00, 0x00, 0x00, 0x00, 0x00, 0x00, 0x00,
    0x00, 0x00, 0x00, 0x00, 0x00, 0x00, 0x00, 0x00, 0x00, 0x00, 0x00, 0x00,
    0x00, 0x00, 0x04, 0x88, 0x00, 0x00, 0x00, 0x00, 0x00, 0x00, 0x00, 0x00,
    0x00, 0x00, 0x00, 0x00, 0x00, 0x00, 0x00, 0x00, 0x00, 0x00, 0x02, 0x44,
    0x00, 0x00, 0x08, 0xFF, 0x00, 0x00, 0x08, 0xFF, 0x88, 0x85, 0x00, 0x00,
    0x00, 0x00, 0x00, 0x00, 0x00, 0x00, 0x00, 0x00, 0x00, 0x00, 0x00, 0x00,
    0x00, 0x00, 0x00, 0x00, 0x44, 0x43, 0x00, 0x00, 0xFF, 0xFB, 0x00, 0x00,
    0xFF, 0xFB, 0x00, 0x00, 0x00, 0x00, 0x00, 0x00, 0x00, 0x00, 0x00, 0x00,
    0x00, 0x00, 0x00, 0x00, 0x00, 0x00, 0x00, 0x00, 0x00, 0x00, 0x00, 0x00,
    0x00, 0x00, 0x00, 0x00, 0x00, 0x00, 0x00, 0x00, 0x00, 0x00, 0x00, 0x00,
    0x00, 0x00, 0x00, 0x00, 0x00, 0x00, 0x00, 0x00, 0x00, 0x00, 0x00, 0x00,
    0x00, 0x00, 0x00, 0x00, 0x00, 0x00, 0x00, 0x00, 0x00, 0x00, 0x00, 0x00,
    0x00, 0x00, 0x00, 0x00, 0x00, 0x00, 0x00, 0x00, 0x00, 0x00, 0x08, 0xFF,
    0x00, 0x00, 0x08, 0xFF, 0x00, 0x00, 0x08, 0xFF, 0x00, 0x00, 0x05, 0xCB,
    0x00, 0x00, 0x00, 0x04, 0x00, 0x00, 0x00, 0x0A, 0x00, 0x00, 0x01, 0xAF,
    0x00, 0x00, 0x06, 0xFF, 0xFF, 0xFB, 0x00, 0x00, 0xFF, 0xFB, 0x00, 0x00,
    0xFF, 0xFB, 0x00, 0x00, 0xFF, 0xFA, 0x00, 0x00, 0xFF, 0xF6, 0x00, 0x00,
    0xFF, 0xE1, 0x00, 0x00, 0xFF, 0x60, 0x00, 0x00, 0xC3, 0x00, 0x00, 0x00,
    0x00, 0x00, 0x00, 0x00, 0x00, 0x00, 0x00, 0x00, 0x00, 0x00, 0x00, 0x00,
    0x00, 0x00, 0x00, 0x00, 0x00, 0x00, 0x00, 0x00, 0x00, 0x00, 0x00, 0x00,
    0x00, 0x00, 0x00, 0x00, 0x00, 0x00, 0x00, 0x00, 0x00, 0x00, 0x00, 0x00,
    0x00, 0x00, 0x00, 0x00, 0x00, 0x00, 0x00, 0x00, 0x00, 0x00, 0x00, 0x00,
    0x00, 0x00, 0x00, 0x00, 0x00, 0x00, 0x00, 0x00, 0x00, 0x00, 0x00, 0x00,
    0x00, 0x00, 0x00, 0x01, 0x00, 0x00, 0x00, 0x00, 0x00, 0x00, 0x00, 0x00,
    0x00, 0x00, 0x00, 0x24, 0x00, 0x04, 0xAE, 0xFF, 0x02, 0xBF, 0xFF, 0xFF,
    0x1D, 0xFF, 0xFF, 0x71, 0x9F, 0xFF, 0xF8, 0x00, 0xFF, 0xFF, 0xF3, 0x00,
    0x00, 0x00, 0x00, 0x00, 0x00, 0x00, 0x00, 0x00, 0x44, 0x30, 0x00, 0x00,
    0xFF, 0xFF, 0xC7, 0x20, 0xFF, 0xFF, 0xFF, 0xE6, 0x03, 0xAF, 0xFF, 0xFF,
    0x00, 0x0B, 0xFF, 0xFF, 0x00, 0x06, 0xFF, 0xFF, 0x00, 0x00, 0x00, 0x00,
    0x00, 0x00, 0x00, 0x00, 0x00, 0x00, 0x00, 0x00, 0x00, 0x00, 0x00, 0x00,
    0x00, 0x00, 0x00, 0x00, 0x60, 0x00, 0x00, 0x00, 0xE1, 0x00, 0x00, 0x00,
    0xF5, 0x00, 0x00, 0x00, 0x00, 0x00, 0x00, 0x05, 0x00, 0x00, 0x00, 0x02,
    0x00, 0x00, 0x00, 0x00, 0x00, 0x00, 0x00, 0x00, 0x00, 0x00, 0x00, 0x00,
    0x00, 0x00, 0x00, 0x00, 0x00, 0x00, 0x00, 0x00, 0x00, 0x00, 0x00, 0x00,
    0xFF, 0xFF, 0xF0, 0x00, 0x46, 0x8B, 0xB0, 0x00, 0x00, 0x00, 0x00, 0x00,
    0x00, 0x00, 0x00, 0x00, 0x00, 0x00, 0x00, 0x00, 0x00, 0x00, 0x00, 0x00,
    0x00, 0x00, 0x00, 0x09, 0x00, 0x00, 0x00, 0x8F, 0x00, 0x04, 0xFF, 0xFF,
    0x00, 0x04, 0xFF, 0xFF, 0x00, 0x08, 0xFF, 0xFF, 0x00, 0x3E, 0xFF, 0xFF,
    0x03, 0xEF, 0xFF, 0xFC, 0x7F, 0xFF, 0xFF, 0x91, 0xFF, 0xFF, 0xD4, 0x00,
    0xFF, 0xFC, 0x10, 0x00, 0xF8, 0x00, 0x00, 0x00, 0xF7, 0x00, 0x00, 0x00,
    0xF4, 0x00, 0x00, 0x00, 0xC0, 0x00, 0x00, 0x00, 0x10, 0x00, 0x00, 0x00,
    0x00, 0x00, 0x00, 0x00, 0x00, 0x00, 0x00, 0x00, 0x00, 0x00, 0x00, 0x00,
    0x00, 0x00, 0x00, 0x00, 0x00, 0x00, 0x00, 0x00, 0x00, 0x00, 0x00, 0x00,
    0x00, 0x00, 0x00, 0x00, 0x00, 0x00, 0x00, 0x00, 0x00, 0x00, 0x00, 0x00,
    0x00, 0x00, 0x00, 0x00, 0x00, 0x00, 0x00, 0x00, 0x00, 0x00, 0x02, 0xFF,
    0x00, 0x00, 0x07, 0xFF, 0x00, 0x00, 0x09, 0xFF, 0x00, 0x00, 0x0B, 0xFF,
    0x00, 0x00, 0x0B, 0xFF, 0x00, 0x00, 0x03, 0x44, 0x00, 0x00, 0x00, 0x00,
    0x00, 0x00, 0x08, 0xCB, 0xFF, 0xF4, 0x00, 0x00, 0xFF, 0xE0, 0x00, 0x00,
    0xFF, 0xB0, 0x00, 0x00, 0xFF, 0xB0, 0x00, 0x00, 0xFF, 0xB0, 0x00, 0x00,
    0x44, 0x30, 0x00, 0x00, 0x00, 0x00, 0x00, 0x00, 0xBC, 0x80, 0x00, 0x00,
    0x00, 0x00, 0x00, 0x00, 0x00, 0x00, 0x00, 0x00, 0x00, 0x00, 0x00, 0x00,
    0x00, 0x00, 0x00, 0x00, 0x00, 0x00, 0x00, 0x00, 0x00, 0x00, 0x00, 0x00,
    0x00, 0x00, 0x00, 0x00, 0x00, 0x00, 0x00, 0x00, 0x00, 0x00, 0x00, 0x00,
    0x00, 0x00, 0x00, 0x00, 0x00, 0x00, 0x00, 0x00, 0x00, 0x00, 0x00, 0x00,
    0x00, 0x00, 0x00, 0x00, 0x00, 0x00, 0x00, 0x00, 0x00, 0x00, 0x00, 0x00,
    0x00, 0x00, 0x00, 0x00, 0x00, 0x00, 0x0B, 0xFF, 0x00, 0x00, 0x0B, 0xFF,
    0x00, 0x00, 0x0B, 0xFF, 0x00, 0x00, 0x0B, 0xFF, 0x00, 0x00, 0x0A, 0xFF,
    0x00, 0x00, 0x00, 0x10, 0x00, 0x00, 0x00, 0x00, 0x00, 0x00, 0x00, 0x00,
    0xFF, 0xB0, 0x00, 0x00, 0xFF, 0xB0, 0x00, 0x00, 0xFF, 0xB0, 0x00, 0x00,
    0xFF, 0xB0, 0x00, 0x00, 0xFF, 0xA0, 0x00, 0x00, 0x01, 0x00, 0x00, 0x00,
    0x00, 0x00, 0x00, 0x00, 0x00, 0x00, 0x00, 0x00, 0x00, 0x00, 0x00, 0x00,
    0x00, 0x00, 0x00, 0x00, 0x00, 0x00, 0x00, 0x00, 0x00, 0x00, 0x00, 0x00,
    0x00, 0x00, 0x00, 0x00, 0x00, 0x00, 0x00, 0x00, 0x00, 0x00, 0x00, 0x00,
    0x00, 0x00, 0x00, 0x00, 0x00, 0x00, 0x00, 0x00, 0x00, 0x00, 0x00, 0x00,
    0x00, 0x00, 0x00, 0x00, 0x00, 0x00, 0x00, 0x00, 0x00, 0x00, 0x00, 0x00,
    0x00, 0x00, 0x00, 0x00, 0x00, 0x00, 0x00, 0x00, 0x00, 0x00, 0x00, 0x00,
    0x00, 0x00, 0x00, 0x00, 0x00, 0x00, 0x00, 0x00, 0x00, 0x00, 0x00, 0x00,
    0x00, 0x00, 0x08, 0xCB, 0x00, 0x00, 0x0B, 0xFF, 0x00, 0x00, 0x0B, 0xFF,
    0x00, 0x00, 0x08, 0xFF, 0x00, 0x00, 0x08, 0xFF, 0x00, 0x00, 0x00, 0x00,
    0x00, 0x00, 0x00, 0x00, 0x00, 0x00, 0x00, 0x00, 0xBB, 0xC8, 0x00, 0x00,
    0xFF, 0xFB, 0x00, 0x00, 0xFF, 0xFB, 0x00, 0x00, 0xFF, 0xF8, 0x00, 0x00,
    0xFF, 0xF8, 0x00, 0x00, 0x00, 0x00, 0x00, 0x00, 0x00, 0x00, 0x00, 0x00,
    0x00, 0x00, 0x00, 0x00, 0x00, 0x00, 0x00, 0x00, 0x00, 0x00, 0x00, 0x00,
    0x00, 0x00, 0x00, 0x00, 0x00, 0x00, 0x00, 0x00, 0x00, 0x00, 0x00, 0x00,
    0x00, 0x00, 0x00, 0x00, 0x00, 0x00, 0x00, 0x00, 0x00, 0x00, 0x00, 0x00,
    0x00, 0x00, 0x00, 0x00, 0x00, 0x00, 0x00, 0x00, 0x00, 0x00, 0x00, 0x00,
    0x00, 0x00, 0x00, 0x00, 0x00, 0x00, 0x00, 0x00, 0x00, 0x00, 0x08, 0xFF,
    0x00, 0x00, 0x07, 0xFF, 0x00, 0x00, 0x04, 0xFF, 0x00, 0x00, 0x04, 0xFF,
    0x00, 0x00, 0x04, 0xFF, 0x00, 0x00, 0x03, 0xFF, 0x00, 0x00, 0x00, 0xFF,
    0x00, 0x00, 0x00, 0xFF, 0xFF, 0xF8, 0x00, 0x00, 0xFF, 0xF7, 0x00, 0x00,
    0xFF, 0xF4, 0x00, 0x00, 0xFF, 0xF4, 0x00, 0x00, 0xFF, 0xF4, 0x00, 0x00,
    0xFF, 0xF3, 0x00, 0x00, 0xFF, 0xF0, 0x00, 0x00, 0xFF, 0xF0, 0x00, 0x00,
    0x00, 0x00, 0x00, 0x00, 0x00, 0x00, 0x00, 0x00, 0x00, 0x00, 0x00, 0x00,
    0x00, 0x00, 0x00, 0x00, 0x00, 0x00, 0x00, 0x00, 0x00, 0x00, 0x00, 0x00,
    0x00, 0x00, 0x00, 0x00, 0x00, 0x00, 0x00, 0x00, 0x00, 0x00, 0x00, 0x00,
    0x00, 0x00, 0x00, 0x00, 0x00, 0x00, 0x00, 0x00, 0x00, 0x00, 0x00, 0x00,
    0x00, 0x00, 0x00, 0x00, 0x00, 0x00, 0x00, 0x00, 0x00, 0x00, 0x00, 0x00,
    0x00, 0x00, 0x00, 0x00, 0x00, 0x00, 0x00, 0xFF, 0x00, 0x00, 0x00, 0xDF,
    0x00, 0x00, 0x00, 0xBF, 0x00, 0x00, 0x00, 0xBF, 0x00, 0x00, 0x00, 0xBF,
    0x00, 0x00, 0x00, 0x34, 0x00, 0x00, 0x00, 0x00, 0x00, 0x00, 0x03, 0xBB,
    0xFF, 0xF0, 0x00, 0x00, 0xFF, 0xD0, 0x00, 0x00, 0xFF, 0xB0, 0x00, 0x00,
    0xFF, 0xB0, 0x00, 0x00, 0xFF, 0xB0, 0x00, 0x00, 0x44, 0x30, 0x00, 0x00,
    0x00, 0x00, 0x00, 0x00, 0xBB, 0xB3, 0x00, 0x00, 0x00, 0x00, 0x00, 0x00,
    0x00, 0x00, 0x00, 0x00, 0x00, 0x00, 0x00, 0x00, 0x00, 0x00, 0x00, 0x00,
    0x00, 0x00, 0x00, 0x00, 0x00, 0x00, 0x00, 0x00, 0x00, 0x00, 0x00, 0x00,
    0x00, 0x00, 0x00, 0x00, 0x00, 0x00, 0x00, 0x00, 0x00, 0x00, 0x00, 0x00,
    0x00, 0x00, 0x00, 0x00, 0x00, 0x00, 0x00, 0x00, 0x00, 0x00, 0x00, 0x00,
    0x00, 0x00, 0x00, 0x00, 0x00, 0x00, 0x00, 0x00, 0x00, 0x00, 0x00, 0x00,
    0x00, 0x00, 0x04, 0xFF, 0x00, 0x00, 0x04, 0xFF, 0x00, 0x00, 0x04, 0xFF,
    0x00, 0x00, 0x04, 0xFF, 0x00, 0x00, 0x04, 0xFF, 0x00, 0x00, 0x00, 0x00,
    0x00, 0x00, 0x00, 0x00, 0x00, 0x00, 0x00, 0x00, 0xFF, 0xF4, 0x00, 0x00,
    0xFF, 0xF4, 0x00, 0x00, 0xFF, 0xF4, 0x00, 0x00, 0xFF, 0xF4, 0x00, 0x00,
    0xFF, 0xF4, 0x00, 0x00, 0x00, 0x00, 0x00, 0x00, 0x00, 0x00, 0x00, 0x00,
    0x00, 0x00, 0x00, 0x00, 0x00, 0x00, 0x00, 0x00, 0x00, 0x00, 0x00, 0x00,
    0x00, 0x00, 0x00, 0x00, 0x00, 0x00, 0x00, 0x00, 0x00, 0x00, 0x00, 0x00,
    0x00, 0x00, 0x00, 0x00, 0x00, 0x00, 0x00, 0x00, 0x00, 0x00, 0x00, 0x00,
    0x00, 0x00, 0x00, 0x00, 0x00, 0x00, 0x00, 0x00, 0x00, 0x00, 0x00, 0x00,
    0x00, 0x00, 0x00, 0x00, 0x00, 0x00, 0x00, 0x00, 0x00, 0x00, 0x00, 0x00,
    0x00, 0x00, 0x00, 0x00, 0x00, 0x00, 0x00, 0x00, 0x00, 0x00, 0x06, 0xFF,
    0x00, 0x00, 0x3F, 0xFF, 0x00, 0x01, 0xEF, 0xFF, 0x00, 0x0C, 0xFF, 0xE5,
    0x00, 0x8F, 0xF9, 0x10, 0x00, 0x11, 0x00, 0x00, 0x00, 0x00, 0x00, 0x00,
    0x00, 0x00, 0x00, 0x00, 0xFF, 0xFC, 0x10, 0x00, 0xFF, 0xFF, 0xB0, 0x00,
    0xCE, 0xFF, 0xF8, 0x00, 0x01, 0xAF, 0xFF, 0x50, 0x00, 0x04, 0xDF, 0xD2,
    0x00, 0x00, 0x00, 0x10, 0x00, 0x00, 0x00, 0x00, 0x00, 0x00, 0x00, 0x00,
    0x00, 0x00, 0x00, 0x00, 0x00, 0x00, 0x00, 0x00, 0x00, 0x00, 0x00, 0x00,
    0x00, 0x00, 0x00, 0x00, 0x00, 0x00, 0x00, 0x00, 0x00, 0x00, 0x00, 0x00,
    0x00, 0x00, 0x00, 0x00, 0x00, 0x00, 0x00, 0x00, 0x00, 0x00, 0x00, 0x00,
    0x00, 0x00, 0x00, 0x00, 0x00, 0x00, 0x00, 0x00, 0x00, 0x00, 0x00, 0x00,
    0x00, 0x00, 0x00, 0x00, 0x00, 0x00, 0x00, 0x00, 0x00, 0x00, 0x00, 0x00,
    0x00, 0x00, 0x00, 0x00, 0x00, 0x00, 0x00, 0x00, 0x00, 0x00, 0x00, 0x00,
    0x00, 0x00, 0x00, 0x00, 0x00, 0x00, 0x00, 0x00, 0x00, 0x00, 0x00, 0x00,
    0x00, 0x00, 0x00, 0x00, 0x00, 0x00, 0x00, 0x00, 0x00, 0x00, 0x00, 0x00,
    0x00, 0x00, 0x00, 0x00, 0x00, 0x00, 0x00, 0x00, 0x00, 0x00, 0x00, 0x00,
    0x00, 0x00, 0x00, 0x00, 0x00, 0x00, 0x00, 0x00, 0x00, 0x00, 0x00, 0x00,
    0x00, 0x00, 0x00, 0x00, 0x00, 0x00, 0x00, 0x00, 0x00, 0x00, 0x00, 0x00,
    0x00, 0x00, 0x00, 0x00, 0x00, 0x00, 0x00, 0x00, 0x00, 0x00, 0x00, 0x00,
    0x00, 0x00, 0x00, 0x00, 0x00, 0x00, 0x00, 0x00, 0x00, 0x00, 0x00, 0x00,
    0x00, 0x00, 0x00, 0x00, 0x00, 0x00, 0x00, 0x00, 0x00, 0x00, 0x00, 0x00,
    0x00, 0x00, 0x00, 0x00, 0x00, 0x00, 0x00, 0x00, 0x00, 0x00, 0x00, 0x00,
    0x00, 0x00, 0x00, 0x00, 0x00, 0x00, 0x00, 0x00, 0x00, 0x00, 0x00, 0x00,
    0x00, 0x00, 0x00, 0x00, 0x00, 0x00, 0x00, 0x00, 0x00, 0x00, 0x00, 0x00,
    0x00, 0x00, 0x00, 0x00, 0x00, 0x00, 0x00, 0x00, 0x00, 0x00, 0x00, 0x00,
    0x00, 0x00, 0x00, 0x00, 0x00, 0x00, 0x00, 0x00, 0x00, 0x00, 0x00, 0x00,
    0x00, 0x00, 0x00, 0x00, 0x00, 0x00, 0x00, 0x00, 0x00, 0x00, 0x00, 0x00,
    0x00, 0x00, 0x00, 0x00, 0x00, 0x00, 0x00, 0x00, 0x00, 0x00, 0x00, 0x00,
    0x00, 0x00, 0x00, 0x00, 0x00, 0x00, 0x00, 0x00, 0x00, 0x00, 0x00, 0x00,
    0x00, 0x00, 0x00, 0x00, 0x00, 0x00, 0x00, 0x00, 0x00, 0x00, 0x00, 0x00,
    0x00, 0x00, 0x00, 0x00, 0x00, 0x00, 0x00, 0x00, 0x00, 0x00, 0x00, 0x00,
    0x00, 0x00, 0x00, 0x00, 0x00, 0x00, 0x00, 0x00, 0x00, 0x00, 0x00, 0x00,
    0x00, 0x00, 0x00, 0x00, 0x00, 0x00, 0x00, 0x00, 0x00, 0x00, 0x00, 0x00,
    0x00, 0x00, 0x00, 0x00, 0x00, 0x00, 0x00, 0x00, 0x00, 0x00, 0x00, 0x00,
    0x00, 0x00, 0x00, 0x00, 0x00, 0x00, 0x00, 0x00, 0x00, 0x00, 0x00, 0x00,
    0x00, 0x00, 0x00, 0x00, 0x00, 0x00, 0x00, 0x00, 0x00, 0x00, 0x00, 0x00,
    0x00, 0x00, 0x00, 0x00, 0x00, 0x00, 0x00, 0x00, 0x00, 0x00, 0x00, 0x00,
    0x00, 0x00, 0x00, 0x00, 0x00, 0x00, 0x00, 0x00, 0x00, 0x00, 0x00, 0x00,
    0x00, 0x00, 0x00, 0x00, 0x00, 0x00, 0x00, 0x00, 0x00, 0x00, 0x00, 0x00,
    0x00, 0x00, 0x00, 0x00, 0x00, 0x00, 0x00, 0x00, 0x00, 0x00, 0x00, 0x00,
    0x00, 0x00, 0x00, 0x00, 0x00, 0x00, 0x00, 0x00, 0x00, 0x00, 0x00, 0x00,
    0x00, 0x00, 0x00, 0x00, 0x00, 0x00, 0x00, 0x00, 0x00, 0x00, 0x00, 0x00,
    0x00, 0x00, 0x00, 0x00, 0x00, 0x00, 0x00, 0x00, 0x00, 0x00, 0x00, 0x00,
    0x00, 0x00, 0x00, 0x00, 0x00, 0x00, 0x00, 0x00, 0x00, 0x00, 0x00, 0x00,
    0x00, 0x00, 0x00, 0x00, 0x00, 0x00, 0x00, 0x00, 0x00, 0x00, 0x00, 0x00,
    0x00, 0x00, 0x00, 0x00, 0x00, 0x00, 0x00, 0x00, 0x00, 0x00, 0x00, 0x00,
    0x00, 0x00, 0x00, 0x00, 0x00, 0x00, 0x00, 0x00, 0x00, 0x00, 0x00, 0x00,
    0x00, 0x00, 0x00, 0x00, 0x00, 0x00, 0x00, 0x00, 0x00, 0x00, 0x00, 0x00,
    0x00, 0x00, 0x00, 0x00, 0x00, 0x00, 0x00, 0x00, 0x00, 0x00, 0x00, 0x00,
    0x00, 0x00, 0x00, 0x00, 0x00, 0x00, 0x00, 0x00, 0x00, 0x00, 0x00, 0x00,
    0x00, 0x00, 0x00, 0x00, 0x00, 0x00, 0x00, 0x00, 0x00, 0x00, 0x00, 0x00,
    0x00, 0x00, 0x00, 0x00, 0x00, 0x00, 0x00, 0x00, 0x00, 0x00, 0x00, 0x00,
    0x00, 0x00, 0x00, 0x00, 0x00, 0x00, 0x00, 0x00, 0x00, 0x00, 0x00, 0x00,
    0x00, 0x00, 0x00, 0x00, 0x00, 0x00, 0x00, 0x00, 0x00, 0x00, 0x00, 0x00,
    0x00, 0x00, 0x00, 0x00, 0x00, 0x00, 0x00, 0x00, 0x00, 0x00, 0x00, 0x00,
    0x00, 0x00, 0x00, 0x00, 0x00, 0x00, 0x00, 0x00, 0x00, 0x00, 0x00, 0x00,
    0x00, 0x00, 0x00, 0x00, 0x00, 0x00, 0x00, 0x00, 0x00, 0x00, 0x00, 0x00,
    0x00, 0x00, 0x00, 0x00, 0x00, 0x00, 0x00, 0x00, 0x00, 0x00, 0x00, 0x00,
    0x00, 0x00, 0x00, 0x00, 0x00, 0x00, 0x00, 0x00, 0x00, 0x00, 0x00, 0x00,
    0x00, 0x00, 0x00, 0x00, 0x00, 0x00, 0x00, 0x00, 0x00, 0x00, 0x00, 0x00,
    0x00, 0x00, 0x00, 0x00, 0x00, 0x00, 0x00, 0x00, 0x00, 0x00, 0x00, 0x00,
    0x00, 0x00, 0x00, 0x00, 0x00, 0x00, 0x00, 0x00, 0x00, 0x00, 0x00, 0x00,
    0x00, 0x00, 0x00, 0x00, 0x00, 0x00, 0x00, 0x00, 0x00, 0x00, 0x00, 0x00,
    0x00, 0x00, 0x00, 0x00, 0x00, 0x00, 0x00, 0x00, 0x00, 0x00, 0x00, 0x00,
    0x00, 0x00, 0x00, 0x00, 0x00, 0x00, 0x00, 0x00, 0x00, 0x00, 0x00, 0x00,
    0x00, 0x00, 0x00, 0x00, 0x00, 0x00, 0x00, 0x00, 0x00, 0x00, 0x00, 0x00,
    0x00, 0x00, 0x00, 0x00, 0x00, 0x00, 0x00, 0x00, 0x00, 0x00, 0x00, 0x00,
    0x00, 0x00, 0x00, 0x00, 0x00, 0x00, 0x00, 0x00, 0x00, 0x00, 0x00, 0x00,
    0x00, 0x00, 0x00, 0x00, 0x00, 0x00, 0x00, 0x00, 0x00, 0x00, 0x00, 0x00,
    0x00, 0x00, 0x00, 0x00, 0x00, 0x00, 0x00, 0x00, 0x00, 0x00, 0x00, 0x00,
    0x00, 0x00, 0x00, 0x00, 0x00, 0x00, 0x00, 0x00, 0x00, 0x00, 0x00, 0x00,
    0x00, 0x00, 0x00, 0x00, 0x00, 0x00, 0x00, 0x00, 0x00, 0x00, 0x00, 0x00,
    0x00, 0x00, 0x00, 0x00, 0x00, 0x00, 0x00, 0x00, 0x00, 0x00, 0x00, 0x00,
    0x00, 0x00, 0x00, 0x00, 0x00, 0x00, 0x00, 0x00, 0x00, 0x00, 0x00, 0x00,
    0x00, 0x00, 0x00, 0x00, 0x00, 0x00, 0x00, 0x00, 0x00, 0x00, 0x00, 0x00,
    0x00, 0x00, 0x00, 0x00, 0x00, 0x00, 0x00, 0x00, 0xFF, 0xFF, 0xFF, 0xFF,
    0xFF, 0xFF, 0xFF, 0xFF, 0x00, 0x00, 0x00, 0x00, 0x00, 0x00, 0x00, 0x00,
    0x00, 0x00, 0x00, 0x00, 0x00, 0x00, 0x00, 0x00, 0x00, 0x00, 0x00, 0x00,
    0x00, 0x00, 0x00, 0x00, 0xFF, 0xFF, 0xFF, 0xFF, 0xFF, 0xFF, 0xFF, 0xFF,
    0x00, 0x00, 0x00, 0x00, 0x00, 0x00, 0x00, 0x00, 0x00, 0x00, 0x00, 0x00,
    0x00, 0x00, 0x00, 0x00, 0x00, 0x00, 0x00, 0x00, 0x00, 0x00, 0x00, 0x00,
    0xFF, 0xFF, 0xFF, 0xFF, 0xFF, 0xFF, 0xFF, 0xFF, 0x00, 0x00, 0x00, 0x00,
    0x00, 0x00, 0x00, 0x00, 0x00, 0x00, 0x00, 0x00, 0x00, 0x00, 0x00, 0x00,
    0x00, 0x00, 0x00, 0x00, 0x00, 0x00, 0x00, 0x00, 0xFF, 0xFF, 0xFF, 0xFF,
    0xFF, 0xFF, 0xFF, 0xFF, 0x00, 0x00, 0x00, 0x00, 0x00, 0x00, 0x00, 0x00,
    0x00, 0x00, 0x00, 0x00, 0x00, 0x00, 0x00, 0x00, 0x00, 0x00, 0x00, 0x00,
    0x00, 0x00, 0x00, 0x00, 0x00, 0x00, 0x00, 0x00, 0x00, 0x00, 0x00, 0x00,
    0x00, 0x00, 0x00, 0x00, 0x00, 0x00, 0x00, 0x00, 0x00, 0x00, 0x00, 0x00,
    0x00, 0x00, 0x00, 0x00, 0x00, 0x00, 0x00, 0x00, 0x00, 0x00, 0x00, 0x00,
    0x00, 0x00, 0x00, 0x00, 0x00, 0x00, 0x00, 0x00, 0x00, 0x00, 0x00, 0x00,
    0x00, 0x00, 0x00, 0x00, 0x00, 0x00, 0x00, 0x00, 0x00, 0x00, 0x00, 0x00,
    0x00, 0x00, 0x00, 0x00, 0x00, 0x00, 0x00, 0x00, 0x00, 0x00, 0x00, 0x00,
    0x00, 0x00, 0x00, 0x00, 0x00, 0x00, 0x00, 0x00, 0x00, 0x00, 0x00, 0x00,
    0x00, 0x00, 0x00, 0x00, 0x00, 0x00, 0x00, 0x00, 0x00, 0x00, 0x00, 0x00,
    0x00, 0x00, 0x00, 0x00, 0x00, 0x00, 0x00, 0x00, 0x00, 0x00, 0x00, 0x00,
    0x00, 0x00, 0x00, 0x00, 0x00, 0x00, 0x00, 0x00, 0x00, 0x00, 0x00, 0x00,
    0x00, 0x00, 0x00, 0x00, 0x00, 0x00, 0x00, 0x00, 0x00, 0x00, 0x00, 0x00,
    0x00, 0x48, 0x88, 0x88, 0x00, 0x8F, 0xFF, 0xFF, 0x00, 0x00, 0x00, 0x00,
    0x00, 0x00, 0x00, 0x00, 0x00, 0x00, 0x00, 0x00, 0x00, 0x00, 0x00, 0x00,
    0x00, 0x00, 0x00, 0x00, 0x00, 0x00, 0x00, 0x00, 0x88, 0x88, 0x88, 0x88,
    0xFF, 0xFF, 0xFF, 0xFF, 0x00, 0x00, 0x00, 0x00, 0x00, 0x00, 0x00, 0x00,
    0x00, 0x00, 0x00, 0x00, 0x00, 0x00, 0x00, 0x00, 0x00, 0x00, 0x00, 0x00,
    0x00, 0x00, 0x00, 0x00, 0x88, 0x88, 0x88, 0x88, 0xFF, 0xFF, 0xFF, 0xFF,
    0x00, 0x00, 0x00, 0x00, 0x00, 0x00, 0x00, 0x00, 0x00, 0x00, 0x00, 0x00,
    0x00, 0x00, 0x00, 0x00, 0x00, 0x00, 0x00, 0x00, 0x00, 0x00, 0x00, 0x00,
    0x88, 0x88, 0x88, 0x70, 0xFF, 0xFF, 0xFF, 0xF0, 0x00, 0x8F, 0xFF, 0xFF,
    0x00, 0x5C, 0xBB, 0xBB, 0x00, 0x00, 0x00, 0x00, 0x00, 0x00, 0x00, 0x00,
    0x00, 0x00, 0x00, 0x00, 0x00, 0x00, 0x00, 0x00, 0x00, 0x00, 0x00, 0x00,
    0x00, 0x00, 0x00, 0x00, 0xFF, 0xFF, 0xFF, 0xFF, 0xBB, 0xBB, 0xBB, 0xBB,
    0x00, 0x00, 0x00, 0x00, 0x00, 0x00, 0x00, 0x00, 0x00, 0x00, 0x00, 0x00,
    0x00, 0x00, 0x00, 0x00, 0x00, 0x00, 0x00, 0x00, 0x00, 0x00, 0x00, 0x00,
    0xFF, 0xFF, 0xFF, 0xFF, 0xBB, 0xBB, 0xBB, 0xBB, 0x00, 0x00, 0x00, 0x00,
    0x00, 0x00, 0x00, 0x00, 0x00, 0x00, 0x00, 0x00, 0x00, 0x00, 0x00, 0x00,
    0x00, 0x00, 0x00, 0x00, 0x00, 0x00, 0x00, 0x00, 0xFF, 0xFF, 0xFF, 0xF0,
    0xBB, 0xBB, 0xBB, 0xA0, 0x00, 0x00, 0x00, 0x00, 0x00, 0x00, 0x00, 0x00,
    0x00, 0x00, 0x00, 0x00, 0x00, 0x00, 0x00, 0x00, 0x00, 0x00, 0x00, 0x00,
    0x00, 0x00, 0x00, 0x00, 0x00, 0x00, 0x00, 0x00, 0x00, 0x00, 0x00, 0x00,
    0x00, 0x00, 0x00, 0x00, 0x00, 0x00, 0x00, 0x00, 0x00, 0x00, 0x00, 0x00,
    0x00, 0x00, 0x00, 0x00, 0x00, 0x00, 0x00, 0x00, 0x00, 0x00, 0x00, 0x00,
    0x00, 0x00, 0x00, 0x00, 0x00, 0x00, 0x00, 0x00, 0x00, 0x00, 0x00, 0x00,
    0x00, 0x00, 0x00, 0x00, 0x00, 0x00, 0x00, 0x00, 0x00, 0x00, 0x00, 0x00,
    0x00, 0x00, 0x00, 0x00, 0x00, 0x00, 0x00, 0x00, 0x00, 0x00, 0x00, 0x00,
    0x00, 0x00, 0x00, 0x00, 0x00, 0x00, 0x00, 0x00, 0x00, 0x00, 0x00, 0x00,
    0x00, 0x00, 0x00, 0x00, 0x00, 0x00, 0x00, 0x00, 0x00, 0x00, 0x00, 0x00,
    0x00, 0x00, 0x00, 0x00, 0x00, 0x00, 0x00, 0x00, 0x00, 0x00, 0x00, 0x00,
    0x00, 0x00, 0x00, 0x00, 0x00, 0x00, 0x00, 0x00, 0x00, 0x00, 0x00, 0x00,
    0x00, 0x00, 0x00, 0x00, 0x00, 0x00, 0x00, 0x00, 0x00, 0x00, 0x00, 0x00,
    0x00, 0x00, 0x00, 0x00, 0x00, 0x00, 0x00, 0x00, 0x00, 0x00, 0x00, 0x00,
    0x00, 0x00, 0x00, 0x00, 0x00, 0x00, 0x00, 0x00, 0x00, 0x00, 0x00, 0x00,
    0x00, 0x00, 0x00, 0x00, 0x00, 0x00, 0x00, 0x00, 0x00, 0x00, 0x00, 0x00,
    0x00, 0x00, 0x00, 0x00, 0x00, 0x00, 0x00, 0x00, 0x00, 0x00, 0x00, 0x00,
    0x00, 0x00, 0x00, 0x00, 0x00, 0x00, 0x00, 0x00, 0x00, 0x00, 0x00, 0x00,
    0x00, 0x00, 0x00, 0x00, 0x00, 0x00, 0x00, 0x00, 0x00, 0x00, 0x00, 0x00,
    0x00, 0x00, 0x00, 0x00, 0x00, 0x00, 0x00, 0x00, 0x00, 0x00, 0x00, 0x00,
    0x00, 0x00, 0x00, 0x00, 0x00, 0x00, 0x00, 0x01, 0x00, 0x00, 0x00, 0x1C,
    0x00, 0x00, 0x01, 0x00, 0x00, 0x00, 0x1C, 0xA0, 0x00, 0x01, 0xCF, 0xF9,
    0x00, 0x1C, 0xFF, 0xF6, 0x01, 0xCF, 0xFF, 0x60, 0x1C, 0xFF, 0xF6, 0x00,
    0xCF, 0xFF, 0x60, 0x00, 0xFF, 0xF6, 0x00, 0x00, 0x00, 0x00, 0x00, 0x00,
    0x00, 0x00, 0x00, 0x00, 0x00, 0x00, 0x00, 0x00, 0x00, 0x00, 0x00, 0x00,
    0x00, 0x00, 0x00, 0x00, 0x00, 0x00, 0x00, 0x00, 0x00, 0x00, 0x00, 0x00,
    0x00, 0x00, 0x00, 0x00, 0x00, 0x00, 0x00, 0x00, 0x00, 0x00, 0x00, 0x00,
    0x00, 0x00, 0x00, 0x00, 0x00, 0x00, 0x00, 0x00, 0x00, 0x00, 0x00, 0x00,
    0x00, 0x00, 0x00, 0x00, 0x00, 0x00, 0x00, 0x01, 0x00, 0x00, 0x00, 0x1C,
    0x00, 0x00, 0x01, 0xCF, 0x00, 0x00, 0x1C, 0xFF, 0x00, 0x01, 0xCF, 0xFF,
    0x00, 0x1C, 0xFF, 0xF6, 0x01, 0xCF, 0xFF, 0x60, 0x1C, 0xFF, 0xF6, 0x00,
    0xCF, 0xFE, 0x60, 0x00, 0xFF, 0xE3, 0x00, 0x00, 0xFF, 0x60, 0x00, 0x00,
    0xF6, 0x00, 0x00, 0x00, 0x60, 0x00, 0x00, 0x00, 0x00, 0x00, 0x00, 0x00,
    0x00, 0x00, 0x00, 0x00, 0x00, 0x00, 0x00, 0x00, 0x00, 0x00, 0x00, 0x00,
    0x00, 0x00, 0x00, 0x00, 0x00, 0x00, 0x00, 0x00, 0x00, 0x00, 0x00, 0x00,
    0x00, 0x00, 0x00, 0x00, 0x00, 0x00, 0x00, 0x00, 0x00, 0x00, 0x00, 0x00,
    0x00, 0x00, 0x00, 0x00, 0x00, 0x00, 0x00, 0x03, 0x00, 0x00, 0x00, 0x3E,
    0x00, 0x00, 0x01, 0xCF, 0x00, 0x00, 0x3C, 0xFF, 0x00, 0x03, 0xEF, 0xFE,
    0x00, 0x3E, 0xFF, 0xE3, 0x03, 0xEF, 0xFE, 0x30, 0x3E, 0xFF, 0xE3, 0x00,
    0xEF, 0xFE, 0x30, 0x00, 0xFF, 0xE3, 0x00, 0x00, 0xFE, 0x30, 0x00, 0x00,
    0xE3, 0x00, 0x00, 0x00, 0x30, 0x00, 0x00, 0x00, 0x00, 0x00, 0x00, 0x00,
    0x00, 0x00, 0x00, 0x00, 0x00, 0x00, 0x00, 0x00, 0x00, 0x00, 0x00, 0x00,
    0x00, 0x00, 0x00, 0x00, 0x00, 0x00, 0x00, 0x00, 0x00, 0x00, 0x00, 0x00,
    0x00, 0x00, 0x00, 0x00, 0x00, 0x00, 0x00, 0x00, 0x00, 0x00, 0x00, 0x00,
    0x00, 0x00, 0x00, 0x00, 0x00, 0x00, 0x00, 0x00, 0x00, 0x00, 0x00, 0x00,
    0x00, 0x00, 0x03, 0xEF, 0x00, 0x00, 0x3E, 0xFF, 0x00, 0x03, 0xEF, 0xFE,
    0x00, 0x3E, 0xFF, 0xE3, 0x04, 0xEF, 0xFE, 0x30, 0x07, 0xFF, 0xF4, 0x00,
    0x00, 0x6E, 0x30, 0x00, 0x00, 0x01, 0x00, 0x00, 0xFE, 0x30, 0x00, 0x00,
    0xE3, 0x00, 0x00, 0x00, 0x30, 0x00, 0x00, 0x00, 0x00, 0x00, 0x00, 0x00,
    0x00, 0x00, 0x00, 0x00, 0x00, 0x00, 0x00, 0x00, 0x00, 0x00, 0x00, 0x00,
    0x00, 0x00, 0x00, 0x00, 0x00, 0x00, 0x00, 0x00, 0x00, 0x00, 0x00, 0x00,
    0x00, 0x00, 0x00, 0x00, 0x00, 0x00, 0x00, 0x00, 0x00, 0x00, 0x00, 0x00,
    0x00, 0x00, 0x00, 0x00, 0x00, 0x00, 0x00, 0x00, 0x00, 0x00, 0x00, 0x00,
    0x00, 0x00, 0x00, 0x00, 0x00, 0x00, 0x00, 0x00, 0x00, 0x00, 0x00, 0x00,
    0x00, 0x00, 0x00, 0x00, 0x00, 0x00, 0x00, 0x00, 0x00, 0x00, 0x00, 0x00,
    0x00, 0x00, 0x00, 0x00, 0x00, 0x00, 0x00, 0x00, 0x00, 0x00, 0x00, 0x00,
    0x00, 0x00, 0x00, 0x00, 0x00, 0x00, 0x00, 0x00, 0x00, 0x00, 0x00, 0x00,
    0x00, 0x00, 0x00, 0x00, 0x00, 0x00, 0x00, 0x00, 0x00, 0x00, 0x00, 0x00,
    0x00, 0x00, 0x00, 0x00, 0x00, 0x00, 0x00, 0x00, 0x00, 0x00, 0x00, 0x00,
    0x00, 0x00, 0x00, 0x00, 0x00, 0x00, 0x00, 0x00, 0x00, 0x00, 0x00, 0x00,
    0x00, 0x00, 0x00, 0x00, 0x00, 0x00, 0x00, 0x00, 0x00, 0x00, 0x00, 0x00,
    0x00, 0x00, 0x00, 0x00, 0x00, 0x00, 0x00, 0x00, 0x00, 0x00, 0x00, 0x00,
    0x00, 0x00, 0x00, 0x00, 0x00, 0x00, 0x00, 0x00, 0x00, 0x00, 0x00, 0x00,
    0x00, 0x00, 0x00, 0x00, 0x00, 0x00, 0x00, 0x00, 0x00, 0x00, 0x00, 0x00,
    0x00, 0x00, 0x00, 0x00, 0x00, 0x00, 0x00, 0x00, 0x00, 0x00, 0x00, 0x00,
    0x00, 0x00, 0x00, 0x00, 0x00, 0x00, 0x00, 0x00, 0x00, 0x00, 0x00, 0x00,
    0x00, 0x00, 0x00, 0x00, 0x00, 0x00, 0x00, 0x00, 0x00, 0x00, 0x00, 0x00,
    0x00, 0x00, 0x00, 0x00, 0x00, 0x00, 0x00, 0x00, 0x00, 0x00, 0x00, 0x02,
    0x00, 0x00, 0x04, 0xBF, 0x00, 0x00, 0x8F, 0xFF, 0x00, 0x09, 0xFF, 0xFF,
    0x00, 0x00, 0x00, 0x00, 0x00, 0x00, 0x00, 0x00, 0x00, 0x00, 0x00, 0x00,
    0x00, 0x00, 0x00, 0x00, 0x68, 0x86, 0x30, 0x00, 0xFF, 0xFF, 0xFC, 0x60,
    0xFF, 0xFF, 0xFF, 0xFD, 0xDB, 0xBE, 0xFF, 0xFF, 0x00, 0x00, 0x00, 0x00,
    0x00, 0x00, 0x00, 0x00, 0x00, 0x00, 0x00, 0x00, 0x00, 0x00, 0x00, 0x00,
    0x00, 0x00, 0x00, 0x00, 0x00, 0x00, 0x00, 0x00, 0x71, 0x00, 0x00, 0x00,
    0xFE, 0x92, 0x00, 0x00, 0x00, 0x00, 0x00, 0x00, 0x00, 0x00, 0x00, 0x00,
    0x00, 0x00, 0x00, 0x00, 0x00, 0x00, 0x00, 0x00, 0x00, 0x00, 0x00, 0x00,
    0x00, 0x00, 0x34, 0x00, 0x00, 0x02, 0xCF, 0x60, 0x00, 0x6E, 0xFF, 0x50,
    0x00, 0x8F, 0xFE, 0x71, 0x01, 0xEF, 0xC1, 0x00, 0x00, 0x49, 0x10, 0x00,
    0x00, 0x00, 0x00, 0x00, 0x00, 0x00, 0x00, 0x00, 0x00, 0x00, 0x00, 0x00,
    0x00, 0x00, 0x00, 0x00, 0x00, 0x00, 0x00, 0x00, 0x00, 0x00, 0x5B, 0xFF,
    0x00, 0x00, 0x00, 0x39, 0x00, 0x00, 0x00, 0x00, 0x00, 0x00, 0x00, 0x00,
    0x00, 0x00, 0x00, 0x00, 0x00, 0x00, 0x00, 0x00, 0x00, 0x00, 0x00, 0x00,
    0x00, 0x00, 0x00, 0x00, 0xFF, 0xFF, 0xC8, 0x77, 0xFF, 0xFF, 0xFF, 0xFF,
    0x28, 0xDF, 0xFF, 0xFF, 0x00, 0x05, 0x8B, 0xBB, 0x00, 0x00, 0x00, 0x00,
    0x00, 0x00, 0x00, 0x00, 0x00, 0x00, 0x00, 0x00, 0x00, 0x00, 0x00, 0x00,
    0xAE, 0xFF, 0xF7, 0x00, 0xFF, 0xFF, 0x60, 0x00, 0xFF, 0xB4, 0x00, 0x00,
    0x83, 0x00, 0x00, 0x00, 0x00, 0x00, 0x00, 0x00, 0x00, 0x00, 0x00, 0x00,
    0x00, 0x00, 0x00, 0x00, 0x00, 0x00, 0x00, 0x00, 0x00, 0x00, 0x00, 0x00,
    0x00, 0x00, 0x00, 0x00, 0x00, 0x00, 0x00, 0x00, 0x00, 0x00, 0x00, 0x00,
    0x00, 0x00, 0x00, 0x00, 0x00, 0x00, 0x00, 0x00, 0x00, 0x00, 0x00, 0x00,
    0x00, 0x00, 0x00, 0x00, 0x00, 0x00, 0x00, 0x00, 0x00, 0x00, 0x00, 0x00,
    0x00, 0x00, 0x00, 0x00, 0x00, 0x00, 0x00, 0x00, 0x00, 0x00, 0x00, 0x00,
    0x00, 0x00, 0x00, 0x00, 0x00, 0x00, 0x00, 0x00, 0x00, 0x00, 0x00, 0x00,
    0x00, 0x00, 0x00, 0x00, 0x00, 0x00, 0x00, 0x00, 0x00, 0x00, 0x00, 0x00,
    0x00, 0x00, 0x00, 0x00, 0x00, 0x00, 0x00, 0x00, 0x00, 0x00, 0x00, 0x00,
    0x00, 0x00, 0x00, 0x00, 0x00, 0x00, 0x00, 0x00, 0x00, 0x00, 0x00, 0x00,
    0x00, 0x00, 0x00, 0x00, 0x00, 0x00, 0x00, 0x00, 0x00, 0x00, 0x00, 0x00,
    0x00, 0x00, 0x00, 0x00, 0x00, 0x00, 0x00, 0x00, 0x00, 0x00, 0x00, 0x00,
    0x00, 0x00, 0x00, 0x00, 0x00, 0x00, 0x00, 0x00, 0x00, 0x00, 0x00, 0x00,
    0x00, 0x00, 0x00, 0x00, 0x00, 0x00, 0x00, 0x00, 0x00, 0x00, 0x00, 0x00,
    0x00, 0x00, 0x00, 0x00, 0x00, 0x00, 0x00, 0x00, 0x00, 0x00, 0x00, 0x00,
    0x00, 0x00, 0x00, 0x0F, 0x00, 0x00, 0x00, 0x0F, 0x00, 0x00, 0x00, 0x0F,
    0x00, 0x00, 0x00, 0x0F, 0x00, 0x00, 0x00, 0x0F, 0x00, 0x00, 0x00, 0x0F,
    0x00, 0x00, 0x00, 0x0F, 0x00, 0x00, 0x00, 0x0F, 0xF0, 0x00, 0x00, 0x00,
    0xF0, 0x00, 0x00, 0x00, 0xF0, 0x00, 0x00, 0x00, 0xF0, 0x00, 0x00, 0x00,
    0xF0, 0x00, 0x00, 0x00, 0xF0, 0x00, 0x00, 0x00, 0xF0, 0x00, 0x00, 0x00,
    0xF0, 0x00, 0x00, 0x00, 0x00, 0x00, 0x00, 0x00, 0x00, 0x00, 0x00, 0x00,
    0x00, 0x00, 0x00, 0x00, 0x00, 0x00, 0x00, 0x00, 0x00, 0x00, 0x00, 0x00,
    0x00, 0x00, 0x00, 0x00, 0x00, 0x00, 0x00, 0x00, 0x00, 0x00, 0x00, 0x00,
    0x00, 0x00, 0x00, 0x00, 0x00, 0x00, 0x00, 0x00, 0x00, 0x00, 0x00, 0x00,
    0x00, 0x00, 0x00, 0x00, 0x00, 0x00, 0x00, 0x00, 0x00, 0x00, 0x00, 0x00,
    0x00, 0x00, 0x00, 0x00, 0x00, 0x00, 0x00, 0x00, 0x00, 0x00, 0x00, 0x0F,
    0x00, 0x00, 0x00, 0x0F, 0x00, 0x00, 0x00, 0x0F, 0x00, 0x00, 0x00, 0x0F,
    0x00, 0x00, 0x00, 0x0F, 0x00, 0x00, 0x00, 0x0F, 0x00, 0x00, 0x00, 0x0F,
    0x00, 0x00, 0x00, 0x0F, 0xF0, 0x00, 0x00, 0x00, 0xF0, 0x00, 0x00, 0x00,
    0xF0, 0x00, 0x00, 0x00, 0xF0, 0x00, 0x00, 0x00, 0xF0, 0x00, 0x00, 0x00,
    0xF0, 0x00, 0x00, 0x00, 0xF0, 0x00, 0x00, 0x00, 0xF0, 0x00, 0x00, 0x00,
    0x00, 0x00, 0x00, 0x00, 0x00, 0x00, 0x00, 0x00, 0x00, 0x00, 0x00, 0x00,
    0x00, 0x00, 0x00, 0x00, 0x00, 0x00, 0x00, 0x00, 0x00, 0x00, 0x00, 0x00,
    0x00, 0x00, 0x00, 0x00, 0x00, 0x00, 0x00, 0x00, 0x00, 0x00, 0x00, 0x00,
    0x00, 0x00, 0x00, 0x00, 0x00, 0x00, 0x00, 0x00, 0x00, 0x00, 0x00, 0x00,
    0x00, 0x00, 0x00, 0x00, 0x00, 0x00, 0x00, 0x00, 0x00, 0x00, 0x00, 0x00,
    0x00, 0x00, 0x00, 0x00, 0x00, 0x00, 0x00, 0x0F, 0x00, 0x00, 0x00, 0x0F,
    0x00, 0x00, 0x00, 0x0F, 0x00, 0x00, 0x00, 0x0F, 0x00, 0x00, 0x00, 0x0F,
    0x00, 0x00, 0x00, 0x0F, 0x00, 0x00, 0x00, 0x0F, 0x00, 0x00, 0x00, 0x0F,
    0xF0, 0x00, 0x00, 0x00, 0xF0, 0x00, 0x00, 0x00, 0xF0, 0x00, 0x00, 0x00,
    0xF0, 0x00, 0x00, 0x00, 0xF0, 0x00, 0x00, 0x00, 0xF0, 0x00, 0x00, 0x00,
    0xF0, 0x00, 0x00, 0x00, 0xF0, 0x00, 0x00, 0x00, 0x00, 0x00, 0x00, 0x00,
    0x00, 0x00, 0x00, 0x00, 0x00, 0x00, 0x00, 0x00, 0x00, 0x00, 0x00, 0x00,
    0x00, 0x00, 0x00, 0x00, 0x00, 0x00, 0x00, 0x00, 0x00, 0x00, 0x00, 0x00,
    0x00, 0x00, 0x00, 0x00, 0x00, 0x00, 0x00, 0x00, 0x00, 0x00, 0x00, 0x00,
    0x00, 0x00, 0x00, 0x00, 0x00, 0x00, 0x00, 0x00, 0x00, 0x00, 0x00, 0x00,
    0x00, 0x00, 0x00, 0x00, 0x00, 0x00, 0x00, 0x00, 0x00, 0x00, 0x00, 0x00,
    0x00, 0x00, 0x00, 0x0F, 0x00, 0x00, 0x00, 0x0F, 0x00, 0x00, 0x00, 0x0F,
    0x00, 0x00, 0x00, 0x0F, 0x00, 0x00, 0x00, 0x0F, 0x00, 0x00, 0x00, 0x0F,
    0x00, 0x00, 0x00, 0x0F, 0x00, 0x00, 0x00, 0x0F, 0xF0, 0x00, 0x00, 0x00,
    0xF0, 0x00, 0x00, 0x00, 0xF0, 0x00, 0x00, 0x00, 0xF0, 0x00, 0x00, 0x00,
    0xF0, 0x00, 0x00, 0x00, 0xF0, 0x00, 0x00, 0x00, 0xF0, 0x00, 0x00, 0x00,
    0xF0, 0x00, 0x00, 0x00, 0x00, 0x00, 0x00, 0x00, 0x00, 0x00, 0x00, 0x00,
    0x00, 0x00, 0x00, 0x00, 0x00, 0x00, 0x00, 0x00, 0x00, 0x00, 0x00, 0x00,
    0x00, 0x00, 0x00, 0x00, 0x00, 0x00, 0x00, 0x00, 0x00, 0x00, 0x00, 0x00,
    0x00, 0x01, 0x00, 0x01, 0x00, 0x7F, 0xFF, 0xFF, 0x00, 0x7F, 0xFF, 0xFF,
    0x00, 0x7F, 0xFF, 0xFF, 0x00, 0x8F, 0xFF, 0xFF, 0x00, 0x8F, 0xFF, 0xFF,
    0x00, 0x7F, 0xFF, 0xFF, 0x00, 0x00, 0x4F, 0xFF, 0x00, 0x00, 0x00, 0x00,
    0xA0, 0x00, 0x00, 0x00, 0xB0, 0x00, 0x00, 0x00, 0xB0, 0x00, 0x00, 0x00,
    0xB0, 0x00, 0x00, 0x00, 0xB0, 0x00, 0x00, 0x00, 0xB0, 0x00, 0x00, 0x00,
    0x70, 0x00, 0x00, 0x00, 0x00, 0x00, 0x00, 0x00, 0x00, 0x00, 0x00, 0x00,
    0x00, 0x00, 0x00, 0x00, 0x00, 0x00, 0x00, 0x00, 0x00, 0x00, 0x00, 0x00,
    0x00, 0x00, 0x00, 0x00, 0x00, 0x00, 0x00, 0x00, 0x00, 0x00, 0x00, 0x00,
    0x00, 0x00, 0x00, 0x00, 0x00, 0x00, 0x00, 0x00, 0x00, 0x00, 0x00, 0x00,
    0x00, 0x00, 0x00, 0x00, 0x00, 0x00, 0x00, 0x00, 0x00, 0x00, 0x00, 0x00,
    0x00, 0x00, 0x00, 0x00, 0x00, 0x00, 0x00, 0x00, 0x00, 0x00, 0x8F, 0xFF,
    0x00, 0x06, 0xFF, 0xF8, 0x00, 0x6F, 0xFE, 0x60, 0x00, 0x1B, 0x82, 0x00,
    0x00, 0x00, 0x00, 0x00, 0x00, 0x00, 0x00, 0x00, 0x00, 0x00, 0x00, 0x00,
    0x00, 0x00, 0x00, 0x00, 0x20, 0x00, 0x00, 0x00, 0x00, 0x00, 0x00, 0x00,
    0x00, 0x00, 0x00, 0x00, 0x00, 0x00, 0x00, 0x00, 0x00, 0x00, 0x00, 0x00,
    0x00, 0x00, 0x00, 0x00, 0x00, 0x00, 0x00, 0x00, 0x00, 0x00, 0x00, 0x00,
    0x00, 0x00, 0x00, 0x00, 0x00, 0x00, 0x00, 0x00, 0x00, 0x00, 0x00, 0x00,
    0x00, 0x00, 0x00, 0x00, 0x00, 0x00, 0x00, 0x00, 0x00, 0x00, 0x00, 0x00,
    0x00, 0x00, 0x00, 0x00, 0x00, 0x00, 0x00, 0x00, 0x00, 0x00, 0x00, 0x00,
    0x00, 0x00, 0x00, 0x00, 0x00, 0x00, 0x00, 0x00, 0x00, 0x00, 0x00, 0x00,
    0x00, 0x00, 0x00, 0x00, 0x00, 0x00, 0x00, 0x00, 0x00, 0x00, 0x00, 0x00,
    0x00, 0x00, 0x00, 0x00, 0x00, 0x00, 0x00, 0x00, 0x00, 0x00, 0x00, 0x00,
    0x00, 0x00, 0x00, 0x00, 0x00, 0x00, 0x00, 0x00, 0x00, 0x00, 0x00, 0x00,
    0x00, 0x00, 0x00, 0x00, 0x00, 0x00, 0x00, 0x00, 0x00, 0x00, 0x00, 0x00,
    0x00, 0x00, 0x00, 0x00, 0x00, 0x00, 0x00, 0x00, 0x00, 0x00, 0x00, 0x00,
    0x00, 0x00, 0x00, 0x00, 0x00, 0x00, 0x00, 0x00, 0x00, 0x00, 0x00, 0x00,
    0x00, 0x00, 0x00, 0x00, 0x00, 0x00, 0x00, 0x00, 0x00, 0x00, 0x00, 0x00,
    0x00, 0x00, 0x00, 0x00, 0x00, 0x00, 0x00, 0x00, 0x00, 0x00, 0x00, 0x00,
    0x00, 0x00, 0x00, 0x00, 0x00, 0x00, 0x00, 0x00, 0x00, 0x00, 0x00, 0x00,
    0x00, 0x00, 0x00, 0x00, 0x00, 0x00, 0x00, 0x00, 0x00, 0x00, 0x00, 0x00,
    0x00, 0x00, 0x00, 0x00, 0x00, 0x00, 0x00, 0x00, 0x00, 0x00, 0x00, 0x00,
    0x00, 0x00, 0x00, 0x00, 0x00, 0x00, 0x00, 0x00, 0x00, 0x00, 0x00, 0x00,
    0x00, 0x00, 0x00, 0x00, 0x00, 0x00, 0x00, 0x00, 0x00, 0x00, 0x00, 0x00,
    0x00, 0x00, 0x00, 0x00, 0x00, 0x00, 0x00, 0x00, 0x00, 0x00, 0x00, 0x00,
    0x00, 0x00, 0x00, 0x00, 0x00, 0x00, 0x00, 0x00, 0x00, 0x00, 0x00, 0x00,
    0x00, 0x00, 0x00, 0x00, 0x00, 0x00, 0x00, 0x00, 0x00, 0x00, 0x00, 0x00,
    0x00, 0x00, 0x00, 0x00, 0x00, 0x00, 0x00, 0x00, 0x00, 0x00, 0x00, 0x00,
    0x00, 0x00, 0x00, 0x00, 0x00, 0x00, 0x00, 0x00, 0x00, 0x00, 0x00, 0x00,
    0x00, 0x00, 0x00, 0x00, 0x00, 0x00, 0x00, 0x00, 0x00, 0x00, 0x00, 0x00,
    0x00, 0x00, 0x00, 0x00, 0x00, 0x00, 0x00, 0x00, 0x00, 0x00, 0x00, 0x00,
    0x00, 0x00, 0x00, 0x00, 0x00, 0x00, 0x00, 0x00, 0x00, 0x00, 0x00, 0x00,
    0x00, 0x00, 0x00, 0x00, 0x00, 0x00, 0x00, 0x00, 0x00, 0x00, 0x00, 0x00,
    0x00, 0x00, 0x00, 0x00, 0x00, 0x00, 0x00, 0x00, 0x00, 0x10, 0x00, 0x10,
    0x07, 0xFF, 0xFF, 0xFA, 0x07, 0xFF, 0xFF, 0xFB, 0x07, 0xFF, 0xFF, 0xFB,
    0x08, 0xFF, 0xFF, 0xFB, 0x08, 0xFF, 0xFF, 0xFB, 0x07, 0xFF, 0xFF, 0xFB,
    0x00, 0x04, 0xFF, 0xF7, 0x00, 0x10, 0x00, 0x10, 0x07, 0xFF, 0xFF, 0xFA,
    0x07, 0xFF, 0xFF, 0xFB, 0x07, 0xFF, 0xFF, 0xFB, 0x07, 0xFF, 0xFF, 0xFB,
    0x07, 0xFF, 0xFF, 0xFB, 0x07, 0xFF, 0xFF, 0xFB, 0x00, 0x04, 0xFF, 0xF7,
    0x00, 0x00, 0x00, 0x00, 0x00, 0x00, 0x00, 0x00, 0x00, 0x00, 0x00, 0x00,
    0x00, 0x00, 0x00, 0x00, 0x00, 0x00, 0x00, 0x00, 0x00, 0x00, 0x00, 0x00,
    0x00, 0x00, 0x00, 0x00, 0x00, 0x00, 0x00, 0x00, 0x00, 0x00, 0x00, 0x00,
    0x00, 0x00, 0x00, 0x00, 0x00, 0x00, 0x00, 0x00, 0x00, 0x00, 0x00, 0x00,
    0x00, 0x00, 0x00, 0x00, 0x00, 0x00, 0x00, 0x00, 0x00, 0x00, 0x00, 0x00,
    0x00, 0x00, 0x00, 0x00, 0x00, 0x08, 0xFF, 0xF2, 0x00, 0x6F, 0xFF, 0x80,
    0x06, 0xFF, 0xE6, 0x00, 0x01, 0xB8, 0x20, 0x00, 0x00, 0x00, 0x00, 0x00,
    0x00, 0x00, 0x00, 0x00, 0x00, 0x00, 0x00, 0x00, 0x00, 0x00, 0x00, 0x00,
    0x00, 0x08, 0xFF, 0xF2, 0x00, 0x6F, 0xFF, 0x80, 0x06, 0xFF, 0xE6, 0x00,
    0x01, 0xB8, 0x20, 0x00, 0x00, 0x00, 0x00, 0x00, 0x00, 0x00, 0x00, 0x00,
    0x00, 0x00, 0x00, 0x00, 0x00, 0x00, 0x00, 0x00, 0x00, 0x00, 0x00, 0x00,
    0x00, 0x00, 0x00, 0x00, 0x00, 0x00, 0x00, 0x00, 0x00, 0x00, 0x00, 0x00,
    0x00, 0x00, 0x00, 0x00, 0x00, 0x00, 0x00, 0x00, 0x00, 0x00, 0x00, 0x00,
    0x00, 0x00, 0x00, 0x00, 0x00, 0x00, 0x00, 0x00, 0x00, 0x00, 0x00, 0x00,
    0x00, 0x00, 0x00, 0x00, 0x00, 0x00, 0x00, 0x00, 0x00, 0x00, 0x00, 0x00,
    0x00, 0x00, 0x00, 0x00, 0x00, 0x00, 0x00, 0x00, 0x00, 0x00, 0x00, 0x00,
    0x00, 0x00, 0x00, 0x00, 0x00, 0x00, 0x00, 0x00, 0x00, 0x00, 0x00, 0x00,
    0x00, 0x00, 0x00, 0x00, 0x00, 0x00, 0x00, 0x00, 0x00, 0x00, 0x00, 0x00,
    0x00, 0x00, 0x00, 0x00, 0x00, 0x00, 0x00, 0x00, 0x00, 0x00, 0x00, 0x00,
    0x00, 0x00, 0x00, 0x00, 0x00, 0x00, 0x00, 0x00, 0x00, 0x00, 0x00, 0x00,
    0x00, 0x00, 0x00, 0x00, 0x00, 0x00, 0x00, 0x00, 0x00, 0x00, 0x00, 0x00,
    0x00, 0x00, 0x00, 0x00, 0x00, 0x00, 0x00, 0x00, 0x00, 0x00, 0x00, 0x00,
    0x00, 0x00, 0x00, 0x00, 0x00, 0x00, 0x00, 0x00, 0x00, 0x00, 0x00, 0x00,
    0x00, 0x00, 0x00, 0x00, 0x00, 0x00, 0x00, 0x00, 0x00, 0x00, 0x00, 0x00,
    0x00, 0x00, 0x00, 0x00, 0x00, 0x00, 0x00, 0x00, 0x00, 0x00, 0x00, 0x00,
    0x00, 0x00, 0x00, 0x00, 0x00, 0x00, 0x00, 0x00, 0x00, 0x00, 0x00, 0x00,
    0x00, 0x00, 0x00, 0x00, 0x00, 0x00, 0x00, 0x00, 0x00, 0x00, 0x00, 0x00,
    0x00, 0x00, 0x00, 0x00, 0x00, 0x00, 0x00, 0x00, 0x00, 0x00, 0x00, 0x00,
    0x00, 0x00, 0x00, 0x00, 0x00, 0x00, 0x00, 0x00, 0x00, 0x00, 0x00, 0x00,
    0x00, 0x00, 0x00, 0x00, 0x00, 0x00, 0x00, 0x00, 0x00, 0x00, 0x00, 0x00,
    0x00, 0x00, 0x00, 0x00, 0x00, 0x00, 0x00, 0x00, 0x00, 0x00, 0x00, 0x00,
    0x00, 0x00, 0x00, 0x00, 0x00, 0x00, 0x00, 0x00, 0x00, 0x00, 0x00, 0x00,
    0x00, 0x00, 0x00, 0x00, 0x00, 0x00, 0x00, 0x00, 0x00, 0x00, 0x00, 0x00,
    0x00, 0x00, 0x00, 0x00, 0x00, 0x00, 0x00, 0x00, 0x00, 0x00, 0x00, 0x00,
    0x00, 0x00, 0x00, 0x00, 0x00, 0x00, 0x00, 0x00, 0x00, 0x00, 0x00, 0x00,
    0x00, 0x00, 0x00, 0x00, 0x00, 0x00, 0x00, 0x00, 0x00, 0x00, 0x00, 0x00,
    0x00, 0x00, 0x00, 0x00, 0x00, 0x00, 0x00, 0x00, 0x00, 0x00, 0x00, 0x00,
    0x00, 0x00, 0x00, 0x00, 0x00, 0x00, 0x00, 0x00, 0x00, 0x00, 0x00, 0x00,
    0x00, 0x00, 0x00, 0x00, 0x00, 0x00, 0x00, 0x00, 0x00, 0x00, 0x00, 0x00,
    0x00, 0x00, 0x00, 0x00, 0x00, 0x00, 0x00, 0x00, 0x00, 0x00, 0x00, 0x00,
    0x00, 0x00, 0x00, 0x00, 0x00, 0x00, 0x00, 0x00, 0x00, 0x00, 0x00, 0x00,
    0x00, 0x00, 0x00, 0x00, 0x00, 0x00, 0x00, 0x00, 0x00, 0x00, 0x00, 0x00,
    0x00, 0x00, 0x00, 0x00, 0x00, 0x00, 0x00, 0x00, 0x00, 0x00, 0x00, 0x00,
    0x00, 0x00, 0x00, 0x00, 0x00, 0x00, 0x00, 0x00, 0x00, 0x00, 0x00, 0x00,
    0x00, 0x00, 0x00, 0x00, 0x00, 0x00, 0x00, 0x02, 0x00, 0x00, 0x00, 0x0B,
    0x00, 0x00, 0x00, 0x4F, 0x00, 0x00, 0x00, 0x00, 0x00, 0x00, 0x27, 0xC4,
    0x00, 0x19, 0xFF, 0xF4, 0x03, 0xEF, 0xFF, 0xB2, 0x3E, 0xFF, 0xF6, 0x00,
    0xEF, 0xFF, 0x70, 0x00, 0xFF, 0xFD, 0x00, 0x00, 0xFF, 0xF7, 0x00, 0x00,
    0x00, 0x00, 0x00, 0x00, 0x00, 0x00, 0x00, 0x00, 0x00, 0x00, 0x00, 0x00,
    0x00, 0x00, 0x00, 0x00, 0x00, 0x00, 0x00, 0x00, 0x00, 0x00, 0x00, 0x00,
    0x00, 0x00, 0x00, 0x00, 0x00, 0x00, 0x00, 0x00, 0x00, 0x00, 0x00, 0x00,
    0x00, 0x00, 0x00, 0x00, 0x00, 0x00, 0x00, 0x00, 0x00, 0x00, 0x00, 0x00,
    0x00, 0x00, 0x00, 0x00, 0x00, 0x00, 0x00, 0x00, 0x00, 0x00, 0x00, 0x00,
    0x00, 0x00, 0x00, 0x00, 0x00, 0x00, 0x00, 0xAF, 0x00, 0x00, 0x01, 0xFF,
    0x00, 0x00, 0x06, 0xFF, 0x00, 0x00, 0x08, 0xFF, 0x00, 0x00, 0x0B, 0xFF,
    0x00, 0x00, 0x0D, 0xFF, 0x00, 0x00, 0x0F, 0xFF, 0x00, 0x00, 0x0F, 0xFF,
    0xFF, 0xF3, 0x00, 0x00, 0xFF, 0xE0, 0x00, 0x00, 0xFF, 0xB0, 0x00, 0x00,
    0xFF, 0xB0, 0x00, 0x00, 0xFF, 0x80, 0x00, 0x00, 0xFF, 0x80, 0x00, 0x00,
    0xFF, 0x80, 0x00, 0x00, 0xFF, 0x80, 0x00, 0x00, 0x00, 0x00, 0x00, 0x00,
    0x00, 0x00, 0x00, 0x00, 0x00, 0x00, 0x00, 0x00, 0x00, 0x00, 0x00, 0x00,
    0x00, 0x00, 0x00, 0x00, 0x00, 0x00, 0x00, 0x00, 0x00, 0x00, 0x00, 0x00,
    0x00, 0x00, 0x00, 0x00, 0x00, 0x00, 0x00, 0x00, 0x00, 0x00, 0x00, 0x00,
    0x00, 0x00, 0x00, 0x00, 0x00, 0x00, 0x00, 0x00, 0x00, 0x00, 0x00, 0x00,
    0x00, 0x00, 0x00, 0x00, 0x00, 0x00, 0x00, 0x00, 0x00, 0x00, 0x00, 0x00,
    0x00, 0x00, 0x0F, 0xFF, 0x00, 0x00, 0x0F, 0xFF, 0x00, 0x00, 0x0E, 0xFF,
    0x00, 0x00, 0x0B, 0xFF, 0x00, 0x00, 0x09, 0xFF, 0x00, 0x00, 0x07, 0xFF,
    0x00, 0x00, 0x02, 0xFF, 0x00, 0x00, 0x00, 0xCF, 0xFF, 0x80, 0x00, 0x00,
    0xFF, 0x80, 0x00, 0x00, 0xFF, 0x80, 0x00, 0x00, 0xFF, 0x80, 0x00, 0x00,
    0xFF, 0xB0, 0x00, 0x00, 0xFF, 0xB0, 0x00, 0x00, 0xFF, 0xE0, 0x00, 0x00,
    0xFF, 0xF2, 0x00, 0x00, 0x00, 0x00, 0x00, 0x00, 0x00, 0x00, 0x00, 0x00,
    0x00, 0x00, 0x00, 0x00, 0x00, 0x00, 0x00, 0x00, 0x00, 0x00, 0x00, 0x00,
    0x00, 0x00, 0x00, 0x00, 0x00, 0x00, 0x00, 0x00, 0x00, 0x00, 0x00, 0x00,
    0x00, 0x00, 0x00, 0x00, 0x00, 0x00, 0x00, 0x00, 0x00, 0x00, 0x00, 0x00,
    0x00, 0x00, 0x00, 0x00, 0x00, 0x00, 0x00, 0x00, 0x00, 0x00, 0x00, 0x00,
    0x00, 0x00, 0x00, 0x00, 0x00, 0x00, 0x00, 0x00, 0x00, 0x00, 0x00, 0x6F,
    0x00, 0x00, 0x00, 0x0D, 0x00, 0x00, 0x00, 0x04, 0x00, 0x00, 0x00, 0x00,
    0x00, 0x00, 0x00, 0x00, 0x00, 0x00, 0x00, 0x00, 0x00, 0x00, 0x00, 0x00,
    0x00, 0x00, 0x00, 0x00, 0xFF, 0xF6, 0x00, 0x00, 0xFF, 0xFB, 0x00, 0x00,
    0xFF, 0xFF, 0x40, 0x00, 0x6F, 0xFF, 0xE3, 0x00, 0x06, 0xFF, 0xFE, 0x71,
    0x00, 0x3C, 0xFF, 0xF4, 0x00, 0x00, 0x5A, 0xF4, 0x00, 0x00, 0x00, 0x21,
    0x00, 0x00, 0x00, 0x00, 0x07, 0xC6, 0x00, 0x00, 0x08, 0xFF, 0xE7, 0x00,
    0x03, 0xDF, 0xFF, 0xB1, 0x00, 0x09, 0xFF, 0xFC, 0x00, 0x00, 0xAF, 0xFF,
    0x00, 0x00, 0x2F, 0xFF, 0x00, 0x00, 0x0A, 0xFF, 0x00, 0x00, 0x00, 0x00,
    0x00, 0x00, 0x00, 0x00, 0x00, 0x00, 0x00, 0x00, 0x00, 0x00, 0x00, 0x00,
    0x10, 0x00, 0x00, 0x00, 0xC0, 0x00, 0x00, 0x00, 0xF7, 0x00, 0x00, 0x00,
    0xFE, 0x10, 0x00, 0x00, 0x00, 0x00, 0x00, 0x00, 0x00, 0x00, 0x00, 0x00,
    0x00, 0x00, 0x00, 0x00, 0x00, 0x00, 0x00, 0x00, 0x00, 0x00, 0x00, 0x00,
    0x00, 0x00, 0x00, 0x00, 0x00, 0x00, 0x00, 0x00, 0x00, 0x00, 0x00, 0x00,
    0x00, 0x00, 0x00, 0x00, 0x00, 0x00, 0x00, 0x00, 0x00, 0x00, 0x00, 0x00,
    0x00, 0x00, 0x00, 0x00, 0x00, 0x00, 0x00, 0x00, 0x00, 0x00, 0x00, 0x00,
    0x00, 0x00, 0x00, 0x00, 0x00, 0x00, 0x00, 0x00, 0x00, 0x00, 0x07, 0xFF,
    0x00, 0x00, 0x04, 0xFF, 0x00, 0x00, 0x01, 0xFF, 0x00, 0x00, 0x00, 0xFF,
    0x00, 0x00, 0x00, 0xDF, 0x00, 0x00, 0x00, 0xBF, 0x00, 0x00, 0x00, 0xBF,
    0x00, 0x00, 0x00, 0xBF, 0xFF, 0x70, 0x00, 0x00, 0xFF, 0xC0, 0x00, 0x00,
    0xFF, 0xF2, 0x00, 0x00, 0xFF, 0xF5, 0x00, 0x00, 0xFF, 0xF8, 0x00, 0x00,
    0xFF, 0xF9, 0x00, 0x00, 0xFF, 0xFB, 0x00, 0x00, 0xFF, 0xFB, 0x00, 0x00,
    0x00, 0x00, 0x00, 0x00, 0x00, 0x00, 0x00, 0x00, 0x00, 0x00, 0x00, 0x00,
    0x00, 0x00, 0x00, 0x00, 0x00, 0x00, 0x00, 0x00, 0x00, 0x00, 0x00, 0x00,
    0x00, 0x00, 0x00, 0x00, 0x00, 0x00, 0x00, 0x00, 0x00, 0x00, 0x00, 0x00,
    0x00, 0x00, 0x00, 0x00, 0x00, 0x00, 0x00, 0x00, 0x00, 0x00, 0x00, 0x00,
    0x00, 0x00, 0x00, 0x00, 0x00, 0x00, 0x00, 0x00, 0x00, 0x00, 0x00, 0x00,
    0x00, 0x00, 0x00, 0x00, 0x00, 0x00, 0x00, 0xBF, 0x00, 0x00, 0x00, 0xBF,
    0x00, 0x00, 0x00, 0xBF, 0x00, 0x00, 0x00, 0xBF, 0x00, 0x00, 0x00, 0xEF,
    0x00, 0x00, 0x00, 0xFF, 0x00, 0x00, 0x03, 0xFF, 0x00, 0x00, 0x06, 0xFF,
    0xFF, 0xFB, 0x00, 0x00, 0xFF, 0xFB, 0x00, 0x00, 0xFF, 0xFA, 0x00, 0x00,
    0xFF, 0xF8, 0x00, 0x00, 0xFF, 0xF6, 0x00, 0x00, 0xFF, 0xF3, 0x00, 0x00,
    0xFF, 0xD0, 0x00, 0x00, 0xFF, 0x80, 0x00, 0x00, 0x00, 0x00, 0x00, 0x00,
    0x00, 0x00, 0x00, 0x00, 0x00, 0x00, 0x00, 0x00, 0x00, 0x00, 0x00, 0x00,
    0x00, 0x00, 0x00, 0x00, 0x00, 0x00, 0x00, 0x00, 0x00, 0x00, 0x00, 0x00,
    0x00, 0x00, 0x00, 0x00, 0x00, 0x00, 0x00, 0x00, 0x00, 0x00, 0x00, 0x00,
    0x00, 0x00, 0x00, 0x00, 0x00, 0x00, 0x00, 0x00, 0x00, 0x00, 0x00, 0x00,
    0x00, 0x00, 0x00, 0x00, 0x00, 0x00, 0x00, 0x00, 0x00, 0x00, 0x00, 0x00,
    0x00, 0x00, 0x09, 0xFF, 0x00, 0x00, 0x1E, 0xFF, 0x00, 0x00, 0x8F, 0xFF,
    0x00, 0x06, 0xFF, 0xFE, 0x02, 0xAF, 0xFF, 0xE3, 0x08, 0xFF, 0xFA, 0x10,
    0x08, 0xF9, 0x40, 0x00, 0x02, 0x10, 0x00, 0x00, 0xFF, 0x20, 0x00, 0x00,
    0xF9, 0x00, 0x00, 0x00, 0xE1, 0x00, 0x00, 0x00, 0x30, 0x00, 0x00, 0x00,
    0x00, 0x00, 0x00, 0x00, 0x00, 0x00, 0x00, 0x00, 0x00, 0x00, 0x00, 0x00,
    0x00, 0x00, 0x00, 0x00, 0x00, 0x00, 0x00, 0x00, 0x00, 0x00, 0x00, 0x00,
    0x00, 0x00, 0x00, 0x00, 0x00, 0x00, 0x00, 0x00, 0x00, 0x00, 0x00, 0x00,
    0x00, 0x00, 0x00, 0x00, 0x00, 0x00, 0x00, 0x00, 0x00, 0x00, 0x00, 0x00,
    0x00, 0x00, 0x00, 0x00, 0x00, 0x00, 0x00, 0x00, 0x00, 0x00, 0x00, 0x00,
    0x00, 0x00, 0x00, 0x00, 0x00, 0x00, 0x00, 0x00, 0x00, 0x00, 0x00, 0x00,
    0x00, 0x00, 0x00, 0x00, 0x00, 0x00, 0x00, 0x00, 0x00, 0x00, 0x00, 0x00,
    0x00, 0x00, 0x00, 0x00, 0x00, 0x00, 0x00, 0x00, 0x00, 0x00, 0x00, 0x00,
    0x00, 0x00, 0x00, 0x00, 0x00, 0x00, 0x00, 0x00, 0x00, 0x00, 0x00, 0x00,
    0x00, 0x00, 0x00, 0x00, 0x00, 0x00, 0x00, 0x00, 0x00, 0x00, 0x00, 0x00,
    0x00, 0x00, 0x00, 0x00, 0x00, 0x00, 0x00, 0x00, 0x00, 0x00, 0x00, 0x00,
    0x00, 0x00, 0x00, 0x00, 0x00, 0x00, 0x00, 0x00, 0x00, 0x00, 0x00, 0x00,
    0x00, 0x00, 0x00, 0x00, 0x00, 0x00, 0x07, 0x88, 0x00, 0x00, 0x0F, 0xFF,
    0x00, 0x00, 0x0F, 0xFF, 0x00, 0x00, 0x0F, 0xFF, 0x00, 0x00, 0x0F, 0xFF,
    0x00, 0x00, 0x0F, 0xFF, 0x00, 0x00, 0x0F, 0xFF, 0x00, 0x00, 0x00, 0x00,
    0x88, 0x88, 0x88, 0x85, 0xFF, 0xFF, 0xFF, 0xFB, 0xFF, 0xDB, 0xBB, 0xC8,
    0xFF, 0x80, 0x00, 0x00, 0xFF, 0x80, 0x00, 0x00, 0xFF, 0x80, 0x00, 0x00,
    0xFF, 0x80, 0x00, 0x00, 0x00, 0x00, 0x00, 0x00, 0x00, 0x00, 0x00, 0x00,
    0x00, 0x00, 0x00, 0x00, 0x00, 0x00, 0x00, 0x00, 0x00, 0x00, 0x00, 0x00,
    0x00, 0x00, 0x00, 0x00, 0x00, 0x00, 0x00, 0x00, 0x00, 0x00, 0x00, 0x00,
    0x00, 0x00, 0x00, 0x00, 0x00, 0x00, 0x00, 0x00, 0x00, 0x00, 0x00, 0x00,
    0x00, 0x00, 0x00, 0x00, 0x00, 0x00, 0x00, 0x00, 0x00, 0x00, 0x00, 0x00,
    0x00, 0x00, 0x00, 0x00, 0x00, 0x00, 0x00, 0x00, 0x00, 0x00, 0x0F, 0xFF,
    0x00, 0x00, 0x0F, 0xFF, 0x00, 0x00, 0x0F, 0xFF, 0x00, 0x00, 0x0F, 0xFF,
    0x00, 0x00, 0x0F, 0xFF, 0x00, 0x00, 0x0F, 0xFF, 0x00, 0x00, 0x0F, 0xFF,
    0x00, 0x00, 0x0F, 0xFF, 0xFF, 0x80, 0x00, 0x00, 0xFF, 0x80, 0x00, 0x00,
    0xFF, 0x80, 0x00, 0x00, 0xFF, 0x80, 0x00, 0x00, 0xFF, 0x80, 0x00, 0x00,
    0xFF, 0x80, 0x00, 0x00, 0xFF, 0x80, 0x00, 0x00, 0xFF, 0x80, 0x00, 0x00,
    0x00, 0x00, 0x00, 0x00, 0x00, 0x00, 0x00, 0x00, 0x00, 0x00, 0x00, 0x00,
    0x00, 0x00, 0x00, 0x00, 0x00, 0x00, 0x00, 0x00, 0x00, 0x00, 0x00, 0x00,
    0x00, 0x00, 0x00, 0x00, 0x00, 0x00, 0x00, 0x00, 0x00, 0x00, 0x00, 0x00,
    0x00, 0x00, 0x00, 0x00, 0x00, 0x00, 0x00, 0x00, 0x00, 0x00, 0x00, 0x00,
    0x00, 0x00, 0x00, 0x00, 0x00, 0x00, 0x00, 0x00, 0x00, 0x00, 0x00, 0x00,
    0x00, 0x00, 0x00, 0x00, 0x00, 0x00, 0x0F, 0xFF, 0x00, 0x00, 0x0F, 0xFF,
    0x00, 0x00, 0x0F, 0xFF, 0x00, 0x00, 0x0F, 0xFF, 0x00, 0x00, 0x0F, 0xFF,
    0x00, 0x00, 0x0F, 0xFF, 0x00, 0x00, 0x0F, 0xFF, 0x00, 0x00, 0x0F, 0xFF,
    0xFF, 0x80, 0x00, 0x00, 0xFF, 0x80, 0x00, 0x00, 0xFF, 0x80, 0x00, 0x00,
    0xFF, 0x80, 0x00, 0x00, 0xFF, 0x80, 0x00, 0x00, 0xFF, 0x80, 0x00, 0x00,
    0xFF, 0x80, 0x00, 0x00, 0xFF, 0x80, 0x00, 0x00, 0x00, 0x00, 0x00, 0x00,
    0x00, 0x00, 0x00, 0x00, 0x00, 0x00, 0x00, 0x00, 0x00, 0x00, 0x00, 0x00,
    0x00, 0x00, 0x00, 0x00, 0x00, 0x00, 0x00, 0x00, 0x00, 0x00, 0x00, 0x00,
    0x00, 0x00, 0x00, 0x00, 0x00, 0x00, 0x00, 0x00, 0x00, 0x00, 0x00, 0x00,
    0x00, 0x00, 0x00, 0x00, 0x00, 0x00, 0x00, 0x00, 0x00, 0x00, 0x00, 0x00,
    0x00, 0x00, 0x00, 0x00, 0x00, 0x00, 0x00, 0x00, 0x00, 0x00, 0x00, 0x00,
    0x00, 0x00, 0x0F, 0xFF, 0x00, 0x00, 0x0F, 0xFF, 0x00, 0x00, 0x0F, 0xFF,
    0x00, 0x00, 0x0F, 0xFF, 0x00, 0x00, 0x0F, 0xFF, 0x00, 0x00, 0x0F, 0xFF,
    0x00, 0x00, 0x0A, 0xBB, 0x00, 0x00, 0x00, 0x00, 0xFF, 0x80, 0x00, 0x00,
    0xFF, 0x80, 0x00, 0x00, 0xFF, 0x80, 0x00, 0x00, 0xFF, 0x80, 0x00, 0x00,
    0xFF, 0xC7, 0x88, 0x85, 0xFF, 0xFF, 0xFF, 0xFB, 0xBB, 0xBB, 0xBB, 0xC8,
    0x00, 0x00, 0x00, 0x00, 0x00, 0x00, 0x00, 0x00, 0x02, 0x88, 0x88, 0x88,
    0x04, 0xFF, 0xFF, 0xFF, 0x03, 0xBB, 0xBB, 0xBF, 0x00, 0x00, 0x00, 0x0F,
    0x00, 0x00, 0x00, 0x0F, 0x00, 0x00, 0x00, 0x0F, 0x00, 0x00, 0x00, 0x0F,
    0x00, 0x00, 0x00, 0x00, 0x88, 0x88, 0x40, 0x00, 0xFF, 0xFF, 0x80, 0x00,
    0xFF, 0xFF, 0x80, 0x00, 0xFF, 0xFF, 0x80, 0x00, 0xFF, 0xFF, 0x80, 0x00,
    0xFF, 0xFF, 0x80, 0x00, 0xFF, 0xFF, 0x80, 0x00, 0x00, 0x00, 0x00, 0x00,
    0x00, 0x00, 0x00, 0x00, 0x00, 0x00, 0x00, 0x00, 0x00, 0x00, 0x00, 0x00,
    0x00, 0x00, 0x00, 0x00, 0x00, 0x00, 0x00, 0x00, 0x00, 0x00, 0x00, 0x00,
    0x00, 0x00, 0x00, 0x00, 0x00, 0x00, 0x00, 0x00, 0x00, 0x00, 0x00, 0x00,
    0x00, 0x00, 0x00, 0x00, 0x00, 0x00, 0x00, 0x00, 0x00, 0x00, 0x00, 0x00,
    0x00, 0x00, 0x00, 0x00, 0x00, 0x00, 0x00, 0x00, 0x00, 0x00, 0x00, 0x00,
    0x00, 0x00, 0x00, 0x0F, 0x00, 0x00, 0x00, 0x0F, 0x00, 0x00, 0x00, 0x0F,
    0x00, 0x00, 0x00, 0x0F, 0x00, 0x00, 0x00, 0x0F, 0x00, 0x00, 0x00, 0x0F,
    0x00, 0x00, 0x00, 0x0F, 0x00, 0x00, 0x00, 0x0F, 0xFF, 0xFF, 0x80, 0x00,
    0xFF, 0xFF, 0x80, 0x00, 0xFF, 0xFF, 0x80, 0x00, 0xFF, 0xFF, 0x80, 0x00,
    0xFF, 0xFF, 0x80, 0x00, 0xFF, 0xFF, 0x80, 0x00, 0xFF, 0xFF, 0x80, 0x00,
    0xFF, 0xFF, 0x80, 0x00, 0x00, 0x00, 0x00, 0x00, 0x00, 0x00, 0x00, 0x00,
    0x00, 0x00, 0x00, 0x00, 0x00, 0x00, 0x00, 0x00, 0x00, 0x00, 0x00, 0x00,
    0x00, 0x00, 0x00, 0x00, 0x00, 0x00, 0x00, 0x00, 0x00, 0x00, 0x00, 0x00,
    0x00, 0x00, 0x00, 0x00, 0x00, 0x00, 0x00, 0x00, 0x00, 0x00, 0x00, 0x00,
    0x00, 0x00, 0x00, 0x00, 0x00, 0x00, 0x00, 0x00, 0x00, 0x00, 0x00, 0x00,
    0x00, 0x00, 0x00, 0x00, 0x00, 0x00, 0x00, 0x00, 0x00, 0x00, 0x00, 0x0F,
    0x00, 0x00, 0x00, 0x0F, 0x00, 0x00, 0x00, 0x0F, 0x00, 0x00, 0x00, 0x0F,
    0x00, 0x00, 0x00, 0x0F, 0x00, 0x00, 0x00, 0x0F, 0x00, 0x00, 0x00, 0x0F,
    0x00, 0x00, 0x00, 0x0F, 0xFF, 0xFF, 0x80, 0x00, 0xFF, 0xFF, 0x80, 0x00,
    0xFF, 0xFF, 0x80, 0x00, 0xFF, 0xFF, 0x80, 0x00, 0xFF, 0xFF, 0x80, 0x00,
    0xFF, 0xFF, 0x80, 0x00, 0xFF, 0xFF, 0x80, 0x00, 0xFF, 0xFF, 0x80, 0x00,
    0x00, 0x00, 0x00, 0x00, 0x00, 0x00, 0x00, 0x00, 0x00, 0x00, 0x00, 0x00,
    0x00, 0x00, 0x00, 0x00, 0x00, 0x00, 0x00, 0x00, 0x00, 0x00, 0x00, 0x00,
    0x00, 0x00, 0x00, 0x00, 0x00, 0x00, 0x00, 0x00, 0x00, 0x00, 0x00, 0x00,
    0x00, 0x00, 0x00, 0x00, 0x00, 0x00, 0x00, 0x00, 0x00, 0x00, 0x00, 0x00,
    0x00, 0x00, 0x00, 0x00, 0x00, 0x00, 0x00, 0x00, 0x00, 0x00, 0x00, 0x00,
    0x00, 0x00, 0x00, 0x00, 0x00, 0x00, 0x00, 0x0F, 0x00, 0x00, 0x00, 0x0F,
    0x00, 0x00, 0x00, 0x0F, 0x00, 0x00, 0x00, 0x0F, 0x02, 0x88, 0x87, 0x8F,
    0x04, 0xFF, 0xFF, 0xFF, 0x03, 0xBB, 0xBB, 0xBB, 0x00, 0x00, 0x00, 0x00,
    0xFF, 0xFF, 0x80, 0x00, 0xFF, 0xFF, 0x80, 0x00, 0xFF, 0xFF, 0x80, 0x00,
    0xFF, 0xFF, 0x80, 0x00, 0xFF, 0xFF, 0x80, 0x00, 0xFF, 0xFF, 0x80, 0x00,
    0xBB, 0xBC, 0x50, 0x00, 0x00, 0x00, 0x00, 0x00, 0x00, 0x00, 0x00, 0x00,
    0x00, 0x00, 0x00, 0x00, 0x00, 0x00, 0x00, 0x00, 0x00, 0x00, 0x00, 0x00,
    0x00, 0x00, 0x00, 0x00, 0x00, 0x00, 0x00, 0x00, 0x00, 0x00, 0x00, 0x00,
    0x00, 0x00, 0x00, 0x00, 0x00, 0x00, 0x00, 0x00, 0x00, 0x00, 0x00, 0x00,
    0x00, 0x00, 0x00, 0x00, 0x00, 0x00, 0x00, 0x00, 0x00, 0x00, 0x00, 0x00,
    0x00, 0x00, 0x00, 0x00, 0x00, 0x00, 0x00, 0x00, 0x00, 0x00, 0x00, 0x00,
    0x00, 0x00, 0x00, 0x00, 0x00, 0x00, 0x00, 0x00, 0x00, 0x00, 0x00, 0x00,
    0x00, 0x00, 0x00, 0x00, 0x00, 0x00, 0x00, 0x00, 0x00, 0x00, 0x00, 0x00,
    0x00, 0x00, 0x00, 0x00, 0x00, 0x00, 0x00, 0x00, 0x00, 0x00, 0x00, 0x00,
    0x00, 0x00, 0x00, 0x00, 0x00, 0x00, 0x00, 0x00, 0x00, 0x00, 0x00, 0x00,
    0x00, 0x00, 0x00, 0x00, 0x00, 0x00, 0x00, 0x00, 0x00, 0x00, 0x00, 0x00,
    0x00, 0x00, 0x00, 0x00, 0x00, 0x00, 0x00, 0x00, 0x00, 0x00, 0x00, 0x00,
    0x00, 0x00, 0x00, 0x19, 0x00, 0x00, 0x00, 0xAF, 0x00, 0x00, 0x04, 0xFF,
    0x00, 0x00, 0x08, 0xFF, 0x00, 0x00, 0x0B, 0xFF, 0x00, 0x00, 0x0B, 0xFF,
    0x00, 0x00, 0x00, 0x00, 0x27, 0xAB, 0xEF, 0xFA, 0xFF, 0xFF, 0xFF, 0xFB,
    0xFF, 0xFF, 0xB7, 0x43, 0xFF, 0xFB, 0x00, 0x00, 0xFF, 0xF6, 0x00, 0x00,
    0xFF, 0xF4, 0x00, 0x00, 0xFF, 0xF4, 0x00, 0x00, 0x00, 0x00, 0x00, 0x00,
    0x00, 0x00, 0x00, 0x00, 0x00, 0x00, 0x00, 0x00, 0x00, 0x00, 0x00, 0x00,
    0x00, 0x00, 0x00, 0x00, 0x00, 0x00, 0x00, 0x00, 0x00, 0x00, 0x00, 0x00,
    0x00, 0x00, 0x00, 0x00, 0x00, 0x00, 0x00, 0x00, 0x00, 0x00, 0x00, 0x00,
    0x00, 0x00, 0x00, 0x00, 0x00, 0x00, 0x00, 0x00, 0x00, 0x00, 0x00, 0x00,
    0x00, 0x00, 0x00, 0x00, 0x00, 0x00, 0x00, 0x00, 0x00, 0x00, 0x00, 0x00,
    0x00, 0x00, 0x0B, 0xFF, 0x00, 0x00, 0x0B, 0xFF, 0x00, 0x00, 0x0B, 0xFF,
    0x00, 0x00, 0x0B, 0xFF, 0x00, 0x00, 0x0B, 0xFF, 0x00, 0x00, 0x0E, 0xFF,
    0x00, 0x02, 0xAF, 0xFF, 0x00, 0x0E, 0xFF, 0xFF, 0xFF, 0xF4, 0x00, 0x00,
    0xFF, 0xF4, 0x00, 0x00, 0xFF, 0xF4, 0x00, 0x00, 0xFF, 0xF4, 0x00, 0x00,
    0xFF, 0xF4, 0x00, 0x00, 0xFF, 0xF4, 0x00, 0x00, 0xFF, 0xD0, 0x00, 0x00,
    0xFC, 0x30, 0x00, 0x00, 0x00, 0x00, 0x00, 0x00, 0x00, 0x00, 0x00, 0x00,
    0x00, 0x00, 0x00, 0x00, 0x00, 0x00, 0x00, 0x00, 0x00, 0x00, 0x00, 0x00,
    0x00, 0x00, 0x00, 0x00, 0x00, 0x00, 0x00, 0x00, 0x00, 0x00, 0x00, 0x00,
    0x00, 0x00, 0x00, 0x00, 0x00, 0x00, 0x00, 0x00, 0x00, 0x00, 0x00, 0x00,
    0x00, 0x00, 0x00, 0x00, 0x00, 0x00, 0x00, 0x00, 0x00, 0x00, 0x00, 0x00,
    0x00, 0x00, 0x00, 0x00, 0x00, 0x00, 0x00, 0x00, 0x00, 0x0F, 0xFF, 0xFF,
    0x00, 0x05, 0xCF, 0xFF, 0x00, 0x00, 0x2F, 0xFF, 0x00, 0x00, 0x0B, 0xFF,
    0x00, 0x00, 0x0B, 0xFF, 0x00, 0x00, 0x0B, 0xFF, 0x00, 0x00, 0x0B, 0xFF,
    0x00, 0x00, 0x0B, 0xFF, 0xF9, 0x00, 0x00, 0x00, 0xFF, 0xB0, 0x00, 0x00,
    0xFF, 0xF3, 0x00, 0x00, 0xFF, 0xF4, 0x00, 0x00, 0xFF, 0xF4, 0x00, 0x00,
    0xFF, 0xF4, 0x00, 0x00, 0xFF, 0xF4, 0x00, 0x00, 0xFF, 0xF4, 0x00, 0x00,
    0x00, 0x00, 0x00, 0x00, 0x00, 0x00, 0x00, 0x00, 0x00, 0x00, 0x00, 0x00,
    0x00, 0x00, 0x00, 0x00, 0x00, 0x00, 0x00, 0x00, 0x00, 0x00, 0x00, 0x00,
    0x00, 0x00, 0x00, 0x00, 0x00, 0x00, 0x00, 0x00, 0x00, 0x00, 0x00, 0x00,
    0x00, 0x00, 0x00, 0x00, 0x00, 0x00, 0x00, 0x00, 0x00, 0x00, 0x00, 0x00,
    0x00, 0x00, 0x00, 0x00, 0x00, 0x00, 0x00, 0x00, 0x00, 0x00, 0x00, 0x00,
    0x00, 0x00, 0x00, 0x00, 0x00, 0x00, 0x0B, 0xFF, 0x00, 0x00, 0x0B, 0xFF,
    0x00, 0x00, 0x09, 0xFF, 0x00, 0x00, 0x06, 0xFF, 0x00, 0x00, 0x00, 0xCF,
    0x00, 0x00, 0x00, 0x3D, 0x00, 0x00, 0x00, 0x00, 0x00, 0x00, 0x00, 0x00,
    0xFF, 0xF4, 0x00, 0x00, 0xFF, 0xF4, 0x00, 0x00, 0xFF, 0xF5, 0x00, 0x00,
    0xFF, 0xF9, 0x00, 0x00, 0xFF, 0xFF, 0x84, 0x10, 0xFF, 0xFF, 0xFF, 0xFA,
    0x6A, 0xEF, 0xFF, 0xFB, 0x00, 0x00, 0x34, 0x43, 0x00, 0x11, 0x00, 0x00,
    0x0A, 0xFF, 0xEB, 0xA7, 0x0B, 0xFF, 0xFF, 0xFF, 0x03, 0x47, 0xBF, 0xFF,
    0x00, 0x00, 0x0B, 0xFF, 0x00, 0x00, 0x06, 0xFF, 0x00, 0x00, 0x04, 0xFF,
    0x00, 0x00, 0x04, 0xFF, 0x00, 0x00, 0x00, 0x00, 0x20, 0x00, 0x00, 0x00,
    0xF9, 0x10, 0x00, 0x00, 0xFF, 0xA0, 0x00, 0x00, 0xFF, 0xF4, 0x00, 0x00,
    0xFF, 0xF8, 0x00, 0x00, 0xFF, 0xFB, 0x00, 0x00, 0xFF, 0xFB, 0x00, 0x00,
    0x00, 0x00, 0x00, 0x00, 0x00, 0x00, 0x00, 0x00, 0x00, 0x00, 0x00, 0x00,
    0x00, 0x00, 0x00, 0x00, 0x00, 0x00, 0x00, 0x00, 0x00, 0x00, 0x00, 0x00,
    0x00, 0x00, 0x00, 0x00, 0x00, 0x00, 0x00, 0x00, 0x00, 0x00, 0x00, 0x00,
    0x00, 0x00, 0x00, 0x00, 0x00, 0x00, 0x00, 0x00, 0x00, 0x00, 0x00, 0x00,
    0x00, 0x00, 0x00, 0x00, 0x00, 0x00, 0x00, 0x00, 0x00, 0x00, 0x00, 0x00,
    0x00, 0x00, 0x00, 0x00, 0x00, 0x00, 0x04, 0xFF, 0x00, 0x00, 0x04, 0xFF,
    0x00, 0x00, 0x04, 0xFF, 0x00, 0x00, 0x04, 0xFF, 0x00, 0x00, 0x04, 0xFF,
    0x00, 0x00, 0x04, 0xFF, 0x00, 0x00, 0x00, 0xDF, 0x00, 0x00, 0x00, 0x3C,
    0xFF, 0xFB, 0x00, 0x00, 0xFF, 0xFB, 0x00, 0x00, 0xFF, 0xFB, 0x00, 0x00,
    0xFF, 0xFB, 0x00, 0x00, 0xFF, 0xFB, 0x00, 0x00, 0xFF, 0xFE, 0x00, 0x00,
    0xFF, 0xFF, 0xA2, 0x00, 0xFF, 0xFF, 0xFE, 0x00, 0x00, 0x00, 0x00, 0x00,
    0x00, 0x00, 0x00, 0x00, 0x00, 0x00, 0x00, 0x00, 0x00, 0x00, 0x00, 0x00,
    0x00, 0x00, 0x00, 0x00, 0x00, 0x00, 0x00, 0x00, 0x00, 0x00, 0x00, 0x00,
    0x00, 0x00, 0x00, 0x00, 0x00, 0x00, 0x00, 0x00, 0x00, 0x00, 0x00, 0x00,
    0x00, 0x00, 0x00, 0x00, 0x00, 0x00, 0x00, 0x00, 0x00, 0x00, 0x00, 0x00,
    0x00, 0x00, 0x00, 0x00, 0x00, 0x00, 0x00, 0x00, 0x00, 0x00, 0x00, 0x00,
    0x00, 0x00, 0x00, 0x09, 0x00, 0x00, 0x00, 0xBF, 0x00, 0x00, 0x03, 0xFF,
    0x00, 0x00, 0x04, 0xFF, 0x00, 0x00, 0x04, 0xFF, 0x00, 0x00, 0x04, 0xFF,
    0x00, 0x00, 0x04, 0xFF, 0x00, 0x00, 0x04, 0xFF, 0xFF, 0xFF, 0xFF, 0x00,
    0xFF, 0xFF, 0xC5, 0x00, 0xFF, 0xFF, 0x20, 0x00, 0xFF, 0xFB, 0x00, 0x00,
    0xFF, 0xFB, 0x00, 0x00, 0xFF, 0xFB, 0x00, 0x00, 0xFF, 0xFB, 0x00, 0x00,
    0xFF, 0xFB, 0x00, 0x00, 0x00, 0x00, 0x00, 0x00, 0x00, 0x00, 0x00, 0x00,
    0x00, 0x00, 0x00, 0x00, 0x00, 0x00, 0x00, 0x00, 0x00, 0x00, 0x00, 0x00,
    0x00, 0x00, 0x00, 0x00, 0x00, 0x00, 0x00, 0x00, 0x00, 0x00, 0x00, 0x00,
    0x00, 0x00, 0x00, 0x00, 0x00, 0x00, 0x00, 0x00, 0x00, 0x00, 0x00, 0x00,
    0x00, 0x00, 0x00, 0x00, 0x00, 0x00, 0x00, 0x00, 0x00, 0x00, 0x00, 0x00,
    0x00, 0x00, 0x00, 0x00, 0x00, 0x00, 0x00, 0x00, 0x00, 0x00, 0x04, 0xFF,
    0x00, 0x00, 0x04, 0xFF, 0x00, 0x00, 0x04, 0xFF, 0x00, 0x00, 0x09, 0xFF,
    0x00, 0x14, 0x8F, 0xFF, 0x0A, 0xFF, 0xFF, 0xFF, 0x0B, 0xFF, 0xFF, 0xEA,
    0x03, 0x44, 0x30, 0x00, 0xFF, 0xFB, 0x00, 0x00, 0xFF, 0xFB, 0x00, 0x00,
    0xFF, 0xF9, 0x00, 0x00, 0xFF, 0xF6, 0x00, 0x00, 0xFF, 0xD0, 0x00, 0x00,
    0xFD, 0x30, 0x00, 0x00, 0x61, 0x00, 0x00, 0x00, 0x00, 0x00, 0x00, 0x00,
    0x00, 0x00, 0x00, 0x00, 0x00, 0x00, 0x00, 0x00, 0x00, 0x00, 0x00, 0x00,
    0x00, 0x00, 0x00, 0x00, 0x00, 0x00, 0x00, 0x00, 0x00, 0x00, 0x00, 0x00,
    0x00, 0x00, 0x00, 0x00, 0x00, 0x00, 0x00, 0x00, 0x00, 0x00, 0x00, 0x00,
    0x00, 0x00, 0x00, 0x00, 0x00, 0x00, 0x00, 0x00, 0x00, 0x00, 0x00, 0x00,
    0x00, 0x00, 0x00, 0x00, 0x00, 0x00, 0x00, 0x00, 0x00, 0x00, 0x00, 0x00,
    0x00, 0x00, 0x00, 0x00, 0x00, 0x00, 0x00, 0x00, 0x00, 0x00, 0x00, 0x00,
    0x00, 0x00, 0x00, 0x00, 0x00, 0x00, 0x00, 0x00, 0x00, 0x00, 0x00, 0x00,
    0x00, 0x00, 0x00, 0x00, 0x00, 0x00, 0x00, 0x00, 0x00, 0x00, 0x00, 0x00,
    0x00, 0x00, 0x00, 0x00, 0x00, 0x00, 0x00, 0x00, 0x00, 0x00, 0x00, 0x00,
    0x00, 0x00, 0x00, 0x01, 0x00, 0x00, 0x00, 0x7F, 0x00, 0x00, 0x00, 0x8F,
    0x00, 0x00, 0x00, 0x8F, 0x00, 0x00, 0x00, 0x8F, 0x00, 0x00, 0x00, 0x00,
    0x00, 0x00, 0x00, 0x00, 0x00, 0x00, 0x00, 0x00, 0x00, 0x00, 0x00, 0x00,
    0xFF, 0xE0, 0x00, 0x00, 0xFF, 0xF0, 0x00, 0x00, 0xFF, 0xF0, 0x00, 0x00,
    0xFF, 0xF0, 0x00, 0x00, 0x00, 0x00, 0x00, 0x00, 0x00, 0x00, 0x00, 0x00,
    0x00, 0x00, 0x00, 0x00, 0x00, 0x00, 0x00, 0x00, 0x00, 0x00, 0x00, 0x00,
    0x00, 0x00, 0x00, 0x00, 0x00, 0x00, 0x00, 0x00, 0x00, 0x00, 0x00, 0x00,
    0x00, 0x00, 0x00, 0x00, 0x00, 0x00, 0x00, 0x00, 0x00, 0x00, 0x00, 0x00,
    0x00, 0x00, 0x00, 0x00, 0x00, 0x00, 0x00, 0x00, 0x00, 0x00, 0x14, 0x44,
    0x00, 0x00, 0x4F, 0xFF, 0x00, 0x00, 0x4F, 0xFF, 0x00, 0x00, 0x00, 0x8F,
    0x00, 0x00, 0x00, 0x8F, 0x00, 0x00, 0x00, 0x8F, 0x00, 0x00, 0x00, 0x8F,
    0x00, 0x00, 0x00, 0x8F, 0x44, 0x44, 0x43, 0xAF, 0xFF, 0xFF, 0xFF, 0xFF,
    0xFF, 0xFF, 0xFF, 0xFF, 0xFF, 0xF0, 0x00, 0x00, 0xFF, 0xF0, 0x00, 0x00,
    0xFF, 0xF0, 0x00, 0x00, 0xFF, 0xF0, 0x00, 0x00, 0xFF, 0xF0, 0x00, 0x00,
    0xFF, 0xF5, 0x44, 0x44, 0xFF, 0xFF, 0xFF, 0xFF, 0xFF, 0xFF, 0xFF, 0xFF,
    0x00, 0x00, 0x00, 0x00, 0x00, 0x00, 0x00, 0x00, 0x00, 0x00, 0x00, 0x00,
    0x00, 0x00, 0x00, 0x00, 0x00, 0x00, 0x00, 0x00, 0x44, 0x44, 0x30, 0x00,
    0xFF, 0xFF, 0xB0, 0x00, 0xFF, 0xFF, 0xB0, 0x00, 0x00, 0x00, 0x4F, 0xFF,
    0x00, 0x00, 0x4F, 0xFF, 0x00, 0x00, 0x14, 0x44, 0x00, 0x00, 0x00, 0x00,
    0x00, 0x00, 0x00, 0x00, 0x00, 0x00, 0x00, 0x00, 0x00, 0x00, 0x00, 0x00,
    0x00, 0x00, 0x00, 0x00, 0xFF, 0xFF, 0xFF, 0xFF, 0xFF, 0xFF, 0xFF, 0xFF,
    0x44, 0x44, 0x43, 0xAF, 0x00, 0x00, 0x00, 0x8F, 0x00, 0x00, 0x00, 0x8F,
    0x00, 0x00, 0x00, 0x8F, 0x00, 0x00, 0x00, 0x8F, 0x00, 0x00, 0x00, 0x8F,
    0xFF, 0xFF, 0xFF, 0xFF, 0xFF, 0xFF, 0xFF, 0xFF, 0xFF, 0xF5, 0x44, 0x44,
    0xFF, 0xF0, 0x00, 0x00, 0xFF, 0xF0, 0x00, 0x00, 0xFF, 0xF0, 0x00, 0x00,
    0xFF, 0xF0, 0x00, 0x00, 0xFF, 0xF0, 0x00, 0x00, 0xFF, 0xFF, 0xB0, 0x00,
    0xFF, 0xFF, 0xB0, 0x00, 0x44, 0x44, 0x30, 0x00, 0x00, 0x00, 0x00, 0x00,
    0x00, 0x00, 0x00, 0x00, 0x00, 0x00, 0x00, 0x00, 0x00, 0x00, 0x00, 0x00,
    0x00, 0x00, 0x00, 0x00, 0x00, 0x00, 0x00, 0x00, 0x00, 0x00, 0x00, 0x00,
    0x00, 0x00, 0x00, 0x00, 0x00, 0x00, 0x00, 0x00, 0x00, 0x00, 0x00, 0x00,
    0x00, 0x00, 0x00, 0x00, 0x00, 0x00, 0x00, 0x00, 0x00, 0x00, 0x00, 0x00,
    0x00, 0x00, 0x00, 0x8F, 0x00, 0x00, 0x00, 0x8F, 0x00, 0x00, 0x00, 0x8F,
    0x00, 0x00, 0x00, 0x7F, 0x00, 0x00, 0x00, 0x01, 0x00, 0x00, 0x00, 0x00,
    0x00, 0x00, 0x00, 0x00, 0x00, 0x00, 0x00, 0x00, 0xFF, 0xF0, 0x00, 0x00,
    0xFF, 0xF0, 0x00, 0x00, 0xFF, 0xF0, 0x00, 0x00, 0xFF, 0xE0, 0x00, 0x00,
    0x00, 0x00, 0x00, 0x00, 0x00, 0x00, 0x00, 0x00, 0x00, 0x00, 0x00, 0x00,
    0x00, 0x00, 0x00, 0x00, 0x00, 0x00, 0x00, 0x00, 0x00, 0x00, 0x00, 0x00,
    0x00, 0x00, 0x00, 0x00, 0x00, 0x00, 0x00, 0x00, 0x00, 0x00, 0x00, 0x00,
    0x00, 0x00, 0x00, 0x00, 0x00, 0x00, 0x00, 0x00, 0x00, 0x00, 0x00, 0x00,
    0x00, 0x00, 0x00, 0x00, 0x00, 0x00, 0x00, 0x00, 0x00, 0x00, 0x00, 0x00,
    0x00, 0x00, 0x00, 0x00, 0x00, 0x00, 0x00, 0x00, 0x00, 0x00, 0x00, 0x00,
    0x00, 0x00, 0x00, 0x00, 0x00, 0x00, 0x00, 0x00, 0x00, 0x00, 0x00, 0x00,
    0x00, 0x00, 0x00, 0x00, 0x00, 0x00, 0x00, 0x00, 0x00, 0x00, 0x00, 0x00,
    0x00, 0x00, 0x00, 0x00, 0x00, 0x00, 0x00, 0x00, 0x00, 0x00, 0x00, 0x00,
    0x00, 0x00, 0x00, 0x00, 0x00, 0x00, 0x00, 0x00, 0x00, 0x00, 0x00, 0x00,
    0x00, 0x00, 0x00, 0x00, 0x00, 0x00, 0x00, 0x00, 0x00, 0x00, 0x00, 0x00,
    0x00, 0x00, 0x00, 0x00, 0x00, 0x00, 0x00, 0x00, 0x00, 0x00, 0x00, 0x00,
    0x00, 0x00, 0x00, 0x00, 0x00, 0x00, 0x00, 0x00, 0x00, 0x00, 0x00, 0x00,
    0x00, 0x00, 0x00, 0x00, 0x00, 0x00, 0x00, 0x00, 0x00, 0x00, 0x00, 0x00,
    0x00, 0x00, 0x00, 0x00, 0x00, 0x00, 0x00, 0x00, 0x00, 0x00, 0x00, 0x00,
    0x00, 0x00, 0x00, 0x00, 0x00, 0x00, 0x00, 0x00, 0x00, 0x00, 0x00, 0x00,
    0x00, 0x00, 0x00, 0x00, 0x00, 0x00, 0x14, 0x44, 0x00, 0x00, 0x4F, 0xFF,
    0x00, 0x00, 0x4F, 0xFF, 0x00, 0x00, 0x00, 0x00, 0x00, 0x00, 0x00, 0x00,
    0x00, 0x00, 0x00, 0x00, 0x00, 0x00, 0x00, 0x00, 0x00, 0x00, 0x00, 0x00,
    0x44, 0x44, 0x44, 0x44, 0xFF, 0xFF, 0xFF, 0xFF, 0xFF, 0xFF, 0xFF, 0xFF,
    0x00, 0x00, 0x00, 0x00, 0x00, 0x00, 0x00, 0x00, 0x00, 0x00, 0x00, 0x00,
    0x00, 0x00, 0x00, 0x00, 0x00, 0x00, 0x00, 0x00, 0x44, 0x44, 0x44, 0x44,
    0xFF, 0xFF, 0xFF, 0xFF, 0xFF, 0xFF, 0xFF, 0xFF, 0x00, 0x00, 0x00, 0x00,
    0x00, 0x00, 0x00, 0x00, 0x00, 0x00, 0x00, 0x00, 0x00, 0x00, 0x00, 0x00,
    0x00, 0x00, 0x00, 0x00, 0x44, 0x44, 0x30, 0x00, 0xFF, 0xFF, 0xB0, 0x00,
    0xFF, 0xFF, 0xB0, 0x00, 0x00, 0x00, 0x4F, 0xFF, 0x00, 0x00, 0x4F, 0xFF,
    0x00, 0x00, 0x14, 0x44, 0x00, 0x00, 0x00, 0x00, 0x00, 0x00, 0x00, 0x00,
    0x00, 0x00, 0x00, 0x00, 0x00, 0x00, 0x00, 0x00, 0x00, 0x00, 0x00, 0x00,
    0xFF, 0xFF, 0xFF, 0xFF, 0xFF, 0xFF, 0xFF, 0xFF, 0x44, 0x44, 0x44, 0x44,
    0x00, 0x00, 0x00, 0x00, 0x00, 0x00, 0x00, 0x00, 0x00, 0x00, 0x00, 0x00,
    0x00, 0x00, 0x00, 0x00, 0x00, 0x00, 0x00, 0x00, 0xFF, 0xFF, 0xFF, 0xFF,
    0xFF, 0xFF, 0xFF, 0xFF, 0x44, 0x44, 0x44, 0x44, 0x00, 0x00, 0x00, 0x00,
    0x00, 0x00, 0x00, 0x00, 0x00, 0x00, 0x00, 0x00, 0x00, 0x00, 0x00, 0x00,
    0x00, 0x00, 0x00, 0x00, 0xFF, 0xFF, 0xB0, 0x00, 0xFF, 0xFF, 0xB0, 0x00,
    0x44, 0x44, 0x30, 0x00, 0x00, 0x00, 0x00, 0x00, 0x00, 0x00, 0x00, 0x00,
    0x00, 0x00, 0x00, 0x00, 0x00, 0x00, 0x00, 0x00, 0x00, 0x00, 0x00, 0x00,
    0x00, 0x00, 0x00, 0x00, 0x00, 0x00, 0x00, 0x00, 0x00, 0x00, 0x00, 0x00,
    0x00, 0x00, 0x00, 0x00, 0x00, 0x00, 0x00, 0x00, 0x00, 0x00, 0x00, 0x00,
    0x00, 0x00, 0x00, 0x00, 0x00, 0x00, 0x00, 0x00, 0x00, 0x00, 0x00, 0x00,
    0x00, 0x00, 0x00, 0x00, 0x00, 0x00, 0x00, 0x00, 0x00, 0x00, 0x00, 0x00,
    0x00, 0x00, 0x00, 0x00, 0x00, 0x00, 0x00, 0x00, 0x00, 0x00, 0x00, 0x00,
    0x00, 0x00, 0x00, 0x00, 0x00, 0x00, 0x00, 0x00, 0x00, 0x00, 0x00, 0x00,
    0x00, 0x00, 0x00, 0x00, 0x00, 0x00, 0x00, 0x00, 0x00, 0x00, 0x00, 0x00,
    0x00, 0x00, 0x00, 0x00, 0x00, 0x00, 0x00, 0x00, 0x00, 0x00, 0x00, 0x00,
    0x00, 0x00, 0x00, 0x00, 0x00, 0x00, 0x00, 0x00, 0x00, 0x00, 0x00, 0x00,
    0x00, 0x00, 0x00, 0x00, 0x00, 0x00, 0x00, 0x00, 0x00, 0x00, 0x00, 0x00,
    0x00, 0x00, 0x00, 0x00, 0x00, 0x00, 0x00, 0x00, 0x00, 0x00, 0x00, 0x00,
    0x00, 0x00, 0x00, 0x00, 0x00, 0x00, 0x00, 0x00, 0x00, 0x00, 0x00, 0x00,
    0x00, 0x00, 0x00, 0x00, 0x00, 0x00, 0x00, 0x00, 0x00, 0x00, 0x00, 0x00,
    0x00, 0x00, 0x00, 0x09, 0x00, 0x00, 0x00, 0x00, 0x00, 0x00, 0x00, 0x00,
    0x00, 0x00, 0x00, 0x00, 0x00, 0x00, 0x00, 0x00, 0x00, 0x00, 0x00, 0x00,
    0x00, 0x00, 0x00, 0x00, 0x99, 0x00, 0x00, 0x00, 0xFF, 0x90, 0x00, 0x00,
    0x00, 0x00, 0x00, 0x00, 0x00, 0x00, 0x00, 0x00, 0x00, 0x00, 0x00, 0x00,
    0x00, 0x00, 0x00, 0x00, 0x00, 0x00, 0x00, 0x00, 0x00, 0x00, 0x00, 0x00,
    0x00, 0x00, 0x00, 0x01, 0x00, 0x00, 0x00, 0x1C, 0x00, 0x00, 0x00, 0x00,
    0x00, 0x00, 0x00, 0x00, 0x00, 0x00, 0x00, 0x00, 0x00, 0x00, 0x00, 0x00,
    0x00, 0x00, 0x00, 0x00, 0x00, 0x00, 0x00, 0x00, 0xB4, 0x00, 0x00, 0x00,
    0xFE, 0x60, 0x00, 0x00, 0x00, 0x00, 0x00, 0xBF, 0x00, 0x00, 0x00, 0x7F,
    0x00, 0x00, 0x00, 0x06, 0x00, 0x00, 0x00, 0x00, 0x00, 0x00, 0x00, 0x00,
    0x00, 0x00, 0x00, 0x00, 0x00, 0x00, 0x00, 0x00, 0x00, 0x00, 0x00, 0x00,
    0xFF, 0xF9, 0x00, 0x00, 0xFF, 0xFF, 0x90, 0x00, 0xFF, 0xFF, 0xFB, 0x10,
    0x6F, 0xFF, 0xFF, 0xC1, 0x03, 0xEF, 0xFF, 0xFC, 0x00, 0x3E, 0xFF, 0xFF,
    0x00, 0x03, 0xEF, 0xFF, 0x00, 0x00, 0x3E, 0xFF, 0x00, 0x00, 0x03, 0xDF,
    0x00, 0x00, 0x3E, 0xFF, 0x00, 0x03, 0xEF, 0xFF, 0x00, 0x5E, 0xFF, 0xFF,
    0x06, 0xFF, 0xFF, 0xFC, 0xDF, 0xFF, 0xFF, 0xB1, 0xFF, 0xFF, 0xF9, 0x00,
    0xFF, 0xFF, 0x90, 0x00, 0xFF, 0xF6, 0x00, 0x00, 0xFF, 0xE4, 0x00, 0x00,
    0xFC, 0x30, 0x00, 0x00, 0xC1, 0x00, 0x00, 0x00, 0x10, 0x00, 0x00, 0x00,
    0x00, 0x00, 0x00, 0x00, 0x00, 0x00, 0x00, 0x00, 0x00, 0x00, 0x00, 0x00,
    0x00, 0x00, 0x00, 0x00, 0x00, 0x00, 0x00, 0x00, 0x00, 0x00, 0x00, 0x00,
    0x00, 0x00, 0x00, 0x00, 0x00, 0x00, 0x00, 0x00, 0x00, 0x00, 0x00, 0x03,
    0x00, 0x00, 0x00, 0x3E, 0x00, 0x00, 0x01, 0xDF, 0x00, 0x00, 0x0A, 0xFF,
    0x00, 0x01, 0xAF, 0xFF, 0x00, 0x1C, 0xFF, 0xFF, 0x01, 0xCF, 0xFF, 0xFF,
    0x1C, 0xFF, 0xFF, 0xE3, 0xEF, 0xFF, 0xFE, 0x30, 0xFF, 0xFF, 0xE3, 0x00,
    0xFF, 0xFC, 0x20, 0x00, 0xFF, 0xFF, 0x30, 0x00, 0xFF, 0xFF, 0xE5, 0x00,
    0xFF, 0xFF, 0xFF, 0x60, 0x7B, 0xFF, 0xFF, 0xF6, 0x01, 0x9F, 0xFF, 0xFF,
    0x00, 0x09, 0xFF, 0xFF, 0x00, 0x00, 0x9F, 0xFF, 0x00, 0x00, 0x09, 0xFF,
    0x00, 0x00, 0x00, 0x00, 0x00, 0x00, 0x00, 0x00, 0x00, 0x00, 0x00, 0x00,
    0x00, 0x00, 0x00, 0x00, 0x60, 0x00, 0x00, 0x00, 0xF8, 0x00, 0x00, 0x00,
    0xFF, 0x90, 0x00, 0x00, 0xFF, 0xF7, 0x00, 0x00, 0x00, 0x00, 0x00, 0x4E,
    0x00, 0x00, 0x00, 0x03, 0x00, 0x00, 0x00, 0x00, 0x00, 0x00, 0x00, 0x00,
    0x00, 0x00, 0x00, 0x00, 0x00, 0x00, 0x00, 0x00, 0x00, 0x00, 0x00, 0x00,
    0x00, 0x00, 0x00, 0x00, 0xFF, 0xC1, 0x00, 0x00, 0xFC, 0x10, 0x00, 0x00,
    0x53, 0x00, 0x00, 0x00, 0x00, 0x00, 0x00, 0x00, 0x00, 0x00, 0x00, 0x00,
    0x00, 0x00, 0x00, 0x00, 0x00, 0x00, 0x00, 0x00, 0x00, 0x00, 0x00, 0x00,
    0x00, 0x00, 0x00, 0x8F, 0x00, 0x00, 0x00, 0x06, 0x00, 0x00, 0x00, 0x00,
    0x00, 0x00, 0x00, 0x00, 0x00, 0x00, 0x00, 0x00, 0x00, 0x00, 0x00, 0x00,
    0x00, 0x00, 0x00, 0x00, 0x00, 0x00, 0x00, 0x00, 0xFF, 0xC1, 0x00, 0x00,
    0xF9, 0x00, 0x00, 0x00, 0x61, 0x00, 0x00, 0x00, 0x00, 0x00, 0x00, 0x00,
    0x00, 0x00, 0x00, 0x00, 0x00, 0x00, 0x00, 0x00, 0x00, 0x00, 0x00, 0x00,
    0x00, 0x00, 0x00, 0x00, 0x00, 0x00, 0x00, 0x00, 0x00, 0x00, 0x00, 0x00,
    0x00, 0x00, 0x00, 0x00, 0x00, 0x00, 0x00, 0x00, 0x00, 0x00, 0x00, 0x00,
    0x00, 0x00, 0x00, 0x00, 0x00, 0x00, 0x00, 0x00, 0x00, 0x00, 0x00, 0x00,
    0x00, 0x00, 0x00, 0x00, 0x00, 0x00, 0x00, 0x00, 0x00, 0x00, 0x00, 0x00,
    0x00, 0x00, 0x00, 0x00, 0x00, 0x00, 0x00, 0x00, 0x00, 0x00, 0x00, 0x00,
    0x00, 0x00, 0x00, 0x00, 0x00, 0x00, 0x00, 0x00, 0x00, 0x00, 0x00, 0x00,
    0x00, 0x00, 0x00, 0x00, 0x00, 0x00, 0x00, 0x00, 0x00, 0x00, 0x00, 0x00,
    0x00, 0x00, 0x00, 0x00, 0x00, 0x00, 0x00, 0x00, 0x00, 0x00, 0x00, 0x00,
    0x00, 0x00, 0x00, 0x00, 0x00, 0x00, 0x00, 0x00, 0x00, 0x00, 0x00, 0x00,
    0x00, 0x00, 0x00, 0x00, 0x00, 0x00, 0x00, 0x00, 0x00, 0x00, 0x00, 0x00,
    0x00, 0x00, 0x00, 0x00, 0x00, 0x00, 0x00, 0x00, 0x00, 0x00, 0x00, 0x00,
    0x00, 0x00, 0x00, 0x00, 0x00, 0x00, 0x34, 0x44, 0x00, 0x00, 0xBF, 0xFF,
    0x00, 0x00, 0xBF, 0xFF, 0x00, 0x00, 0xBF, 0xFF, 0x00, 0x00, 0xBF, 0xFF,
    0x00, 0x00, 0x34, 0x44, 0x00, 0x00, 0x00, 0x00, 0x00, 0x00, 0x00, 0x00,
    0x44, 0x44, 0x44, 0x44, 0xFF, 0xFF, 0xFF, 0xFF, 0xFF, 0xFF, 0xFF, 0xFF,
    0xFF, 0xFF, 0xFF, 0xFF, 0xFF, 0xFF, 0xFF, 0xFF, 0x44, 0x44, 0x44, 0x44,
    0x00, 0x00, 0x00, 0x00, 0x00, 0x00, 0x00, 0x00, 0x44, 0x44, 0x44, 0x44,
    0xFF, 0xFF, 0xFF, 0xFF, 0xFF, 0xFF, 0xFF, 0xFF, 0xFF, 0xFF, 0xFF, 0xFF,
    0xFF, 0xFF, 0xFF, 0xFF, 0x44, 0x44, 0x44, 0x44, 0x00, 0x00, 0x00, 0x00,
    0x00, 0x00, 0x00, 0x00, 0x44, 0x44, 0x10, 0x00, 0xFF, 0xFF, 0x40, 0x00,
    0xFF, 0xFF, 0x40, 0x00, 0xFF, 0xFF, 0x40, 0x00, 0xFF, 0xFF, 0x40, 0x00,
    0x44, 0x44, 0x10, 0x00, 0x00, 0x00, 0x00, 0x00, 0x00, 0x00, 0x00, 0x00,
    0x00, 0x00, 0x01, 0x00, 0x00, 0x00, 0xAF, 0xFF, 0x00, 0x00, 0xBF, 0xFF,
    0x00, 0x00, 0xBF, 0xFF, 0x00, 0x00, 0xBF, 0xFF, 0x00, 0x00, 0x58, 0x88,
    0x00, 0x00, 0x00, 0x00, 0x00, 0x00, 0x00, 0x00, 0x00, 0x00, 0x00, 0x00,
    0xFF, 0xFF, 0xFF, 0xFF, 0xFF, 0xFF, 0xFF, 0xFF, 0xFF, 0xFF, 0xFF, 0xFF,
    0xFF, 0xFF, 0xFF, 0xFF, 0x88, 0x88, 0x88, 0x88, 0x00, 0x00, 0x00, 0x00,
    0x00, 0x00, 0x00, 0x00, 0x00, 0x00, 0x00, 0x00, 0xFF, 0xFF, 0xFF, 0xFF,
    0xFF, 0xFF, 0xFF, 0xFF, 0xFF, 0xFF, 0xFF, 0xFF, 0xFF, 0xFF, 0xFF, 0xFF,
    0x88, 0x88, 0x88, 0x88, 0x00, 0x00, 0x00, 0x00, 0x00, 0x00, 0x00, 0x00,
    0x00, 0x00, 0x00, 0x00, 0xFF, 0xFF, 0x40, 0x00, 0xFF, 0xFF, 0x40, 0x00,
    0xFF, 0xFF, 0x40, 0x00, 0xFF, 0xFF, 0x40, 0x00, 0x88, 0x88, 0x20, 0x00,
    0x00, 0x00, 0x00, 0x00, 0x00, 0x00, 0x00, 0x00, 0x00, 0x00, 0x00, 0x00,
    0x00, 0x00, 0x00, 0x00, 0x00, 0x00, 0x00, 0x00, 0x00, 0x00, 0x00, 0x00,
    0x00, 0x00, 0x00, 0x00, 0x00, 0x00, 0x00, 0x00, 0x00, 0x00, 0x00, 0x00,
    0x00, 0x00, 0x00, 0x00, 0x00, 0x00, 0x00, 0x00, 0x00, 0x00, 0x00, 0x00,
    0x00, 0x00, 0x00, 0x00, 0x00, 0x00, 0x00, 0x00, 0x00, 0x00, 0x00, 0x00,
    0x00, 0x00, 0x00, 0x00, 0x00, 0x00, 0x00, 0x00, 0x00, 0x00, 0x00, 0x00,
    0x00, 0x00, 0x00, 0x00, 0x00, 0x00, 0x00, 0x00, 0x00, 0x00, 0x00, 0x00,
    0x00, 0x00, 0x00, 0x00, 0x00, 0x00, 0x00, 0x00, 0x00, 0x00, 0x00, 0x00,
    0x00, 0x00, 0x00, 0x00, 0x00, 0x00, 0x00, 0x00, 0x00, 0x00, 0x00, 0x00,
    0x00, 0x00, 0x00, 0x00, 0x00, 0x00, 0x00, 0x00, 0x00, 0x00, 0x00, 0x00,
    0x00, 0x00, 0x00, 0x00, 0x00, 0x00, 0x00, 0x00, 0x00, 0x00, 0x00, 0x00,
    0x00, 0x00, 0x00, 0x00, 0x00, 0x00, 0x00, 0x00, 0x00, 0x00, 0x00, 0x00,
    0x00, 0x00, 0x00, 0x00, 0x00, 0x00, 0x00, 0x00, 0x00, 0x00, 0x00, 0x00,
    0x00, 0x00, 0x00, 0x00, 0x00, 0x00, 0x00, 0x00, 0x00, 0x00, 0x00, 0x00,
    0x00, 0x00, 0x00, 0x00, 0x00, 0x00, 0x00, 0x00, 0x00, 0x00, 0x00, 0x00,
    0x00, 0x00, 0x00, 0x00, 0x00, 0x00, 0x00, 0x00, 0x00, 0x00, 0x00, 0x00,
    0x00, 0x00, 0x00, 0x00, 0x00, 0x00, 0x00, 0x00, 0x00, 0x00, 0x00, 0x00,
    0x00, 0x00, 0x00, 0x00, 0x00, 0x00, 0x00, 0x00, 0x00, 0x00, 0x00, 0x06,
    0x00, 0x00, 0x06, 0xDF, 0x00, 0x06, 0xDF, 0xFF, 0x04, 0xDF, 0xFF, 0xFF,
    0x00, 0x00, 0x00, 0x00, 0x00, 0x00, 0x00, 0x00, 0x00, 0x06, 0xA1, 0x00,
    0x06, 0xDF, 0xF6, 0x00, 0xDF, 0xFF, 0xFD, 0x00, 0xFF, 0xFF, 0xFF, 0x60,
    0xFF, 0xFF, 0xFD, 0x50, 0xFF, 0xFD, 0x60, 0x00, 0x00, 0x00, 0x00, 0x00,
    0x00, 0x00, 0x00, 0x00, 0x00, 0x00, 0x00, 0x00, 0x00, 0x00, 0x00, 0x00,
    0x00, 0x00, 0x00, 0x04, 0x00, 0x00, 0x02, 0xAF, 0x00, 0x02, 0x9F, 0xFF,
    0x03, 0xAF, 0xFF, 0xFF, 0x00, 0x00, 0x00, 0x04, 0x00, 0x00, 0x04, 0xBF,
    0x00, 0x04, 0xBF, 0xFF, 0x04, 0xBF, 0xFF, 0xFF, 0xBF, 0xFF, 0xFF, 0xFF,
    0xFF, 0xFF, 0xFF, 0xFB, 0xFF, 0xFF, 0xFB, 0x40, 0xFF, 0xF9, 0x30, 0x00,
    0xBF, 0xFF, 0xFF, 0xFF, 0xFF, 0xFF, 0xFF, 0xFB, 0xFF, 0xFF, 0xFB, 0x40,
    0xFF, 0xFB, 0x40, 0x00, 0xFB, 0x40, 0x00, 0x00, 0x40, 0x00, 0x00, 0x00,
    0x00, 0x00, 0x00, 0x00, 0x00, 0x00, 0x00, 0x00, 0xFB, 0x50, 0x00, 0x00,
    0x40, 0x00, 0x00, 0x00, 0x00, 0x00, 0x00, 0x00, 0x00, 0x00, 0x00, 0x00,
    0x00, 0x00, 0x00, 0x00, 0x00, 0x00, 0x00, 0x00, 0x00, 0x00, 0x00, 0x00,
    0x00, 0x00, 0x00, 0x00, 0x05, 0xEF, 0xFF, 0xFF, 0x00, 0x06, 0xDF, 0xFF,
    0x00, 0x00, 0x06, 0xDF, 0x00, 0x00, 0x00, 0x18, 0x00, 0x00, 0x00, 0x00,
    0x00, 0x00, 0x00, 0x00, 0x00, 0x00, 0x00, 0x00, 0x00, 0x00, 0x00, 0x00,
    0xFF, 0xE5, 0x00, 0x00, 0xFF, 0xFF, 0xD7, 0x10, 0xFF, 0xFF, 0xFF, 0xE8,
    0xEF, 0xFF, 0xFF, 0xFF, 0x18, 0xEF, 0xFF, 0xFF, 0x00, 0x18, 0xEF, 0xFF,
    0x00, 0x00, 0x18, 0xEF, 0x00, 0x00, 0x00, 0x18, 0x00, 0x00, 0x00, 0x00,
    0x00, 0x00, 0x00, 0x00, 0x10, 0x00, 0x00, 0x00, 0xE8, 0x10, 0x00, 0x00,
    0xFF, 0xE8, 0x10, 0x00, 0xFF, 0xFF, 0xE8, 0x10, 0xFF, 0xFF, 0xFF, 0xE8,
    0xEF, 0xFF, 0xFF, 0xFF, 0x00, 0x00, 0x00, 0x00, 0x00, 0x00, 0x00, 0x00,
    0x00, 0x00, 0x00, 0x00, 0x00, 0x00, 0x00, 0x00, 0x00, 0x00, 0x00, 0x00,
    0x00, 0x00, 0x00, 0x00, 0x10, 0x00, 0x00, 0x00, 0xE8, 0x20, 0x00, 0x00,
    0x00, 0x00, 0x00, 0x00, 0x00, 0x00, 0x00, 0x00, 0x00, 0x00, 0x00, 0x00,
    0x00, 0x00, 0x00, 0x00, 0x00, 0x00, 0x00, 0x00, 0x00, 0x00, 0x00, 0x00,
    0x00, 0x00, 0x00, 0x00, 0x00, 0x00, 0x00, 0x00, 0x00, 0x00, 0x00, 0x00,
    0x00, 0x00, 0x00, 0x00, 0x00, 0x00, 0x00, 0x00, 0x00, 0x00, 0x00, 0x00,
    0x00, 0x00, 0x00, 0x00, 0x00, 0x00, 0x00, 0x00, 0x00, 0x00, 0x00, 0x00,
    0x00, 0x00, 0x00, 0x00, 0x18, 0xFF, 0xFF, 0xFF, 0x00, 0x29, 0xFF, 0xFF,
    0x00, 0x00, 0x29, 0xFF, 0x00, 0x00, 0x00, 0x29, 0x00, 0x00, 0x00, 0x00,
    0x00, 0x00, 0x00, 0x00, 0x00, 0x00, 0x00, 0x00, 0x00, 0x00, 0x00, 0x00,
    0xFF, 0xF9, 0x20, 0x00, 0xFF, 0xFF, 0xFA, 0x20, 0xFF, 0xFF, 0xFF, 0x70,
    0xFF, 0xFF, 0xFE, 0x10, 0x29, 0xFF, 0xF8, 0x00, 0x00, 0x2A, 0xD1, 0x00,
    0x00, 0x00, 0x10, 0x00, 0x00, 0x00, 0x00, 0x00, 0x00, 0x00, 0x00, 0x00,
    0x00, 0x00, 0x00, 0x00, 0x00, 0x06, 0xA2, 0x00, 0x00, 0x0D, 0xFF, 0x92,
    0x00, 0x6F, 0xFF, 0xFF, 0x00, 0xDF, 0xFF, 0xFF, 0x01, 0x9F, 0xFF, 0xFF,
    0x00, 0x02, 0x9F, 0xFF, 0x00, 0x00, 0x00, 0x00, 0x00, 0x00, 0x00, 0x00,
    0x00, 0x00, 0x00, 0x00, 0x00, 0x00, 0x00, 0x00, 0x92, 0x00, 0x00, 0x00,
    0xFF, 0x92, 0x00, 0x00, 0xFF, 0xFF, 0x92, 0x00, 0xFF, 0xFF, 0xFF, 0x91,
    0x00, 0x00, 0x00, 0x00, 0x00, 0x00, 0x00, 0x00, 0x00, 0x00, 0x00, 0x00,
    0x00, 0x00, 0x00, 0x00, 0x00, 0x00, 0x00, 0x00, 0x00, 0x00, 0x00, 0x00,
    0x00, 0x00, 0x00, 0x00, 0x00, 0x00, 0x00, 0x00, 0x00, 0x00, 0x00, 0x00,
    0x00, 0x00, 0x00, 0x00, 0x00, 0x00, 0x00, 0x00, 0x00, 0x00, 0x00, 0x00,
    0x00, 0x00, 0x00, 0x00, 0x00, 0x00, 0x00, 0x00, 0x00, 0x00, 0x00, 0x00,
    0x00, 0x00, 0x00, 0x00, 0x00, 0x00, 0x02, 0x9E, 0x00, 0x00, 0x00, 0x01,
    0x00, 0x00, 0x00, 0x00, 0x00, 0x00, 0x00, 0x00, 0x00, 0x00, 0x00, 0x00,
    0x00, 0x00, 0x00, 0x00, 0x00, 0x00, 0x00, 0x00, 0x00, 0x00, 0x00, 0x00,
    0xFF, 0xFF, 0xFF, 0xFE, 0x8E, 0xFF, 0xFF, 0xFF, 0x01, 0x8E, 0xFF, 0xFF,
    0x00, 0x01, 0x8E, 0xFF, 0x00, 0x00, 0x01, 0x8E, 0x00, 0x00, 0x00, 0x01,
    0x00, 0x00, 0x00, 0x00, 0x00, 0x00, 0x00, 0x00, 0x81, 0x00, 0x00, 0x00,
    0xFE, 0x81, 0x00, 0x00, 0xFF, 0xFE, 0x81, 0x00, 0xFF, 0xFF, 0xFE, 0x81,
    0xFF, 0xFF, 0xFF, 0xFE, 0x8E, 0xFF, 0xFF, 0xFF, 0x01, 0x8E, 0xFF, 0xFF,
    0x00, 0x00, 0x5C, 0xFF, 0x00, 0x00, 0x00, 0x00, 0x00, 0x00, 0x00, 0x00,
    0x00, 0x00, 0x00, 0x00, 0x00, 0x00, 0x00, 0x00, 0x81, 0x00, 0x00, 0x00,
    0xFE, 0x60, 0x00, 0x00, 0xFF, 0xFD, 0x60, 0x00, 0xFF, 0xFF, 0xFD, 0x60,
    0x00, 0x00, 0x00, 0x00, 0x00, 0x00, 0x00, 0x00, 0x00, 0x00, 0x00, 0x00,
    0x00, 0x00, 0x00, 0x00, 0x00, 0x00, 0x00, 0x00, 0x00, 0x00, 0x00, 0x00,
    0x00, 0x00, 0x00, 0x00, 0x00, 0x00, 0x00, 0x4B, 0x00, 0x00, 0x00, 0x00,
    0x00, 0x00, 0x00, 0x00, 0x00, 0x00, 0x00, 0x00, 0x00, 0x00, 0x00, 0x4B,
    0x00, 0x00, 0x4B, 0xFF, 0x00, 0x4B, 0xFF, 0xFF, 0x4B, 0xFF, 0xFF, 0xFF,
    0xFF, 0xFF, 0xFF, 0xFF, 0x00, 0x00, 0x1A, 0xFF, 0x00, 0x4A, 0xFF, 0xFF,
    0x4B, 0xFF, 0xFF, 0xFF, 0xFF, 0xFF, 0xFF, 0xFF, 0xFF, 0xFF, 0xFF, 0xB4,
    0xFF, 0xFF, 0xB4, 0x00, 0xFF, 0xB4, 0x00, 0x00, 0xB4, 0x00, 0x00, 0x00,
    0xFF, 0xFF, 0xFF, 0xA1, 0xFF, 0xFF, 0x92, 0x00, 0xFF, 0xA2, 0x00, 0x00,
    0xB4, 0x00, 0x00, 0x00, 0x00, 0x00, 0x00, 0x00, 0x00, 0x00, 0x00, 0x00,
    0x00, 0x00, 0x00, 0x00, 0x00, 0x00, 0x00, 0x00, 0x00, 0x00, 0x6D, 0xFF,
    0x00, 0x6D, 0xFF, 0xFF, 0x01, 0xEF, 0xFF, 0xFF, 0x00, 0x8F, 0xFF, 0xFF,
    0x00, 0x1E, 0xFF, 0xD6, 0x00, 0x08, 0xE6, 0x00, 0x00, 0x01, 0x00, 0x00,
    0x00, 0x00, 0x00, 0x00, 0xFF, 0xFF, 0xFF, 0xC4, 0xFF, 0xFF, 0xD6, 0x00,
    0xFF, 0xD6, 0x00, 0x00, 0xD6, 0x00, 0x00, 0x00, 0x00, 0x00, 0x00, 0x00,
    0x00, 0x00, 0x00, 0x00, 0x00, 0x00, 0x00, 0x00, 0x00, 0x00, 0x00, 0x00,
    0x00, 0x00, 0x00, 0x00, 0x00, 0x00, 0x00, 0x00, 0x00, 0x00, 0x00, 0x00,
    0x00, 0x00, 0x00, 0x00, 0x00, 0x00, 0x00, 0x00, 0x00, 0x00, 0x00, 0x00,
    0x00, 0x00, 0x00, 0x00, 0x00, 0x00, 0x00, 0x00, 0x00, 0x00, 0x00, 0x00,
    0x00, 0x00, 0x00, 0x00, 0x00, 0x00, 0x00, 0x00, 0x00, 0x00, 0x00, 0x00,
    0x00, 0x00, 0x00, 0x00, 0x00, 0x00, 0x00, 0x00, 0x00, 0x00, 0x00, 0x00,
    0x00, 0x00, 0x00, 0x00, 0x00, 0x00, 0x00, 0x00, 0x00, 0x00, 0x00, 0x00,
    0x00, 0x00, 0x00, 0x00, 0x00, 0x00, 0x3C, 0xBB, 0x00, 0x00, 0x0C, 0xFF,
    0x00, 0x00, 0x03, 0xFF, 0x00, 0x00, 0x00, 0x8F, 0x00, 0x00, 0x00, 0x1D,
    0x00, 0x00, 0x00, 0x00, 0x00, 0x00, 0x00, 0x00, 0x00, 0x00, 0x00, 0x00,
    0xBB, 0xBB, 0x40, 0x00, 0xFF, 0xFF, 0xD0, 0x00, 0xFF, 0xFF, 0xF7, 0x00,
    0xFF, 0xFF, 0xFE, 0x10, 0xFF, 0xFF, 0xFF, 0x90, 0x00, 0x00, 0x00, 0x00,
    0x00, 0x00, 0x00, 0x00, 0x00, 0x00, 0x00, 0x00, 0x00, 0x00, 0x00, 0x00,
    0x00, 0x00, 0x00, 0x00, 0x00, 0x00, 0x00, 0x00, 0x00, 0x00, 0x00, 0x02,
    0x00, 0x00, 0x00, 0x0B, 0x00, 0x00, 0x00, 0x00, 0x00, 0x00, 0x00, 0x00,
    0x00, 0x00, 0x00, 0x00, 0x04, 0xBB, 0xB1, 0x00, 0x0C, 0xFF, 0x80, 0x00,
    0x7F, 0xFC, 0x00, 0x00, 0xEF, 0xF3, 0x00, 0x00, 0xFF, 0x80, 0x00, 0x00,
    0x00, 0x00, 0x00, 0x04, 0x00, 0x00, 0x00, 0x00, 0x00, 0x00, 0x00, 0x00,
    0x00, 0x00, 0x00, 0x00, 0x00, 0x00, 0x00, 0x00, 0x00, 0x00, 0x00, 0x00,
    0x00, 0x00, 0x00, 0x00, 0x00, 0x00, 0x02, 0x88, 0xFF, 0xFF, 0xFF, 0xF2,
    0x9F, 0xFF, 0xFF, 0xFB, 0x1E, 0xFF, 0xFF, 0xFF, 0x05, 0xFF, 0xFF, 0xFF,
    0x00, 0xAF, 0xFF, 0xFF, 0x00, 0x2E, 0xFF, 0xFF, 0x00, 0x06, 0xFF, 0xFF,
    0x88, 0x78, 0xEF, 0xFF, 0x00, 0x00, 0x00, 0x6F, 0x00, 0x00, 0x01, 0xEF,
    0x40, 0x00, 0x09, 0xFF, 0xD0, 0x00, 0x4F, 0xFC, 0xF7, 0x00, 0xDF, 0xF3,
    0xFE, 0x17, 0xFF, 0x90, 0xFF, 0xBE, 0xFC, 0x10, 0xFF, 0xFF, 0xFB, 0x78,
    0xFC, 0x00, 0x00, 0x00, 0xF3, 0x00, 0x00, 0x00, 0x80, 0x00, 0x00, 0x00,
    0x00, 0x00, 0x00, 0x00, 0x00, 0x00, 0x00, 0x00, 0x00, 0x00, 0x00, 0x00,
    0x00, 0x00, 0x00, 0x00, 0x88, 0x85, 0x00, 0x00, 0x00, 0x00, 0x04, 0xFF,
    0x00, 0x00, 0x04, 0xFF, 0x00, 0x00, 0x00, 0x00, 0x00, 0x00, 0x00, 0x00,
    0x00, 0x00, 0x04, 0xFF, 0x00, 0x00, 0x04, 0xFF, 0x00, 0x00, 0x02, 0x88,
    0x00, 0x00, 0x00, 0x00, 0xFF, 0xFF, 0xFF, 0xFF, 0xFF, 0xFF, 0xEF, 0xFF,
    0x00, 0x00, 0x04, 0xFF, 0x00, 0x00, 0x04, 0xFF, 0xFF, 0xFF, 0xEF, 0xFF,
    0xFF, 0xFF, 0xFF, 0xFF, 0x88, 0x88, 0x7A, 0xFF, 0x00, 0x00, 0x04, 0xFF,
    0xFF, 0xFF, 0xFF, 0xFF, 0xFF, 0xFF, 0xFF, 0xFF, 0xFF, 0xFB, 0x00, 0x00,
    0xFF, 0xFB, 0x00, 0x00, 0xFF, 0xFF, 0xFF, 0xFF, 0xFF, 0xFF, 0xFF, 0xFF,
    0xFF, 0xFD, 0x77, 0x88, 0xFF, 0xFB, 0x00, 0x00, 0xFF, 0xFB, 0x00, 0x00,
    0xFF, 0xFA, 0x00, 0x00, 0x00, 0x00, 0x00, 0x00, 0x00, 0x00, 0x00, 0x00,
    0xFF, 0xFA, 0x00, 0x00, 0xFF, 0xFB, 0x00, 0x00, 0x88, 0x85, 0x00, 0x00,
    0x00, 0x00, 0x00, 0x00, 0x00, 0x00, 0x00, 0x00, 0x00, 0x00, 0x00, 0x00,
    0x00, 0x00, 0x00, 0x00, 0x00, 0x00, 0x00, 0x00, 0x00, 0x00, 0x00, 0x00,
    0x00, 0x00, 0x00, 0x00, 0x00, 0x00, 0x00, 0x00, 0x00, 0x00, 0x00, 0x00,
    0x00, 0x00, 0x04, 0xFF, 0x00, 0x00, 0x04, 0xFF, 0x00, 0x00, 0x04, 0xFF,
    0x00, 0x00, 0x04, 0xFF, 0x00, 0x00, 0x04, 0xFF, 0x00, 0x00, 0x00, 0x00,
    0x00, 0x00, 0x00, 0x00, 0x00, 0x00, 0x00, 0x00, 0xFF, 0xFB, 0x00, 0x00,
    0xFF, 0xFB, 0x00, 0x00, 0xFF, 0xFB, 0x00, 0x00, 0xFF, 0xFB, 0x00, 0x00,
    0xFF, 0xFA, 0x00, 0x00, 0x00, 0x10, 0x00, 0x00, 0x00, 0x00, 0x00, 0x00,
    0x00, 0x00, 0x00, 0x00, 0x00, 0x00, 0x00, 0x00, 0x00, 0x00, 0x00, 0x00,
    0x00, 0x00, 0x00, 0x00, 0x00, 0x00, 0x00, 0x00, 0x00, 0x00, 0x00, 0x00,
    0x00, 0x00, 0x00, 0x00, 0x00, 0x00, 0x00, 0x00, 0x00, 0x00, 0x00, 0x00,
    0x00, 0x00, 0x00, 0x00, 0x00, 0x00, 0x00, 0x00, 0x00, 0x00, 0x00, 0x00,
    0x00, 0x00, 0x00, 0x00, 0x00, 0x00, 0x00, 0x01, 0x00, 0x00, 0x00, 0x0C,
    0x00, 0x00, 0x00, 0x6F, 0x00, 0x00, 0x00, 0xAF, 0x00, 0x00, 0x00, 0x3B,
    0x00, 0x00, 0x00, 0x4F, 0x00, 0x01, 0x57, 0xAF, 0x06, 0xCF, 0xFF, 0xFF,
    0xBF, 0xFF, 0xFF, 0xFF, 0xFF, 0xFF, 0xD4, 0x5F, 0xFF, 0xFF, 0x40, 0x4F,
    0xFF, 0xFF, 0x00, 0x4F, 0xC5, 0x00, 0x00, 0x00, 0xF8, 0x00, 0x00, 0x00,
    0xFC, 0x76, 0x20, 0x00, 0xFF, 0xFF, 0xFD, 0x71, 0xFF, 0xFF, 0xFF, 0xFD,
    0xF9, 0x6F, 0xFF, 0xFF, 0xF7, 0x07, 0xFF, 0xFF, 0xF8, 0x00, 0xDF, 0xFF,
    0x00, 0x00, 0x00, 0x00, 0x00, 0x00, 0x00, 0x00, 0x00, 0x00, 0x00, 0x00,
    0x00, 0x00, 0x00, 0x00, 0x30, 0x00, 0x00, 0x00, 0xE3, 0x00, 0x00, 0x00,
    0xFC, 0x00, 0x00, 0x00, 0xFF, 0x50, 0x00, 0x00, 0x00, 0x00, 0x00, 0xEF,
    0x00, 0x00, 0x00, 0xFF, 0x00, 0x00, 0x00, 0xEF, 0x00, 0x00, 0x00, 0xBF,
    0x00, 0x00, 0x00, 0x7F, 0x00, 0x00, 0x00, 0x0C, 0x00, 0x00, 0x00, 0x01,
    0x00, 0x00, 0x00, 0x00, 0xFF, 0xFF, 0x10, 0x4F, 0xFF, 0xFF, 0x70, 0x4F,
    0xFF, 0xFF, 0xF7, 0x4F, 0xFF, 0xFF, 0xFF, 0xEF, 0xFF, 0xFF, 0xFF, 0xFF,
    0xFF, 0xFF, 0xFF, 0xFF, 0xCF, 0xFF, 0xFF, 0xFF, 0x1A, 0xFF, 0xFF, 0xFF,
    0xF8, 0x00, 0x9F, 0xFF, 0xF8, 0x00, 0x8F, 0xFF, 0xF8, 0x00, 0x24, 0x44,
    0xF8, 0x00, 0x00, 0x00, 0xFC, 0x20, 0x00, 0x00, 0xFF, 0xFA, 0x40, 0x00,
    0xFF, 0xFF, 0xFB, 0x40, 0xFF, 0xFF, 0xFF, 0xFB, 0xFF, 0x80, 0x00, 0x00,
    0xFF, 0xB0, 0x00, 0x00, 0x44, 0x30, 0x00, 0x00, 0x00, 0x00, 0x00, 0x00,
    0x00, 0x00, 0x00, 0x00, 0x00, 0x00, 0x00, 0x00, 0x00, 0x00, 0x00, 0x00,
    0x20, 0x00, 0x00, 0x00, 0x00, 0x00, 0x00, 0x00, 0x00, 0x00, 0x00, 0x00,
    0x00, 0x00, 0x00, 0x00, 0x00, 0x00, 0x00, 0x00, 0x00, 0x00, 0x05, 0xCB,
    0x00, 0x00, 0x05, 0xFF, 0x00, 0x00, 0x03, 0xFF, 0x00, 0x00, 0x00, 0xEF,
    0x00, 0x4B, 0xFF, 0xFF, 0x00, 0x00, 0x4A, 0xFF, 0x00, 0x00, 0x00, 0x5F,
    0x00, 0x00, 0x00, 0x4F, 0xBB, 0xC8, 0x00, 0x4F, 0xFF, 0xFB, 0x00, 0x4F,
    0xFF, 0xFD, 0x00, 0x4F, 0xFF, 0xFF, 0x10, 0x4F, 0xFF, 0xFF, 0xFF, 0xFF,
    0xFF, 0xFF, 0xFF, 0xFF, 0xFF, 0xFF, 0xFF, 0xFF, 0xFC, 0xBF, 0xFF, 0xFF,
    0xF7, 0x07, 0xFF, 0xFF, 0xF8, 0x00, 0x9F, 0xFF, 0xF8, 0x00, 0x4F, 0xFF,
    0xF8, 0x00, 0x4F, 0xFF, 0xE3, 0x00, 0x00, 0x00, 0xFC, 0x00, 0x00, 0x00,
    0xFF, 0x60, 0x00, 0x00, 0xFF, 0xB0, 0x00, 0x00, 0xFF, 0xE0, 0x00, 0x00,
    0xFF, 0xF0, 0x00, 0x00, 0xFF, 0xE0, 0x00, 0x00, 0xFF, 0xB0, 0x00, 0x00,
    0x00, 0x00, 0x00, 0x8F, 0x00, 0x00, 0x00, 0x1C, 0x00, 0x00, 0x00, 0x02,
    0x00, 0x00, 0x00, 0x00, 0x00, 0x00, 0x00, 0x00, 0x00, 0x00, 0x00, 0x00,
    0x00, 0x00, 0x00, 0x00, 0x00, 0x00, 0x00, 0x00, 0xFF, 0xFF, 0x60, 0x4F,
    0xFF, 0xFF, 0xD0, 0x4F, 0xCF, 0xFF, 0xFC, 0xAF, 0x19, 0xFF, 0xFF, 0xFF,
    0x00, 0x28, 0xCF, 0xFF, 0x00, 0x00, 0x00, 0x5F, 0x00, 0x00, 0x00, 0x4F,
    0x00, 0x00, 0x00, 0x4F, 0xF8, 0x00, 0x8F, 0xFF, 0xF7, 0x03, 0xEF, 0xFF,
    0xFB, 0xAF, 0xFF, 0xFF, 0xFF, 0xFF, 0xFF, 0xFA, 0xFF, 0xEB, 0xA7, 0x20,
    0xF8, 0x00, 0x00, 0x00, 0xF8, 0x00, 0x00, 0x00, 0xF7, 0x00, 0x00, 0x00,
    0xFF, 0x70, 0x00, 0x00, 0xFE, 0x10, 0x00, 0x00, 0xE3, 0x00, 0x00, 0x00,
    0x20, 0x00, 0x00, 0x00, 0x00, 0x00, 0x00, 0x00, 0x00, 0x00, 0x00, 0x00,
    0x00, 0x00, 0x00, 0x00, 0x00, 0x00, 0x00, 0x00, 0x00, 0x00, 0x00, 0x00,
    0x00, 0x00, 0x00, 0x00, 0x00, 0x00, 0x00, 0x02, 0x00, 0x00, 0x03, 0xBF,
    0x00, 0x00, 0x6F, 0xFF, 0x00, 0x06, 0xFF, 0xFF, 0x00, 0x3F, 0xFF, 0xFF,
    0x00, 0xCF, 0xFF, 0xFF, 0x00, 0x00, 0x00, 0x00, 0x00, 0x00, 0x00, 0x00,
    0x55, 0x40, 0x00, 0x00, 0xFF, 0xFE, 0x70, 0x00, 0xFF, 0xFF, 0xFB, 0x10,
    0xFF, 0xD8, 0xEF, 0xB0, 0xFC, 0x10, 0x8F, 0xF5, 0xC1, 0x00, 0xBF, 0xFA,
    0x00, 0x00, 0x00, 0x00, 0x00, 0x00, 0x00, 0x00, 0x00, 0x00, 0x00, 0x00,
    0x00, 0x00, 0x00, 0x00, 0x00, 0x00, 0x00, 0x02, 0x00, 0x00, 0x00, 0x0C,
    0x00, 0x00, 0x00, 0x9F, 0x00, 0x00, 0x06, 0xFF, 0x00, 0x00, 0x00, 0x00,
    0x00, 0x00, 0x00, 0x00, 0x03, 0x00, 0x00, 0x00, 0x4F, 0x90, 0x00, 0x00,
    0xEF, 0xC1, 0x00, 0x00, 0xFE, 0x30, 0x00, 0x00, 0xF5, 0x00, 0x00, 0x00,
    0x80, 0x00, 0x00, 0x00, 0x06, 0xFF, 0xFF, 0xFD, 0x0A, 0xFF, 0xFF, 0xE3,
    0x0E, 0xFF, 0xFF, 0x60, 0x0F, 0xFF, 0xFA, 0x00, 0x0D, 0xFF, 0xE1, 0x00,
    0x08, 0xFF, 0x80, 0x06, 0x02, 0xEF, 0xA1, 0x7F, 0x00, 0x6F, 0xFF, 0xFF,
    0x10, 0x04, 0xFF, 0xFE, 0x00, 0x1D, 0xFF, 0xFF, 0x00, 0xAF, 0xFF, 0xFC,
    0x08, 0xFF, 0xFF, 0xF8, 0x6F, 0xFF, 0xFF, 0xF2, 0xFF, 0xFF, 0xFF, 0x90,
    0xFF, 0xFF, 0xFC, 0x01, 0xFF, 0xFF, 0xC1, 0x0B, 0x00, 0x00, 0x3F, 0xFB,
    0x00, 0x01, 0xEF, 0xD1, 0x00, 0x0B, 0xFE, 0x30, 0x00, 0x8F, 0xF6, 0x00,
    0x06, 0xFF, 0x90, 0x00, 0x3E, 0xFC, 0x00, 0x00, 0xDF, 0xE1, 0x02, 0x9D,
    0xFF, 0x30, 0x7F, 0xFF, 0x00, 0x00, 0x00, 0x00, 0x00, 0x00, 0x00, 0x00,
    0x00, 0x00, 0x00, 0x00, 0x00, 0x00, 0x00, 0x00, 0x00, 0x00, 0x00, 0x00,
    0x10, 0x00, 0x00, 0x00, 0xFF, 0xC6, 0x00, 0x00, 0xFF, 0xFF, 0xC1, 0x00,
    0x00, 0x06, 0xEF, 0xFF, 0x00, 0x00, 0x18, 0xDF, 0x00, 0x00, 0x00, 0x01,
    0x00, 0x00, 0x00, 0x00, 0x00, 0x00, 0x00, 0x00, 0x00, 0x00, 0x00, 0x00,
    0x00, 0x00, 0x00, 0x00, 0x00, 0x00, 0x00, 0x00, 0xFF, 0xFB, 0x10, 0x8F,
    0xEA, 0x60, 0x05, 0xFF, 0x00, 0x00, 0x3E, 0xFC, 0x00, 0x01, 0xCF, 0xE2,
    0x00, 0x0A, 0xFF, 0x40, 0x00, 0x7F, 0xF7, 0x00, 0x04, 0xFF, 0xA0, 0x00,
    0x2E, 0xFC, 0x10, 0x00, 0xF6, 0x09, 0xFF, 0xFF, 0x90, 0x6F, 0xFF, 0xFF,
    0x02, 0xEF, 0xFF, 0xFF, 0x09, 0xFF, 0xFF, 0xFC, 0x1F, 0xFF, 0xFF, 0xE1,
    0x5F, 0xFF, 0xFF, 0x30, 0x8F, 0xFF, 0xF7, 0x00, 0x7F, 0xFF, 0xB0, 0x00,
    0xFF, 0xFF, 0xFC, 0x10, 0xF9, 0x13, 0xFF, 0x90, 0xA0, 0x02, 0xFF, 0xF2,
    0x10, 0x08, 0xFF, 0xF6, 0x00, 0x3F, 0xFF, 0xF8, 0x01, 0xCF, 0xFF, 0xF7,
    0x09, 0xFF, 0xFF, 0xF3, 0x7F, 0xFF, 0xFF, 0xD0, 0x00, 0x00, 0x00, 0x01,
    0x00, 0x00, 0x00, 0x09, 0x00, 0x00, 0x00, 0x6F, 0x00, 0x00, 0x04, 0xFF,
    0x00, 0x00, 0x04, 0xED, 0x00, 0x00, 0x00, 0x23, 0x00, 0x00, 0x00, 0x00,
    0x00, 0x00, 0x00, 0x00, 0xCF, 0xE3, 0x00, 0x00, 0xFF, 0x50, 0x00, 0x00,
    0xF8, 0x00, 0x00, 0x00, 0xA0, 0x00, 0x00, 0x00, 0x10, 0x00, 0x00, 0x00,
    0x00, 0x00, 0x00, 0x00, 0x00, 0x00, 0x00, 0x00, 0x00, 0x00, 0x00, 0x00,
    0x3F, 0xFF, 0x40, 0x06, 0x0D, 0xFF, 0x10, 0x6F, 0x04, 0xFF, 0xB9, 0xFF,
    0x00, 0x6F, 0xFF, 0xFF, 0x00, 0x04, 0xBF, 0xFF, 0x00, 0x00, 0x03, 0x88,
    0x00, 0x00, 0x00, 0x00, 0x00, 0x00, 0x00, 0x00, 0xFF, 0xFF, 0xFF, 0x60,
    0xFF, 0xFF, 0xFA, 0x00, 0xFF, 0xFF, 0xC1, 0x00, 0xFF, 0xFC, 0x10, 0x00,
    0xFF, 0x91, 0x00, 0x00, 0x51, 0x00, 0x00, 0x00, 0x00, 0x00, 0x00, 0x00,
    0x00, 0x00, 0x00, 0x00, 0x00, 0x00, 0x00, 0x00, 0x00, 0x00, 0x00, 0x00,
    0x00, 0x00, 0x00, 0x00, 0x00, 0x00, 0x00, 0x00, 0x00, 0x00, 0x00, 0x00,
    0x00, 0x00, 0x00, 0x00, 0x00, 0x00, 0x00, 0x00, 0x00, 0x00, 0x00, 0x00,
    0x00, 0x00, 0x00, 0x00, 0x00, 0x00, 0x24, 0x43, 0x00, 0x00, 0x8F, 0xF8,
    0x00, 0x00, 0xBF, 0xF7, 0x00, 0x00, 0xEF, 0xF4, 0x00, 0x01, 0xFF, 0xF2,
    0x00, 0x04, 0xFF, 0xE0, 0x00, 0x05, 0xFF, 0xC1, 0x00, 0x00, 0x00, 0x00,
    0x00, 0x00, 0x04, 0x44, 0x00, 0x00, 0x2F, 0xFF, 0x00, 0x00, 0x4F, 0xFD,
    0x00, 0x00, 0x7F, 0xFB, 0x00, 0x00, 0x8F, 0xF8, 0x00, 0x00, 0xBF, 0xF6,
    0x00, 0x01, 0xCF, 0xF5, 0x00, 0x00, 0x00, 0x00, 0x10, 0x00, 0x00, 0x00,
    0x10, 0x00, 0x00, 0x00, 0x00, 0x00, 0x00, 0x00, 0x00, 0x00, 0x00, 0x00,
    0x00, 0x00, 0x00, 0x00, 0x00, 0x00, 0x00, 0x00, 0x00, 0x01, 0x00, 0x00,
    0x00, 0x00, 0x00, 0xEF, 0x00, 0x00, 0x00, 0xFF, 0x00, 0x00, 0x00, 0xFF,
    0x00, 0x00, 0x00, 0xFF, 0x00, 0x00, 0x00, 0xAB, 0x00, 0x00, 0x00, 0x00,
    0x00, 0x00, 0x00, 0x00, 0x00, 0x00, 0x00, 0x00, 0xFF, 0xEF, 0xFF, 0xFE,
    0xFF, 0xFF, 0xFF, 0xFF, 0xFF, 0xFF, 0xFF, 0xFF, 0xFF, 0xFF, 0xFF, 0xFF,
    0xBB, 0xCF, 0xFF, 0xBB, 0x00, 0x4F, 0xFE, 0x00, 0x00, 0x5F, 0xFB, 0x00,
    0x00, 0x8F, 0xFA, 0x00, 0xFF, 0xFF, 0xFF, 0xFF, 0xFF, 0xFF, 0xFF, 0xFF,
    0xFF, 0xFF, 0xFF, 0xFF, 0xFF, 0xFF, 0xFF, 0xFF, 0xBB, 0xBD, 0xFF, 0xDB,
    0x00, 0x0B, 0xFF, 0x70, 0x00, 0x0D, 0xFF, 0x40, 0x00, 0x0F, 0xFF, 0x20,
    0xEF, 0xFF, 0x70, 0x00, 0xFF, 0xFF, 0x80, 0x00, 0xFF, 0xFF, 0x80, 0x00,
    0xFF, 0xFF, 0x80, 0x00, 0xBB, 0xBC, 0x50, 0x00, 0x00, 0x00, 0x00, 0x00,
    0x00, 0x00, 0x00, 0x00, 0x00, 0x00, 0x00, 0x00, 0x00, 0x00, 0x00, 0x00,
    0x00, 0x00, 0x00, 0x00, 0x00, 0x00, 0x00, 0x00, 0x00, 0x00, 0xAB, 0xBB,
    0x00, 0x00, 0xFF, 0xFF, 0x00, 0x00, 0xFF, 0xFF, 0x00, 0x00, 0xFF, 0xFF,
    0x00, 0x00, 0xEF, 0xFF, 0x00, 0x9F, 0xF8, 0x00, 0x00, 0xBF, 0xF6, 0x00,
    0x00, 0xEF, 0xF4, 0x00, 0xBB, 0xFF, 0xFC, 0xBB, 0xFF, 0xFF, 0xFF, 0xFF,
    0xFF, 0xFF, 0xFF, 0xFF, 0xFF, 0xFF, 0xFF, 0xFF, 0xFF, 0xFF, 0xFE, 0xFF,
    0x00, 0x3F, 0xFF, 0x00, 0x00, 0x4F, 0xFC, 0x00, 0x00, 0x7F, 0xFB, 0x00,
    0xBB, 0xDF, 0xFD, 0xBB, 0xFF, 0xFF, 0xFF, 0xFF, 0xFF, 0xFF, 0xFF, 0xFF,
    0xFF, 0xFF, 0xFF, 0xFF, 0xFF, 0xFF, 0xFF, 0xFF, 0x00, 0x00, 0x00, 0x00,
    0x00, 0x00, 0x00, 0x00, 0x00, 0x00, 0x00, 0x00, 0xBC, 0x50, 0x00, 0x00,
    0xFF, 0x80, 0x00, 0x00, 0xFF, 0x80, 0x00, 0x00, 0xFF, 0x80, 0x00, 0x00,
    0xFF, 0x70, 0x00, 0x00, 0x00, 0x00, 0x00, 0x00, 0x00, 0x00, 0x00, 0x00,
    0x00, 0x00, 0x00, 0x00, 0x00, 0x00, 0x00, 0x00, 0x00, 0x00, 0x00, 0x00,
    0x00, 0x00, 0x00, 0x00, 0x00, 0x00, 0x00, 0x00, 0x00, 0x00, 0x00, 0x00,
    0x0B, 0xFF, 0x50, 0x00, 0x0D, 0xFF, 0x40, 0x00, 0x1F, 0xFF, 0x10, 0x00,
    0x4F, 0xFE, 0x00, 0x00, 0x6F, 0xFB, 0x00, 0x00, 0x8F, 0xF9, 0x00, 0x00,
    0x34, 0x42, 0x00, 0x00, 0x00, 0x00, 0x00, 0x00, 0x06, 0xFF, 0xC1, 0x00,
    0x07, 0xFF, 0xB0, 0x00, 0x09, 0xFF, 0x80, 0x00, 0x0B, 0xFF, 0x70, 0x00,
    0x0E, 0xFF, 0x40, 0x00, 0x1F, 0xFF, 0x10, 0x00, 0x14, 0x44, 0x00, 0x00,
    0x00, 0x00, 0x00, 0x00, 0x01, 0x00, 0x00, 0x00, 0x00, 0x00, 0x00, 0x00,
    0x00, 0x00, 0x00, 0x00, 0x00, 0x00, 0x00, 0x00, 0x00, 0x00, 0x00, 0x00,
    0x00, 0x00, 0x00, 0x00, 0x00, 0x00, 0x00, 0x00, 0x00, 0x00, 0x00, 0x00,
    0x00, 0x00, 0x00, 0x00, 0x00, 0x00, 0x00, 0x00, 0x00, 0x00, 0x00, 0x00,
    0x00, 0x00, 0x00, 0x00, 0x00, 0x00, 0x00, 0x00, 0x00, 0x00, 0x00, 0x07,
    0x00, 0x00, 0x00, 0x0E, 0x00, 0x00, 0x00, 0x3F, 0x00, 0x00, 0x00, 0x00,
    0x00, 0x00, 0x00, 0x00, 0x00, 0x00, 0x03, 0x44, 0x02, 0x9C, 0xFF, 0xFF,
    0x7F, 0xFF, 0xFF, 0xFF, 0xFF, 0xFF, 0xFC, 0x54, 0xFF, 0xFF, 0xF2, 0x00,
    0xFF, 0xFF, 0xF0, 0x00, 0x00, 0x00, 0x00, 0x00, 0x00, 0x00, 0x00, 0x00,
    0x42, 0x00, 0x00, 0x00, 0xFF, 0xE9, 0x20, 0x00, 0xFF, 0xFF, 0xF6, 0x00,
    0xCF, 0xFF, 0xFF, 0x20, 0x4F, 0xFF, 0xFF, 0x80, 0x0F, 0xFF, 0xFF, 0xB0,
    0x00, 0x00, 0x00, 0x00, 0x00, 0x00, 0x00, 0x00, 0x00, 0x00, 0x00, 0x00,
    0x00, 0x00, 0x00, 0x00, 0x00, 0x00, 0x00, 0x00, 0x00, 0x00, 0x00, 0x00,
    0x00, 0x00, 0x00, 0x00, 0x00, 0x00, 0x00, 0x00, 0x00, 0x00, 0x00, 0x4F,
    0x00, 0x00, 0x00, 0x3F, 0x00, 0x00, 0x00, 0x0E, 0x00, 0x00, 0x00, 0x09,
    0x00, 0x00, 0x00, 0x01, 0x00, 0x00, 0x00, 0x00, 0x00, 0x00, 0x00, 0x00,
    0x00, 0x00, 0x00, 0x19, 0xFF, 0xFF, 0xF1, 0x00, 0xFF, 0xFF, 0xF6, 0x00,
    0xFF, 0xFF, 0xFE, 0x11, 0xFF, 0xFF, 0xFF, 0xCD, 0xEF, 0xFF, 0xFF, 0xFF,
    0x5F, 0xFF, 0xFF, 0xFF, 0x2E, 0xFF, 0xFF, 0xFF, 0xFF, 0xFF, 0xFF, 0xFF,
    0x1F, 0xFF, 0xFF, 0xB0, 0x6F, 0xFF, 0xFF, 0x80, 0xDF, 0xFF, 0xFE, 0x20,
    0xFF, 0xFF, 0xE3, 0x00, 0xFF, 0xF9, 0x10, 0x00, 0xF9, 0x20, 0x00, 0x00,
    0xF5, 0x00, 0x00, 0x00, 0xFF, 0x30, 0x00, 0x00, 0x00, 0x00, 0x00, 0x00,
    0x00, 0x00, 0x00, 0x00, 0x00, 0x00, 0x00, 0x00, 0x00, 0x00, 0x00, 0x00,
    0x00, 0x00, 0x00, 0x00, 0x00, 0x00, 0x00, 0x00, 0x00, 0x00, 0x00, 0x00,
    0x00, 0x00, 0x00, 0x00, 0x00, 0x00, 0x03, 0xDF, 0x00, 0x00, 0x3E, 0xFF,
    0x00, 0x00, 0xCF, 0xFF, 0x00, 0x05, 0xFF, 0xFF, 0x00, 0x09, 0xFF, 0xFF,
    0x00, 0x0B, 0xFF, 0xFF, 0x00, 0x0B, 0xFF, 0xFF, 0x00, 0x09, 0xFF, 0xFF,
    0xFF, 0xFE, 0xFF, 0xFF, 0xFF, 0xA2, 0xDF, 0xFF, 0xFE, 0x10, 0x3F, 0xFF,
    0xF8, 0x00, 0x06, 0xFF, 0xF6, 0x00, 0x00, 0x9F, 0xF4, 0x00, 0x00, 0x0C,
    0xF4, 0x00, 0x00, 0x01, 0xF6, 0x00, 0x00, 0x00, 0xFF, 0xE3, 0x00, 0x34,
    0xFF, 0xFC, 0x10, 0xEF, 0xFF, 0xFF, 0xB2, 0xFF, 0xFF, 0xFF, 0xFD, 0xFF,
    0xFF, 0xFF, 0xFF, 0xFF, 0xFF, 0xFF, 0xFF, 0xFF, 0xDF, 0xFF, 0xFF, 0xFF,
    0x3E, 0xFF, 0xFF, 0xFF, 0x44, 0x44, 0x10, 0x00, 0xFF, 0xFF, 0x10, 0x00,
    0xFF, 0xFD, 0x00, 0x00, 0xFF, 0xF9, 0x00, 0x00, 0xFF, 0xF4, 0x00, 0x00,
    0xFF, 0xD0, 0x00, 0x00, 0xFF, 0x50, 0x00, 0x00, 0xFA, 0x00, 0x00, 0x00,
    0x00, 0x07, 0xFF, 0xFF, 0x00, 0x01, 0xEF, 0xFF, 0x00, 0x00, 0x7F, 0xFF,
    0x00, 0x00, 0x07, 0xFF, 0x00, 0x00, 0x00, 0x29, 0x00, 0x00, 0x00, 0x00,
    0x00, 0x00, 0x00, 0x00, 0x00, 0x00, 0x00, 0x00, 0xF9, 0x00, 0x00, 0x00,
    0xFF, 0x40, 0x00, 0x00, 0xFF, 0xF8, 0x20, 0x03, 0xFF, 0xFF, 0xFE, 0xFF,
    0xEF, 0xFF, 0xFF, 0xFF, 0x03, 0x47, 0x88, 0x86, 0x00, 0x00, 0x00, 0x00,
    0x00, 0x00, 0x00, 0x00, 0x05, 0xFF, 0xFF, 0xFF, 0x03, 0xEF, 0xFF, 0xFF,
    0x9F, 0xFF, 0xFF, 0xFF, 0xFF, 0xFF, 0xFF, 0xFF, 0xFF, 0xB5, 0x3E, 0xFF,
    0x41, 0x00, 0x00, 0x10, 0x00, 0x00, 0x00, 0x00, 0x00, 0x00, 0x00, 0x00,
    0xFD, 0x10, 0x00, 0x00, 0xFF, 0xC1, 0x00, 0x00, 0xFF, 0xFA, 0x00, 0x00,
    0xFF, 0xFF, 0x90, 0x00, 0xFF, 0xFF, 0xF5, 0x00, 0x00, 0x00, 0x11, 0x00,
    0x00, 0x00, 0x00, 0x00, 0x00, 0x00, 0x00, 0x00, 0x00, 0x00, 0x00, 0x00,
    0x00, 0x00, 0x00, 0x00, 0x00, 0x00, 0x00, 0x00, 0x00, 0x00, 0x00, 0x00,
    0x00, 0x00, 0x00, 0x00, 0x00, 0x00, 0x00, 0x00, 0x00, 0x00, 0x00, 0x00,
    0x00, 0x00, 0x00, 0x00, 0x00, 0x00, 0x00, 0x00, 0x00, 0x00, 0x00, 0x00,
    0x00, 0x00, 0x00, 0x00, 0x00, 0x00, 0x00, 0x00, 0x00, 0x00, 0x00, 0x00,
    0x00, 0x00, 0x00, 0x00, 0x00, 0x00, 0x00, 0x01, 0x00, 0x00, 0x00, 0x0C,
    0x00, 0x00, 0x00, 0x00, 0x00, 0x00, 0x00, 0x00, 0x00, 0x00, 0x00, 0x00,
    0x00, 0x00, 0x00, 0x00, 0x00, 0x00, 0x00, 0x00, 0x00, 0x00, 0x00, 0x00,
    0x43, 0x00, 0x00, 0x00, 0xFF, 0x50, 0x00, 0x00, 0x00, 0x00, 0x00, 0x00,
    0x00, 0x00, 0x00, 0x00, 0x00, 0x00, 0x00, 0x00, 0x00, 0x00, 0x00, 0x00,
    0x00, 0x00, 0x00, 0x00, 0x00, 0x00, 0x00, 0x00, 0x00, 0x00, 0x00, 0x00,
    0x00, 0x00, 0x00, 0x00, 0x00, 0x00, 0x00, 0x00, 0x00, 0x00, 0x00, 0x00,
    0x00, 0x00, 0x00, 0x00, 0x00, 0x00, 0x00, 0x00, 0x00, 0x00, 0x00, 0x00,
    0x00, 0x00, 0x00, 0x00, 0x00, 0x00, 0x00, 0x00, 0x00, 0x00, 0x00, 0x00,
    0x00, 0x00, 0x00, 0x4F, 0x00, 0x00, 0x00, 0x2F, 0x06, 0x60, 0x00, 0x0C,
    0x9F, 0xFC, 0x10, 0x08, 0xFF, 0xFF, 0xC1, 0x05, 0xBF, 0xFF, 0xFC, 0x11,
    0x17, 0xCF, 0xFF, 0xC1, 0x00, 0x02, 0x6A, 0xED, 0xFF, 0xB0, 0x00, 0x00,
    0xFF, 0x90, 0x00, 0x00, 0xFF, 0x50, 0x00, 0x28, 0xFF, 0x10, 0x06, 0xFF,
    0xFC, 0x00, 0x6F, 0xFF, 0xF9, 0x06, 0xFF, 0xFF, 0xC5, 0x5F, 0xFF, 0xD9,
    0xED, 0xDA, 0x73, 0x00, 0x00, 0x00, 0x00, 0x00, 0x00, 0x00, 0x00, 0x00,
    0x20, 0x00, 0x00, 0x00, 0xF2, 0x00, 0x00, 0x00, 0xF7, 0x00, 0x00, 0x00,
    0xF3, 0x00, 0x00, 0x00, 0x20, 0x00, 0x00, 0x00, 0x00, 0x00, 0x00, 0x00,
    0x00, 0x00, 0x00, 0x00, 0x00, 0x00, 0x00, 0x00, 0x00, 0x00, 0x00, 0x00,
    0x00, 0x00, 0x00, 0x00, 0x00, 0x00, 0x00, 0x00, 0x00, 0x00, 0x00, 0x00,
    0x00, 0x00, 0x00, 0x00, 0x00, 0x00, 0x00, 0x00, 0x00, 0x00, 0x00, 0x1D,
    0x00, 0x02, 0x6A, 0xEB, 0x17, 0xCF, 0xFF, 0x90, 0xBF, 0xFF, 0xF9, 0x02,
    0xEF, 0xFF, 0x90, 0x06, 0x8F, 0xF9, 0x00, 0x09, 0x05, 0x40, 0x00, 0x0D,
    0x00, 0x00, 0x00, 0x2F, 0xFF, 0x70, 0x00, 0x00, 0xDA, 0xEE, 0xA7, 0x30,
    0xD6, 0x2E, 0xFF, 0xFD, 0xF9, 0x03, 0xEF, 0xFF, 0xFD, 0x00, 0x3E, 0xFF,
    0xFF, 0x20, 0x03, 0xDF, 0xFF, 0x60, 0x00, 0x04, 0xFF, 0x90, 0x00, 0x00,
    0x00, 0x00, 0x00, 0x00, 0x00, 0x00, 0x00, 0x00, 0x60, 0x00, 0x00, 0x00,
    0xF5, 0x00, 0x00, 0x00, 0xF7, 0x00, 0x00, 0x00, 0xC1, 0x00, 0x00, 0x00,
    0x00, 0x00, 0x00, 0x00, 0x00, 0x00, 0x00, 0x00, 0x00, 0x00, 0x00, 0x00,
    0x00, 0x00, 0x00, 0x00, 0x00, 0x00, 0x00, 0x00, 0x00, 0x00, 0x00, 0x00,
    0x00, 0x00, 0x00, 0x00, 0x00, 0x00, 0x00, 0x00, 0x00, 0x00, 0x00, 0x00,
    0x00, 0x00, 0x00, 0x00, 0x00, 0x00, 0x00, 0x3F, 0x00, 0x00, 0x00, 0x08,
    0x00, 0x00, 0x00, 0x00, 0x00, 0x00, 0x00, 0x00, 0x00, 0x00, 0x00, 0x00,
    0x00, 0x00, 0x00, 0x00, 0x00, 0x00, 0x00, 0x00, 0x00, 0x00, 0x00, 0x00,
    0xFF, 0xA0, 0x00, 0x00, 0xFE, 0x30, 0x00, 0x00, 0x00, 0x00, 0x00, 0x00,
    0x00, 0x00, 0x00, 0x00, 0x00, 0x00, 0x00, 0x00, 0x00, 0x00, 0x00, 0x00,
    0x00, 0x00, 0x00, 0x00, 0x00, 0x00, 0x00, 0x00, 0x00, 0x00, 0x00, 0x00,
    0x00, 0x00, 0x00, 0x00, 0x00, 0x00, 0x00, 0x00, 0x00, 0x00, 0x00, 0x00,
    0x00, 0x00, 0x00, 0x00, 0x00, 0x00, 0x00, 0x00, 0x00, 0x00, 0x00, 0x00,
    0x00, 0x00, 0x00, 0x00, 0x00, 0x00, 0x00, 0x00, 0x00, 0x00, 0x00, 0x00,
    0x00, 0x00, 0x00, 0x00, 0x00, 0x00, 0x00, 0x00, 0x00, 0x00, 0x00, 0x00,
    0x00, 0x00, 0x00, 0x01, 0x00, 0x00, 0x00, 0x1C, 0x00, 0x00, 0x00, 0xCF,
    0x00, 0x00, 0x00, 0x00, 0x00, 0x00, 0x00, 0x00, 0x00, 0x00, 0x15, 0x8A,
    0x00, 0x2A, 0xFF, 0xFF, 0x19, 0xFF, 0xFF, 0xB9, 0xCF, 0xFD, 0x61, 0x00,
    0xFF, 0x80, 0x00, 0x00, 0xE5, 0x00, 0x00, 0x00, 0x00, 0x00, 0x00, 0x00,
    0x00, 0x00, 0x00, 0x00, 0xBB, 0xA8, 0x51, 0x00, 0xFF, 0xFF, 0xFF, 0xA3,
    0x77, 0x8B, 0xFF, 0xFF, 0x00, 0x00, 0x16, 0xDF, 0x00, 0x00, 0x00, 0x08,
    0x00, 0x00, 0x00, 0x00, 0x00, 0x00, 0x00, 0x00, 0x00, 0x00, 0x00, 0x00,
    0x00, 0x00, 0x00, 0x00, 0x00, 0x00, 0x00, 0x00, 0x91, 0x00, 0x00, 0x00,
    0xFC, 0x10, 0x00, 0x00, 0xFF, 0xC1, 0x00, 0x00, 0x5F, 0xFB, 0x00, 0x00,
    0x00, 0x00, 0x08, 0xFF, 0x00, 0x00, 0x2F, 0xF8, 0x00, 0x00, 0x8F, 0xD1,
    0x00, 0x00, 0xEF, 0x60, 0x00, 0x04, 0xFF, 0x10, 0x00, 0x07, 0xFC, 0x00,
    0x00, 0x0A, 0xF9, 0x00, 0x00, 0x0B, 0xF8, 0x00, 0x50, 0x00, 0x04, 0x9B,
    0x00, 0x01, 0xBF, 0xFF, 0x00, 0x0C, 0xFF, 0xFF, 0x00, 0x8F, 0xFF, 0xFE,
    0x02, 0xFF, 0xFF, 0xF8, 0x08, 0xFF, 0xFF, 0xF2, 0x0D, 0xFF, 0xFF, 0xC0,
    0x3F, 0xFF, 0xFF, 0x80, 0xB7, 0x21, 0x44, 0x44, 0xFF, 0xEC, 0xFF, 0xFF,
    0xFB, 0xEF, 0xFF, 0xFF, 0x30, 0x5F, 0xFF, 0xFF, 0x00, 0x6F, 0xFF, 0xFE,
    0x00, 0xAF, 0xFF, 0xFB, 0x00, 0xDF, 0xFF, 0xF8, 0x02, 0xFF, 0xFF, 0xF5,
    0x27, 0xFF, 0x60, 0x00, 0xA0, 0xBF, 0xD0, 0x00, 0x70, 0x5F, 0xF5, 0x00,
    0x40, 0x0E, 0xF8, 0x00, 0x10, 0x0B, 0xFB, 0x00, 0x00, 0x08, 0xFE, 0x00,
    0x00, 0x08, 0xFF, 0x00, 0x00, 0x08, 0xFF, 0x00, 0x00, 0x0B, 0xF8, 0x00,
    0x00, 0x0B, 0xF8, 0x00, 0x00, 0x08, 0xFB, 0x00, 0x00, 0x05, 0xFF, 0x10,
    0x00, 0x01, 0xFF, 0x60, 0x00, 0x00, 0x9F, 0xD0, 0x00, 0x00, 0x4F, 0xF6,
    0x00, 0x00, 0x09, 0xFE, 0x6F, 0xFF, 0xFF, 0x40, 0x8F, 0xFF, 0xFF, 0x10,
    0x8F, 0xFF, 0xFD, 0x00, 0x7F, 0xFF, 0xFB, 0x00, 0x4F, 0xFF, 0xFB, 0x00,
    0x1E, 0xFF, 0xFF, 0x64, 0x06, 0xFF, 0xFF, 0xFF, 0x30, 0x6E, 0xFF, 0xFD,
    0x05, 0xFF, 0xFF, 0xF2, 0x08, 0xFF, 0xFF, 0xD0, 0x0B, 0xFF, 0xFF, 0xA0,
    0x0B, 0xFF, 0xFF, 0x80, 0x1D, 0xFF, 0xFF, 0xC1, 0xCF, 0xFF, 0xFF, 0xFF,
    0xFA, 0xDF, 0xFF, 0xFF, 0x60, 0x3B, 0xFF, 0xFF, 0x00, 0x0B, 0xFD, 0x00,
    0x00, 0x0E, 0xFA, 0x00, 0x00, 0x6F, 0xF7, 0x00, 0x01, 0xDF, 0xF1, 0x00,
    0x2C, 0xFF, 0x90, 0x00, 0xFF, 0xFC, 0x10, 0x00, 0xFF, 0xC1, 0x00, 0x00,
    0xD7, 0x10, 0x00, 0x00, 0x00, 0x00, 0x01, 0xDF, 0x00, 0x00, 0x00, 0x3E,
    0x00, 0x00, 0x00, 0x03, 0x00, 0x00, 0x00, 0x00, 0x00, 0x00, 0x00, 0x00,
    0x00, 0x00, 0x00, 0x00, 0x00, 0x00, 0x00, 0x00, 0x00, 0x00, 0x00, 0x00,
    0xE3, 0x00, 0x34, 0x30, 0xFF, 0x70, 0x00, 0x00, 0xDF, 0xFD, 0x61, 0x00,
    0x1A, 0xFF, 0xFF, 0xB9, 0x00, 0x4A, 0xFF, 0xFF, 0x00, 0x00, 0x15, 0x8A,
    0x00, 0x00, 0x00, 0x00, 0x00, 0x00, 0x00, 0x00, 0x00, 0x00, 0x24, 0x42,
    0x00, 0x00, 0x00, 0x06, 0x00, 0x00, 0x05, 0xCF, 0x77, 0x8B, 0xEF, 0xFF,
    0xFF, 0xFF, 0xFF, 0xA4, 0xBB, 0xB8, 0x61, 0x00, 0x00, 0x00, 0x00, 0x00,
    0x00, 0x00, 0x00, 0x00, 0x00, 0x00, 0x00, 0x00, 0xB1, 0x00, 0x00, 0x00,
    0xF9, 0x00, 0x00, 0x00, 0xA1, 0x00, 0x00, 0x00, 0x00, 0x00, 0x00, 0x00,
    0x00, 0x00, 0x00, 0x00, 0x00, 0x00, 0x00, 0x00, 0x00, 0x00, 0x00, 0x00,
    0x00, 0x00, 0x00, 0x00, 0x00, 0x07, 0xFF, 0xFF, 0x00, 0x08, 0xFF, 0xFF,
    0x00, 0x08, 0xFF, 0xFF, 0x00, 0x08, 0xFF, 0xFF, 0x00, 0x08, 0xFF, 0xFF,
    0x00, 0x07, 0xFF, 0xFF, 0x28, 0x8C, 0xFF, 0xFF, 0x00, 0x00, 0x00, 0x00,
    0xE0, 0x00, 0x00, 0x00, 0xF0, 0x4F, 0xFF, 0xFF, 0xF0, 0x4F, 0xFF, 0xFF,
    0xF0, 0x14, 0x4C, 0xFF, 0xF0, 0x00, 0x0B, 0xFF, 0xE0, 0x00, 0x0B, 0xFF,
    0xF8, 0x83, 0x0B, 0xFF, 0x00, 0x00, 0x00, 0x00, 0x00, 0x00, 0x00, 0x00,
    0xFF, 0xFF, 0xFF, 0xFF, 0xFF, 0xFF, 0xFF, 0xFF, 0xFF, 0xF5, 0x44, 0x5F,
    0xFF, 0xE0, 0x00, 0x2F, 0xFF, 0xF0, 0x00, 0x6F, 0xFF, 0xF0, 0x00, 0x8F,
    0x00, 0x00, 0x00, 0x00, 0x00, 0x00, 0x10, 0x00, 0xFF, 0xFF, 0xF4, 0x00,
    0xFF, 0xFF, 0xF2, 0x00, 0xFF, 0xFF, 0xD0, 0x00, 0xFF, 0xFF, 0xB0, 0x00,
    0xFF, 0xFF, 0x80, 0x00, 0xFF, 0xFF, 0x50, 0x00, 0x5F, 0xFF, 0xFF, 0xFF,
    0x3B, 0xBD, 0xFF, 0xFF, 0x00, 0x07, 0xFF, 0xFF, 0x00, 0x07, 0xFF, 0xFF,
    0x00, 0x08, 0xFF, 0xFF, 0x00, 0x08, 0xFF, 0xFF, 0x00, 0x08, 0xFF, 0xFF,
    0x00, 0x08, 0xFF, 0xFF, 0xFF, 0xF8, 0x0B, 0xFF, 0xFB, 0xB5, 0x0B, 0xFF,
    0xF0, 0x00, 0x0B, 0xFF, 0xF0, 0x00, 0x0B, 0xFF, 0xF0, 0x00, 0x0B, 0xFF,
    0xF0, 0x00, 0x0B, 0xFF, 0xE0, 0x24, 0x0B, 0xFF, 0xFA, 0xFD, 0x0B, 0xFF,
    0xFF, 0xF0, 0x00, 0xBF, 0xFF, 0xF0, 0x00, 0xDF, 0xFF, 0xE0, 0x02, 0xFF,
    0xFF, 0xF1, 0x04, 0xFF, 0xFF, 0xF4, 0x06, 0xFF, 0xFF, 0xF5, 0x0A, 0xFF,
    0xFF, 0xF8, 0x06, 0x88, 0xFF, 0xFB, 0x00, 0x00, 0xFF, 0xFF, 0x30, 0x00,
    0xFF, 0xFE, 0x00, 0x00, 0xFF, 0xFB, 0x00, 0x00, 0xFF, 0xF9, 0x00, 0x00,
    0xFF, 0xFD, 0xBB, 0x50, 0xFF, 0xFF, 0xFF, 0x70, 0xDF, 0xFF, 0xFF, 0x40,
    0xAF, 0xFF, 0xFF, 0x40, 0x00, 0x07, 0xFF, 0xFF, 0x00, 0x5C, 0xFF, 0xFF,
    0x6E, 0xFF, 0xFF, 0xFF, 0x6F, 0xFF, 0xFF, 0xFF, 0x2F, 0xFF, 0xFF, 0xFF,
    0x0D, 0xFD, 0xFF, 0xFF, 0x06, 0x27, 0xFF, 0xFF, 0x00, 0x07, 0xFF, 0xFF,
    0xFF, 0xFE, 0x1A, 0xFF, 0xFF, 0xB3, 0x0D, 0xFF, 0xF6, 0x00, 0x0F, 0xFF,
    0xE0, 0x00, 0x1F, 0xFF, 0xF0, 0x00, 0x4F, 0xFF, 0xF0, 0x00, 0x6F, 0xFF,
    0xF0, 0x00, 0x9F, 0xFF, 0xF0, 0x00, 0xDF, 0xFF, 0xFF, 0xFE, 0x00, 0x00,
    0xFF, 0xFF, 0x50, 0x00, 0xFF, 0xFF, 0xA0, 0x02, 0xFF, 0xFF, 0xF2, 0x06,
    0xFF, 0xFF, 0xFB, 0x0A, 0xFF, 0xFF, 0xFF, 0x8E, 0xC9, 0xFF, 0xFF, 0xFF,
    0x50, 0xDF, 0xFF, 0xFF, 0xDF, 0xFF, 0xFF, 0x10, 0xFF, 0xFF, 0xFD, 0x00,
    0xFF, 0xFF, 0xF9, 0x00, 0xFF, 0xFF, 0xF5, 0x00, 0xFF, 0xFF, 0xE0, 0x00,
    0xFF, 0xFF, 0x90, 0x00, 0xFF, 0xFF, 0x20, 0x00, 0xFF, 0xF8, 0x00, 0x00,
    0x00, 0x08, 0xFF, 0xFF, 0x00, 0x08, 0xFF, 0xFF, 0x00, 0x08, 0xFF, 0xFF,
    0x00, 0x07, 0xFF, 0xFF, 0x22, 0x09, 0xFF, 0xFF, 0x4F, 0xFF, 0xFF, 0xFF,
    0x1F, 0xFF, 0xFF, 0xFD, 0x04, 0x44, 0x44, 0x40, 0xF0, 0x03, 0xFF, 0xFE,
    0xF0, 0x09, 0xFF, 0xF7, 0xF0, 0x1E, 0xFF, 0xC0, 0xF0, 0x8F, 0xFF, 0x30,
    0xE4, 0xFF, 0xF6, 0x02, 0xAB, 0xFF, 0x92, 0xAF, 0x33, 0xE9, 0x01, 0xFF,
    0x00, 0x10, 0x00, 0x47, 0x10, 0x3F, 0xFF, 0xFF, 0x00, 0x07, 0xFF, 0xFF,
    0x00, 0x1B, 0xFF, 0xFF, 0x04, 0xDF, 0xFF, 0xFF, 0x9F, 0xFF, 0xFE, 0x77,
    0xFF, 0xFF, 0x92, 0x00, 0xFD, 0x82, 0x00, 0x00, 0x30, 0x00, 0x00, 0x00,
    0xFF, 0xC0, 0x00, 0x00, 0xFF, 0x10, 0x00, 0x00, 0xFF, 0xB1, 0x00, 0x00,
    0xFF, 0xFD, 0x30, 0x00, 0xFF, 0xFF, 0xF9, 0x10, 0x29, 0xFF, 0xFF, 0xE6,
    0x00, 0x28, 0xDF, 0xF3, 0x00, 0x00, 0x04, 0x50, 0x00, 0x00, 0x00, 0x00,
    0x00, 0x07, 0xFF, 0xFF, 0x00, 0x08, 0xFF, 0xFF, 0x00, 0x08, 0xFF, 0xFF,
    0x00, 0x08, 0xFF, 0xFF, 0x00, 0x08, 0xFF, 0xFF, 0x00, 0x07, 0xFF, 0xFF,
    0x28, 0x8C, 0xFF, 0xFF, 0x00, 0x00, 0x00, 0x00, 0xE0, 0x00, 0x00, 0x00,
    0xF0, 0x00, 0xAF, 0xFF, 0xF0, 0x00, 0xBF, 0xFF, 0xF0, 0x00, 0xBF, 0xFF,
    0xF0, 0x00, 0xBF, 0xFF, 0xE0, 0x00, 0xBF, 0xFF, 0xF8, 0x83, 0xAF, 0xFF,
    0x00, 0x00, 0x00, 0x00, 0x00, 0x00, 0x00, 0x00, 0xFF, 0xFF, 0xFF, 0xFF,
    0xFF, 0xFF, 0xFF, 0xFF, 0xF9, 0x9F, 0xFF, 0xFC, 0xF6, 0x6F, 0xFF, 0xFA,
    0xF6, 0x6F, 0xFF, 0xFA, 0xF6, 0x6F, 0xFF, 0xFA, 0x00, 0x00, 0x00, 0x00,
    0x00, 0x00, 0x00, 0x00, 0xFF, 0xFF, 0xFF, 0x40, 0xFF, 0xFF, 0xFF, 0x40,
    0x7F, 0xFF, 0xFF, 0x40, 0x3F, 0xFF, 0xFF, 0x40, 0x4F, 0xFF, 0xFF, 0x40,
    0x4F, 0xFF, 0xFF, 0x40, 0x5F, 0xFF, 0xFF, 0xFF, 0x3B, 0xBD, 0xFF, 0xFF,
    0x00, 0x07, 0xFF, 0xFF, 0x00, 0x07, 0xFF, 0xFF, 0x00, 0x08, 0xFF, 0xFF,
    0x00, 0x08, 0xFF, 0xFF, 0x00, 0x08, 0xFF, 0xFF, 0x00, 0x08, 0xFF, 0xFF,
    0xFF, 0xF8, 0xAF, 0xFF, 0xFB, 0xB5, 0xAF, 0xFF, 0xF0, 0x00, 0xBF, 0xFF,
    0xF0, 0x00, 0xBF, 0xFF, 0xF0, 0x00, 0xBF, 0xFF, 0xF0, 0x00, 0xBF, 0xFF,
    0xE0, 0x22, 0xBF, 0xFF, 0xFB, 0xF5, 0xAF, 0xFF, 0xF6, 0x6F, 0xFF, 0xFA,
    0xF6, 0x6F, 0xFF, 0xFA, 0xFB, 0xBF, 0xFF, 0xFD, 0xFF, 0xFF, 0xFF, 0xFF,
    0xFD, 0xDF, 0xFF, 0xFE, 0xF6, 0x6F, 0xFF, 0xFA, 0xF6, 0x6F, 0xFF, 0xFA,
    0xF6, 0x6F, 0xFF, 0xFA, 0x4F, 0xFF, 0xFF, 0x40, 0x3F, 0xFF, 0xFF, 0x40,
    0xAF, 0xFF, 0xFF, 0x40, 0xFF, 0xFF, 0xFF, 0x40, 0xCF, 0xFF, 0xFF, 0x40,
    0x4F, 0xFF, 0xFF, 0x40, 0x4F, 0xFF, 0xFF, 0x40, 0x4F, 0xFF, 0xFF, 0x40,
    0x00, 0x07, 0xFF, 0xFF, 0x01, 0x6C, 0xFF, 0xFF, 0x5F, 0xFF, 0xFF, 0xFF,
    0x4F, 0xFF, 0xFF, 0xFF, 0x1F, 0xFF, 0xFF, 0xFF, 0x0E, 0xFD, 0xFF, 0xFF,
    0x05, 0x27, 0xFF, 0xFF, 0x00, 0x07, 0xFF, 0xFF, 0xFF, 0xF6, 0xAF, 0xFF,
    0xFE, 0x70, 0xBF, 0xFF, 0xF3, 0x00, 0xBF, 0xFF, 0xE0, 0x00, 0xBF, 0xFF,
    0xF0, 0x00, 0xBF, 0xFF, 0xF0, 0x00, 0xAF, 0xFF, 0xF0, 0x00, 0x00, 0x00,
    0xF0, 0x00, 0x00, 0x00, 0xF6, 0x6F, 0xFF, 0xFA, 0xF6, 0x6F, 0xFF, 0xFA,
    0xF6, 0x6F, 0xFF, 0xFA, 0xF9, 0x9F, 0xFF, 0xFC, 0xFF, 0xFF, 0xFF, 0xFF,
    0xFF, 0xFF, 0xFF, 0xFF, 0x00, 0xBF, 0xFF, 0xFF, 0x00, 0xBF, 0xFF, 0xFF,
    0x4F, 0xFF, 0xFF, 0x40, 0x4F, 0xFF, 0xFF, 0x40, 0x3F, 0xFF, 0xFF, 0x40,
    0x7F, 0xFF, 0xFF, 0x40, 0xFF, 0xFF, 0xFF, 0x40, 0xFF, 0xFF, 0xFF, 0x40,
    0x10, 0x00, 0x00, 0x00, 0x00, 0x00, 0x00, 0x00, 0x00, 0x08, 0xFF, 0xFF,
    0x00, 0x08, 0xFF, 0xFF, 0x00, 0x08, 0xFF, 0xFF, 0x00, 0x07, 0xFF, 0xFF,
    0x02, 0x09, 0xFF, 0xFF, 0x0E, 0xFF, 0xFF, 0xFF, 0x0C, 0xFF, 0xFF, 0xFE,
    0x03, 0x44, 0x44, 0x40, 0xF0, 0x00, 0x00, 0x00, 0xF0, 0x00, 0x00, 0x00,
    0xF0, 0x00, 0x00, 0x00, 0xF0, 0x00, 0x00, 0x00, 0xF0, 0x00, 0x00, 0x00,
    0xC0, 0x00, 0x00, 0x00, 0x50, 0x00, 0x00, 0x00, 0x00, 0x00, 0x00, 0x00,
    0x00, 0xBF, 0xFF, 0xFF, 0x00, 0xBF, 0xFF, 0xFF, 0x00, 0xBF, 0xFF, 0xFF,
    0x00, 0xBF, 0xFF, 0xFF, 0x00, 0xBF, 0xFF, 0xFF, 0x00, 0xBF, 0xFF, 0xFF,
    0x00, 0xBF, 0xFF, 0xFF, 0x00, 0x34, 0x44, 0x43, 0x00, 0x00, 0x00, 0x00,
    0x00, 0x00, 0x00, 0x00, 0x00, 0x00, 0x00, 0x00, 0x00, 0x00, 0x00, 0x00,
    0x00, 0x00, 0x00, 0x00, 0x00, 0x00, 0x00, 0x00, 0x00, 0x00, 0x00, 0x00,
    0x00, 0x00, 0x00, 0x00, 0x00, 0x00, 0x00, 0x00, 0x01, 0x44, 0x44, 0x44,
    0x04, 0xFF, 0xFF, 0xFF, 0x04, 0xFF, 0xFF, 0xFF, 0x04, 0xFF, 0xFF, 0xF8,
    0x04, 0xFF, 0xFF, 0xF7, 0x04, 0xFF, 0xFF, 0xF7, 0x03, 0xBB, 0xFF, 0xFD,
    0x00, 0x00, 0x00, 0x00, 0x44, 0x44, 0x44, 0x44, 0xFF, 0xFF, 0xFF, 0xFF,
    0xFF, 0xFF, 0xEE, 0xEE, 0x00, 0x00, 0x25, 0x55, 0x00, 0x00, 0x4F, 0xFF,
    0x00, 0x00, 0x4F, 0xFF, 0xBB, 0xBB, 0xCF, 0xFF, 0x00, 0x00, 0x00, 0x00,
    0x44, 0x44, 0x44, 0x44, 0xFF, 0xFF, 0xFF, 0xFF, 0xEE, 0xEF, 0xFF, 0xFF,
    0x55, 0x40, 0x00, 0x00, 0xFF, 0xB0, 0x00, 0x00, 0xFF, 0xB0, 0x00, 0x00,
    0xFF, 0xEB, 0xBB, 0xBB, 0x00, 0x00, 0x00, 0x00, 0x44, 0x44, 0x44, 0x10,
    0xFF, 0xFF, 0xFF, 0x40, 0xFF, 0xFF, 0xFF, 0x40, 0x8F, 0xFF, 0xFF, 0x40,
    0x7F, 0xFF, 0xFF, 0x40, 0x7F, 0xFF, 0xFF, 0x40, 0xDF, 0xFE, 0xBB, 0x30,
    0x00, 0x00, 0xFF, 0xFF, 0x00, 0x00, 0x77, 0x77, 0x00, 0x00, 0x00, 0x00,
    0x00, 0x00, 0xEF, 0xFF, 0x00, 0x00, 0xFF, 0xFF, 0x00, 0x00, 0xFF, 0xFF,
    0x00, 0x00, 0xFF, 0xFF, 0x00, 0x00, 0xFF, 0xFF, 0xFF, 0xFF, 0xFF, 0xFF,
    0x77, 0x77, 0xAF, 0xFF, 0x00, 0x00, 0x4F, 0xFF, 0xFF, 0xFF, 0xFF, 0xFF,
    0xFF, 0xFF, 0xFF, 0xFF, 0xFC, 0x44, 0x7F, 0xFF, 0xFB, 0x00, 0x3F, 0xFF,
    0xFC, 0x44, 0x7F, 0xFF, 0xFF, 0xFF, 0xFF, 0xFF, 0xFF, 0xD7, 0x77, 0x77,
    0xFF, 0xB0, 0x00, 0x00, 0xFF, 0xFF, 0xFF, 0xFF, 0xFF, 0xFF, 0xFF, 0xFF,
    0xFF, 0xC4, 0x45, 0xFF, 0xFF, 0xB0, 0x00, 0xEF, 0xFF, 0xC4, 0x45, 0xFF,
    0xFF, 0xFC, 0x00, 0x00, 0x77, 0x75, 0x00, 0x00, 0x00, 0x00, 0x00, 0x00,
    0xFF, 0xF7, 0x00, 0x00, 0xFF, 0xF8, 0x00, 0x00, 0xFF, 0xF8, 0x00, 0x00,
    0xFF, 0xF8, 0x00, 0x00, 0xFF, 0xF8, 0x00, 0x00, 0x00, 0x00, 0xFF, 0xFF,
    0x00, 0x00, 0xFF, 0xFF, 0x00, 0x00, 0xFF, 0xFF, 0x00, 0x00, 0xFF, 0xFF,
    0x00, 0x00, 0xFF, 0xFF, 0x00, 0x01, 0xFF, 0xFF, 0x00, 0x00, 0xAB, 0xBB,
    0x00, 0x00, 0x00, 0x00, 0xFF, 0xFF, 0xFF, 0xFF, 0xFF, 0xFF, 0xFF, 0xFF,
    0xFB, 0x00, 0x5F, 0xFF, 0xFB, 0x00, 0x3F, 0xFF, 0xFD, 0x88, 0xAF, 0xFF,
    0xFF, 0xFF, 0xFF, 0xFF, 0xBB, 0xBB, 0xCF, 0xFF, 0x00, 0x00, 0x3F, 0xFF,
    0xFF, 0xFF, 0xFF, 0xFF, 0xFF, 0xFF, 0xFF, 0xFF, 0xFF, 0xB0, 0x01, 0xFF,
    0xFF, 0xB0, 0x00, 0xEF, 0xFF, 0xD8, 0x88, 0xFF, 0xFF, 0xFF, 0xFF, 0xFF,
    0xFF, 0xEB, 0xBB, 0xBB, 0xFF, 0xB0, 0x00, 0x00, 0xFF, 0xF8, 0x00, 0x00,
    0xFF, 0xF8, 0x00, 0x00, 0xFF, 0xF8, 0x00, 0x00, 0xFF, 0xF8, 0x00, 0x00,
    0xFF, 0xF8, 0x00, 0x00, 0xFF, 0xF8, 0x00, 0x00, 0xBB, 0xB5, 0x00, 0x00,
    0x00, 0x00, 0x00, 0x00, 0x28, 0x87, 0x77, 0x77, 0x5F, 0xFF, 0xFF, 0xFF,
    0x3B, 0xBB, 0xBB, 0xBB, 0x00, 0x00, 0x00, 0x00, 0x00, 0x00, 0x00, 0x00,
    0x00, 0x00, 0x00, 0x00, 0x00, 0x00, 0x00, 0x00, 0x00, 0x00, 0x00, 0x00,
    0x77, 0x77, 0xAF, 0xFF, 0xFF, 0xFF, 0xFF, 0xFF, 0xBB, 0xBB, 0xCF, 0xFF,
    0x00, 0x00, 0x4F, 0xFF, 0x00, 0x00, 0x4F, 0xFF, 0x00, 0x00, 0x4F, 0xFF,
    0x00, 0x00, 0x4F, 0xFF, 0x00, 0x00, 0x14, 0x44, 0xFF, 0xD7, 0x77, 0x77,
    0xFF, 0xFF, 0xFF, 0xFF, 0xFF, 0xEB, 0xBB, 0xBB, 0xFF, 0xB0, 0x00, 0x00,
    0xFF, 0xB0, 0x00, 0x00, 0xFF, 0xB0, 0x00, 0x00, 0xFF, 0xB0, 0x00, 0x00,
    0x44, 0x20, 0x00, 0x00, 0x77, 0x77, 0x88, 0x70, 0xFF, 0xFF, 0xFF, 0xF1,
    0xBB, 0xBB, 0xBB, 0xA0, 0x00, 0x00, 0x00, 0x00, 0x00, 0x00, 0x00, 0x00,
    0x00, 0x00, 0x00, 0x00, 0x00, 0x00, 0x00, 0x00, 0x00, 0x00, 0x00, 0x00,
    0x00, 0x00, 0x00, 0x00, 0x04, 0xA2, 0x00, 0x00, 0x1E, 0xFF, 0x91, 0x00,
    0x09, 0xFF, 0xFE, 0x70, 0x00, 0xCF, 0xFF, 0xFB, 0x00, 0x3F, 0xFF, 0xFF,
    0x00, 0x08, 0xFF, 0xF6, 0x00, 0x01, 0xDF, 0x90, 0x00, 0x00, 0x00, 0x00,
    0x00, 0x00, 0x00, 0x00, 0x0E, 0xFF, 0xFF, 0xFF, 0x0F, 0xFF, 0xFF, 0xFF,
    0x3E, 0xFF, 0xFF, 0xC4, 0x7E, 0xFF, 0xFF, 0xB0, 0x0E, 0xFF, 0xFF, 0xB0,
    0x0F, 0xFF, 0xFF, 0xB2, 0x00, 0x00, 0x00, 0x00, 0x00, 0x00, 0x00, 0x00,
    0xFF, 0xFF, 0xFF, 0xFF, 0xFF, 0xFF, 0xFF, 0xFF, 0x44, 0x4A, 0xFF, 0xFF,
    0x00, 0x0A, 0xFF, 0xFF, 0x00, 0x0B, 0xFF, 0xFF, 0x44, 0x4E, 0xFF, 0xFA,
    0x00, 0x00, 0x00, 0x00, 0x00, 0x00, 0x00, 0x00, 0xFF, 0xFF, 0xFF, 0xE0,
    0xFF, 0xFF, 0xFF, 0xF0, 0xFA, 0x44, 0x44, 0x40, 0xD1, 0x00, 0x00, 0x00,
    0x20, 0x00, 0x00, 0x00, 0x44, 0x44, 0x44, 0x00, 0x02, 0x30, 0x59, 0x00,
    0x2C, 0xF9, 0x10, 0x00, 0x5F, 0xFF, 0xE7, 0x00, 0x08, 0xFF, 0xFF, 0xD4,
    0x00, 0xCF, 0xFF, 0xFF, 0x00, 0x3F, 0xFF, 0xF8, 0x00, 0x08, 0xFF, 0x90,
    0x00, 0x00, 0xDC, 0x00, 0x0F, 0xFF, 0xFF, 0xA7, 0x0F, 0xFF, 0xFF, 0xA7,
    0x0F, 0xFF, 0xFF, 0xA7, 0x1E, 0xFF, 0xFF, 0xA7, 0x4E, 0xFF, 0xFF, 0xA7,
    0x0E, 0xFF, 0xFF, 0xA7, 0x0F, 0xFF, 0xFF, 0xA7, 0x0F, 0xFF, 0xFF, 0xA7,
    0xFF, 0xFF, 0xFF, 0xFF, 0xFF, 0xFF, 0xFF, 0xFF, 0xFF, 0xFF, 0xB0, 0x00,
    0xFF, 0xFF, 0xB0, 0x00, 0xFF, 0xFF, 0xB0, 0x00, 0xFF, 0xFF, 0xFF, 0xFF,
    0xFF, 0xFF, 0xFF, 0xFF, 0xFF, 0xFF, 0xC4, 0x44, 0xFF, 0xFF, 0xFF, 0x00,
    0xFF, 0xFF, 0xFF, 0x00, 0x8F, 0xFF, 0xFF, 0x00, 0x7F, 0xFF, 0xFF, 0x00,
    0x8F, 0xFF, 0xFF, 0x00, 0xFF, 0xFF, 0xFF, 0x00, 0xFF, 0xFF, 0xFF, 0x00,
    0xAF, 0xFF, 0xFF, 0x00, 0x00, 0x00, 0x32, 0x94, 0x00, 0x00, 0x03, 0xFF,
    0x00, 0x00, 0x09, 0xFF, 0x00, 0x00, 0x2F, 0xFB, 0x00, 0x00, 0x9F, 0xF6,
    0x00, 0x02, 0xFF, 0xF1, 0x00, 0x09, 0xFF, 0xC0, 0x00, 0x2F, 0xFF, 0x70,
    0x0F, 0xFF, 0xFF, 0xA7, 0x5E, 0xFF, 0xFF, 0xA7, 0x4E, 0xFF, 0xFF, 0x77,
    0x3F, 0xFF, 0xFF, 0x67, 0x3F, 0xFF, 0xFF, 0x33, 0x5F, 0xFF, 0xFD, 0x49,
    0x8F, 0xFF, 0xF8, 0x7F, 0xBF, 0xFF, 0xF2, 0x8F, 0xFF, 0xFF, 0xB0, 0x00,
    0xFF, 0xFF, 0xB0, 0x00, 0xFF, 0xFF, 0xEB, 0xBB, 0xFF, 0xFF, 0xFF, 0xFF,
    0x77, 0x78, 0xFF, 0xFF, 0x51, 0x00, 0xEF, 0xFF, 0xFF, 0xDA, 0xFF, 0xFF,
    0xFF, 0xFF, 0xFF, 0xFF, 0x7F, 0xFF, 0xFF, 0x00, 0x7F, 0xFF, 0xFF, 0x00,
    0xDF, 0xFF, 0xFF, 0x00, 0xFF, 0xFF, 0xFF, 0x10, 0xFB, 0x77, 0x77, 0x00,
    0xF7, 0x47, 0x00, 0x00, 0xFF, 0xFF, 0x70, 0x00, 0xFD, 0xFF, 0xF4, 0x00,
    0x00, 0xAF, 0xFF, 0x20, 0x04, 0xFF, 0xFC, 0x04, 0x0C, 0xFF, 0xF7, 0x0A,
    0x8F, 0xFF, 0xF2, 0x1F, 0x7F, 0xFF, 0xA0, 0x9F, 0x06, 0xEF, 0x52, 0xFF,
    0x00, 0x3C, 0x11, 0xBC, 0x00, 0x01, 0x00, 0x01, 0xEF, 0xFF, 0xB0, 0xCF,
    0xFF, 0xFF, 0x31, 0xFF, 0xFF, 0xF9, 0x07, 0xFF, 0xFF, 0xC1, 0x0D, 0xFF,
    0xFE, 0x30, 0x6F, 0xFE, 0xE3, 0x00, 0x6E, 0xD2, 0x30, 0x00, 0x01, 0x10,
    0x00, 0x00, 0x00, 0x00, 0xFF, 0xF9, 0xEF, 0xFF, 0xFF, 0xB1, 0xEF, 0xFF,
    0xFD, 0x10, 0xFF, 0xFF, 0xE2, 0x00, 0xEF, 0xFF, 0x51, 0x02, 0xFF, 0xFF,
    0x6F, 0xFF, 0xFF, 0xFF, 0x4F, 0xFF, 0xFF, 0xFE, 0x14, 0x44, 0x44, 0x40,
    0xFA, 0xEF, 0xFE, 0x10, 0xF8, 0xCF, 0xFF, 0xA0, 0xF7, 0x9F, 0xFF, 0xF6,
    0xF7, 0x7F, 0xFF, 0xF8, 0xF6, 0x5F, 0xFB, 0x30, 0xF2, 0x4E, 0x60, 0x00,
    0x60, 0x21, 0x00, 0x00, 0x00, 0x00, 0x00, 0x00, 0x00, 0x00, 0x27, 0x41,
    0x00, 0x00, 0x6F, 0xFF, 0x00, 0x00, 0x8F, 0xFF, 0x00, 0x00, 0xAF, 0xFF,
    0x00, 0x00, 0xCF, 0xFF, 0x00, 0x01, 0xFF, 0xFF, 0x00, 0x04, 0xFF, 0xFF,
    0x00, 0x07, 0xFF, 0xFF, 0x00, 0x00, 0x00, 0x00, 0xDB, 0x71, 0x00, 0x00,
    0xFF, 0xFF, 0xFF, 0xFF, 0xFF, 0xEF, 0xFF, 0xFF, 0xFD, 0x9F, 0xFF, 0xFC,
    0xF8, 0x7F, 0xFF, 0xFB, 0xF1, 0x7F, 0xFF, 0xFB, 0x90, 0x7F, 0xFF, 0xFB,
    0x00, 0x00, 0x00, 0x00, 0x00, 0x00, 0x00, 0x00, 0xFF, 0xFF, 0xFF, 0xFF,
    0xFF, 0xFF, 0xFF, 0xFF, 0x44, 0x33, 0x33, 0x34, 0x00, 0x57, 0x77, 0x71,
    0x00, 0xCF, 0xFF, 0xF4, 0x00, 0xBF, 0xFF, 0xF4, 0x00, 0x00, 0x00, 0x00,
    0x00, 0x00, 0x00, 0x00, 0xFF, 0xFF, 0xFF, 0xA0, 0xFF, 0xFF, 0xFF, 0xB0,
    0x4C, 0xFF, 0xFF, 0xB0, 0x0B, 0xFF, 0xFF, 0xB0, 0x0B, 0xFF, 0xFF, 0xB0,
    0x0B, 0xFF, 0xFF, 0xB0, 0x00, 0x0A, 0xFF, 0xFF, 0x00, 0x0E, 0xFF, 0xFF,
    0x00, 0x5F, 0xFF, 0xFF, 0x00, 0xAF, 0xFF, 0xFF, 0x02, 0xFF, 0xFF, 0xFF,
    0x09, 0xFF, 0xFF, 0xFF, 0x3F, 0xFF, 0xFF, 0xFF, 0x6F, 0xFF, 0xFF, 0xFF,
    0x70, 0x8F, 0xFF, 0xFB, 0x80, 0x8F, 0xFF, 0xFF, 0x80, 0x8F, 0xFF, 0xFF,
    0x80, 0x8F, 0xFF, 0xFC, 0x80, 0x8F, 0xFF, 0xFB, 0x80, 0x8F, 0xFF, 0xFB,
    0x80, 0x8F, 0xFF, 0xFB, 0x80, 0x8F, 0xFF, 0xFA, 0x00, 0xBF, 0xFF, 0xF5,
    0xFF, 0xFF, 0xFF, 0xFF, 0xFF, 0xFF, 0xFF, 0xFF, 0x44, 0xCF, 0xFF, 0xF7,
    0x00, 0xBF, 0xFF, 0xF3, 0x00, 0xBF, 0xFF, 0xF3, 0x24, 0xCF, 0xFF, 0xF7,
    0x7F, 0xFF, 0xFF, 0xFF, 0x0B, 0xFF, 0xFF, 0xB0, 0xFF, 0xFF, 0xFF, 0xB0,
    0xFF, 0xFF, 0xFF, 0xB0, 0x4C, 0xFF, 0xFF, 0xB0, 0x0B, 0xFF, 0xFF, 0xB0,
    0x0B, 0xFF, 0xFF, 0xB0, 0x2B, 0xFF, 0xFF, 0xB0, 0x7A, 0xFF, 0xFF, 0xB0,
    0x0B, 0x9B, 0xFF, 0xFF, 0x01, 0x0B, 0xFF, 0xFF, 0x00, 0x0B, 0xFF, 0xFF,
    0x00, 0x0B, 0xFF, 0xFF, 0x00, 0x0B, 0xFF, 0xFF, 0x00, 0x0B, 0xFF, 0xFF,
    0x00, 0x0B, 0xFF, 0xFF, 0x00, 0x0B, 0xFF, 0xFF, 0x80, 0x8F, 0xFF, 0xFA,
    0x80, 0x8F, 0xFF, 0xFA, 0x80, 0x8F, 0xFF, 0xFA, 0x80, 0x8F, 0xFF, 0xFA,
    0x80, 0x8F, 0xFF, 0xFA, 0x80, 0x8F, 0xFF, 0xFA, 0x80, 0x8F, 0xFF, 0xFA,
    0x80, 0x8F, 0xFF, 0xFA, 0x7F, 0xFF, 0xFF, 0xFF, 0x7F, 0xFE, 0x2E, 0xFF,
    0x7F, 0xFE, 0x1E, 0xFF, 0x7F, 0xFE, 0x1E, 0xFF, 0x7F, 0xFE, 0x1E, 0xFF,
    0x7F, 0xFE, 0x0E, 0xFF, 0x7F, 0xFF, 0x8F, 0xFF, 0x8F, 0xFF, 0xFF, 0xFF,
    0x7A, 0xFF, 0xFF, 0xB0, 0x7A, 0xFF, 0xFF, 0xB0, 0x7A, 0xFF, 0xFF, 0xB0,
    0x7A, 0xFF, 0xFF, 0xB0, 0x7A, 0xFF, 0xFF, 0xB0, 0x7A, 0xFF, 0xFF, 0xB0,
    0x7A, 0xFF, 0xFF, 0xB0, 0x8A, 0xFF, 0xFF, 0xB0, 0x00, 0x0B, 0xFF, 0xFF,
    0x00, 0x0B, 0xFF, 0xFF, 0x00, 0x0B, 0xFF, 0xFF, 0x00, 0x0B, 0xFF, 0xFF,
    0x00, 0x0B, 0xFF, 0xFF, 0x00, 0x0B, 0xFF, 0xFF, 0x00, 0x0B, 0xFF, 0xFF,
    0x00, 0x03, 0x44, 0x44, 0x80, 0x8F, 0xFF, 0xFA, 0x80, 0x8F, 0xFF, 0xFB,
    0x80, 0x8F, 0xFF, 0xFB, 0x80, 0x8F, 0xFF, 0xFE, 0x80, 0x8F, 0xFF, 0xFF,
    0x80, 0x8F, 0xFF, 0xFD, 0x80, 0x8F, 0xFF, 0xFB, 0x20, 0x24, 0x44, 0x43,
    0x5B, 0xBB, 0xBB, 0xBB, 0x00, 0x00, 0x00, 0x00, 0x00, 0x00, 0x00, 0x00,
    0xBB, 0xBB, 0xBB, 0xBB, 0xFF, 0xFF, 0xFF, 0xFF, 0x88, 0x88, 0x88, 0x88,
    0x00, 0x00, 0x00, 0x00, 0x00, 0x00, 0x00, 0x00, 0x5A, 0xFF, 0xFF, 0xB0,
    0x0B, 0xFF, 0xFF, 0xB0, 0x0B, 0xFF, 0xFF, 0xB0, 0xBE, 0xFF, 0xFF, 0xB0,
    0xFF, 0xFF, 0xFF, 0xB0, 0x8D, 0xFF, 0xFF, 0xB0, 0x0B, 0xFF, 0xFF, 0xB0,
    0x03, 0x44, 0x44, 0x30, 0x00, 0x00, 0x00, 0x00, 0x05, 0xC6, 0x00, 0x00,
    0x1E, 0xFF, 0x80, 0x00, 0x06, 0xFF, 0xF9, 0x10, 0x00, 0xBF, 0xFF, 0xC1,
    0x00, 0x4F, 0xFF, 0xFC, 0x00, 0x0B, 0xFF, 0xFF, 0x00, 0x05, 0xFF, 0xFF,
    0x00, 0x00, 0x00, 0x00, 0x00, 0x00, 0x00, 0x00, 0x00, 0x04, 0xFF, 0xFF,
    0x00, 0x04, 0xFF, 0xFF, 0x00, 0x01, 0x44, 0x44, 0x10, 0x00, 0x00, 0x00,
    0xC1, 0x00, 0x00, 0x00, 0xFC, 0x10, 0x00, 0x00, 0x00, 0x00, 0x00, 0x00,
    0x00, 0x00, 0x00, 0x00, 0xFF, 0xFF, 0xFF, 0xFE, 0xFF, 0xFF, 0xFF, 0xFF,
    0x45, 0xFF, 0xFF, 0xFF, 0x00, 0xEF, 0xFF, 0xFF, 0x00, 0xFF, 0xFF, 0xFF,
    0x00, 0xFF, 0xFF, 0xFF, 0x00, 0x00, 0x00, 0x00, 0x00, 0x00, 0x00, 0x00,
    0x00, 0x00, 0x00, 0x00, 0x00, 0x00, 0x00, 0x00, 0x00, 0x00, 0x00, 0x00,
    0x00, 0x00, 0x00, 0x00, 0x00, 0x00, 0x00, 0x00, 0x10, 0x00, 0x00, 0x00,
    0x00, 0x00, 0xDF, 0xFF, 0x00, 0x00, 0x8F, 0xFF, 0x00, 0x00, 0x2F, 0xFC,
    0x00, 0x00, 0x0C, 0x90, 0x00, 0x00, 0x02, 0x00, 0x00, 0x00, 0x00, 0x00,
    0x07, 0x88, 0x88, 0x88, 0x1F, 0xFF, 0xFF, 0xFF, 0xFF, 0x90, 0x00, 0x00,
    0xF8, 0x10, 0x00, 0x00, 0x30, 0x00, 0x00, 0x00, 0x00, 0x00, 0x00, 0x00,
    0x00, 0x00, 0x00, 0x00, 0x00, 0x00, 0x00, 0x00, 0x85, 0x00, 0x00, 0x00,
    0xFC, 0x00, 0x00, 0x00, 0x01, 0xFF, 0xFF, 0xFF, 0x04, 0xFF, 0xFF, 0xFF,
    0x04, 0xFF, 0xFF, 0xFF, 0x05, 0xFF, 0xFF, 0xFF, 0x08, 0xFF, 0xFF, 0xFF,
    0x0B, 0xFF, 0xFF, 0xFF, 0x0E, 0xFF, 0xFF, 0xFF, 0x5F, 0xFF, 0xFF, 0xFF,
    0x40, 0x00, 0x00, 0x00, 0x40, 0x00, 0x00, 0x00, 0x50, 0x00, 0x00, 0x00,
    0x80, 0x00, 0x00, 0x00, 0xA0, 0x00, 0x00, 0x00, 0xD0, 0x00, 0x00, 0x00,
    0xF2, 0x00, 0x00, 0x00, 0xF6, 0x00, 0x00, 0x00, 0x0A, 0xBB, 0xFF, 0xFF,
    0x00, 0x00, 0xFF, 0xFF, 0x00, 0x00, 0xFF, 0xFF, 0x00, 0x00, 0xFF, 0xFF,
    0x00, 0x00, 0xFF, 0xFF, 0x00, 0x00, 0xFF, 0xFF, 0x00, 0x00, 0xFF, 0xFF,
    0x00, 0x00, 0xFF, 0xFF, 0xFB, 0x00, 0x00, 0x00, 0xFB, 0x00, 0x00, 0x04,
    0xFB, 0x00, 0x00, 0x0B, 0xFB, 0x00, 0x00, 0x6F, 0xFB, 0x00, 0x03, 0xEF,
    0xFB, 0x00, 0x1D, 0xFF, 0xFB, 0x01, 0xCF, 0xFF, 0xFB, 0x1C, 0xFF, 0xFC,
    0xBF, 0xFF, 0xFF, 0xFF, 0xFF, 0xFF, 0xFF, 0xFF, 0xFF, 0xFF, 0xA8, 0xFF,
    0xFF, 0xFD, 0x00, 0xDF, 0xFF, 0xE3, 0x00, 0x3F, 0xFF, 0x50, 0x00, 0x06,
    0xE3, 0x00, 0x00, 0x00, 0x30, 0x00, 0x00, 0x00, 0xFB, 0x00, 0x00, 0x00,
    0xFF, 0x20, 0x00, 0x00, 0xFF, 0x90, 0x00, 0x00, 0xFF, 0xF2, 0x00, 0x00,
    0xFF, 0xFB, 0x00, 0x00, 0xFF, 0xFF, 0x60, 0x00, 0x6F, 0xFF, 0xE3, 0x00,
    0x06, 0xFF, 0xFD, 0x10, 0x00, 0x00, 0xFF, 0xFF, 0x00, 0x01, 0xFF, 0xFF,
    0x27, 0xAE, 0xFF, 0xFF, 0x4F, 0xFF, 0xFF, 0xFF, 0x1F, 0xFF, 0xFE, 0xAF,
    0x0A, 0xFF, 0xC2, 0x07, 0x07, 0xE7, 0x00, 0x00, 0x02, 0x10, 0x00, 0x00,
    0xFD, 0xEF, 0xFF, 0x80, 0xFD, 0xCF, 0xC3, 0x00, 0xFE, 0x35, 0x00, 0x00,
    0xFF, 0xC3, 0x00, 0x00, 0xFF, 0xFF, 0xDB, 0xBB, 0xDF, 0xFF, 0xFF, 0xFF,
    0x03, 0x68, 0x88, 0x88, 0x00, 0x00, 0x00, 0x00, 0x00, 0x00, 0x00, 0x00,
    0x00, 0x00, 0x00, 0x00, 0x00, 0x00, 0x00, 0x00, 0x00, 0x00, 0x00, 0x00,
    0xBB, 0xBB, 0xBB, 0xBB, 0xFF, 0xFF, 0xFF, 0xFF, 0x88, 0x88, 0x88, 0x88,
    0x00, 0x00, 0x00, 0x00, 0x00, 0x5E, 0xFF, 0xC0, 0x00, 0x03, 0xCF, 0x60,
    0x00, 0x00, 0x03, 0x00, 0x00, 0x00, 0x00, 0x00, 0xBB, 0xBB, 0xBB, 0xD8,
    0xFF, 0xFF, 0xFF, 0xF4, 0x88, 0x88, 0x88, 0x70, 0x00, 0x00, 0x00, 0x00,
    0x00, 0x00, 0x34, 0x44, 0x00, 0x00, 0xFF, 0xFF, 0x00, 0x00, 0xFF, 0xFF,
    0x00, 0x00, 0xFF, 0xFF, 0x00, 0x00, 0xFF, 0xFF, 0x00, 0x00, 0xFF, 0xFF,
    0x00, 0x00, 0xFF, 0xFF, 0x0A, 0xBB, 0xFF, 0xFF, 0x43, 0x00, 0x05, 0x88,
    0xFB, 0x00, 0x0C, 0xFF, 0xFB, 0x00, 0x0B, 0xFF, 0xFB, 0x00, 0x0B, 0xFF,
    0xFB, 0x00, 0x0B, 0xFF, 0xFB, 0x00, 0x0B, 0xFF, 0xFB, 0x00, 0x0B, 0xFF,
    0xFE, 0xBB, 0x5A, 0xFF, 0x88, 0x70, 0x00, 0x00, 0xFF, 0xF1, 0x00, 0x00,
    0xFF, 0xF0, 0x00, 0x00, 0xFF, 0xE0, 0x02, 0x8D, 0xFF, 0xF9, 0xDF, 0xFF,
    0xFF, 0xFF, 0xFF, 0xFF, 0xFF, 0xFE, 0xBA, 0x74, 0xFF, 0xF1, 0x00, 0x00,
    0x00, 0x00, 0x00, 0x00, 0x00, 0x8B, 0x10, 0x00, 0x6D, 0xFF, 0xD3, 0x00,
    0xFF, 0xFF, 0xFF, 0x40, 0xFF, 0xFF, 0xEA, 0x40, 0xFC, 0x84, 0x00, 0x00,
    0x10, 0x10, 0x00, 0x00, 0x00, 0xEA, 0x51, 0x00, 0x1F, 0xFF, 0xFF, 0xFF,
    0x07, 0x88, 0xFF, 0xFF, 0x00, 0x00, 0xEF, 0xFF, 0x00, 0x00, 0xFF, 0xFF,
    0x00, 0x00, 0xFF, 0xFF, 0x00, 0x00, 0xFF, 0xFF, 0x00, 0x00, 0xFF, 0xFF,
    0x00, 0x00, 0xFF, 0xFF, 0xFF, 0xFF, 0x8A, 0xFF, 0xFD, 0x88, 0x3A, 0xFF,
    0xFB, 0x00, 0x0B, 0xFF, 0xFB, 0x00, 0x08, 0xFF, 0xFB, 0x00, 0x01, 0xDF,
    0xFB, 0x02, 0x20, 0x15, 0xFC, 0x8F, 0x70, 0x00, 0xFF, 0xFF, 0x98, 0xBB,
    0xFF, 0xF0, 0x00, 0x00, 0xFF, 0xE0, 0x00, 0x00, 0xFF, 0xF3, 0x00, 0x00,
    0xFF, 0xFE, 0xBB, 0xBB, 0xFF, 0xFF, 0xFF, 0xFF, 0x77, 0x77, 0x77, 0x77,
    0x00, 0x00, 0x00, 0x00, 0xBB, 0xBB, 0xBB, 0xBB, 0x03, 0xFF, 0xFF, 0xD4,
    0x05, 0xFF, 0xFF, 0xF3, 0x0B, 0xFF, 0xFF, 0xD0, 0xDF, 0xFF, 0xFF, 0x60,
    0xFF, 0xFF, 0xF8, 0x00, 0x77, 0x76, 0x20, 0x00, 0x00, 0x00, 0x00, 0x00,
    0xBB, 0xBB, 0xBA, 0x00, 0x00, 0x00, 0xFF, 0xFF, 0x00, 0x4A, 0xFF, 0xFF,
    0x3D, 0xFF, 0xFF, 0xFF, 0x2F, 0xFF, 0xFF, 0xFF, 0x0C, 0xFF, 0xFF, 0xFF,
    0x09, 0xF9, 0xEF, 0xFF, 0x03, 0x30, 0xEF, 0xFF, 0x00, 0x00, 0xFF, 0xFF,
    0xFF, 0xF8, 0x1B, 0xFF, 0xFD, 0x30, 0x0B, 0xFF, 0xFB, 0x00, 0x0B, 0xFF,
    0xFB, 0x00, 0x0B, 0xFF, 0xFB, 0x00, 0x0B, 0xFF, 0xFB, 0x00, 0x0B, 0xFF,
    0xFB, 0x00, 0x0B, 0xFF, 0xFB, 0x00, 0x0B, 0xFF, 0xFF, 0xFF, 0xFF, 0xFF,
    0xFF, 0xD8, 0x88, 0x88, 0xFF, 0xB0, 0x00, 0x00, 0xFF, 0xB0, 0x00, 0x00,
    0xFF, 0xB0, 0x00, 0x00, 0xFF, 0xEB, 0xBB, 0xBB, 0xFF, 0xFF, 0xFF, 0xFF,
    0xFF, 0xD8, 0x88, 0x88, 0xFF, 0xFF, 0xFF, 0x10, 0xDF, 0xFF, 0xFF, 0x00,
    0xBF, 0xFF, 0xFF, 0x00, 0xBF, 0xFF, 0xFF, 0x00, 0xBF, 0xFF, 0xFF, 0x00,
    0xEF, 0xFF, 0xFF, 0x00, 0xFF, 0xFF, 0xFF, 0x00, 0xDF, 0xFF, 0xFF, 0x00,
    0x00, 0x00, 0xFF, 0xFF, 0x00, 0x00, 0xFF, 0xFF, 0x00, 0x00, 0xFF, 0xFF,
    0x00, 0x00, 0xEF, 0xFF, 0x07, 0x45, 0xFF, 0xFF, 0x0F, 0xFF, 0xFF, 0xFF,
    0x08, 0xBB, 0xBB, 0xBB, 0x00, 0x00, 0x00, 0x00, 0xFB, 0x00, 0x0B, 0xFF,
    0xFB, 0x00, 0x0B, 0xFF, 0xFB, 0x00, 0x0B, 0xFF, 0xFB, 0x00, 0x0B, 0xFF,
    0xFA, 0x00, 0x0B, 0xFF, 0xF5, 0x00, 0x0B, 0xFF, 0x50, 0x00, 0x0A, 0xFF,
    0x00, 0x00, 0x00, 0x00, 0xFF, 0xB0, 0x00, 0x00, 0xFF, 0xB0, 0x00, 0x00,
    0xFF, 0xB0, 0x00, 0x00, 0xFF, 0xEB, 0xBB, 0xBB, 0xFF, 0xFF, 0xFF, 0xFF,
    0xFF, 0xD8, 0x88, 0x88, 0xFF, 0xA0, 0x00, 0x00, 0x00, 0x00, 0x00, 0x00,
    0xBF, 0xFF, 0xFF, 0x00, 0xBF, 0xFF, 0xFF, 0x00, 0xBF, 0xFF, 0xFF, 0x00,
    0xEF, 0xFF, 0xFF, 0x00, 0xFF, 0xFF, 0xFF, 0x00, 0xDF, 0xFF, 0xFF, 0x00,
    0xAF, 0xFF, 0xFE, 0x00, 0x00, 0x00, 0x00, 0x00, 0x00, 0x00, 0x00, 0x00,
    0x00, 0x01, 0x44, 0x44, 0x00, 0x04, 0xFF, 0xFF, 0x00, 0x04, 0xFF, 0xFF,
    0x00, 0x00, 0x00, 0x00, 0x00, 0x00, 0x00, 0x00, 0x00, 0x00, 0x00, 0x00,
    0x00, 0x00, 0x00, 0x00, 0x00, 0x00, 0x00, 0x00, 0x44, 0x44, 0x44, 0x44,
    0xFF, 0xFF, 0xFF, 0xFF, 0xFF, 0xFF, 0xFF, 0xFF, 0x00, 0x00, 0x00, 0x00,
    0x00, 0x00, 0x00, 0x00, 0x00, 0x00, 0x00, 0x00, 0x00, 0x00, 0x00, 0x00,
    0x00, 0x00, 0x00, 0x00, 0x44, 0x44, 0x44, 0x44, 0xFF, 0xFF, 0xFF, 0xFF,
    0xFF, 0xFF, 0xFF, 0xFF, 0x00, 0x00, 0x00, 0x00, 0x00, 0x00, 0x00, 0x00,
    0x00, 0x00, 0x00, 0x00, 0x00, 0x00, 0x00, 0x00, 0x00, 0x00, 0x00, 0x00,
    0x44, 0x44, 0x20, 0x00, 0xFF, 0xFF, 0x80, 0x00, 0xFF, 0xFF, 0x70, 0x00,
    0x00, 0x00, 0x00, 0x00, 0x00, 0x00, 0x00, 0x00, 0x00, 0x00, 0x00, 0x00,
    0x00, 0x00, 0x00, 0x00, 0x00, 0x00, 0x00, 0x00, 0x00, 0x00, 0x00, 0x00,
    0x07, 0x88, 0x88, 0x88, 0x1F, 0xFF, 0xFF, 0xFF, 0x0A, 0xBB, 0xBB, 0xBB,
    0x00, 0x00, 0x00, 0x00, 0x00, 0x00, 0x00, 0x00, 0x00, 0x00, 0x1D, 0xB8,
    0x00, 0x00, 0x00, 0x00, 0x00, 0x00, 0x00, 0x00, 0x88, 0x88, 0x88, 0x88,
    0xFF, 0xFF, 0xFF, 0xFF, 0xBB, 0xBB, 0xBE, 0xFF, 0x00, 0x00, 0x0B, 0xFF,
    0x00, 0x00, 0x0B, 0xFF, 0x62, 0x00, 0x0B, 0xFF, 0x00, 0x00, 0x00, 0x00,
    0x00, 0x00, 0x00, 0x00, 0x88, 0x88, 0x88, 0x88, 0xFF, 0xFF, 0xFF, 0xFF,
    0xFF, 0xFC, 0xBB, 0xBB, 0xFF, 0xF4, 0x00, 0x00, 0xFF, 0xF4, 0x00, 0x35,
    0xFF, 0xF4, 0x0B, 0xFF, 0x00, 0x00, 0x00, 0x00, 0x00, 0x00, 0x00, 0x00,
    0x88, 0x88, 0x88, 0x84, 0xFF, 0xFF, 0xFF, 0xF8, 0xBB, 0xBB, 0xBB, 0xB5,
    0x00, 0x00, 0x00, 0x00, 0x00, 0x00, 0x00, 0x00, 0x50, 0x00, 0x00, 0x00,
    0x00, 0x00, 0x4F, 0xFF, 0x00, 0x00, 0x6F, 0xFF, 0x00, 0x00, 0x9F, 0xFF,
    0x00, 0x00, 0xCF, 0xFF, 0x00, 0x02, 0xFF, 0xFF, 0x00, 0x07, 0xFF, 0xFF,
    0x00, 0x0C, 0xFF, 0xFF, 0x00, 0x3F, 0xFF, 0xF9, 0xFF, 0xE3, 0x0B, 0xFF,
    0xFF, 0xD0, 0x0B, 0xFF, 0xFF, 0x70, 0x0B, 0xFF, 0xFE, 0x10, 0x0B, 0xFF,
    0xF7, 0x00, 0x0B, 0xFF, 0xD0, 0x00, 0x0B, 0xFF, 0x40, 0x00, 0x0B, 0xFF,
    0x00, 0x00, 0x0B, 0xFF, 0xFF, 0xF4, 0x0A, 0xFF, 0xFF, 0xF4, 0x03, 0xFF,
    0xFF, 0xF4, 0x00, 0xCF, 0xFF, 0xF4, 0x00, 0x7F, 0xFF, 0xF4, 0x00, 0x2F,
    0xFF, 0xF4, 0x00, 0x0A, 0xFF, 0xF4, 0x00, 0x06, 0xFF, 0xF4, 0x00, 0x01,
    0xE3, 0x00, 0x00, 0x00, 0xFC, 0x10, 0x00, 0x00, 0xFF, 0x90, 0x00, 0x00,
    0xFF, 0xF5, 0x00, 0x00, 0xFF, 0xFE, 0x20, 0x00, 0xFF, 0xFF, 0xB0, 0x00,
    0xFF, 0xFF, 0xF6, 0x00, 0xFF, 0xFF, 0xFE, 0x20, 0x00, 0x9F, 0xFF, 0xC1,
    0x02, 0xFF, 0xFE, 0x30, 0x0A, 0xFF, 0xF3, 0x00, 0x3F, 0xFF, 0x60, 0x00,
    0x16, 0xC4, 0x00, 0x05, 0x00, 0x00, 0x00, 0x06, 0x00, 0x00, 0x00, 0x01,
    0x00, 0x00, 0x00, 0x00, 0x00, 0x00, 0x0B, 0xFF, 0x00, 0x00, 0x0B, 0xFF,
    0x00, 0x00, 0x0B, 0xFF, 0x00, 0x00, 0x0B, 0xFF, 0x74, 0x44, 0x6F, 0xFF,
    0xFF, 0xFF, 0xFF, 0xFF, 0xEF, 0xFF, 0xFF, 0xFE, 0x00, 0x00, 0x00, 0x00,
    0xFF, 0xF4, 0x00, 0x00, 0xFF, 0xF4, 0x00, 0x00, 0xFF, 0xF4, 0x00, 0x00,
    0xFF, 0xF4, 0x00, 0x00, 0xFF, 0xE0, 0x00, 0x00, 0xFF, 0x70, 0x00, 0x00,
    0xB6, 0x00, 0x00, 0x00, 0x00, 0x00, 0x00, 0x00, 0xAF, 0xFF, 0xFF, 0xB0,
    0x7F, 0xFF, 0xFF, 0xF3, 0x3F, 0xFF, 0xFB, 0x40, 0x0E, 0xFE, 0x60, 0x00,
    0x0A, 0x91, 0x00, 0x00, 0x01, 0x00, 0x00, 0x00, 0x00, 0x00, 0x00, 0x00,
    0x00, 0x00, 0x00, 0x00, 0x00, 0x00, 0x00, 0x00, 0x00, 0x00, 0x00, 0x00,
    0x0E, 0xFF, 0xFF, 0xFF, 0x0F, 0xFF, 0xFF, 0xFF, 0x04, 0xCF, 0xFF, 0xFC,
    0x00, 0xBF, 0xFF, 0xFB, 0x00, 0xBF, 0xFF, 0xFB, 0x00, 0xBF, 0xFF, 0xFB,
    0x00, 0x00, 0x00, 0x00, 0x00, 0x00, 0x00, 0x00, 0xFF, 0xFF, 0xFF, 0xFF,
    0xFF, 0xFF, 0xFF, 0xFF, 0x4A, 0xFF, 0xFF, 0xF7, 0x07, 0xFF, 0xFF, 0xF3,
    0x07, 0xFF, 0xFF, 0xF4, 0x07, 0xFF, 0xFF, 0xF7, 0x00, 0x00, 0x00, 0x00,
    0x00, 0x00, 0x00, 0x00, 0x40, 0x00, 0x00, 0x00, 0x44, 0x44, 0x44, 0x44,
    0x1F, 0xFF, 0xFF, 0xFF, 0x0E, 0xEE, 0xEE, 0xFF, 0x01, 0x11, 0x43, 0x00,
    0xBC, 0xEE, 0xF7, 0x00, 0x00, 0x00, 0x00, 0x00, 0x00, 0x00, 0x00, 0x00,
    0x00, 0x00, 0x00, 0x00, 0x44, 0x44, 0x44, 0x40, 0xFF, 0xFF, 0xFF, 0xF0,
    0xFF, 0xFF, 0xFF, 0xF0, 0x5F, 0xFF, 0xFF, 0xE0, 0x4F, 0xFF, 0xFF, 0xB0,
    0x00, 0xBF, 0xFF, 0xFD, 0x00, 0xBF, 0xFF, 0xFF, 0x00, 0xBF, 0xFF, 0xFE,
    0x00, 0xBF, 0xFF, 0xFB, 0x00, 0xBF, 0xFF, 0xFB, 0x00, 0xBF, 0xFF, 0xFB,
    0x00, 0xBF, 0xFF, 0xFB, 0x00, 0xBF, 0xFF, 0xFE, 0x8B, 0xFF, 0xFF, 0xF9,
    0xFF, 0xFF, 0xFF, 0xF7, 0xBD, 0xFF, 0xFF, 0xF5, 0x07, 0xFF, 0xFF, 0xF4,
    0x07, 0xFF, 0xFF, 0xF4, 0x07, 0xFF, 0xFF, 0xF3, 0x07, 0xFF, 0xFF, 0xF3,
    0xBD, 0xFF, 0xFF, 0xF4, 0xFF, 0xFF, 0xF8, 0x00, 0xEF, 0xFF, 0xF7, 0x00,
    0xEF, 0xFF, 0xF9, 0x00, 0xBF, 0xFF, 0xFB, 0x00, 0x9F, 0xFF, 0xFB, 0x00,
    0x7F, 0xFF, 0xFE, 0x00, 0x3F, 0xFF, 0xFF, 0x10, 0x0E, 0xFF, 0xFF, 0x50,
    0x4F, 0xFF, 0xFF, 0xB0, 0x6F, 0xFF, 0xFF, 0xA0, 0x8F, 0xFF, 0xFF, 0x80,
    0x7F, 0xFF, 0xFF, 0x70, 0x9F, 0xFF, 0xFF, 0x40, 0xBF, 0xFF, 0xFE, 0x10,
    0xCF, 0xFF, 0xFB, 0x00, 0xFF, 0xFF, 0xF8, 0x00, 0x00, 0xBF, 0xFF, 0xFF,
    0x00, 0xBF, 0xFF, 0xFD, 0x00, 0xBF, 0xFF, 0xFB, 0x00, 0xBF, 0xFF, 0xFB,
    0x00, 0xBF, 0xFF, 0xFB, 0x00, 0xBF, 0xFF, 0xFB, 0x00, 0xBF, 0xFF, 0xFC,
    0x01, 0xCF, 0xFF, 0xFF, 0xFF, 0xFF, 0xFF, 0xF4, 0x8B, 0xFF, 0xFF, 0xF4,
    0x07, 0xFF, 0xFF, 0xF4, 0x07, 0xFF, 0xFF, 0xF4, 0x07, 0xFF, 0xFF, 0xF4,
    0x07, 0xFF, 0xFF, 0xF4, 0x7D, 0xFF, 0xFF, 0xF4, 0xFF, 0xFF, 0xFF, 0xF4,
    0x0A, 0xFF, 0xFF, 0x82, 0x06, 0xFF, 0xFF, 0xB8, 0x01, 0xEF, 0xFF, 0xFE,
    0x00, 0x9F, 0xFF, 0xFF, 0x00, 0x2F, 0xFF, 0xFF, 0x00, 0x09, 0xFF, 0xFF,
    0x00, 0x01, 0xDF, 0xFF, 0x00, 0x00, 0x6F, 0xFF, 0xFF, 0xFF, 0xF3, 0x00,
    0xFF, 0xFF, 0xD0, 0x00, 0xFF, 0xFF, 0x60, 0x00, 0xFF, 0xFE, 0x10, 0x00,
    0xFF, 0xF7, 0x00, 0x00, 0xFF, 0xC0, 0x00, 0x00, 0xFE, 0x30, 0x00, 0x00,
    0xFA, 0x00, 0x00, 0x00, 0x7F, 0xFF, 0xFF, 0xFF, 0x2F, 0xFF, 0xFF, 0xFA,
    0x0C, 0xFF, 0xE8, 0x20, 0x06, 0xC6, 0x00, 0x00, 0x00, 0x00, 0x00, 0x00,
    0x00, 0x00, 0x00, 0x00, 0x00, 0x00, 0x00, 0x00, 0x00, 0x00, 0x00, 0x00,
    0xFE, 0xFF, 0xFF, 0xF4, 0x38, 0xFF, 0xFF, 0xF4, 0x07, 0xFF, 0xFF, 0xF4,
    0x08, 0xFF, 0xFF, 0xF3, 0x08, 0xFF, 0xFF, 0xFA, 0x08, 0xFF, 0xFF, 0xFC,
    0x07, 0xFF, 0xFF, 0xE4, 0x00, 0x00, 0x00, 0x10, 0x00, 0x01, 0xDF, 0xFF,
    0x00, 0x1C, 0xFF, 0xFF, 0x01, 0xCF, 0xFF, 0x76, 0x3D, 0xFF, 0xE6, 0x00,
    0xEF, 0xFC, 0x30, 0x00, 0xFE, 0x70, 0x00, 0x00, 0x73, 0x00, 0x00, 0x00,
    0x00, 0x00, 0x00, 0x00, 0xFF, 0x50, 0x00, 0x00, 0xFF, 0xE3, 0x00, 0x00,
    0xFF, 0xFE, 0x30, 0x00, 0x3E, 0xFF, 0xE4, 0x00, 0x01, 0xBF, 0xFF, 0x81,
    0x00, 0x07, 0xEF, 0xF3, 0x00, 0x00, 0x19, 0x30, 0x00, 0x00, 0x00, 0x00,
    0x00, 0x00, 0x00, 0x00, 0x00, 0x00, 0x00, 0x00, 0x00, 0x00, 0x00, 0x00,
    0x00, 0x0A, 0xFF, 0xFF, 0x00, 0x0B, 0xFF, 0xFF, 0x00, 0x03, 0x44, 0x44,
    0x3B, 0xBB, 0xAA, 0xAA, 0x5F, 0xFF, 0xFF, 0xFF, 0x00, 0x00, 0x00, 0x00,
    0x00, 0x00, 0x0E, 0xFF, 0x00, 0x00, 0x1F, 0xFF, 0xFF, 0xFF, 0xFF, 0xFF,
    0xFF, 0xFF, 0xFF, 0xFF, 0x44, 0x44, 0x5F, 0xFF, 0xAA, 0xAA, 0xBF, 0xFF,
    0xFF, 0xFF, 0xFF, 0xFF, 0x00, 0x00, 0x00, 0x00, 0xFF, 0xE0, 0x00, 0x00,
    0xFF, 0xF1, 0x00, 0x00, 0xFF, 0xFF, 0xFF, 0xFF, 0xFF, 0xFF, 0xFF, 0xFF,
    0xFF, 0xF5, 0x44, 0x5F, 0xFF, 0xFB, 0xAA, 0xBF, 0xFF, 0xFF, 0xFF, 0xFF,
    0x00, 0x00, 0x00, 0x00, 0x00, 0x00, 0x00, 0x00, 0x00, 0x00, 0x00, 0x00,
    0xFF, 0xFF, 0xE0, 0x00, 0xFF, 0xFF, 0xF0, 0x00, 0xFF, 0xFF, 0xF0, 0x00,
    0xFF, 0xFF, 0xFB, 0xB3, 0xFF, 0xFF, 0xFF, 0xF5, 0x28, 0x87, 0x66, 0x66,
    0x00, 0x04, 0x66, 0x66, 0x00, 0x0C, 0xFF, 0xFF, 0x00, 0x07, 0xAA, 0xAA,
    0x00, 0x03, 0x44, 0x44, 0x00, 0x0B, 0xFF, 0xFF, 0x00, 0x0A, 0xEE, 0xEE,
    0x00, 0x01, 0x11, 0x11, 0x66, 0x66, 0x7F, 0xFF, 0x66, 0x66, 0x7F, 0xFF,
    0xFF, 0xFF, 0xFF, 0xFF, 0xAA, 0xAA, 0xBF, 0xFF, 0x44, 0x44, 0x5F, 0xFF,
    0xFF, 0xFF, 0xFF, 0xFF, 0xEE, 0xEE, 0xEF, 0xFF, 0x11, 0x11, 0x2F, 0xFF,
    0xFF, 0xF7, 0x66, 0x7F, 0xFF, 0xF7, 0x66, 0x7F, 0xFF, 0xFF, 0xFF, 0xFF,
    0xFF, 0xFB, 0xAA, 0xAA, 0xFF, 0xF5, 0x44, 0x44, 0xFF, 0xFF, 0xFF, 0xFF,
    0xFF, 0xFE, 0xEE, 0xEE, 0xFF, 0xF2, 0x11, 0x11, 0xFF, 0xFF, 0xF8, 0x82,
    0xFF, 0xFF, 0xE0, 0x00, 0xFF, 0xFF, 0xF1, 0x00, 0xAA, 0xAA, 0xA0, 0x00,
    0x44, 0x44, 0x40, 0x00, 0xFF, 0xFF, 0xF0, 0x00, 0xEE, 0xEE, 0xD0, 0x00,
    0x11, 0x11, 0x11, 0x00, 0x4F, 0xFE, 0xEE, 0xEE, 0x4F, 0xFF, 0xFF, 0xFF,
    0x14, 0x44, 0x44, 0x44, 0x00, 0x02, 0xAA, 0xAA, 0x00, 0x04, 0xFF, 0xFF,
    0x00, 0x04, 0xFF, 0xFF, 0x00, 0x04, 0xFF, 0xFF, 0x00, 0x04, 0xFF, 0xFF,
    0xEE, 0xEE, 0xEF, 0xFF, 0xFF, 0xFF, 0xFF, 0xFF, 0x44, 0x44, 0x44, 0x44,
    0xAA, 0xAA, 0xAA, 0xAA, 0xFF, 0xFF, 0xFF, 0xFF, 0xFB, 0x77, 0x77, 0x77,
    0xF7, 0x00, 0x00, 0x00, 0xFD, 0xBB, 0xBB, 0xBB, 0xFF, 0xFE, 0xEE, 0xEE,
    0xFF, 0xFF, 0xFF, 0xFF, 0x44, 0x44, 0x44, 0x44, 0xAA, 0xAA, 0xAA, 0xAA,
    0xFF, 0xFF, 0xFF, 0xFF, 0x77, 0x77, 0x77, 0xBF, 0x00, 0x00, 0x00, 0x7F,
    0xBB, 0xBB, 0xBB, 0xDF, 0xEE, 0xEE, 0xEF, 0xF4, 0xFF, 0xFF, 0xFF, 0xF4,
    0x44, 0x44, 0x44, 0x41, 0xAA, 0xAA, 0x20, 0x00, 0xFF, 0xFF, 0x40, 0x00,
    0xFF, 0xFF, 0x40, 0x00, 0xFF, 0xFF, 0x40, 0x00, 0xFF, 0xFF, 0x40, 0x00,
    0x00, 0x04, 0xFF, 0xFF, 0x00, 0x04, 0xFF, 0xFF, 0x00, 0x04, 0xFF, 0xFF,
    0x00, 0x04, 0xFF, 0xFF, 0x00, 0x04, 0xFF, 0xFF, 0x00, 0x04, 0xFF, 0xFF,
    0x00, 0x04, 0xFF, 0xFF, 0x00, 0x01, 0x44, 0x44, 0xFF, 0xFF, 0xFF, 0xFF,
    0xFC, 0x88, 0x88, 0x88, 0xF6, 0x00, 0x00, 0x00, 0xFC, 0x88, 0x88, 0x88,
    0xFF, 0xFF, 0xFF, 0xFF, 0xFD, 0xBB, 0xBB, 0xBB, 0xF8, 0x00, 0x00, 0x00,
    0x42, 0x00, 0x00, 0x00, 0xFF, 0xFF, 0xFF, 0xFF, 0x88, 0x88, 0x88, 0xCF,
    0x00, 0x00, 0x00, 0x6F, 0x88, 0x88, 0x88, 0xCF, 0xFF, 0xFF, 0xFF, 0xFF,
    0xBB, 0xBB, 0xBB, 0xDF, 0x00, 0x00, 0x00, 0x8F, 0x00, 0x00, 0x00, 0x13,
    0xFF, 0xFF, 0x40, 0x00, 0xFF, 0xFF, 0x40, 0x00, 0xFF, 0xFF, 0x40, 0x00,
    0xFF, 0xFF, 0x40, 0x00, 0xFF, 0xFF, 0x40, 0x00, 0xFF, 0xFF, 0x40, 0x00,
    0xFF, 0xFF, 0x40, 0x00, 0x34, 0x44, 0x10, 0x00, 0x00, 0x00, 0x00, 0x00,
    0x08, 0xBB, 0xBB, 0xBB, 0x0C, 0xFF, 0xFF, 0xFF, 0x05, 0x88, 0x88, 0x88,
    0x00, 0x00, 0x00, 0x00, 0x00, 0x00, 0x00, 0x00, 0x4F, 0xFF, 0xFF, 0xFF,
    0x4F, 0xFF, 0xFF, 0xFF, 0x00, 0x00, 0x00, 0x00, 0xBB, 0xB8, 0x00, 0x1D,
    0xFF, 0xFC, 0x00, 0x0D, 0x88, 0x85, 0x00, 0x09, 0x00, 0x00, 0x00, 0x06,
    0x00, 0x00, 0x00, 0x03, 0xFF, 0xFF, 0xA0, 0x00, 0xFF, 0xFF, 0xA5, 0xBB,
    0x43, 0x00, 0x00, 0x00, 0xFE, 0x50, 0x00, 0x04, 0xFF, 0xF6, 0x00, 0x07,
    0xFF, 0xFF, 0x60, 0x0A, 0xFF, 0xFF, 0xF6, 0x0E, 0xFF, 0xFF, 0xFA, 0x5F,
    0xFF, 0xE8, 0x20, 0x7F, 0xFF, 0xCA, 0xAB, 0xCE, 0x62, 0x00, 0x00, 0x00,
    0xFF, 0xC7, 0x30, 0x00, 0xFF, 0xFF, 0xFD, 0x20, 0xFF, 0xFF, 0xF6, 0x00,
    0xFF, 0xFF, 0x60, 0x00, 0xFF, 0xF6, 0x00, 0x00, 0xFF, 0x60, 0x00, 0x00,
    0xFE, 0xBB, 0xBB, 0x80, 0x14, 0x44, 0x44, 0x44, 0x00, 0x00, 0x00, 0x00,
    0x03, 0x44, 0x44, 0x44, 0x0B, 0xFF, 0xFF, 0xFF, 0x0A, 0xFF, 0xFF, 0xFF,
    0x00, 0x00, 0x00, 0x00, 0x00, 0x00, 0x00, 0x00, 0x05, 0x88, 0x88, 0x88,
    0x44, 0x44, 0x28, 0xFF, 0x00, 0x00, 0x04, 0x88, 0x44, 0x44, 0x00, 0x00,
    0xFF, 0xFF, 0x00, 0x00, 0xFF, 0xFE, 0x00, 0x00, 0x00, 0x00, 0x00, 0x00,
    0x00, 0x00, 0x00, 0x7F, 0x88, 0x87, 0x00, 0x8F, 0xFF, 0xFF, 0xFF, 0xFF,
    0x88, 0x8F, 0xFF, 0xFF, 0x00, 0x0E, 0xFF, 0xFF, 0x00, 0x0F, 0xFF, 0xFF,
    0x00, 0x0F, 0xFF, 0xFF, 0x00, 0x1F, 0xFF, 0xFF, 0xFF, 0xFF, 0xFF, 0xFF,
    0xFF, 0xFF, 0xFF, 0xFF, 0xFF, 0xFF, 0xFF, 0xC0, 0xF8, 0x88, 0x88, 0x50,
    0xE0, 0x00, 0x00, 0x00, 0xF0, 0x00, 0x00, 0x00, 0xF0, 0x00, 0x00, 0x00,
    0xF1, 0x00, 0x00, 0x00, 0xFF, 0xFF, 0xF7, 0x00, 0xFF, 0xFF, 0xF8, 0x00,
    0x0C, 0xFF, 0xFF, 0xFF, 0x08, 0xBB, 0xBB, 0xBB, 0x00, 0x00, 0x00, 0x00,
    0x00, 0x00, 0x00, 0x00, 0x08, 0xBB, 0xBB, 0xBB, 0x0C, 0xFF, 0xFF, 0xFF,
    0x0B, 0xFF, 0xFF, 0x9B, 0x0B, 0xFF, 0xFF, 0x26, 0xFF, 0xFF, 0x10, 0x24,
    0xBB, 0xBA, 0x00, 0x00, 0x00, 0x00, 0x00, 0x00, 0x00, 0x00, 0x00, 0x00,
    0xBB, 0xBA, 0x17, 0x88, 0xFF, 0xFF, 0x2F, 0xFF, 0xFF, 0xFE, 0x1A, 0xBB,
    0xFF, 0xFF, 0x00, 0x00, 0x44, 0x5F, 0xFF, 0xFF, 0x00, 0x0E, 0xFF, 0xFF,
    0x00, 0x0F, 0xFF, 0xFF, 0x00, 0x0E, 0xFF, 0xFF, 0x88, 0x8F, 0xFF, 0xFF,
    0xFF, 0xFF, 0xFF, 0xFF, 0xBB, 0xBF, 0xFF, 0xFF, 0x00, 0x0F, 0xFF, 0xFF,
    0xF5, 0x44, 0x42, 0x00, 0xE0, 0x00, 0x00, 0x00, 0xF0, 0x00, 0x00, 0x00,
    0xE0, 0x00, 0x00, 0x00, 0xF8, 0x88, 0x88, 0x82, 0xFF, 0xFF, 0xFF, 0xF5,
    0xFB, 0xBB, 0xBB, 0xB3, 0xF0, 0x00, 0x00, 0x00, 0x0B, 0xFF, 0xFF, 0x37,
    0x0B, 0xFF, 0xFF, 0x37, 0x0B, 0xFF, 0xFF, 0x37, 0x0B, 0xFF, 0xFF, 0x37,
    0x0B, 0xFF, 0xFF, 0xCD, 0x0B, 0xFF, 0xFF, 0xFF, 0x0C, 0xFF, 0xFF, 0xA8,
    0x05, 0x87, 0x77, 0x10, 0xFF, 0xFF, 0x00, 0x00, 0xFF, 0xFF, 0x00, 0x00,
    0xFF, 0xFF, 0x00, 0x00, 0xFF, 0xFF, 0x00, 0x00, 0xFF, 0xFF, 0x00, 0x00,
    0xFF, 0xFF, 0x10, 0x00, 0x88, 0x87, 0x00, 0x00, 0x00, 0x00, 0x00, 0x00,
    0x00, 0x0F, 0xFF, 0xFF, 0x00, 0x0F, 0xFF, 0xFF, 0x00, 0x0F, 0xFF, 0xFF,
    0x00, 0x0F, 0xFF, 0xFF, 0x00, 0x0F, 0xFF, 0xFF, 0x00, 0x0F, 0xFF, 0xFF,
    0x00, 0x0F, 0xFF, 0xFF, 0x00, 0x04, 0x44, 0x44, 0xF0, 0x00, 0x00, 0x00,
    0xF0, 0x00, 0x00, 0x00, 0xF0, 0x00, 0x00, 0x00, 0xF0, 0x00, 0x00, 0x00,
    0xF0, 0x00, 0x00, 0x00, 0xF0, 0x00, 0x00, 0x00, 0xF0, 0x00, 0x00, 0x00,
    0x40, 0x00, 0x00, 0x00, 0x00, 0x00, 0x00, 0x00, 0x00, 0x00, 0x00, 0x00,
    0x00, 0x00, 0x00, 0x00, 0x00, 0x00, 0x00, 0x00, 0x00, 0x00, 0x00, 0x00,
    0x00, 0x00, 0x00, 0x00, 0x00, 0x00, 0x00, 0x00, 0x00, 0x00, 0x00, 0x00,
    0x00, 0x00, 0x03, 0x33, 0x00, 0x00, 0x0F, 0xFF, 0x00, 0x00, 0x0F, 0xFF,
    0x00, 0x00, 0x0F, 0xFF, 0x00, 0x00, 0x0F, 0xFF, 0x00, 0x00, 0x0F, 0xFF,
    0x00, 0x00, 0x0F, 0xFF, 0x00, 0x00, 0x0F, 0xFF, 0x33, 0x30, 0x00, 0x00,
    0xFF, 0xF0, 0x00, 0x00, 0xFF, 0xF0, 0x00, 0x00, 0xFF, 0xF0, 0x00, 0x00,
    0xFF, 0xF0, 0x00, 0x00, 0xFF, 0xF0, 0x00, 0x00, 0xFF, 0xF0, 0x00, 0x00,
    0xFF, 0xF0, 0x00, 0x00, 0x00, 0x00, 0x00, 0x00, 0x00, 0x00, 0x00, 0x00,
    0x00, 0x00, 0x00, 0x00, 0x00, 0x00, 0x00, 0x00, 0x00, 0x00, 0x00, 0x00,
    0x00, 0x00, 0x00, 0x00, 0x00, 0x00, 0x00, 0x00, 0x00, 0x00, 0x00, 0x00,
    0x00, 0x00, 0x00, 0x00, 0x00, 0x00, 0x00, 0x00, 0x00, 0x00, 0x00, 0x00,
    0x00, 0x00, 0x00, 0x00, 0x00, 0x00, 0x00, 0x00, 0x00, 0x00, 0x00, 0x00,
    0x00, 0x00, 0x00, 0x00, 0x00, 0x00, 0x00, 0x00, 0x00, 0x00, 0x0F, 0xFF,
    0x00, 0x00, 0x0E, 0xFF, 0x00, 0x00, 0x2F, 0xFF, 0x00, 0x00, 0x4F, 0xFF,
    0x00, 0x00, 0x5F, 0xFF, 0x00, 0x00, 0x8F, 0xFF, 0x00, 0x00, 0xAF, 0xFF,
    0x00, 0x00, 0xEF, 0xFF, 0xFF, 0xF0, 0x00, 0x00, 0xFF, 0xF3, 0x00, 0x00,
    0xFF, 0xF4, 0x00, 0x00, 0xFF, 0xF6, 0x00, 0x00, 0xFF, 0xF8, 0x00, 0x00,
    0xFF, 0xFB, 0x00, 0x00, 0xFF, 0xFE, 0x00, 0x00, 0xFF, 0xFF, 0x30, 0x00,
    0x00, 0x00, 0x00, 0x00, 0x00, 0x00, 0x00, 0x00, 0x00, 0x00, 0x00, 0x00,
    0x00, 0x00, 0x00, 0x00, 0x00, 0x00, 0x00, 0x00, 0x00, 0x00, 0x00, 0x00,
    0x00, 0x00, 0x00, 0x00, 0x00, 0x00, 0x00, 0x00, 0x00, 0x00, 0x00, 0x00,
    0x00, 0x00, 0x00, 0x00, 0x00, 0x00, 0x00, 0x00, 0x00, 0x00, 0x00, 0x00,
    0x00, 0x00, 0x00, 0x00, 0x00, 0x00, 0x00, 0x00, 0x00, 0x00, 0x00, 0x00,
    0x00, 0x00, 0x00, 0x02, 0x00, 0x03, 0xFF, 0xFF, 0x00, 0x08, 0xFF, 0xFF,
    0x00, 0x1E, 0xFF, 0xFF, 0x00, 0x8F, 0xFF, 0xFF, 0x01, 0xEF, 0xFF, 0xFF,
    0x09, 0xFF, 0xFF, 0xF8, 0x5F, 0xFF, 0xFF, 0xC1, 0xEF, 0xFF, 0xFE, 0x20,
    0xFF, 0xFF, 0x80, 0x00, 0xFF, 0xFF, 0xD0, 0x00, 0xFF, 0xFF, 0xF4, 0x00,
    0xFF, 0xFF, 0xFB, 0x00, 0xFF, 0xFF, 0xFF, 0x40, 0x5F, 0xFF, 0xFF, 0xC0,
    0x08, 0xFF, 0xFF, 0xF8, 0x00, 0x9F, 0xFF, 0xFF, 0x00, 0x00, 0x00, 0x00,
    0x00, 0x00, 0x00, 0x00, 0x00, 0x00, 0x00, 0x00, 0x00, 0x00, 0x00, 0x00,
    0x00, 0x00, 0x00, 0x00, 0x00, 0x00, 0x00, 0x00, 0x00, 0x00, 0x00, 0x00,
    0x50, 0x00, 0x00, 0x00, 0x00, 0x00, 0x00, 0x1C, 0x00, 0x00, 0x01, 0xCF,
    0x00, 0x00, 0x2C, 0xFF, 0x00, 0x05, 0xEF, 0xFF, 0x01, 0xAF, 0xFF, 0xFB,
    0x3E, 0xFF, 0xFD, 0x60, 0x0C, 0xFB, 0x50, 0x00, 0x02, 0x30, 0x00, 0x00,
    0xFF, 0xFF, 0xE3, 0x00, 0xFF, 0xFE, 0x30, 0x00, 0xFF, 0xC2, 0x00, 0x00,
    0xF8, 0x00, 0x00, 0x00, 0x40, 0x00, 0x00, 0x00, 0x00, 0x00, 0x00, 0x00,
    0x00, 0x00, 0x00, 0x00, 0x00, 0x00, 0x00, 0x00, 0x00, 0x0B, 0xFF, 0xFF,
    0x00, 0x00, 0x9F, 0xFF, 0x00, 0x00, 0x08, 0xFF, 0x00, 0x00, 0x00, 0x5E,
    0x00, 0x00, 0x00, 0x01, 0x00, 0x00, 0x00, 0x00, 0x00, 0x00, 0x00, 0x00,
    0x00, 0x00, 0x00, 0x00, 0xE3, 0x00, 0x00, 0x00, 0xFE, 0x30, 0x00, 0x00,
    0xFF, 0xE5, 0x00, 0x00, 0xFF, 0xFF, 0x91, 0x00, 0x9F, 0xFF, 0xFD, 0x40,
    0x04, 0xBF, 0xFF, 0xF8, 0x00, 0x04, 0x9F, 0xF3, 0x00, 0x00, 0x03, 0x40,
    0x00, 0x00, 0x21, 0x00, 0x00, 0x00, 0x7F, 0xDB, 0x00, 0x00, 0xAF, 0xFF,
    0x00, 0x00, 0xCF, 0xFF, 0x00, 0x01, 0xFF, 0xFF, 0x00, 0x04, 0xFF, 0xFF,
    0x00, 0x07, 0xFF, 0xFF, 0x00, 0x0B, 0xFF, 0xFF, 0x00, 0x00, 0x04, 0x44,
    0x86, 0x30, 0x0F, 0xFF, 0xFF, 0x80, 0x0F, 0xFF, 0xFF, 0x30, 0x0F, 0xFF,
    0xFC, 0x00, 0x0F, 0xFF, 0xF5, 0x00, 0x0E, 0xFF, 0xE4, 0x44, 0x5F, 0xFF,
    0xFF, 0xFF, 0xFF, 0xFF, 0x44, 0x40, 0x00, 0x00, 0xFF, 0xF0, 0x00, 0x00,
    0xFF, 0xF0, 0x00, 0x00, 0xFF, 0xF0, 0x00, 0x00, 0xFF, 0xF0, 0x00, 0x00,
    0xFF, 0xE0, 0x00, 0x00, 0xFF, 0xF5, 0x44, 0x44, 0xFF, 0xFF, 0xFF, 0xFF,
    0x00, 0x00, 0x00, 0x00, 0x00, 0x00, 0x00, 0x00, 0x00, 0x00, 0x00, 0x00,
    0x00, 0x00, 0x00, 0x00, 0x00, 0x00, 0x00, 0x00, 0x00, 0x00, 0x00, 0x00,
    0x44, 0x44, 0x44, 0x00, 0xFF, 0xFF, 0xFF, 0x00, 0x00, 0x1F, 0xFF, 0xFF,
    0x00, 0x6F, 0xFF, 0xF4, 0x00, 0xBF, 0xFF, 0x70, 0x04, 0xFF, 0xFB, 0x00,
    0x0B, 0xFF, 0xD1, 0x00, 0x5F, 0xFE, 0x30, 0x00, 0x4D, 0xE3, 0x00, 0x00,
    0x01, 0x30, 0x00, 0x00, 0xFF, 0xFF, 0xFF, 0xFF, 0x00, 0x00, 0x1F, 0xFF,
    0x00, 0x00, 0x0F, 0xFF, 0x00, 0x00, 0x0F, 0xFF, 0x00, 0x00, 0x0F, 0xFF,
    0x00, 0x00, 0x0F, 0xFF, 0x00, 0x00, 0x0F, 0xFF, 0x00, 0x00, 0x0E, 0xFF,
    0xFF, 0xFF, 0xFF, 0xFF, 0xFF, 0xF1, 0x00, 0x00, 0xFF, 0xF0, 0x00, 0x00,
    0xFF, 0xF0, 0x00, 0x00, 0xFF, 0xF0, 0x00, 0x00, 0xFF, 0xF0, 0x00, 0x00,
    0xFF, 0xF0, 0x00, 0x00, 0xFF, 0xE0, 0x00, 0x00, 0xFF, 0xFF, 0xFE, 0x00,
    0x00, 0x00, 0x00, 0x00, 0x00, 0x00, 0x00, 0x00, 0x00, 0x00, 0x00, 0x00,
    0x00, 0x00, 0x00, 0x00, 0x00, 0x00, 0x00, 0x00, 0x00, 0x00, 0x00, 0x00,
    0x00, 0x00, 0x00, 0x00, 0x00, 0x04, 0x88, 0x88, 0x00, 0x08, 0xFF, 0xFF,
    0x00, 0x05, 0xBB, 0xBB, 0x00, 0x00, 0x00, 0x00, 0x00, 0x00, 0x00, 0x00,
    0x00, 0x00, 0x00, 0x00, 0x00, 0x00, 0x00, 0x00, 0x00, 0x00, 0x00, 0x00,
    0x88, 0x88, 0x8F, 0xFF, 0xFF, 0xFF, 0xFF, 0xFF, 0xBB, 0xBB, 0xBF, 0xFF,
    0x00, 0x00, 0x0F, 0xFF, 0x00, 0x00, 0x0F, 0xFF, 0x00, 0x00, 0x0F, 0xFF,
    0x00, 0x00, 0x0F, 0xFF, 0x00, 0x00, 0x0F, 0xFF, 0xFF, 0xF8, 0x88, 0x88,
    0xFF, 0xFF, 0xFF, 0xFF, 0xFF, 0xFB, 0xBB, 0xBB, 0xFF, 0xF0, 0x00, 0x00,
    0xFF, 0xF0, 0x00, 0x00, 0xFF, 0xF0, 0x00, 0x00, 0xFF, 0xF0, 0x00, 0x00,
    0xFF, 0xF0, 0x00, 0x00, 0x88, 0x88, 0x40, 0x00, 0xFF, 0xFF, 0x80, 0x00,
    0xBB, 0xBB, 0x50, 0x00, 0x00, 0x00, 0x00, 0x00, 0x00, 0x00, 0x00, 0x00,
    0x00, 0x00, 0x00, 0x00, 0x00, 0x00, 0x00, 0x00, 0x00, 0x00, 0x00, 0x00,
    0x00, 0x00, 0x00, 0x00, 0x00, 0x00, 0x00, 0x00, 0x00, 0x00, 0x00, 0x00,
    0x00, 0x00, 0x00, 0x00, 0x2B, 0xBB, 0xBB, 0xBB, 0x4F, 0xFF, 0xFF, 0xFF,
    0x28, 0x88, 0x88, 0x88, 0x00, 0x00, 0x00, 0x00, 0x00, 0x00, 0x0F, 0xFF,
    0x00, 0x00, 0x0F, 0xFF, 0x00, 0x00, 0x0F, 0xFF, 0x00, 0x00, 0x0F, 0xFF,
    0xBB, 0xBB, 0xBF, 0xFF, 0xFF, 0xFF, 0xFF, 0xFF, 0x88, 0x88, 0x88, 0x87,
    0x00, 0x00, 0x00, 0x00, 0xFF, 0xF0, 0x00, 0x00, 0xFF, 0xF0, 0x00, 0x00,
    0xFF, 0xF0, 0x00, 0x00, 0xFF, 0xF0, 0x00, 0x00, 0xFF, 0xFB, 0xBB, 0xBB,
    0xFF, 0xFF, 0xFF, 0xFF, 0x78, 0x88, 0x88, 0x88, 0x00, 0x00, 0x00, 0x00,
    0x00, 0x00, 0x00, 0x00, 0x00, 0x00, 0x00, 0x00, 0x00, 0x00, 0x00, 0x00,
    0x00, 0x00, 0x00, 0x00, 0xBB, 0xBB, 0xBB, 0xB2, 0xFF, 0xFF, 0xFF, 0xF4,
    0x88, 0x88, 0x88, 0x82, 0x00, 0x00, 0x00, 0x00, 0x00, 0x00, 0x00, 0x00,
    0x07, 0xFF, 0xFF, 0xFF, 0x08, 0xFF, 0xFF, 0xFF, 0x02, 0x44, 0x44, 0x44,
    0x00, 0x00, 0x00, 0x00, 0x14, 0x44, 0x44, 0x44, 0x4F, 0xFF, 0xFF, 0xFF,
    0x4F, 0xFF, 0xFF, 0xFF, 0x00, 0x00, 0x00, 0x4A, 0xFF, 0xFF, 0x35, 0xFF,
    0xFF, 0xFF, 0x41, 0xFF, 0x44, 0x44, 0x10, 0xAF, 0x00, 0x00, 0x00, 0x5F,
    0x44, 0x44, 0x40, 0x0E, 0xFF, 0xFF, 0xF3, 0x4C, 0xFF, 0xFF, 0xD8, 0xFF,
    0x40, 0x00, 0x00, 0x00, 0xF8, 0x00, 0x00, 0x01, 0xFF, 0xB1, 0x00, 0x04,
    0xFF, 0xFD, 0x30, 0x07, 0xFF, 0xFF, 0xF3, 0x0C, 0xFF, 0xFD, 0x93, 0x1F,
    0xFF, 0xA6, 0x34, 0x5A, 0xFF, 0xFF, 0xFF, 0xFF, 0xA8, 0x40, 0x00, 0x00,
    0xFF, 0xFE, 0xA6, 0x30, 0xFF, 0xFF, 0xFF, 0x30, 0xFF, 0xFF, 0xF6, 0x00,
    0xFF, 0xFF, 0x60, 0x00, 0xFF, 0xE5, 0x00, 0x00, 0xFF, 0x84, 0x44, 0x00,
    0xFF, 0xFF, 0xFF, 0x00, 0x00, 0x00, 0x00, 0x00, 0x00, 0x00, 0x00, 0x00,
    0x04, 0x88, 0x88, 0x88, 0x08, 0xFF, 0xFF, 0xFF, 0x05, 0xBB, 0xBB, 0xBB,
    0x00, 0x00, 0x00, 0x00, 0x00, 0x00, 0x00, 0x00, 0x05, 0xBB, 0xBB, 0xBB,
    0x00, 0x00, 0x08, 0xFF, 0x00, 0x00, 0x08, 0xFF, 0x88, 0x88, 0x17, 0xFF,
    0xFF, 0xFF, 0x37, 0xFF, 0xBB, 0xBB, 0x27, 0xFF, 0x00, 0x00, 0x08, 0xFF,
    0x00, 0x00, 0x08, 0xFF, 0xBB, 0xBB, 0x27, 0xFF, 0xFF, 0xFF, 0xFF, 0xFF,
    0xFF, 0xF5, 0x00, 0x00, 0xFF, 0xF4, 0x00, 0x00, 0xFF, 0xF4, 0x00, 0x00,
    0xFF, 0xF4, 0x00, 0x00, 0xFF, 0xF4, 0x00, 0x00, 0xFF, 0xF4, 0x00, 0x00,
    0xFF, 0xF4, 0x00, 0x00, 0xFF, 0xFF, 0xFF, 0x00, 0x8F, 0xFF, 0xFF, 0x00,
    0x7F, 0xFF, 0xFF, 0x00, 0x8F, 0xFF, 0xFF, 0x00, 0x8F, 0xFF, 0xFF, 0x00,
    0x8F, 0xFF, 0xFF, 0x00, 0x8F, 0xFF, 0xFF, 0x00, 0x7F, 0xFF, 0xFF, 0x00,
    0x08, 0xFF, 0xFF, 0xFF, 0x04, 0x88, 0x88, 0x88, 0x00, 0x00, 0x00, 0x00,
    0x00, 0x00, 0x00, 0x00, 0x07, 0xFF, 0xFF, 0xFF, 0x08, 0xFF, 0xFF, 0xFF,
    0x08, 0xFF, 0xFF, 0x99, 0x08, 0xFF, 0xFF, 0x66, 0xFF, 0xFF, 0x37, 0xFF,
    0x88, 0x88, 0x17, 0xFF, 0x00, 0x00, 0x07, 0xFF, 0x00, 0x00, 0x00, 0x1F,
    0xFF, 0xFF, 0x40, 0x0E, 0xFF, 0xFF, 0x40, 0x1F, 0xFF, 0xFF, 0x40, 0x4F,
    0xFF, 0xFF, 0x40, 0x6F, 0xFF, 0xF7, 0x44, 0x44, 0xFF, 0xFF, 0xFF, 0xFF,
    0xFF, 0xFF, 0xFF, 0xFF, 0xFF, 0xFF, 0xA8, 0xFF, 0xFF, 0xFF, 0xA7, 0xFF,
    0xFF, 0xFF, 0x77, 0xFF, 0xFF, 0xFF, 0x66, 0xFF, 0xFF, 0xFF, 0x37, 0xFF,
    0xAF, 0xFF, 0xFF, 0x00, 0xFF, 0xFF, 0xFF, 0x00, 0xFF, 0xFF, 0xFE, 0x00,
    0xFF, 0xF5, 0x00, 0x00, 0xFF, 0xF4, 0x00, 0x00, 0xFF, 0xF4, 0x00, 0x00,
    0xFF, 0xF4, 0x00, 0x00, 0xFF, 0xF5, 0x60, 0x00, 0x08, 0xFF, 0xFF, 0x66,
    0x08, 0xFF, 0xFF, 0x66, 0x08, 0xFF, 0xFF, 0x66, 0x08, 0xFF, 0xFF, 0x77,
    0x08, 0xFF, 0xFF, 0xFF, 0x08, 0xFF, 0xFF, 0xFF, 0x08, 0xFF, 0xFF, 0xA4,
    0x04, 0x87, 0x66, 0x20, 0xFF, 0xFF, 0x40, 0x9F, 0xFF, 0xFF, 0x40, 0xEF,
    0xFF, 0xFF, 0x35, 0xFF, 0xFF, 0xFF, 0x6D, 0xFF, 0xFF, 0xFF, 0xEF, 0xFF,
    0xFF, 0xFF, 0xFF, 0xFE, 0x44, 0x44, 0xDF, 0x92, 0x00, 0x00, 0x22, 0x00,
    0xFF, 0xFF, 0x07, 0xFF, 0xFF, 0xFA, 0x07, 0xFF, 0xFF, 0xF2, 0x08, 0xFF,
    0xFF, 0x60, 0x08, 0xFF, 0xF8, 0x00, 0x07, 0xFF, 0x60, 0x00, 0x02, 0xEF,
    0x00, 0x00, 0x00, 0x17, 0x00, 0x00, 0x00, 0x00, 0xFF, 0xF5, 0xFD, 0x61,
    0xFF, 0xF5, 0xEF, 0xFB, 0xFF, 0xF5, 0xEF, 0xFA, 0xFF, 0xF4, 0xEF, 0xF6,
    0xFF, 0xFB, 0xFF, 0xF3, 0xFF, 0xFF, 0xFF, 0x90, 0x88, 0x88, 0x85, 0x00,
    0x00, 0x00, 0x00, 0x00, 0x00, 0x00, 0x02, 0x40, 0x00, 0x00, 0x08, 0xFF,
    0x00, 0x00, 0x0B, 0xFF, 0x00, 0x00, 0x0E, 0xFF, 0x00, 0x00, 0x2F, 0xFF,
    0x00, 0x00, 0x6F, 0xFF, 0x00, 0x00, 0x9F, 0xFF, 0x00, 0x00, 0xDF, 0xFF,
    0x00, 0x00, 0x00, 0x00, 0xD9, 0x74, 0x00, 0x00, 0xFF, 0xFA, 0x00, 0x00,
    0xFF, 0xF4, 0x00, 0x00, 0xFF, 0xC0, 0x00, 0x00, 0xFF, 0x50, 0x00, 0x00,
    0xFD, 0x10, 0x00, 0x00, 0xF7, 0xDF, 0xFF, 0xFF, 0x01, 0x44, 0x44, 0x41,
    0x08, 0xFF, 0xFF, 0xF8, 0x08, 0xFF, 0xFF, 0xF8, 0x08, 0xFF, 0xFF, 0xF8,
    0x08, 0xFF, 0xFF, 0xF8, 0x07, 0xFF, 0xFF, 0xF7, 0x08, 0xFF, 0xFF, 0xF8,
    0xFF, 0xFF, 0xFF, 0xFF, 0x00, 0x00, 0x00, 0x00, 0x00, 0x00, 0x00, 0x00,
    0x00, 0x00, 0x00, 0x00, 0x00, 0x00, 0x00, 0x00, 0x00, 0x00, 0x00, 0x00,
    0x00, 0x00, 0x00, 0x00, 0x00, 0x00, 0x00, 0x00, 0xFF, 0xFF, 0xFF, 0xF7,
    0x00, 0x03, 0xFF, 0xFF, 0x00, 0x08, 0xFF, 0xFF, 0x00, 0x0D, 0xFF, 0xFF,
    0x00, 0x5F, 0xFF, 0xFF, 0x00, 0xBF, 0xFF, 0xFF, 0x04, 0xFF, 0xFF, 0xFF,
    0x0C, 0xFF, 0xFF, 0xFF, 0x7F, 0xFE, 0xFF, 0xFF, 0xF5, 0xEF, 0xFF, 0xFF,
    0xF4, 0x44, 0x44, 0x7F, 0xF4, 0x00, 0x00, 0x6F, 0xF4, 0x00, 0x00, 0x9F,
    0xF4, 0x00, 0x00, 0xDF, 0xF4, 0x00, 0x02, 0xFF, 0xF4, 0x00, 0x06, 0xFF,
    0xF4, 0x00, 0x0A, 0xFF, 0xFF, 0xFF, 0xFF, 0xFF, 0xFF, 0xFF, 0xFF, 0xFF,
    0xFF, 0xFF, 0xFF, 0xFF, 0xFF, 0xFF, 0xFF, 0xFF, 0xFF, 0xFF, 0xFF, 0xFF,
    0xFF, 0xFF, 0xFF, 0xFF, 0xFF, 0xFF, 0xFF, 0xFF, 0xFF, 0xFF, 0xFF, 0xFF,
    0xFF, 0xFF, 0xFF, 0xF8, 0xFF, 0xA4, 0x44, 0x42, 0xFF, 0x70, 0x00, 0x00,
    0xFF, 0xB0, 0x00, 0x00, 0xFF, 0xE0, 0x00, 0x00, 0xFF, 0xF3, 0x00, 0x00,
    0xFF, 0xF7, 0x00, 0x00, 0xFF, 0xFA, 0x00, 0x00, 0x4E, 0xB5, 0xFF, 0xFF,
    0x02, 0x13, 0xFF, 0xFF, 0x00, 0x04, 0xFF, 0xFF, 0x00, 0x04, 0xFF, 0xFF,
    0x00, 0x04, 0xFF, 0xFF, 0x00, 0x04, 0xFF, 0xFF, 0x00, 0x04, 0xFF, 0xFF,
    0x00, 0x04, 0xFF, 0xFF, 0xF4, 0x00, 0x1F, 0xFF, 0xF4, 0x00, 0x6F, 0xFF,
    0xF4, 0x00, 0xCF, 0xFF, 0xF4, 0x03, 0xFF, 0xFF, 0xF4, 0x09, 0xFF, 0xFC,
    0xF3, 0x1F, 0xFF, 0xE2, 0xF3, 0x9F, 0xFF, 0x70, 0xF8, 0xFF, 0xFF, 0xEF,
    0xFF, 0xFF, 0xFF, 0xFF, 0xFF, 0xFF, 0xFF, 0xFF, 0xD9, 0xFF, 0xFF, 0xF9,
    0x67, 0xFF, 0xFF, 0xF7, 0x07, 0xFF, 0xFF, 0xF7, 0x07, 0xFF, 0xFF, 0xF7,
    0x08, 0xFF, 0xFF, 0xF8, 0xFF, 0xFF, 0xFF, 0xFF, 0xFF, 0xFF, 0x10, 0x00,
    0xFF, 0xFF, 0x60, 0x00, 0xDF, 0xFF, 0xC0, 0x00, 0x5F, 0xFF, 0xF2, 0x00,
    0x0C, 0xFF, 0xF9, 0x00, 0x03, 0xFF, 0xFF, 0x10, 0x00, 0x7F, 0xFF, 0x90,
    0xFF, 0xEF, 0xFF, 0xF2, 0x00, 0x04, 0xFF, 0xFF, 0x00, 0x04, 0xFF, 0xFF,
    0x00, 0x04, 0xFF, 0xFF, 0x00, 0x04, 0xFF, 0xFF, 0x00, 0x04, 0xFF, 0xFF,
    0x00, 0x04, 0xFF, 0xFF, 0x00, 0x04, 0xFF, 0xFF, 0x00, 0x01, 0x44, 0x44,
    0xFF, 0xFF, 0x9B, 0xFF, 0xFF, 0xF9, 0x02, 0x44, 0xFA, 0x70, 0x00, 0x00,
    0xF4, 0x00, 0x00, 0x00, 0xF4, 0x00, 0x00, 0x00, 0xF4, 0x00, 0x00, 0x00,
    0xF4, 0x00, 0x00, 0x00, 0x31, 0x00, 0x00, 0x00, 0xFF, 0xFF, 0xFF, 0xFF,
    0x4A, 0xFF, 0xFF, 0xFA, 0x07, 0xFF, 0xFF, 0xF7, 0x08, 0xFF, 0xFF, 0xF8,
    0x08, 0xFF, 0xFF, 0xF8, 0x08, 0xFF, 0xFF, 0xF8, 0x08, 0xFF, 0xFF, 0xF8,
    0x01, 0x44, 0x44, 0x41, 0xFF, 0xFB, 0x9F, 0xFB, 0x44, 0x42, 0x0B, 0xFD,
    0x00, 0x00, 0x01, 0xA3, 0x00, 0x00, 0x00, 0x00, 0x00, 0x00, 0x00, 0x00,
    0x00, 0x00, 0x00, 0x00, 0x00, 0x00, 0x00, 0x00, 0x00, 0x00, 0x00, 0x00,
    0x00, 0x00, 0x00, 0x00, 0x01, 0x44, 0x44, 0x44, 0x04, 0xFF, 0xFF, 0xFF,
    0x04, 0xFF, 0xFF, 0xFF, 0x04, 0xFF, 0xFF, 0xF8, 0x04, 0xFF, 0xFF, 0xF7,
    0x04, 0xFF, 0xFF, 0xF8, 0x04, 0xFF, 0xFF, 0xF8, 0x00, 0x00, 0x00, 0x00,
    0x44, 0x44, 0x44, 0x44, 0xFF, 0xFF, 0xFF, 0xFF, 0xFF, 0xFF, 0xFF, 0xFF,
    0x00, 0x00, 0x00, 0x00, 0x00, 0x00, 0x00, 0x00, 0x00, 0x00, 0x00, 0x00,
    0x00, 0x00, 0x00, 0x00, 0x00, 0x00, 0x00, 0x00, 0x44, 0x44, 0x44, 0x44,
    0xFF, 0xFF, 0xFF, 0xFF, 0xFF, 0xFF, 0xFF, 0xFF, 0x00, 0x00, 0x00, 0x00,
    0x0A, 0xBB, 0xBB, 0x80, 0x1F, 0xFF, 0xFF, 0xC0, 0x0F, 0xFF, 0xFF, 0xB0,
    0x00, 0x00, 0x00, 0x00, 0x44, 0x44, 0x44, 0x30, 0xFF, 0xFF, 0xFF, 0xB0,
    0xFF, 0xFF, 0xFF, 0xB0, 0x1F, 0xFF, 0xFF, 0xB0, 0x0F, 0xFF, 0xFF, 0xB0,
    0x0F, 0xFF, 0xFF, 0xB0, 0x0F, 0xFF, 0xFF, 0xB0, 0x04, 0xFF, 0xFF, 0xF7,
    0x04, 0xFF, 0xFF, 0xF8, 0x04, 0xFF, 0xFF, 0xF9, 0x04, 0xFF, 0xFF, 0xF8,
    0x04, 0xFF, 0xFF, 0xF7, 0x04, 0xFF, 0xFF, 0xF7, 0x04, 0xFF, 0xFF, 0xF7,
    0x04, 0xFF, 0xFF, 0xF7, 0x00, 0x00, 0x00, 0x00, 0x68, 0x88, 0x88, 0x88,
    0xFF, 0xFF, 0xFF, 0xFF, 0x9A, 0xAB, 0xBB, 0xBB, 0x04, 0x40, 0x00, 0x00,
    0x5F, 0xF9, 0x10, 0x00, 0x5F, 0xFF, 0xD4, 0x00, 0x0A, 0xFF, 0xFF, 0x80,
    0x0E, 0xFF, 0xFF, 0xB0, 0x8F, 0xFF, 0xFF, 0xD8, 0xFF, 0xFF, 0xFF, 0xFF,
    0xBF, 0xFF, 0xFF, 0xEB, 0x0F, 0xFF, 0xFF, 0xB0, 0x0F, 0xFF, 0xFF, 0xB0,
    0x0F, 0xFF, 0xFF, 0xB0, 0x0F, 0xFF, 0xFF, 0xB0, 0x0F, 0xFF, 0xFF, 0xB0,
    0x4E, 0xFF, 0xFF, 0xB0, 0x9D, 0xFF, 0xFF, 0xB0, 0x6E, 0xFF, 0xFF, 0xB0,
    0x0F, 0xFF, 0xFF, 0xB0, 0x0F, 0xFF, 0xFF, 0xB0, 0x0F, 0xFF, 0xFF, 0xB0,
    0x0F, 0xFF, 0xFF, 0xB0, 0x04, 0xFF, 0xFF, 0xF8, 0x04, 0xFF, 0xFF, 0xF8,
    0x04, 0xFF, 0xFF, 0xF8, 0x04, 0xFF, 0xFF, 0xF8, 0x04, 0xFF, 0xFF, 0xF8,
    0x04, 0xFF, 0xFF, 0xF8, 0x04, 0xFF, 0xFF, 0xF8, 0x04, 0xFF, 0xFF, 0xF8,
    0x02, 0xEF, 0xFF, 0xFB, 0x00, 0x7F, 0xFF, 0xFF, 0x00, 0x0D, 0xFF, 0xFF,
    0x00, 0x06, 0xFF, 0xFD, 0x00, 0x00, 0xDF, 0xC1, 0x00, 0x00, 0x7B, 0x10,
    0x00, 0x00, 0x00, 0x00, 0x00, 0x1B, 0x87, 0x88, 0x2E, 0xFF, 0xFF, 0xB0,
    0xEF, 0xFF, 0xFF, 0xB0, 0xFF, 0xFF, 0xFF, 0xB0, 0x4E, 0xFF, 0xFF, 0xB0,
    0x0F, 0xFF, 0xFF, 0xB0, 0x0E, 0xFF, 0xFF, 0xB0, 0x2F, 0xFF, 0xFF, 0xB0,
    0xDF, 0xFF, 0xFF, 0x70, 0x0F, 0xFF, 0xFF, 0xB0, 0x0F, 0xFF, 0xFF, 0xB0,
    0x0F, 0xFF, 0xFF, 0xB0, 0x0F, 0xFF, 0xFF, 0xB0, 0x0F, 0xFF, 0xFF, 0xB0,
    0x0F, 0xFF, 0xFF, 0xB0, 0x0F, 0xFF, 0xFF, 0xB0, 0x0F, 0xFF, 0xFF, 0xB0,
    0x04, 0xFF, 0xFF, 0xF8, 0x04, 0xFF, 0xFF, 0xF7, 0x04, 0xFF, 0xFF, 0xF7,
    0x04, 0xFF, 0xFF, 0xFD, 0x04, 0xFF, 0xFF, 0xFF, 0x04, 0xFF, 0xFF, 0xFC,
    0x04, 0xFF, 0xFF, 0xF7, 0x01, 0x44, 0x44, 0x42, 0x00, 0x0D, 0xFF, 0xFF,
    0x00, 0x06, 0xBB, 0xBB, 0x00, 0x00, 0x00, 0x00, 0xBB, 0xBB, 0xBB, 0xBB,
    0xFF, 0xFF, 0xFF, 0xFF, 0x88, 0x88, 0x88, 0x88, 0x00, 0x00, 0x00, 0x00,
    0x00, 0x00, 0x00, 0x00, 0xFF, 0xFF, 0xFC, 0x10, 0xBB, 0xBA, 0x61, 0x00,
    0x00, 0x00, 0x00, 0x00, 0xBB, 0xBB, 0xBB, 0xBB, 0xFF, 0xFF, 0xFF, 0xFF,
    0x88, 0x88, 0x88, 0x88, 0x00, 0x00, 0x00, 0x00, 0x00, 0x00, 0x00, 0x00,
    0x0F, 0xFF, 0xFF, 0xB0, 0x0F, 0xFF, 0xFF, 0xB0, 0x0F, 0xFF, 0xFF, 0xB0,
    0xBF, 0xFF, 0xFF, 0xB0, 0xFF, 0xFF, 0xFF, 0xB0, 0x8F, 0xFF, 0xFF, 0xB0,
    0x0F, 0xFF, 0xFF, 0xB0, 0x04, 0x44, 0x44, 0x30, 0x00, 0x00, 0x00, 0x00,
    0x00, 0x03, 0x44, 0x44, 0x00, 0x0B, 0xFF, 0xFF, 0x00, 0x0A, 0xFF, 0xFF,
    0x00, 0x00, 0x00, 0x00, 0x04, 0x87, 0x77, 0x77, 0x08, 0xFF, 0xFF, 0xFF,
    0x08, 0xFF, 0xFF, 0xEB, 0x00, 0x00, 0x00, 0x00, 0x44, 0x44, 0x44, 0x44,
    0xFF, 0xFF, 0xFF, 0xFF, 0xFF, 0xFF, 0xFF, 0xFF, 0x00, 0x00, 0x0F, 0xFF,
    0x77, 0x77, 0x8F, 0xFF, 0xFF, 0xFF, 0xFF, 0xFF, 0xBB, 0xBB, 0xBF, 0xFF,
    0x00, 0x00, 0x00, 0x00, 0x44, 0x44, 0x44, 0x44, 0xFF, 0xFF, 0xFF, 0xFF,
    0xFF, 0xFF, 0xFF, 0xFF, 0xFF, 0xF0, 0x00, 0x00, 0xFF, 0xF8, 0x77, 0x77,
    0xFF, 0xFF, 0xFF, 0xFF, 0xFF, 0xFB, 0xBB, 0xBB, 0x00, 0x00, 0x00, 0x00,
    0x44, 0x44, 0x30, 0x00, 0xFF, 0xFF, 0xB0, 0x00, 0xFF, 0xFF, 0xA0, 0x00,
    0x00, 0x00, 0x00, 0x00, 0x77, 0x77, 0x78, 0x40, 0xFF, 0xFF, 0xFF, 0x80,
    0xBE, 0xFF, 0xFF, 0x80, 0x08, 0xFF, 0xFF, 0xB0, 0x08, 0xFF, 0xFF, 0xA7,
    0x08, 0xFF, 0xFF, 0xA8, 0x08, 0xFF, 0xFF, 0xB1, 0x08, 0xFF, 0xFF, 0xB1,
    0x07, 0xFF, 0xFF, 0x98, 0x00, 0x00, 0x00, 0x07, 0x00, 0x00, 0x00, 0x00,
    0x00, 0x00, 0x1E, 0xFF, 0xFF, 0xFE, 0x5E, 0xFF, 0xFF, 0xFF, 0x5E, 0xFF,
    0x33, 0x33, 0x2E, 0xFF, 0x33, 0x33, 0x2E, 0xFF, 0xFF, 0xFF, 0x5E, 0xFF,
    0xFF, 0xFE, 0x5E, 0xFF, 0x00, 0x00, 0x09, 0xAA, 0xFF, 0xE1, 0x00, 0x00,
    0xFF, 0xE5, 0xEF, 0xFF, 0xFF, 0xE5, 0xFF, 0xFF, 0xFF, 0xE2, 0x33, 0x33,
    0xFF, 0xE2, 0x33, 0x33, 0xFF, 0xE5, 0xFF, 0xFF, 0xFF, 0xE5, 0xEF, 0xFF,
    0xAA, 0x90, 0x00, 0x00, 0x0B, 0xFF, 0xFF, 0x80, 0x7A, 0xFF, 0xFF, 0x80,
    0x8A, 0xFF, 0xFF, 0x80, 0x1B, 0xFF, 0xFF, 0x80, 0x1B, 0xFF, 0xFF, 0x80,
    0x89, 0xFF, 0xFF, 0x70, 0x70, 0x00, 0x00, 0x00, 0x00, 0x00, 0x00, 0x00,
    0x00, 0x28, 0x88, 0x87, 0x00, 0x4F, 0xFF, 0xFF, 0x00, 0x4F, 0xFF, 0xFF,
    0x00, 0x4F, 0xFF, 0xFF, 0x00, 0x4F, 0xFF, 0xFF, 0x00, 0x4F, 0xFF, 0xFF,
    0x00, 0x4F, 0xFF, 0xFF, 0x00, 0x4F, 0xFF, 0xFF, 0x77, 0x77, 0x77, 0x77,
    0xFF, 0xFF, 0xFF, 0xFF, 0xDB, 0xBB, 0xBF, 0xFF, 0x70, 0x00, 0x0E, 0xFF,
    0xB7, 0x77, 0x8F, 0xFF, 0xFF, 0xFF, 0xFF, 0xFF, 0xDB, 0xBB, 0xBF, 0xFF,
    0x70, 0x00, 0x0E, 0xFF, 0x77, 0x77, 0x77, 0x77, 0xFF, 0xFF, 0xFF, 0xFF,
    0xFF, 0xEB, 0xBB, 0xBF, 0xFF, 0xB0, 0x00, 0x0E, 0xFF, 0xD7, 0x77, 0x8F,
    0xFF, 0xFF, 0xFF, 0xFF, 0xFF, 0xEB, 0xBB, 0xBF, 0xFF, 0xB0, 0x00, 0x0E,
    0x78, 0x88, 0x50, 0x00, 0xFF, 0xFF, 0xC0, 0x00, 0xFF, 0xFF, 0xB0, 0x00,
    0xFF, 0xFF, 0xB0, 0x00, 0xFF, 0xFF, 0xB0, 0x00, 0xFF, 0xFF, 0xB0, 0x00,
    0xFF, 0xFF, 0xB0, 0x00, 0xFF, 0xFF, 0xB0, 0x00, 0x00, 0x4F, 0xFF, 0xFF,
    0x00, 0x4F, 0xFF, 0xFF, 0x00, 0x4F, 0xFF, 0xFF, 0x00, 0x4F, 0xFF, 0xFF,
    0x00, 0x28, 0x88, 0x88, 0x00, 0x00, 0x00, 0x00, 0x00, 0x00, 0x00, 0x00,
    0x00, 0x00, 0x00, 0x00, 0xA4, 0x44, 0x5F, 0xFF, 0xFF, 0xFF, 0xFF, 0xFF,
    0xFF, 0xFF, 0xFF, 0xFF, 0x90, 0x00, 0x1F, 0xFF, 0x30, 0x00, 0x0F, 0xFF,
    0x00, 0x00, 0x0C, 0xFF, 0x00, 0x00, 0x05, 0xEF, 0x00, 0x00, 0x00, 0x04,
    0xFF, 0xC4, 0x44, 0x5F, 0xFF, 0xFF, 0xFF, 0xFF, 0xFF, 0xFF, 0xFF, 0xFF,
    0xFF, 0xB0, 0x00, 0x00, 0xFF, 0xE2, 0x00, 0x00, 0xFF, 0xFF, 0xFF, 0xFF,
    0xFF, 0xFF, 0xFF, 0xFF, 0x44, 0x44, 0x44, 0x44, 0xFF, 0xFF, 0xB0, 0x00,
    0xFF, 0xFF, 0xB0, 0x00, 0xEF, 0xFF, 0xE9, 0x60, 0x0C, 0xFF, 0xFF, 0xF0,
    0x6F, 0xFF, 0xFF, 0xA0, 0xFF, 0xFF, 0xFF, 0x30, 0xFF, 0xFF, 0xE6, 0x00,
    0x44, 0x44, 0x00, 0x00, 0x00, 0x00, 0x00, 0x00, 0x02, 0x44, 0x44, 0x44,
    0x08, 0xFF, 0xFF, 0xFF, 0x07, 0xFF, 0xFF, 0xFF, 0x00, 0x00, 0x00, 0x00,
    0x00, 0x00, 0x00, 0x00, 0x3B, 0xBB, 0xBB, 0xBB, 0x5F, 0xFF, 0xFF, 0xFF,
    0x00, 0x00, 0x00, 0x00, 0x44, 0x41, 0x00, 0x00, 0xFF, 0xF4, 0x00, 0x00,
    0xFF, 0xF4, 0x14, 0x44, 0x00, 0x00, 0x4F, 0xFF, 0x00, 0x00, 0x4F, 0xFF,
    0xBB, 0xB8, 0x00, 0x00, 0xFF, 0xFC, 0x00, 0x00, 0x00, 0x14, 0x44, 0x44,
    0x00, 0x4F, 0xFF, 0xFF, 0x00, 0x4F, 0xFF, 0xFF, 0x44, 0x7F, 0xFF, 0xFF,
    0xFF, 0xFF, 0xFF, 0xFF, 0xFF, 0xFF, 0xFF, 0xFF, 0x00, 0x5F, 0xFF, 0xFF,
    0x00, 0x4F, 0xFF, 0xFF, 0x10, 0x00, 0x00, 0x00, 0x80, 0x00, 0x00, 0x00,
    0x70, 0x00, 0x00, 0x00, 0xA4, 0x44, 0x44, 0x41, 0xFF, 0xFF, 0xFF, 0xF4,
    0xFF, 0xFF, 0xFF, 0xF4, 0x80, 0x00, 0x00, 0x00, 0x70, 0x00, 0x00, 0x00,
    0x28, 0x88, 0x88, 0x88, 0x00, 0x00, 0x00, 0x00, 0x02, 0x44, 0x44, 0x44,
    0x08, 0xFF, 0xFF, 0xFF, 0x07, 0xFF, 0xFF, 0xFF, 0x00, 0x00, 0x00, 0x00,
    0x00, 0x00, 0x00, 0x00, 0x04, 0x88, 0x88, 0x88, 0x88, 0x85, 0x00, 0x00,
    0x00, 0x00, 0x08, 0xBB, 0x44, 0x42, 0x0C, 0xFF, 0xFF, 0xF8, 0x05, 0x88,
    0xFF, 0xF7, 0x00, 0x00, 0x00, 0x00, 0x24, 0x44, 0x00, 0x00, 0x8F, 0xFF,
    0x88, 0x83, 0x7F, 0xFF, 0x00, 0x4F, 0xFF, 0xFF, 0xBB, 0xCF, 0xFF, 0xFF,
    0xFF, 0xFF, 0xFF, 0xFF, 0x88, 0x88, 0x88, 0x88, 0x00, 0x00, 0x00, 0x00,
    0x44, 0x44, 0x44, 0x44, 0xFF, 0xFF, 0xFF, 0xFF, 0xFF, 0xFF, 0xFF, 0xFF,
    0x70, 0x00, 0x00, 0x00, 0xDB, 0xBB, 0xBA, 0x00, 0xFF, 0xFF, 0xFF, 0x10,
    0x88, 0x88, 0x87, 0x00, 0x00, 0x00, 0x00, 0x00, 0x44, 0x44, 0x44, 0x30,
    0xFF, 0xFF, 0xFF, 0xB0, 0xFF, 0xFF, 0xFF, 0xB0, 0x08, 0xFF, 0xFF, 0xFF,
    0x05, 0xBB, 0xBB, 0xBB, 0x00, 0x00, 0x00, 0x00, 0x00, 0x00, 0x00, 0x00,
    0x05, 0xBB, 0xBB, 0xBB, 0x08, 0xFF, 0xFF, 0xFF, 0x08, 0xFF, 0xFF, 0xAD,
    0x08, 0xFF, 0xFF, 0x3A, 0xFF, 0xF7, 0x6F, 0xFF, 0xBB, 0xB4, 0x7F, 0xFF,
    0x00, 0x00, 0x8F, 0xFF, 0x00, 0x00, 0x24, 0x5F, 0xBB, 0xB5, 0x00, 0x0E,
    0xFF, 0xF8, 0x00, 0x0E, 0xFF, 0xF8, 0x00, 0x1F, 0xFF, 0xF8, 0x00, 0x4F,
    0xFF, 0x10, 0x00, 0x00, 0xFE, 0x00, 0x00, 0x00, 0xFF, 0x88, 0x33, 0x88,
    0xFF, 0xFF, 0x77, 0xFF, 0xFF, 0xFF, 0x66, 0xFF, 0xFF, 0xFF, 0x66, 0xFF,
    0xFF, 0xFF, 0x37, 0xFF, 0xFF, 0xFF, 0x27, 0xFF, 0x0B, 0xFF, 0xFF, 0xB0,
    0x0B, 0xFF, 0xFF, 0xB0, 0x8D, 0xFF, 0xFF, 0xB0, 0xFF, 0xA4, 0x44, 0x30,
    0xFF, 0x70, 0x00, 0x00, 0xFF, 0x80, 0x00, 0x00, 0xFF, 0x80, 0x00, 0x00,
    0xFF, 0x80, 0x00, 0x00, 0x08, 0xFF, 0xFF, 0x4A, 0x08, 0xFF, 0xFF, 0x4A,
    0x08, 0xFF, 0xFF, 0x4A, 0x08, 0xFF, 0xFF, 0x4A, 0x08, 0xFF, 0xFF, 0xCE,
    0x08, 0xFF, 0xFF, 0xFF, 0x08, 0xFF, 0xFF, 0xA8, 0x04, 0x77, 0x88, 0x10,
    0xFF, 0xF8, 0x00, 0x7F, 0xFF, 0xF8, 0x00, 0xAF, 0xFF, 0xF8, 0x02, 0xFF,
    0xFF, 0xF7, 0x0B, 0xFF, 0xFF, 0xF8, 0x8F, 0xFF, 0xFF, 0xFF, 0xFF, 0xFF,
    0x88, 0x8B, 0xFF, 0xE7, 0x00, 0x00, 0x98, 0x10, 0xFF, 0xFE, 0x07, 0xFF,
    0xFF, 0xF9, 0x07, 0xFF, 0xFF, 0xF4, 0x08, 0xFF, 0xFF, 0x80, 0x08, 0xFF,
    0xFC, 0x00, 0x08, 0xFF, 0xA1, 0x00, 0x07, 0xFF, 0x00, 0x00, 0x01, 0x9E,
    0x00, 0x00, 0x00, 0x00, 0xFF, 0x72, 0x72, 0x00, 0xFF, 0x73, 0xFF, 0xD7,
    0xFF, 0x73, 0xFF, 0xFC, 0xFF, 0x62, 0xFF, 0xF9, 0xFF, 0x97, 0xFF, 0xF6,
    0xFF, 0xFF, 0xFF, 0xE1, 0xFF, 0xFF, 0xFC, 0x30, 0x00, 0x00, 0x00, 0x00,
    0x00, 0x00, 0x00, 0x00, 0x00, 0x00, 0x34, 0x44, 0x00, 0x00, 0xBF, 0xFF,
    0x00, 0x00, 0xAF, 0xFF, 0x00, 0x13, 0x00, 0x00, 0x00, 0xAF, 0xB4, 0x00,
    0x02, 0xEF, 0xFF, 0x91, 0x00, 0x3F, 0xFF, 0xFE, 0x00, 0x00, 0x00, 0x00,
    0x44, 0x44, 0x44, 0x44, 0xFF, 0xFF, 0xFF, 0xFF, 0xFE, 0xFF, 0xFF, 0xFF,
    0x03, 0xFF, 0xFF, 0xFF, 0x09, 0xFF, 0xFF, 0xFE, 0x4F, 0xFF, 0xFF, 0xF3,
    0xDF, 0xFF, 0xFF, 0x60, 0x00, 0x00, 0x00, 0x30, 0x44, 0x44, 0x05, 0xF9,
    0xFF, 0xFF, 0xAC, 0xFF, 0xFF, 0xFF, 0xFF, 0xFF, 0xFF, 0xFF, 0xFF, 0xFF,
    0xFF, 0xFF, 0xFF, 0xD6, 0x7F, 0xFF, 0xFF, 0xC0, 0x0A, 0xFF, 0xFF, 0xFA,
    0x00, 0x00, 0x00, 0x00, 0x20, 0x00, 0x00, 0x00, 0xF9, 0x30, 0x00, 0x00,
    0xFF, 0x92, 0x00, 0x00, 0xD4, 0x6E, 0x81, 0x00, 0x00, 0xEF, 0xFE, 0x71,
    0x09, 0xFF, 0xFF, 0xF9, 0x4F, 0xFF, 0xFF, 0x90, 0x00, 0x07, 0xFF, 0xFF,
    0x00, 0x00, 0xBF, 0xFF, 0x00, 0x00, 0x6F, 0xFF, 0x00, 0x07, 0xFF, 0xFF,
    0x02, 0xBF, 0xFF, 0xFF, 0x3F, 0xFF, 0xFC, 0xDF, 0x0B, 0xFB, 0x60, 0x38,
    0x01, 0x20, 0x00, 0x00, 0xFF, 0xFF, 0xF6, 0x00, 0xFF, 0xFF, 0x60, 0x00,
    0xFF, 0xE5, 0x00, 0x00, 0xFB, 0x20, 0x00, 0x00, 0xFB, 0xBB, 0xBB, 0xBB,
    0xFF, 0xFF, 0xFF, 0xFF, 0x8F, 0xFF, 0xFF, 0xD8, 0x0E, 0xFF, 0xFF, 0xB0,
    0x01, 0xCF, 0xFF, 0xFF, 0x00, 0x1C, 0xFF, 0xFF, 0x00, 0x01, 0xBF, 0xFF,
    0x00, 0x00, 0x08, 0xFF, 0xBB, 0xBB, 0xBB, 0xEF, 0xFF, 0xFF, 0xFF, 0xFF,
    0x8F, 0xFF, 0xFF, 0xD8, 0x0E, 0xFF, 0xFF, 0xB0, 0xFF, 0xFF, 0xD5, 0x00,
    0xFF, 0xD7, 0x10, 0x00, 0xFF, 0xB0, 0x00, 0x00, 0xFF, 0xFC, 0x30, 0x00,
    0xFF, 0xFF, 0xF8, 0x00, 0xFF, 0xFF, 0xFF, 0xD4, 0x86, 0x5A, 0xFF, 0xF4,
    0x00, 0x00, 0x16, 0x50, 0x00, 0x00, 0x00, 0x00, 0x00, 0x00, 0x00, 0x00,
    0x00, 0x00, 0x00, 0x00, 0x00, 0xEF, 0xFF, 0xFF, 0x00, 0xFF, 0xFF, 0xFF,
    0x00, 0x44, 0x44, 0x44, 0x00, 0x00, 0x00, 0x00, 0x00, 0x00, 0x00, 0x00,
    0x0F, 0xFF, 0xFF, 0xB0, 0x0F, 0xFF, 0xFF, 0xB0, 0x1F, 0xFF, 0xFF, 0xB0,
    0xFF, 0xFF, 0xFF, 0xFF, 0xFF, 0xFF, 0xFF, 0xFF, 0x7F, 0xFF, 0xFF, 0xA4,
    0x4F, 0xFF, 0xFF, 0x60, 0x9F, 0xFF, 0xFF, 0x20, 0x0F, 0xFF, 0xFF, 0xB0,
    0x0F, 0xFF, 0xFF, 0xB0, 0x1F, 0xFF, 0xFF, 0xB0, 0xFF, 0xFF, 0xFF, 0xFF,
    0xFF, 0xFF, 0xFF, 0xFF, 0x5F, 0xFF, 0xFF, 0xC4, 0x0E, 0xFF, 0xFF, 0xB0,
    0x0F, 0xFF, 0xFF, 0xB0, 0x00, 0x00, 0x00, 0x00, 0x00, 0x00, 0x00, 0x00,
    0x00, 0x00, 0x00, 0x00, 0xFF, 0xFF, 0xFE, 0x00, 0xFF, 0xFF, 0xFF, 0x00,
    0x44, 0x44, 0x44, 0x00, 0x00, 0x00, 0x00, 0x00, 0x01, 0x00, 0x00, 0x00,
    0x00, 0x00, 0x00, 0x01, 0x00, 0x00, 0x00, 0x08, 0x00, 0x00, 0x00, 0x6F,
    0x00, 0x00, 0x19, 0xFF, 0x00, 0x38, 0xEF, 0xFF, 0x1D, 0xFF, 0xFF, 0xFF,
    0x08, 0xFF, 0xD9, 0x61, 0x00, 0x41, 0x00, 0x00, 0xEF, 0xFF, 0xFB, 0x00,
    0xFF, 0xFF, 0xF4, 0x00, 0xFF, 0xFF, 0x80, 0x00, 0xFF, 0xF9, 0x00, 0x00,
    0xFF, 0x80, 0x00, 0x00, 0x92, 0x00, 0x00, 0x00, 0x00, 0x00, 0x00, 0x00,
    0x00, 0x00, 0x00, 0x00, 0x0F, 0xFF, 0xFF, 0xB0, 0x0F, 0xFF, 0xFF, 0xB0,
    0x0F, 0xFF, 0xFF, 0xB0, 0x0F, 0xFF, 0xFF, 0xB0, 0x0F, 0xFF, 0xFF, 0xD4,
    0x0C, 0xFF, 0xFF, 0xFF, 0x03, 0xBF, 0xFF, 0xFF, 0x00, 0x00, 0x00, 0x00,
    0x04, 0xE9, 0x51, 0x00, 0x04, 0xFF, 0xFF, 0xB0, 0x06, 0xFF, 0xFF, 0xF0,
    0x08, 0xFF, 0xFF, 0xB0, 0x4D, 0xFF, 0xFF, 0x70, 0xFF, 0xFF, 0xFE, 0x10,
    0xFF, 0xFE, 0xA2, 0x00, 0x00, 0x00, 0x00, 0x00, 0x00, 0x00, 0x00, 0x00,
    0x00, 0x07, 0xFF, 0xFF, 0x00, 0x08, 0xFF, 0xFF, 0x00, 0x08, 0xFF, 0xFF,
    0x00, 0x08, 0xFF, 0xFF, 0x00, 0x08, 0xFF, 0xFF, 0x00, 0x07, 0xFF, 0xFF,
    0x28, 0x8C, 0xFF, 0xFF, 0x00, 0x00, 0x00, 0x00, 0xE0, 0x00, 0x00, 0x4F,
    0xF0, 0x00, 0x00, 0x4F, 0xF0, 0x00, 0x00, 0x4F, 0xF0, 0x00, 0x00, 0x4F,
    0xF0, 0x00, 0x00, 0x5F, 0xE0, 0x00, 0x7F, 0xFF, 0xF8, 0x85, 0x8F, 0xFF,
    0x00, 0x00, 0x00, 0x00, 0xFF, 0xFF, 0x70, 0x00, 0xFF, 0xFF, 0x80, 0x00,
    0xFF, 0xFF, 0x80, 0x00, 0xFF, 0xFF, 0x70, 0x00, 0xFF, 0xFF, 0x80, 0x00,
    0xFF, 0xFF, 0xFF, 0xFF, 0xFF, 0xFF, 0xFF, 0xFF, 0x00, 0x00, 0x00, 0x00,
    0x00, 0x00, 0x00, 0x00, 0x00, 0x00, 0x00, 0x00, 0x00, 0x00, 0x00, 0x00,
    0x00, 0x00, 0x00, 0x00, 0x00, 0x00, 0x00, 0x00, 0xFF, 0xFF, 0xFF, 0xE0,
    0xFF, 0xFF, 0xFF, 0xF0, 0x5F, 0xFF, 0xFF, 0xFF, 0x3B, 0xBD, 0xFF, 0xFF,
    0x00, 0x07, 0xFF, 0xFF, 0x00, 0x07, 0xFF, 0xFF, 0x00, 0x08, 0xFF, 0xFF,
    0x00, 0x08, 0xFF, 0xFF, 0x00, 0x08, 0xFF, 0xFF, 0x00, 0x08, 0xFF, 0xFF,
    0xFF, 0xFC, 0x24, 0x7F, 0xFB, 0xB8, 0x00, 0x4F, 0xF0, 0x00, 0x00, 0x4F,
    0xF0, 0x00, 0x00, 0x4F, 0xF0, 0x00, 0x00, 0x4F, 0xF0, 0x00, 0x00, 0x4F,
    0xE1, 0x39, 0x10, 0x4F, 0xFD, 0xFF, 0x50, 0x4F, 0xFF, 0xFF, 0xA4, 0x44,
    0xFF, 0xFF, 0x70, 0x00, 0xFF, 0xFF, 0x80, 0x00, 0xFF, 0xFF, 0x70, 0x00,
    0xFF, 0xFF, 0xC8, 0x88, 0xFF, 0xFF, 0xFF, 0xFF, 0xFF, 0xFF, 0xDB, 0xBB,
    0xFF, 0xFF, 0x60, 0x00, 0x44, 0x44, 0x44, 0x40, 0x00, 0x00, 0x00, 0x00,
    0x00, 0x00, 0x00, 0x00, 0x00, 0x00, 0x00, 0x00, 0x88, 0x88, 0x88, 0x20,
    0xFF, 0xFF, 0xFF, 0x40, 0xEF, 0xFF, 0xFF, 0x40, 0xBF, 0xFF, 0xFF, 0x10,
    0x00, 0x07, 0xFF, 0xFF, 0x03, 0x7C, 0xFF, 0xFF, 0x9F, 0xFF, 0xFF, 0xFF,
    0x6F, 0xFF, 0xFF, 0xFF, 0x2F, 0xFF, 0xFF, 0xFF, 0x0D, 0xEC, 0xFF, 0xFF,
    0x03, 0x17, 0xFF, 0xFF, 0x00, 0x08, 0xFF, 0xFF, 0xFF, 0xFE, 0x50, 0x6F,
    0xFF, 0xA2, 0x00, 0x8F, 0xF4, 0x00, 0x00, 0x8F, 0xE0, 0x00, 0x00, 0xBF,
    0xF0, 0x00, 0x00, 0xEF, 0xF0, 0x00, 0x03, 0xFF, 0xF0, 0x00, 0x08, 0xFF,
    0xF0, 0x00, 0x0D, 0xFF, 0xFF, 0xFF, 0xA1, 0x00, 0xFF, 0xFF, 0xF6, 0x00,
    0xFF, 0xFF, 0xFA, 0x02, 0xFF, 0xFF, 0xFF, 0x05, 0xFF, 0xFF, 0xFF, 0x58,
    0xFF, 0xFF, 0xFF, 0xEE, 0xFF, 0xFF, 0xFF, 0xFF, 0xFF, 0xCF, 0xFF, 0xFF,
    0xBF, 0xFF, 0xFF, 0x00, 0xEF, 0xFF, 0xFC, 0x00, 0xFF, 0xFF, 0xF9, 0x00,
    0xFF, 0xFF, 0xF6, 0x00, 0xFF, 0xFF, 0xF2, 0x00, 0xFF, 0xFF, 0xA0, 0x00,
    0xFF, 0xFF, 0x40, 0x00, 0xFF, 0xFA, 0x00, 0x00, 0x00, 0x08, 0xFF, 0xFF,
    0x00, 0x08, 0xFF, 0xFF, 0x00, 0x08, 0xFF, 0xFF, 0x00, 0x07, 0xFF, 0xFF,
    0x24, 0x4B, 0xFF, 0xFF, 0x3F, 0xFF, 0xFF, 0xFF, 0x0E, 0xFF, 0xFF, 0xE9,
    0x00, 0x00, 0x00, 0x00, 0xF0, 0x00, 0x6F, 0xFF, 0xF0, 0x00, 0xDF, 0xFF,
    0xF0, 0x07, 0xFF, 0xFF, 0xF0, 0x2E, 0xFF, 0xF6, 0xD1, 0xCF, 0xFF, 0x50,
    0x99, 0xFF, 0xD3, 0x4D, 0x13, 0xEA, 0x10, 0x3E, 0x00, 0x10, 0x00, 0x02,
    0xFB, 0x1C, 0xFF, 0xFF, 0xE2, 0x00, 0xDF, 0xFF, 0x50, 0x06, 0xFF, 0xFF,
    0x01, 0x9F, 0xFF, 0xFF, 0x6E, 0xFF, 0xFF, 0x86, 0xFF, 0xFF, 0x92, 0x00,
    0xFC, 0x72, 0x00, 0x00, 0x30, 0x00, 0x00, 0x00, 0xFF, 0xE1, 0x00, 0x00,
    0xFF, 0x40, 0x00, 0x00, 0xFF, 0xB1, 0x00, 0x00, 0xFF, 0xFD, 0x40, 0x00,
    0xDF, 0xFF, 0xF8, 0x10, 0x18, 0xEF, 0xFF, 0xD4, 0x00, 0x17, 0xDF, 0xE2,
    0x00, 0x00, 0x04, 0x30, 0x00, 0x00, 0x00, 0x00, 0x01, 0x44, 0x44, 0x44,
    0x04, 0xFF, 0xFF, 0xFF, 0x04, 0xFF, 0xFF, 0xFF, 0x04, 0xFF, 0xFF, 0xF5,
    0x04, 0xFF, 0xFF, 0xF4, 0x04, 0xFF, 0xFF, 0xFC, 0x04, 0xFF, 0xFF, 0xFF,
    0x00, 0x00, 0x00, 0x00, 0x44, 0x44, 0x44, 0x41, 0xFF, 0xFF, 0xFF, 0xF4,
    0xFF, 0xFF, 0xFF, 0xF4, 0x01, 0xFF, 0xFF, 0xF4, 0x00, 0xFF, 0xFF, 0xF4,
    0xBB, 0xFF, 0xFF, 0xF4, 0xFF, 0xFF, 0xFF, 0xF4, 0x00, 0x00, 0x00, 0x00,
    0x34, 0x44, 0x44, 0x44, 0xAF, 0xFF, 0xFF, 0xFF, 0xAF, 0xFF, 0xFF, 0xFF,
    0xAF, 0xFF, 0xFB, 0x00, 0xAF, 0xFF, 0xFB, 0x00, 0xAF, 0xFF, 0xFE, 0xBB,
    0xAF, 0xFF, 0xFF, 0xFF, 0x00, 0x00, 0x00, 0x00, 0x44, 0x44, 0x44, 0x00,
    0xFF, 0xFF, 0xFF, 0x00, 0xFF, 0xFF, 0xFF, 0x00, 0x8F, 0xFF, 0xFF, 0x00,
    0x7F, 0xFF, 0xFF, 0x00, 0xDF, 0xFF, 0xFF, 0x00, 0xFF, 0xFF, 0xFF, 0x00,
    0x04, 0xFF, 0xFF, 0xFA, 0x04, 0xFF, 0xFF, 0xF3, 0x04, 0xFF, 0xFF, 0xF7,
    0x04, 0xFF, 0xFF, 0xFF, 0x04, 0xFF, 0xFF, 0xFF, 0x04, 0xFF, 0xFF, 0xF5,
    0x04, 0xFF, 0xFF, 0xF4, 0x04, 0xFF, 0xFF, 0xF4, 0x88, 0xFF, 0xFF, 0xF4,
    0x00, 0xEF, 0xFF, 0xF4, 0x45, 0xFF, 0xFF, 0xF4, 0xFF, 0xFF, 0xFF, 0xF4,
    0xFF, 0xFF, 0xFF, 0xE3, 0x00, 0x00, 0x00, 0x00, 0x00, 0x00, 0x00, 0x0A,
    0x00, 0x00, 0x00, 0x0B, 0xAF, 0xFF, 0xFD, 0x88, 0xAF, 0xFF, 0xFB, 0x00,
    0xAF, 0xFF, 0xFC, 0x44, 0xBF, 0xFF, 0xFF, 0xFF, 0x9E, 0xEE, 0xEF, 0xFF,
    0x11, 0x11, 0x10, 0x00, 0xEE, 0xEE, 0xA0, 0x00, 0xFF, 0xFF, 0xB0, 0x00,
    0xCF, 0xFF, 0xFF, 0x00, 0x7F, 0xFF, 0xFF, 0x00, 0xAF, 0xFF, 0xFF, 0x00,
    0xFF, 0xFF, 0xFF, 0x00, 0xFF, 0xFF, 0xFF, 0x00, 0x8F, 0xFF, 0xFF, 0x00,
    0x7F, 0xFF, 0xFF, 0x00, 0x8F, 0xFF, 0xFF, 0x00, 0x04, 0xFF, 0xFF, 0xF4,
    0x04, 0xFF, 0xFF, 0xF4, 0x04, 0xFF, 0xFF, 0xF4, 0x04, 0xFF, 0xFF, 0xF4,
    0x04, 0xFF, 0xFF, 0xF4, 0x04, 0xFF, 0xFF, 0xF4, 0x04, 0xFF, 0xFF, 0xF4,
    0x04, 0xFF, 0xFF, 0xF4, 0x34, 0x44, 0x44, 0x4C, 0xBF, 0xFF, 0xFF, 0xFF,
    0xAF, 0xFF, 0xFF, 0xFF, 0x00, 0x07, 0xFF, 0xFF, 0x00, 0x0B, 0xFF, 0xFF,
    0x00, 0x2F, 0xFF, 0xFF, 0x00, 0xAF, 0xFF, 0xFF, 0x04, 0xFF, 0xFF, 0xDC,
    0xFF, 0xFF, 0xC4, 0x40, 0xFF, 0xFF, 0xFF, 0xF3, 0xFF, 0xFF, 0xFF, 0xF3,
    0xFF, 0xFF, 0xB0, 0x00, 0xFF, 0xFF, 0xB0, 0x00, 0xFF, 0xFF, 0xB0, 0x00,
    0xFF, 0xFF, 0xB0, 0x00, 0xFF, 0xFF, 0xB0, 0x00, 0x7F, 0xFF, 0xFF, 0x00,
    0x7F, 0xFF, 0xFF, 0x00, 0x7F, 0xFF, 0xFF, 0x00, 0x7F, 0xFF, 0xFF, 0x00,
    0x8F, 0xFF, 0xFF, 0x00, 0x8F, 0xFF, 0xFF, 0x00, 0x8F, 0xFF, 0xFF, 0x00,
    0x8F, 0xFF, 0xFF, 0x00, 0x04, 0xFF, 0xFF, 0xF3, 0x04, 0xFF, 0xFF, 0xF4,
    0x04, 0xFF, 0xFF, 0xFD, 0x04, 0xFF, 0xFF, 0xFE, 0x04, 0xFF, 0xFF, 0xF5,
    0x04, 0xFF, 0xFF, 0xF4, 0x04, 0xFF, 0xFF, 0xF4, 0x02, 0x77, 0x77, 0x82,
    0x0D, 0xFF, 0xFE, 0x3A, 0x9F, 0xFF, 0xC3, 0x0B, 0xFF, 0xFA, 0x10, 0x0B,
    0xFE, 0x51, 0x00, 0x2D, 0x51, 0x02, 0xEF, 0xFF, 0x00, 0x00, 0xDF, 0xFF,
    0x00, 0x00, 0x34, 0x44, 0x00, 0x00, 0x00, 0x00, 0xFF, 0xFF, 0xB0, 0x00,
    0xFF, 0xFF, 0xB0, 0x00, 0xFF, 0xFF, 0xB0, 0x00, 0xFF, 0xFF, 0xA0, 0x00,
    0xFF, 0xFF, 0x54, 0x44, 0xFF, 0xF8, 0x07, 0xFF, 0x44, 0x20, 0x02, 0xEF,
    0x00, 0x00, 0x00, 0x00, 0x8F, 0xFF, 0xFF, 0x00, 0x8F, 0xFF, 0xFF, 0x00,
    0x8F, 0xFF, 0xFF, 0x00, 0x7F, 0xFF, 0xFF, 0x00, 0xBF, 0xFF, 0xFC, 0x00,
    0xFF, 0xFF, 0xF6, 0x00, 0xFF, 0xFD, 0x70, 0x00, 0x00, 0x00, 0x00, 0x00,
    0x00, 0x00, 0x00, 0x00, 0x00, 0x00, 0x00, 0x00, 0x00, 0x00, 0x00, 0x00,
    0x00, 0x00, 0x00, 0x00, 0x00, 0x00, 0x00, 0x00, 0x00, 0x00, 0x00, 0x00,
    0x14, 0x44, 0x44, 0x44, 0x4F, 0xFF, 0xFF, 0xFF, 0x00, 0x00, 0x00, 0x00,
    0x00, 0x00, 0x0E, 0xFF, 0x00, 0x00, 0x0F, 0xFF, 0x00, 0x00, 0x0F, 0xFF,
    0x00, 0x00, 0x0F, 0xFF, 0x00, 0x00, 0x0E, 0xFF, 0x44, 0x44, 0x5F, 0xFF,
    0xFF, 0xFF, 0xFF, 0xFF, 0x00, 0x00, 0x00, 0x00, 0xFF, 0xE0, 0x00, 0x00,
    0xFF, 0xF0, 0x00, 0x00, 0xFF, 0xF0, 0x00, 0x00, 0xFF, 0xF0, 0x00, 0x00,
    0xFF, 0xE0, 0x00, 0x00, 0xFF, 0xF5, 0x44, 0x44, 0xFF, 0xFF, 0xFF, 0xFF,
    0x00, 0x00, 0x00, 0x00, 0x00, 0x00, 0x00, 0x00, 0x00, 0x00, 0x00, 0x00,
    0x00, 0x00, 0x00, 0x00, 0x00, 0x00, 0x00, 0x00, 0x00, 0x00, 0x00, 0x00,
    0x44, 0x44, 0x44, 0x41, 0xFF, 0xFF, 0xFF, 0xF4, 0x4F, 0xFF, 0xFF, 0xFF,
    0x00, 0x00, 0x00, 0x00, 0x00, 0x00, 0x00, 0x00, 0x00, 0x00, 0x00, 0x00,
    0x00, 0x00, 0x00, 0x00, 0x00, 0x00, 0x00, 0x00, 0x00, 0x00, 0x00, 0x04,
    0x00, 0x00, 0x00, 0x0A, 0xFF, 0xFF, 0xFF, 0xFF, 0x0A, 0xFF, 0xFF, 0xFF,
    0x0D, 0xFF, 0xFF, 0xFF, 0x2F, 0xFF, 0xFF, 0xFF, 0x7F, 0xFF, 0xFF, 0xFF,
    0xCF, 0xFF, 0xFF, 0xFF, 0xFF, 0xFF, 0xFF, 0xFF, 0xFF, 0xFF, 0xFF, 0xFF,
    0xFF, 0xFF, 0xFF, 0xFF, 0xFF, 0xFF, 0xFF, 0xB0, 0xFF, 0xFF, 0xFF, 0xE0,
    0xFF, 0xFF, 0xFF, 0xF5, 0xFF, 0xFF, 0xFF, 0xF9, 0xFF, 0xFF, 0xFF, 0xFE,
    0xFF, 0xFF, 0xFF, 0xFF, 0xFF, 0xFF, 0xFF, 0xFF, 0xFF, 0xFF, 0xFF, 0xF4,
    0x00, 0x00, 0x00, 0x00, 0x00, 0x00, 0x00, 0x00, 0x00, 0x00, 0x00, 0x00,
    0x00, 0x00, 0x00, 0x00, 0x00, 0x00, 0x00, 0x00, 0x60, 0x00, 0x00, 0x00,
    0xC0, 0x00, 0x00, 0x00, 0x00, 0x00, 0x00, 0x2F, 0x00, 0x00, 0x00, 0x9F,
    0x00, 0x00, 0x03, 0xFF, 0x00, 0x00, 0x0B, 0xFF, 0x00, 0x00, 0x5F, 0xFF,
    0x00, 0x02, 0xEF, 0xFF, 0x00, 0x0C, 0xFF, 0xFF, 0x00, 0x9F, 0xFF, 0xED,
    0xFF, 0xFF, 0xCE, 0xFF, 0xFF, 0xFF, 0x4E, 0xFF, 0xFF, 0xF7, 0x0F, 0xFF,
    0xFF, 0xC0, 0x0F, 0xFF, 0xFE, 0x30, 0x0F, 0xFF, 0xF5, 0x00, 0x0F, 0xFF,
    0xEB, 0xBB, 0xBF, 0xFF, 0xFF, 0xFF, 0xFF, 0xFF, 0xFF, 0xEC, 0xFF, 0xFF,
    0xFF, 0xE3, 0xEF, 0xFF, 0xFF, 0xF0, 0x6F, 0xFF, 0xFF, 0xF0, 0x0A, 0xFF,
    0xFF, 0xF0, 0x01, 0xCF, 0xFF, 0xF0, 0x00, 0x2E, 0xFF, 0xFB, 0xBB, 0xBD,
    0xFF, 0xFF, 0xFF, 0xFF, 0xF4, 0x00, 0x00, 0x00, 0xFB, 0x00, 0x00, 0x00,
    0xFF, 0x50, 0x00, 0x00, 0xFF, 0xD1, 0x00, 0x00, 0xFF, 0xF8, 0x00, 0x00,
    0xFF, 0xFF, 0x30, 0x00, 0xFF, 0xFF, 0xD1, 0x00, 0xEE, 0xFF, 0xFA, 0x00,
    0x06, 0xFF, 0xFE, 0x33, 0x5F, 0xFF, 0xB1, 0x00, 0x2E, 0xF8, 0x00, 0x00,
    0x03, 0x30, 0x00, 0x00, 0x00, 0x00, 0x00, 0x00, 0x00, 0x00, 0x00, 0x00,
    0x00, 0x00, 0x00, 0x00, 0x00, 0x00, 0x00, 0x00, 0x88, 0x88, 0x8F, 0xFF,
    0x00, 0x00, 0x0E, 0xFF, 0x00, 0x00, 0x0F, 0xFF, 0x00, 0x00, 0x0F, 0xFF,
    0x00, 0x00, 0x0F, 0xFF, 0x00, 0x00, 0x0F, 0xFF, 0x00, 0x00, 0x0F, 0xFF,
    0x00, 0x00, 0x04, 0x44, 0xFF, 0xF8, 0x88, 0x88, 0xFF, 0xE0, 0x00, 0x00,
    0xFF, 0xF0, 0x00, 0x00, 0xFF, 0xF0, 0x00, 0x00, 0xFF, 0xF0, 0x00, 0x00,
    0xFF, 0xF0, 0x00, 0x00, 0xFF, 0xF0, 0x00, 0x00, 0x44, 0x40, 0x00, 0x00,
    0x51, 0xCF, 0xFF, 0x90, 0x00, 0x19, 0xFF, 0xF8, 0x00, 0x00, 0x5E, 0xE4,
    0x00, 0x00, 0x02, 0x30, 0x00, 0x00, 0x00, 0x00, 0x00, 0x00, 0x00, 0x00,
    0x00, 0x00, 0x00, 0x00, 0x00, 0x00, 0x00, 0x00, 0x00, 0x00, 0x00, 0x00,
    0x04, 0x88, 0x88, 0x88, 0x08, 0xFF, 0xFF, 0xFF, 0x08, 0xFF, 0xFF, 0xFB,
    0x08, 0xFF, 0xFF, 0xF0, 0x08, 0xFF, 0xFF, 0xF0, 0x08, 0xFF, 0xFF, 0xF0,
    0x08, 0xFF, 0xFF, 0xF0, 0x00, 0x00, 0x00, 0x00, 0x88, 0x88, 0x87, 0x03,
    0xFF, 0xFF, 0xFF, 0x08, 0xDF, 0xFF, 0xFF, 0x07, 0x7F, 0xFF, 0xFF, 0x07,
    0x7F, 0xFF, 0xFF, 0x07, 0x7F, 0xFF, 0xFF, 0x07, 0x7F, 0xFF, 0xFF, 0x07,
    0x00, 0x00, 0x00, 0x00, 0x88, 0x88, 0x88, 0x88, 0xFF, 0xFF, 0xFF, 0xFF,
    0xFF, 0xFF, 0xFD, 0xBB, 0xFF, 0xFF, 0xF7, 0x00, 0xFF, 0xFF, 0xF7, 0x00,
    0xFF, 0xFF, 0xF8, 0x00, 0xFF, 0xFF, 0xF8, 0x00, 0x00, 0x00, 0x00, 0x00,
    0x88, 0x88, 0x87, 0x00, 0xFF, 0xFF, 0xFF, 0x10, 0xFF, 0xFF, 0xFF, 0x00,
    0xFF, 0xFF, 0xFF, 0x00, 0xFF, 0xFF, 0xFF, 0x00, 0xFF, 0xFF, 0xFF, 0x00,
    0xFF, 0xFF, 0xFF, 0x00, 0x08, 0xFF, 0xFF, 0xF0, 0x08, 0xFF, 0xFF, 0xF0,
    0x08, 0xFF, 0xFF, 0xF0, 0x08, 0xFF, 0xFF, 0xFB, 0x08, 0xFF, 0xFF, 0xFF,
    0x08, 0xFF, 0xFF, 0xF8, 0x08, 0xFF, 0xFF, 0xE0, 0x08, 0xFF, 0xFF, 0xF0,
    0x7F, 0xFF, 0xFF, 0x07, 0x7F, 0xFF, 0xFF, 0x07, 0x7F, 0xFF, 0xFF, 0x07,
    0xDF, 0xFF, 0xFF, 0x07, 0xFF, 0xFF, 0xFF, 0x07, 0xBF, 0xFF, 0xFF, 0x07,
    0x7F, 0xFF, 0xFF, 0x07, 0x7F, 0xFF, 0xFF, 0x07, 0xFF, 0xFF, 0xF7, 0x00,
    0xFF, 0xFF, 0xFA, 0x45, 0xFF, 0xFF, 0xFF, 0xFF, 0xFF, 0xFF, 0xFF, 0xFF,
    0xFF, 0xFF, 0xF8, 0x01, 0xFF, 0xFF, 0xF7, 0x00, 0xFF, 0xFF, 0xF8, 0x00,
    0xFF, 0xFF, 0xF8, 0x00, 0xEF, 0xFF, 0xFF, 0x00, 0xFF, 0xFF, 0xFF, 0x00,
    0xFF, 0xFF, 0xFF, 0x00, 0xFF, 0xFF, 0xFF, 0x00, 0xFF, 0xFF, 0xFF, 0x00,
    0xFF, 0xFF, 0xFF, 0x00, 0xFF, 0xFF, 0xFF, 0x00, 0xFF, 0xFF, 0xFF, 0x00,
    0x08, 0xFF, 0xFF, 0xF0, 0x08, 0xFF, 0xFF, 0xF0, 0x08, 0xFF, 0xFF, 0xF0,
    0x08, 0xFF, 0xFF, 0xF0, 0x08, 0xFF, 0xFF, 0xF0, 0x08, 0xFF, 0xFF, 0xFB,
    0x08, 0xFF, 0xFF, 0xFF, 0x08, 0xFF, 0xFF, 0xF8, 0x7F, 0xFF, 0xFF, 0x07,
    0x7F, 0xFF, 0xFF, 0x07, 0x7F, 0xFF, 0xFE, 0x09, 0x7F, 0xFF, 0xFE, 0x0B,
    0x7F, 0xFF, 0xFE, 0x1D, 0xDF, 0xFF, 0xFE, 0x2F, 0xFF, 0xFF, 0xFF, 0x7F,
    0x88, 0x88, 0x77, 0xDF, 0xFF, 0xFF, 0xF5, 0x00, 0xFF, 0xFF, 0xF5, 0x01,
    0xFF, 0xFF, 0xFF, 0xFF, 0xFF, 0xFF, 0xFF, 0xFF, 0xFF, 0xFF, 0xC4, 0x45,
    0xFF, 0xFF, 0x70, 0x00, 0xFF, 0xFE, 0x10, 0x00, 0xFF, 0xF7, 0x00, 0x00,
    0xFF, 0xFF, 0xFF, 0x00, 0xFF, 0xFF, 0xFF, 0x00, 0xFF, 0xFF, 0xFF, 0x00,
    0xFF, 0xFF, 0xFF, 0x00, 0xFF, 0xFF, 0xFF, 0x00, 0xEF, 0xFF, 0xFF, 0x00,
    0xFF, 0xFF, 0xFF, 0x00, 0xFF, 0xFF, 0xFF, 0x00, 0x07, 0xFF, 0xFF, 0xE0,
    0x00, 0x00, 0x00, 0x00, 0x00, 0x00, 0x00, 0x00, 0x00, 0x00, 0x00, 0x00,
    0x00, 0x00, 0x00, 0x00, 0x00, 0x00, 0x00, 0x00, 0x00, 0x00, 0x00, 0x00,
    0x00, 0x00, 0x00, 0x00, 0x00, 0x00, 0x04, 0xFF, 0x00, 0x00, 0x1E, 0xFF,
    0x00, 0x00, 0xBF, 0xFF, 0x00, 0x09, 0xFF, 0xFF, 0x00, 0x9F, 0xFF, 0xE4,
    0x1C, 0xFF, 0xF9, 0x10, 0x0A, 0xFB, 0x30, 0x00, 0x00, 0x20, 0x00, 0x00,
    0xFF, 0xC0, 0x00, 0x00, 0xFE, 0x30, 0x00, 0x00, 0xF6, 0x00, 0x00, 0x00,
    0x60, 0x00, 0x00, 0x00, 0x00, 0x47, 0x44, 0x48, 0x00, 0x5F, 0xFF, 0xFF,
    0x00, 0x0D, 0xFF, 0xFF, 0x00, 0x00, 0x00, 0x00, 0xFF, 0xFF, 0xFF, 0x00,
    0xFF, 0xFF, 0xFF, 0x00, 0xFF, 0xFF, 0xFF, 0x10, 0xFF, 0xFF, 0xFE, 0x00,
    0xFF, 0xFF, 0xFB, 0x00, 0xFF, 0xFF, 0xF6, 0x00, 0xFF, 0xFC, 0x70, 0x00,
    0x00, 0x00, 0x00, 0x00,
};
#pragma pop
