#include "particle.h"

#include "particle.static.h"

#include <math.h>
#include <dolphin/gx.h>
#include <dolphin/gx/GXGeometry.h>
#include <dolphin/mcc.h>
#include <dolphin/os.h>
#include <dolphin/pad.h>
#include <dolphin/vi.h>
#include <baselib/cobj.h>
#include <baselib/gobj.h>
#include <baselib/gobjgxlink.h>
#include <baselib/gobjobject.h>
#include <baselib/list.h>
#include <baselib/memory.h>
#include <baselib/mtx.h>
#include <baselib/perf.h>
#include <baselib/psappsrt.h>
#include <baselib/psstructs.h>
#include <baselib/random.h>
#include <baselib/state.h>
#include <baselib/video.h>
#include <MetroTRK/ppc_reg.h>
#include <MSL/math_ppc.h>
#include <MSL/trigf.h>

typedef struct {
    s32 x0;
    u32 x4;
    s32 x8;
} ParticleLogEntry;

typedef struct _ExcptNode {
    /* 0x1 */ struct _ExcptNode* next;
    /* 0x4 */ void (*callback)(struct _ExcptNode*);
} ExcptNode;

typedef struct _EventData {
    /* 0x00 */ u8 _pad[0x10];
    /* 0x10 */ u32* entries;
    /* 0x14 */ s32 index;
} EventData;

typedef struct _DispData {
    /* 0x00 */ u8 _pad[0x10];
    /* 0x10 */ s32 x10;
    /* 0x14 */ s32 x14;
} DispData;

typedef struct PSNode {
    /* 0x00 */ struct PSNode* child;
    /* 0x04 */ u8 _pad[4];
    /* 0x08 */ void (*callback)(struct PSNode*);
} PSNode;

typedef struct {
    /* 0x00 */ s32 x0;
    /* 0x04 */ void (*callback)(void* dst, s32 x, s32 y, s32 val, void* self);
} GlyphEntry;

typedef struct _DispItem {
    /* 0x00 */ struct _DispItem* next;
    /* 0x04 */ s32 type;
    /* 0x08 */ union {
        char text[128];
        struct {
            s32 count;
            u32 color;
        } bars[1];
        u8 gradient[8];
    } content;
} DispItem;

typedef DispItem* (*DispCallback)(void*);

typedef struct {
    /* 0x00 */ void* next;
    /* 0x04 */ s32 type;
    /* 0x08 */ u8 content[0x80];
} PerfDispItem;

struct EventPriority {
    Event event;
    int priority;
};

// .bss (declaration order fixes the section layout)

/* 4CE3F8 */ static PerfDispItem hsd_804CE3F8[6];
/* 4CE728 */ static s32 hsd_804CE728[262];
/* 4CEB40 */ static ParticleLogEntry hsd_804CEB40[0x100];
/* 4CF740 */ static s32 hsd_804CF740[42];
/* 4CF7E8 */ extern struct ParticleConsoleState hsd_804CF7E8;
/* 4CF810 */ static struct ParticleScreenState hsd_804CF810;
/* 4CF8E8 */ static u8 hsd_804CF8E8[0x1000];
/* 4D08E8..4D0E5C moved to hsd_3983.c (their original TU) */

void DrawRectangle(f32 x_min, f32 y_min, f32 w, f32 h, GXColor* color)
{
    f32 x_max;
    f32 y_max;
    GXColor c;
    u8 r, g, b, a;

    GXBegin(0x80, 0, 4);

    x_max = x_min + w;
    y_max = y_min + h;

    // Send the corners in clockwise order, starting with top left

    GXWGFifo.f32 = x_min;
    GXWGFifo.f32 = y_min;
    a = color->a;
    b = color->b;
    g = color->g;
    r = color->r;
    GXWGFifo.u8 = r;
    GXWGFifo.u8 = g;
    GXWGFifo.u8 = b;
    GXWGFifo.u8 = a;

    GXWGFifo.f32 = x_max;
    GXWGFifo.f32 = y_min;
    GXWGFifo.u8 = r;
    GXWGFifo.u8 = g;
    GXWGFifo.u8 = b;
    GXWGFifo.u8 = a;

    GXWGFifo.f32 = x_max;
    GXWGFifo.f32 = y_max;
    GXWGFifo.u8 = r;
    GXWGFifo.u8 = g;
    GXWGFifo.u8 = b;
    GXWGFifo.u8 = a;

    GXWGFifo.f32 = x_min;
    GXWGFifo.f32 = y_max;
    GXWGFifo.u8 = r;
    GXWGFifo.u8 = g;
    GXWGFifo.u8 = b;
    GXWGFifo.u8 = a;

    GXEnd();
}

/// ASCII glyph bitmap table (binary-recovered; 13 bytes per glyph).
// clang-format off
static u8 lbl_80408630[616] = {
    0x00, 0x60, 0x60, 0x66, 0x66, 0x06, 0x06, 0x00, 0xFF, 0x00, 0x00, 0x00,
    0x00, 0x30, 0x36, 0xFF, 0x00, 0x00, 0x00, 0x00, 0x00, 0x00, 0x00, 0x00,
    0x00, 0x00, 0x00, 0x60, 0x60, 0x63, 0x63, 0x03, 0x03, 0x06, 0x06, 0x66,
    0xFF, 0x00, 0x00, 0x00, 0x60, 0x60, 0x66, 0x66, 0x06, 0x13, 0x63, 0xFF,
    0x00, 0x00, 0x00, 0x00, 0x00, 0x03, 0x03, 0x63, 0x40, 0x46, 0xFF, 0x00,
    0x00, 0x00, 0x00, 0x00, 0x00, 0x60, 0x00, 0x00, 0x03, 0x03, 0x63, 0x63,
    0x66, 0x66, 0x06, 0xFF, 0x00, 0x00, 0x00, 0x06, 0x06, 0x66, 0x66, 0x63,
    0x63, 0x03, 0xFF, 0x00, 0x00, 0x00, 0x00, 0x00, 0x60, 0x60, 0x62, 0x62,
    0x43, 0x43, 0x46, 0xFF, 0x00, 0x00, 0x00, 0x00, 0x00, 0x60, 0x60, 0x66,
    0x66, 0x06, 0x06, 0x00, 0x03, 0x63, 0xFF, 0x00, 0x00, 0x63, 0x03, 0x03,
    0x00, 0x00, 0x60, 0x60, 0x66, 0xFF, 0x00, 0x00, 0x00, 0x00, 0x06, 0x30,
    0x30, 0x66, 0x14, 0x54, 0xFF, 0x00, 0x00, 0x00, 0x00, 0x00, 0x00, 0x00,
    0x40, 0x40, 0x61, 0x61, 0x66, 0x66, 0x06, 0x06, 0x00, 0x03, 0x63, 0xFF,
    0x60, 0x20, 0x20, 0x03, 0x03, 0x26, 0x26, 0x66, 0xFF, 0x00, 0x00, 0x00,
    0x00, 0x00, 0x30, 0x30, 0x63, 0x63, 0x36, 0x36, 0x06, 0x10, 0x16, 0xFF,
    0x00, 0x00, 0x60, 0x00, 0x00, 0x06, 0x06, 0x66, 0x03, 0x53, 0xFF, 0x00,
    0x00, 0x00, 0x00, 0x60, 0x00, 0x00, 0x06, 0x02, 0x42, 0xFF, 0x00, 0x00,
    0x00, 0x00, 0x00, 0x00, 0x60, 0x30, 0x30, 0x02, 0x02, 0x06, 0x06, 0x66,
    0x66, 0x63, 0x63, 0x33, 0xFF, 0x00, 0x06, 0x60, 0x66, 0x03, 0x63, 0xFF,
    0x00, 0x00, 0x00, 0x00, 0x00, 0x00, 0x10, 0x50, 0x16, 0x56, 0x30, 0x36,
    0xFF, 0x00, 0x00, 0x00, 0x00, 0x00, 0x00, 0x50, 0x56, 0x56, 0x16, 0x16,
    0x14, 0xFF, 0x00, 0x00, 0x00, 0x00, 0x00, 0x00, 0x00, 0x06, 0x60, 0x03,
    0x03, 0x66, 0xFF, 0x00, 0x00, 0x00, 0x00, 0x00, 0x00, 0x00, 0x06, 0x06,
    0x66, 0xFF, 0x00, 0x00, 0x00, 0x00, 0x00, 0x00, 0x00, 0x00, 0x06, 0x00,
    0x00, 0x33, 0x33, 0x60, 0x60, 0x66, 0xFF, 0x00, 0x00, 0x00, 0x00, 0x06,
    0x00, 0x00, 0x66, 0x66, 0x60, 0xFF, 0x00, 0x00, 0x00, 0x00, 0x00, 0x00,
    0x30, 0x63, 0x63, 0x36, 0x36, 0x03, 0x03, 0x30, 0xFF, 0x00, 0x00, 0x00,
    0x00, 0x06, 0x00, 0x00, 0x50, 0x50, 0x61, 0x61, 0x62, 0x62, 0x53, 0x53,
    0x03, 0xFF, 0x06, 0x02, 0x02, 0x60, 0x60, 0x64, 0x64, 0x06, 0x24, 0x46,
    0x46, 0x66, 0xFF, 0x06, 0x00, 0x00, 0x60, 0x60, 0x62, 0x62, 0x02, 0x32,
    0x66, 0xFF, 0x00, 0x00, 0x60, 0x00, 0x00, 0x66, 0x66, 0x06, 0xFF, 0x00,
    0x00, 0x00, 0x00, 0x00, 0x00, 0x00, 0x60, 0x30, 0x36, 0xFF, 0x00, 0x00,
    0x00, 0x00, 0x00, 0x00, 0x00, 0x00, 0x00, 0x06, 0x06, 0x66, 0x66, 0x60,
    0xFF, 0x00, 0x00, 0x00, 0x00, 0x00, 0x00, 0x00, 0x02, 0x02, 0x36, 0x36,
    0x62, 0x62, 0x60, 0xFF, 0x00, 0x00, 0x00, 0x00, 0x00, 0x16, 0x16, 0x56,
    0x56, 0x60, 0x32, 0x36, 0xFF, 0x00, 0x00, 0x00, 0x00, 0x00, 0x66, 0x60,
    0x06, 0xFF, 0x00, 0x00, 0x00, 0x00, 0x00, 0x00, 0x00, 0x00, 0x00, 0x32,
    0x32, 0x60, 0x32, 0x36, 0xFF, 0x00, 0x00, 0x00, 0x00, 0x00, 0x00, 0x00,
    0x60, 0x60, 0x06, 0x06, 0x66, 0xFF, 0x00, 0x00, 0x00, 0x00, 0x00, 0x00,
    0x03, 0x63, 0xFF, 0x00, 0x00, 0x00, 0x00, 0x00, 0x00, 0x00, 0x00, 0x00,
    0x00, 0x06, 0x66, 0xFF, 0x00, 0x00, 0x00, 0x00, 0x00, 0x00, 0x00, 0x00,
    0x00, 0x00, 0x03, 0x22, 0x22, 0x44, 0x44, 0x63, 0xFF, 0x00, 0x00, 0x00,
    0x00, 0x00, 0x00, 0x00, 0x63, 0x63, 0x06, 0xFF, 0x00, 0x00, 0x00, 0x00,
    0x00, 0x00, 0x00, 0x00, 0x50, 0x16, 0xFF, 0x00, 0x00, 0x00, 0x00, 0x00,
    0x00, 0x00, 0x00, 0x00, 0x00, 0x40, 0x22, 0x22, 0x24, 0x24, 0x46, 0xFF,
    0x00, 0x00, 0x00, 0x00, 0x00, 0x00, 0x20, 0x42, 0x42, 0x44, 0x44, 0x26,
    0xFF, 0x00, 0x00, 0x00, 0x00, 0x00, 0x00, 0x44, 0x26, 0xFF, 0x00, 0x00,
    0x00, 0x00, 0x00, 0x00, 0x00, 0x00, 0x00, 0x00, 0x60, 0x03, 0x03, 0x66,
    0xFF, 0x00, 0x00, 0x00, 0x00, 0x00, 0x00, 0x00, 0x00, 0x30, 0x36, 0x03,
    0x63, 0xFF, 0x00, 0x00, 0x00, 0x00, 0x00, 0x00, 0x00, 0x00, 0x61, 0x01,
    0x01, 0x65, 0x65, 0x05, 0x30, 0x36, 0xFF, 0x00, 0x00, 0x00, 0x00, 0x00,
    0x00, 0x00, 0x00, 0x00,
};
// clang-format on
static float lbl_804D6070 = 12.0F;
static float lbl_804D6074 = 12.0F;

// @TODO: Currently 90.59% match - needs register allocation fix
f32 DrawASCII(int chr, float x, float y, GXColor* color)
{
    s32 index;
    u8* glyph;
    u8* ptr;
    s32 i;
    u8 p0, p1;
    u8 r, g, b, a;
    PAD_STACK(56);

    if (chr >= '0' && chr <= '9') {
        index = chr - '0';
        goto draw_glyph;
    }
    if (chr >= 'A' && chr <= 'Z') {
        index = chr - 'A' + 10;
        goto draw_glyph;
    }
    if (chr >= 'a' && chr <= 'z') {
        index = chr - 'a' + 10;
        goto draw_glyph;
    }

    switch (chr) {
    case '.':
        GXBegin(0xB8, 0, 1);
        GXWGFifo.f32 = (f32) ((f64) lbl_804D6070 * 0.3 + (f64) x);
        GXWGFifo.f32 = (f32) ((f64) lbl_804D6074 * 0.9 + (f64) y);
        a = color->a;
        b = color->b;
        g = color->g;
        r = color->r;
        GXWGFifo.u8 = r;
        GXWGFifo.u8 = g;
        GXWGFifo.u8 = b;
        GXWGFifo.u8 = a;
        return lbl_804D6070;
    case ':': {
        f32 cx;
        GXBegin(0xB8, 0, 2);
        cx = (f32) ((f64) lbl_804D6070 * 0.3 + (f64) x);
        GXWGFifo.f32 = cx;
        GXWGFifo.f32 = (f32) ((f64) lbl_804D6074 * 0.3 + (f64) y);
        a = color->a;
        b = color->b;
        g = color->g;
        r = color->r;
        GXWGFifo.u8 = r;
        GXWGFifo.u8 = g;
        GXWGFifo.u8 = b;
        GXWGFifo.u8 = a;
        GXWGFifo.f32 = cx;
        GXWGFifo.f32 = (f32) ((f64) lbl_804D6074 * 0.7 + (f64) y);
        GXWGFifo.u8 = r;
        GXWGFifo.u8 = g;
        GXWGFifo.u8 = b;
        GXWGFifo.u8 = a;
        return lbl_804D6070;
    }
    case '-':
        index = 0x24;
        goto draw_glyph;
    case '_':
        index = 0x25;
        goto draw_glyph;
    case '~':
        index = 0x26;
        goto draw_glyph;
    case '>':
        index = 0x27;
        goto draw_glyph;
    case '/':
        index = 0x28;
        goto draw_glyph;
    case '(':
        index = 0x29;
        goto draw_glyph;
    case ')':
        index = 0x2A;
        goto draw_glyph;
    case ',':
        index = 0x2B;
        goto draw_glyph;
    case '<':
        index = 0x2C;
        goto draw_glyph;
    case '+':
        index = 0x2D;
        goto draw_glyph;
    case '$':
        index = 0x2E;
        goto draw_glyph;
    default:
        return lbl_804D6070;
    }

draw_glyph:
    glyph = &lbl_80408630[index * 13];
    ptr = glyph;
    i = 0;
    while (i < 0x29 && (u8) ptr[0] != 0xFF) {
        p0 = glyph[i];
        i++;
        p1 = glyph[i];
        i++;
        ptr += 2;
        GXBegin(0xA8, 0, 2);
        GXWGFifo.f32 = lbl_804D6070 * (0.11F * (s32) (p0 >> 4)) + x;
        GXWGFifo.f32 = lbl_804D6074 * (0.11F * (p0 & 0xF)) + y;
        a = color->a;
        b = color->b;
        g = color->g;
        r = color->r;
        GXWGFifo.u8 = r;
        GXWGFifo.u8 = g;
        GXWGFifo.u8 = b;
        GXWGFifo.u8 = a;
        GXWGFifo.f32 = lbl_804D6070 * (0.11F * (s32) (p1 >> 4)) + x;
        GXWGFifo.f32 = lbl_804D6074 * (0.11F * (p1 & 0xF)) + y;
        GXWGFifo.u8 = r;
        GXWGFifo.u8 = g;
        GXWGFifo.u8 = b;
        GXWGFifo.u8 = a;
    }
    return lbl_804D6070;
}

static u8 lbl_804D6078 = 12;

void hsd_80391A04(float scale_x, float scale_y, int line_width)
{
    Mtx view_mtx;

    lbl_804D6070 = scale_x;
    lbl_804D6074 = scale_y;
    lbl_804D6078 = line_width;
    HSD_ClearVtxDesc();
    GXSetCurrentMtx(0);
    HSD_CObjGetViewingMtx(HSD_CObjGetCurrent(), view_mtx);
    GXLoadPosMtxImm(view_mtx, 0);
    HSD_StateSetLineWidth(lbl_804D6078, 5);
    HSD_StateSetPointSize(lbl_804D6078 * 2, 5);
    HSD_SetupRenderMode(0x68000002);
    GXSetVtxAttrFmt(GX_VTXFMT0, GX_VA_POS, GX_TEX_S, GX_RGBA6, 0);
    GXSetVtxAttrFmt(GX_VTXFMT0, GX_VA_CLR0, GX_TEX_ST, GX_RGBA8, 0);
    GXSetVtxDesc(GX_VA_POS, GX_DIRECT);
    GXSetVtxDesc(GX_VA_CLR0, GX_DIRECT);
    HSD_StateSetCullMode(0);
}

static inline int hexval(int ch)
{
    if (ch < 0x47) {
        if (ch < 0x0A) {
            if (ch < 0) {
                goto ret_zero;
            }
            goto sub_30;
        }
        if (ch < 0x41) {
            goto ret_zero;
        }
        goto sub_37;
    }
    if (ch < 0x67) {
        if (ch < 0x61) {
            goto ret_zero;
        }
        goto sub_57;
    }
    goto ret_zero;
sub_30:
    return ch - 0x30;
sub_57:
    return ch - 0x57;
sub_37:
    return ch - 0x37;
ret_zero:
    return 0;
}

// @TODO: Currently 98.73% match - hexval branch condition inversion
s32 hsd_80391AC8(char* str, GXColor* color, f32 x, f32 y)
{
    GXColor col;
    GXColor* col_ptr;
    s32 i;
    u8* p;

    if (str == NULL) {
        return (s32) x;
    }
    col_ptr = &col;
    for (i = 0; (s8) str[i] != 0; i++) {
        if ((s8) str[i] != '\\') {
            *col_ptr = *color;
            x += DrawASCII((s8) str[i], x, y, col_ptr);
        } else {
            switch ((s8) str[++i]) {
            case 'c':
            case 'C':
                p = (u8*) (str + i);
                color->r = (u8) (hexval(p[2]) + hexval(p[1]) * 16);
                color->g = (u8) (hexval(p[4]) + hexval(p[3]) * 16);
                color->b = (u8) (hexval(p[6]) + hexval(p[5]) * 16);
                i += 6;
                color->a = 0xFF;
                break;
            }
        }
    }
    return (s32) x;
}

void hsd_80391E18(u8* list, f32 x1, f32 y1, f32 x2, f32 y2)
{
    f32 dx;
    f32 dy;
    f64 t;
    f32 prev_x;
    f32 prev_y;
    u32 color;
    u8 r, g, b, a;
    PAD_STACK(8);

    if (list == NULL) {
        return;
    }

    prev_x = x1;
    prev_y = y1;
    dx = x2 - x1;
    dy = y2 - y1;

    for (;;) {
        t = *(f32*) list;
        color = *(u32*) (list + 4);
        list += 8;

        if (t < 0.0) {
            break;
        }

        GXBegin(0xA8, 0, 2);

        GXWGFifo.f32 = prev_x;
        GXWGFifo.f32 = prev_y;

        prev_x = t * dx + x1;
        prev_y = t * dy + y1;

        r = ((u8*) &color)[0];
        g = ((u8*) &color)[1];
        b = ((u8*) &color)[2];
        a = ((u8*) &color)[3];

        GXWGFifo.u8 = r;
        GXWGFifo.u8 = g;
        GXWGFifo.u8 = b;
        GXWGFifo.u8 = a;

        GXWGFifo.f32 = prev_x;
        GXWGFifo.f32 = prev_y;
        GXWGFifo.u8 = r;
        GXWGFifo.u8 = g;
        GXWGFifo.u8 = b;
        GXWGFifo.u8 = a;
    }
}

// @TODO: Currently 88.12% match - register allocation differences remain
void hsd_80391F28(GXColor* color, f32 x1, f32 y1, f32 x2, f32 y2, f32 count)
{
    f32 tick6_x;
    f32 dx;
    f32 dy;
    f32 perp_x;
    f32 perp_y;
    f32 tick6_y;
    f32 tick4_x;
    f32 tick4_y;
    f32 step_y;
    f32 step_x;
    f32 len;
    s32 i;
    u8 r, g, b, a;

    PAD_STACK(8);

    dy = y2 - y1;
    dx = x2 - x1;
    len = (dx * dx) + (dy * dy);
    if (len > 0.0F) {
        f64 e = __frsqrte(len);
        e = 0.5 * e * -(len * (e * e) - 3.0);
        e = 0.5 * e * -(len * (e * e) - 3.0);
        e = 0.5 * e * -(len * (e * e) - 3.0);
        e = len * e;
        {
            volatile f32 temp = (f32) e;
            len = temp;
        }
    }
    perp_x = -dy / len;
    perp_y = -dx / len;

    GXBegin(0xA8, 0, 2);

    step_y = dy / count;
    step_x = dx / count;

    GXWGFifo.f32 = x1;
    i = 0;
    GXWGFifo.f32 = y1;

    a = color->a;
    b = color->b;
    g = color->g;
    r = color->r;

    tick6_y = 6.0F * perp_y;
    tick6_x = 6.0F * perp_x;
    tick4_x = 4.0F * perp_x;
    tick4_y = 4.0F * perp_y;

    GXWGFifo.u8 = r;
    GXWGFifo.u8 = g;
    GXWGFifo.u8 = b;
    GXWGFifo.u8 = a;

    GXWGFifo.f32 = x2;
    GXWGFifo.f32 = y2;
    GXWGFifo.u8 = r;
    GXWGFifo.u8 = g;
    GXWGFifo.u8 = b;
    GXWGFifo.u8 = a;

    while ((f32) i <= count) {
        GXBegin(0xA8, 0, 2);
        GXWGFifo.f32 = x1;
        GXWGFifo.f32 = y1;
        a = color->a;
        b = color->b;
        g = color->g;
        r = color->r;
        GXWGFifo.u8 = r;
        GXWGFifo.u8 = g;
        GXWGFifo.u8 = b;
        GXWGFifo.u8 = a;
        if ((i % 5) == 0) {
            GXWGFifo.f32 = x1 + tick6_x;
            GXWGFifo.f32 = y1 + tick6_y;
        } else {
            GXWGFifo.f32 = x1 + tick4_x;
            GXWGFifo.f32 = y1 + tick4_y;
        }
        a = color->a;
        b = color->b;
        g = color->g;
        r = color->r;
        x1 += step_x;
        y1 += step_y;
        i++;
        GXWGFifo.u8 = r;
        GXWGFifo.u8 = g;
        GXWGFifo.u8 = b;
        GXWGFifo.u8 = a;
    }
}

void hsd_80392194(u8* dst, s32 flags, void* unused1, void* unused2, u8* src)
{
    u8 b;
    dst[0] = src[0];
    if (flags & 1) {
        b = src[2];
    } else {
        b = src[1];
    }
    dst[1] = b;
}

static GlyphEntry lbl_80408898[4] = {
    { 0x10808000, (void (*)(void*, s32, s32, s32, void*)) hsd_80392194 },
    { 0x46808000, (void (*)(void*, s32, s32, s32, void*)) hsd_80392194 },
    { 0x7C808000, (void (*)(void*, s32, s32, s32, void*)) hsd_80392194 },
    { 0xB3808000, (void (*)(void*, s32, s32, s32, void*)) hsd_80392194 },
};

/// Cursor/icon tile bitmaps (binary-recovered).
// clang-format off
u8 lbl_804088B8[7168] = {
    0x00, 0x00, 0x00, 0x00, 0x00, 0x00, 0x00, 0x00, 0x00, 0x00, 0x00, 0x00,
    0x00, 0x00, 0x00, 0x00, 0x00, 0x00, 0x00, 0x00, 0x00, 0x00, 0x00, 0x00,
    0x15, 0x01, 0x50, 0x00, 0x1D, 0x01, 0xD0, 0x00, 0x1D, 0x55, 0xD0, 0x00,
    0x1F, 0xFF, 0xD0, 0x00, 0x15, 0x55, 0x50, 0x00, 0x00, 0x00, 0x00, 0x00,
    0x00, 0x00, 0x00, 0x00, 0x00, 0x00, 0x00, 0x00, 0x00, 0x00, 0x00, 0x00,
    0x00, 0x00, 0x00, 0x00, 0x00, 0x00, 0x00, 0x00, 0x00, 0x00, 0x00, 0x00,
    0x00, 0x00, 0x00, 0x00, 0x00, 0x00, 0x00, 0x00, 0x15, 0x01, 0x50, 0x00,
    0x1D, 0x01, 0xD0, 0x00, 0x1D, 0x55, 0xD0, 0x00, 0x1F, 0xFF, 0xD0, 0x00,
    0x15, 0x55, 0x50, 0x00, 0x00, 0x00, 0x00, 0x00, 0x00, 0x00, 0x00, 0x00,
    0x00, 0x00, 0x00, 0x00, 0x00, 0x00, 0x00, 0x00, 0x00, 0x00, 0x00, 0x00,
    0x00, 0x00, 0x00, 0x00, 0x00, 0x00, 0x00, 0x00, 0x00, 0x00, 0x00, 0x00,
    0x00, 0x00, 0x00, 0x00, 0x15, 0x01, 0x50, 0x00, 0x1D, 0x01, 0xD0, 0x00,
    0x1D, 0x55, 0xD0, 0x00, 0x1F, 0xFF, 0xD0, 0x00, 0x15, 0x55, 0x50, 0x00,
    0x00, 0x00, 0x00, 0x00, 0x00, 0x00, 0x00, 0x00, 0x00, 0x00, 0x00, 0x00,
    0x00, 0x00, 0x00, 0x00, 0x00, 0x00, 0x00, 0x00, 0x00, 0x00, 0x00, 0x00,
    0x00, 0x00, 0x00, 0x00, 0x00, 0x00, 0x00, 0x00, 0x00, 0x00, 0x00, 0x00,
    0x15, 0x01, 0x50, 0x00, 0x1D, 0x01, 0xD0, 0x00, 0x1D, 0x55, 0xD0, 0x00,
    0x1F, 0xFF, 0xD0, 0x00, 0x15, 0x55, 0x50, 0x00, 0x00, 0x00, 0x00, 0x00,
    0x00, 0x00, 0x00, 0x00, 0x00, 0x00, 0x00, 0x00, 0x00, 0x00, 0x00, 0x00,
    0x00, 0x00, 0x00, 0x00, 0x00, 0x00, 0x00, 0x00, 0x00, 0x00, 0x00, 0x00,
    0x00, 0x00, 0x00, 0x00, 0x00, 0x00, 0x00, 0x00, 0x15, 0x01, 0x50, 0x00,
    0x1D, 0x01, 0xD0, 0x00, 0x1D, 0x55, 0xD0, 0x00, 0x1F, 0xFF, 0xD0, 0x00,
    0x15, 0x55, 0x50, 0x00, 0x00, 0x00, 0x00, 0x00, 0x00, 0x00, 0x00, 0x00,
    0x00, 0x00, 0x00, 0x00, 0x00, 0x00, 0x00, 0x00, 0x00, 0x00, 0x00, 0x00,
    0x00, 0x00, 0x00, 0x00, 0x00, 0x00, 0x00, 0x00, 0x00, 0x00, 0x00, 0x00,
    0x00, 0x00, 0x00, 0x00, 0x15, 0x01, 0x50, 0x00, 0x1D, 0x01, 0xD0, 0x00,
    0x1D, 0x55, 0xD0, 0x00, 0x1F, 0xFF, 0xD0, 0x00, 0x15, 0x55, 0x50, 0x00,
    0x00, 0x00, 0x00, 0x00, 0x00, 0x00, 0x00, 0x00, 0x00, 0x00, 0x00, 0x00,
    0x00, 0x00, 0x00, 0x00, 0x00, 0x00, 0x00, 0x00, 0x00, 0x00, 0x00, 0x00,
    0x00, 0x00, 0x00, 0x00, 0x00, 0x00, 0x00, 0x00, 0x00, 0x00, 0x00, 0x00,
    0x15, 0x01, 0x50, 0x00, 0x1D, 0x01, 0xD0, 0x00, 0x1D, 0x55, 0xD0, 0x00,
    0x1F, 0xFF, 0xD0, 0x00, 0x15, 0x55, 0x50, 0x00, 0x00, 0x00, 0x00, 0x00,
    0x00, 0x00, 0x00, 0x00, 0x00, 0x00, 0x00, 0x00, 0x00, 0x00, 0x00, 0x00,
    0x00, 0x00, 0x00, 0x00, 0x00, 0x00, 0x00, 0x00, 0x00, 0x00, 0x00, 0x00,
    0x00, 0x00, 0x00, 0x00, 0x00, 0x00, 0x00, 0x00, 0x15, 0x01, 0x50, 0x00,
    0x1D, 0x01, 0xD0, 0x00, 0x1D, 0x55, 0xD0, 0x00, 0x1F, 0xFF, 0xD0, 0x00,
    0x15, 0x55, 0x50, 0x00, 0x00, 0x00, 0x00, 0x00, 0x00, 0x00, 0x00, 0x00,
    0x00, 0x00, 0x00, 0x00, 0x00, 0x00, 0x00, 0x00, 0x00, 0x00, 0x00, 0x00,
    0x00, 0x00, 0x00, 0x00, 0x00, 0x00, 0x00, 0x00, 0x00, 0x00, 0x00, 0x00,
    0x00, 0x00, 0x00, 0x00, 0x15, 0x01, 0x50, 0x00, 0x1D, 0x01, 0xD0, 0x00,
    0x1D, 0x55, 0xD0, 0x00, 0x1F, 0xFF, 0xD0, 0x00, 0x15, 0x55, 0x50, 0x00,
    0x00, 0x00, 0x00, 0x00, 0x00, 0x00, 0x00, 0x00, 0x00, 0x00, 0x00, 0x00,
    0x00, 0x00, 0x00, 0x00, 0x00, 0x00, 0x00, 0x00, 0x00, 0x00, 0x00, 0x00,
    0x00, 0x00, 0x00, 0x00, 0x00, 0x00, 0x00, 0x00, 0x00, 0x00, 0x00, 0x00,
    0x15, 0x01, 0x50, 0x00, 0x1D, 0x01, 0xD0, 0x00, 0x1D, 0x55, 0xD0, 0x00,
    0x1F, 0xFF, 0xD0, 0x00, 0x15, 0x55, 0x50, 0x00, 0x00, 0x00, 0x00, 0x00,
    0x00, 0x00, 0x00, 0x00, 0x00, 0x00, 0x00, 0x00, 0x00, 0x00, 0x00, 0x00,
    0x00, 0x00, 0x00, 0x00, 0x00, 0x00, 0x00, 0x00, 0x00, 0x00, 0x00, 0x00,
    0x00, 0x00, 0x00, 0x00, 0x00, 0x00, 0x00, 0x00, 0x15, 0x01, 0x50, 0x00,
    0x1D, 0x01, 0xD0, 0x00, 0x1D, 0x55, 0xD0, 0x00, 0x1F, 0xFF, 0xD0, 0x00,
    0x15, 0x55, 0x50, 0x00, 0x00, 0x00, 0x00, 0x00, 0x00, 0x00, 0x00, 0x00,
    0x00, 0x00, 0x00, 0x00, 0x00, 0x00, 0x00, 0x00, 0x00, 0x00, 0x00, 0x00,
    0x00, 0x00, 0x00, 0x00, 0x00, 0x00, 0x00, 0x00, 0x00, 0x00, 0x00, 0x00,
    0x00, 0x00, 0x00, 0x00, 0x15, 0x01, 0x50, 0x00, 0x1D, 0x01, 0xD0, 0x00,
    0x1D, 0x55, 0xD0, 0x00, 0x1F, 0xFF, 0xD0, 0x00, 0x15, 0x55, 0x50, 0x00,
    0x00, 0x00, 0x00, 0x00, 0x00, 0x00, 0x00, 0x00, 0x00, 0x00, 0x00, 0x00,
    0x00, 0x00, 0x00, 0x00, 0x00, 0x00, 0x00, 0x00, 0x00, 0x00, 0x00, 0x00,
    0x00, 0x00, 0x00, 0x00, 0x00, 0x00, 0x00, 0x00, 0x00, 0x00, 0x00, 0x00,
    0x15, 0x01, 0x50, 0x00, 0x1D, 0x01, 0xD0, 0x00, 0x1D, 0x55, 0xD0, 0x00,
    0x1F, 0xFF, 0xD0, 0x00, 0x15, 0x55, 0x50, 0x00, 0x00, 0x00, 0x00, 0x00,
    0x00, 0x00, 0x00, 0x00, 0x00, 0x00, 0x00, 0x00, 0x00, 0x00, 0x00, 0x00,
    0x00, 0x00, 0x00, 0x00, 0x00, 0x00, 0x00, 0x00, 0x00, 0x00, 0x00, 0x00,
    0x00, 0x00, 0x00, 0x00, 0x00, 0x00, 0x00, 0x00, 0x15, 0x01, 0x50, 0x00,
    0x1D, 0x01, 0xD0, 0x00, 0x1D, 0x55, 0xD0, 0x00, 0x1F, 0xFF, 0xD0, 0x00,
    0x15, 0x55, 0x50, 0x00, 0x00, 0x00, 0x00, 0x00, 0x00, 0x00, 0x00, 0x00,
    0x00, 0x00, 0x00, 0x00, 0x00, 0x00, 0x00, 0x00, 0x00, 0x00, 0x00, 0x00,
    0x00, 0x00, 0x00, 0x00, 0x00, 0x00, 0x00, 0x00, 0x00, 0x00, 0x00, 0x00,
    0x00, 0x00, 0x00, 0x00, 0x15, 0x01, 0x50, 0x00, 0x1D, 0x01, 0xD0, 0x00,
    0x1D, 0x55, 0xD0, 0x00, 0x1F, 0xFF, 0xD0, 0x00, 0x15, 0x55, 0x50, 0x00,
    0x00, 0x00, 0x00, 0x00, 0x00, 0x00, 0x00, 0x00, 0x00, 0x00, 0x00, 0x00,
    0x00, 0x00, 0x00, 0x00, 0x00, 0x00, 0x00, 0x00, 0x00, 0x00, 0x00, 0x00,
    0x00, 0x00, 0x00, 0x00, 0x00, 0x00, 0x00, 0x00, 0x00, 0x00, 0x00, 0x00,
    0x15, 0x01, 0x50, 0x00, 0x1D, 0x01, 0xD0, 0x00, 0x1D, 0x55, 0xD0, 0x00,
    0x1F, 0xFF, 0xD0, 0x00, 0x15, 0x55, 0x50, 0x00, 0x00, 0x00, 0x00, 0x00,
    0x00, 0x00, 0x00, 0x00, 0x00, 0x00, 0x00, 0x00, 0x00, 0x00, 0x00, 0x00,
    0x00, 0x00, 0x00, 0x00, 0x00, 0x00, 0x00, 0x00, 0x00, 0x00, 0x00, 0x00,
    0x00, 0x00, 0x00, 0x00, 0x00, 0x00, 0x00, 0x00, 0x15, 0x01, 0x50, 0x00,
    0x1D, 0x01, 0xD0, 0x00, 0x1D, 0x55, 0xD0, 0x00, 0x1F, 0xFF, 0xD0, 0x00,
    0x15, 0x55, 0x50, 0x00, 0x00, 0x00, 0x00, 0x00, 0x00, 0x00, 0x00, 0x00,
    0x00, 0x00, 0x00, 0x00, 0x00, 0x00, 0x00, 0x00, 0x00, 0x00, 0x00, 0x00,
    0x00, 0x00, 0x00, 0x00, 0x00, 0x00, 0x00, 0x00, 0x00, 0x00, 0x00, 0x00,
    0x00, 0x00, 0x00, 0x00, 0x15, 0x01, 0x50, 0x00, 0x1D, 0x01, 0xD0, 0x00,
    0x1D, 0x55, 0xD0, 0x00, 0x1F, 0xFF, 0xD0, 0x00, 0x15, 0x55, 0x50, 0x00,
    0x00, 0x00, 0x00, 0x00, 0x00, 0x00, 0x00, 0x00, 0x00, 0x00, 0x00, 0x00,
    0x00, 0x00, 0x00, 0x00, 0x00, 0x00, 0x00, 0x00, 0x00, 0x00, 0x00, 0x00,
    0x00, 0x00, 0x00, 0x00, 0x00, 0x00, 0x00, 0x00, 0x00, 0x00, 0x00, 0x00,
    0x15, 0x01, 0x50, 0x00, 0x1D, 0x01, 0xD0, 0x00, 0x1D, 0x55, 0xD0, 0x00,
    0x1F, 0xFF, 0xD0, 0x00, 0x15, 0x55, 0x50, 0x00, 0x00, 0x00, 0x00, 0x00,
    0x00, 0x00, 0x00, 0x00, 0x00, 0x00, 0x00, 0x00, 0x00, 0x00, 0x00, 0x00,
    0x00, 0x00, 0x00, 0x00, 0x00, 0x00, 0x00, 0x00, 0x00, 0x00, 0x00, 0x00,
    0x00, 0x00, 0x00, 0x00, 0x00, 0x00, 0x00, 0x00, 0x15, 0x01, 0x50, 0x00,
    0x1D, 0x01, 0xD0, 0x00, 0x1D, 0x55, 0xD0, 0x00, 0x1F, 0xFF, 0xD0, 0x00,
    0x15, 0x55, 0x50, 0x00, 0x00, 0x00, 0x00, 0x00, 0x00, 0x00, 0x00, 0x00,
    0x00, 0x00, 0x00, 0x00, 0x00, 0x00, 0x00, 0x00, 0x00, 0x00, 0x00, 0x00,
    0x00, 0x00, 0x00, 0x00, 0x00, 0x00, 0x00, 0x00, 0x00, 0x00, 0x00, 0x00,
    0x00, 0x00, 0x00, 0x00, 0x15, 0x01, 0x50, 0x00, 0x1D, 0x01, 0xD0, 0x00,
    0x1D, 0x55, 0xD0, 0x00, 0x1F, 0xFF, 0xD0, 0x00, 0x15, 0x55, 0x50, 0x00,
    0x00, 0x00, 0x00, 0x00, 0x00, 0x00, 0x00, 0x00, 0x00, 0x00, 0x00, 0x00,
    0x00, 0x00, 0x00, 0x00, 0x00, 0x00, 0x00, 0x00, 0x00, 0x00, 0x00, 0x00,
    0x00, 0x00, 0x00, 0x00, 0x00, 0x00, 0x00, 0x00, 0x00, 0x00, 0x00, 0x00,
    0x15, 0x01, 0x50, 0x00, 0x1D, 0x01, 0xD0, 0x00, 0x1D, 0x55, 0xD0, 0x00,
    0x1F, 0xFF, 0xD0, 0x00, 0x15, 0x55, 0x50, 0x00, 0x00, 0x00, 0x00, 0x00,
    0x00, 0x00, 0x00, 0x00, 0x00, 0x00, 0x00, 0x00, 0x00, 0x00, 0x00, 0x00,
    0x00, 0x00, 0x00, 0x00, 0x00, 0x00, 0x00, 0x00, 0x00, 0x00, 0x00, 0x00,
    0x00, 0x00, 0x00, 0x00, 0x00, 0x00, 0x00, 0x00, 0x15, 0x01, 0x50, 0x00,
    0x1D, 0x01, 0xD0, 0x00, 0x1D, 0x55, 0xD0, 0x00, 0x1F, 0xFF, 0xD0, 0x00,
    0x15, 0x55, 0x50, 0x00, 0x00, 0x00, 0x00, 0x00, 0x00, 0x00, 0x00, 0x00,
    0x00, 0x00, 0x00, 0x00, 0x00, 0x00, 0x00, 0x00, 0x00, 0x00, 0x00, 0x00,
    0x00, 0x00, 0x00, 0x00, 0x00, 0x00, 0x00, 0x00, 0x00, 0x00, 0x00, 0x00,
    0x00, 0x00, 0x00, 0x00, 0x15, 0x01, 0x50, 0x00, 0x1D, 0x01, 0xD0, 0x00,
    0x1D, 0x55, 0xD0, 0x00, 0x1F, 0xFF, 0xD0, 0x00, 0x15, 0x55, 0x50, 0x00,
    0x00, 0x00, 0x00, 0x00, 0x00, 0x00, 0x00, 0x00, 0x00, 0x00, 0x00, 0x00,
    0x00, 0x00, 0x00, 0x00, 0x00, 0x00, 0x00, 0x00, 0x00, 0x00, 0x00, 0x00,
    0x00, 0x00, 0x00, 0x00, 0x00, 0x00, 0x00, 0x00, 0x00, 0x00, 0x00, 0x00,
    0x15, 0x01, 0x50, 0x00, 0x1D, 0x01, 0xD0, 0x00, 0x1D, 0x55, 0xD0, 0x00,
    0x1F, 0xFF, 0xD0, 0x00, 0x15, 0x55, 0x50, 0x00, 0x00, 0x00, 0x00, 0x00,
    0x00, 0x00, 0x00, 0x00, 0x00, 0x00, 0x00, 0x00, 0x00, 0x00, 0x00, 0x00,
    0x00, 0x00, 0x00, 0x00, 0x00, 0x00, 0x00, 0x00, 0x00, 0x00, 0x00, 0x00,
    0x00, 0x00, 0x00, 0x00, 0x00, 0x00, 0x00, 0x00, 0x15, 0x01, 0x50, 0x00,
    0x1D, 0x01, 0xD0, 0x00, 0x1D, 0x55, 0xD0, 0x00, 0x1F, 0xFF, 0xD0, 0x00,
    0x15, 0x55, 0x50, 0x00, 0x00, 0x00, 0x00, 0x00, 0x00, 0x00, 0x00, 0x00,
    0x00, 0x00, 0x00, 0x00, 0x00, 0x00, 0x00, 0x00, 0x00, 0x00, 0x00, 0x00,
    0x00, 0x00, 0x00, 0x00, 0x00, 0x00, 0x00, 0x00, 0x00, 0x00, 0x00, 0x00,
    0x00, 0x00, 0x00, 0x00, 0x15, 0x01, 0x50, 0x00, 0x1D, 0x01, 0xD0, 0x00,
    0x1D, 0x55, 0xD0, 0x00, 0x1F, 0xFF, 0xD0, 0x00, 0x15, 0x55, 0x50, 0x00,
    0x00, 0x00, 0x00, 0x00, 0x00, 0x00, 0x00, 0x00, 0x00, 0x00, 0x00, 0x00,
    0x00, 0x00, 0x00, 0x00, 0x00, 0x00, 0x00, 0x00, 0x00, 0x00, 0x00, 0x00,
    0x00, 0x00, 0x00, 0x00, 0x00, 0x00, 0x00, 0x00, 0x00, 0x00, 0x00, 0x00,
    0x15, 0x01, 0x50, 0x00, 0x1D, 0x01, 0xD0, 0x00, 0x1D, 0x55, 0xD0, 0x00,
    0x1F, 0xFF, 0xD0, 0x00, 0x15, 0x55, 0x50, 0x00, 0x00, 0x00, 0x00, 0x00,
    0x00, 0x00, 0x00, 0x00, 0x00, 0x00, 0x00, 0x00, 0x00, 0x00, 0x00, 0x00,
    0x00, 0x00, 0x00, 0x00, 0x00, 0x00, 0x00, 0x00, 0x00, 0x00, 0x00, 0x00,
    0x00, 0x00, 0x00, 0x00, 0x00, 0x00, 0x00, 0x00, 0x15, 0x01, 0x50, 0x00,
    0x1D, 0x01, 0xD0, 0x00, 0x1D, 0x55, 0xD0, 0x00, 0x1F, 0xFF, 0xD0, 0x00,
    0x15, 0x55, 0x50, 0x00, 0x00, 0x00, 0x00, 0x00, 0x00, 0x00, 0x00, 0x00,
    0x00, 0x00, 0x00, 0x00, 0x00, 0x00, 0x00, 0x00, 0x00, 0x00, 0x00, 0x00,
    0x00, 0x00, 0x00, 0x00, 0x00, 0x00, 0x00, 0x00, 0x00, 0x00, 0x00, 0x00,
    0x00, 0x00, 0x00, 0x00, 0x15, 0x01, 0x50, 0x00, 0x1D, 0x01, 0xD0, 0x00,
    0x1D, 0x55, 0xD0, 0x00, 0x1F, 0xFF, 0xD0, 0x00, 0x15, 0x55, 0x50, 0x00,
    0x00, 0x00, 0x00, 0x00, 0x00, 0x00, 0x00, 0x00, 0x00, 0x00, 0x00, 0x00,
    0x00, 0x00, 0x00, 0x00, 0x00, 0x00, 0x00, 0x00, 0x00, 0x00, 0x00, 0x00,
    0x00, 0x00, 0x00, 0x00, 0x00, 0x00, 0x00, 0x00, 0x00, 0x00, 0x00, 0x00,
    0x15, 0x01, 0x50, 0x00, 0x1D, 0x01, 0xD0, 0x00, 0x1D, 0x55, 0xD0, 0x00,
    0x1F, 0xFF, 0xD0, 0x00, 0x15, 0x55, 0x50, 0x00, 0x00, 0x00, 0x00, 0x00,
    0x00, 0x00, 0x00, 0x00, 0x00, 0x00, 0x00, 0x00, 0x00, 0x00, 0x00, 0x00,
    0x00, 0x00, 0x00, 0x00, 0x00, 0x00, 0x00, 0x00, 0x00, 0x00, 0x00, 0x00,
    0x00, 0x00, 0x00, 0x00, 0x00, 0x00, 0x00, 0x00, 0x15, 0x01, 0x50, 0x00,
    0x1D, 0x01, 0xD0, 0x00, 0x1D, 0x55, 0xD0, 0x00, 0x1F, 0xFF, 0xD0, 0x00,
    0x15, 0x55, 0x50, 0x00, 0x00, 0x00, 0x00, 0x00, 0x00, 0x00, 0x00, 0x00,
    0x00, 0x00, 0x00, 0x00, 0x00, 0x00, 0x00, 0x00, 0x00, 0x00, 0x00, 0x00,
    0x00, 0x00, 0x00, 0x00, 0x00, 0x00, 0x00, 0x00, 0x00, 0x00, 0x00, 0x00,
    0x00, 0x00, 0x00, 0x00, 0x00, 0x00, 0x00, 0x00, 0x00, 0x00, 0x00, 0x00,
    0x00, 0x00, 0x00, 0x00, 0x00, 0x00, 0x00, 0x00, 0x00, 0x00, 0x00, 0x00,
    0x00, 0x00, 0x00, 0x00, 0x00, 0x00, 0x00, 0x00, 0x00, 0x00, 0x00, 0x00,
    0x05, 0x50, 0x00, 0x00, 0x07, 0xD0, 0x00, 0x00, 0x07, 0xD0, 0x00, 0x00,
    0x07, 0xD0, 0x00, 0x00, 0x07, 0xD0, 0x00, 0x00, 0x06, 0x90, 0x00, 0x00,
    0x05, 0x50, 0x00, 0x00, 0x00, 0x00, 0x00, 0x00, 0x05, 0x50, 0x00, 0x00,
    0x07, 0xD0, 0x00, 0x00, 0x07, 0xD0, 0x00, 0x00, 0x05, 0x50, 0x00, 0x00,
    0x00, 0x00, 0x00, 0x00, 0x00, 0x00, 0x00, 0x00, 0x05, 0x45, 0x40, 0x00,
    0x07, 0x47, 0x40, 0x00, 0x07, 0x47, 0x40, 0x00, 0x07, 0x47, 0x40, 0x00,
    0x05, 0x45, 0x40, 0x00, 0x00, 0x00, 0x00, 0x00, 0x00, 0x00, 0x00, 0x00,
    0x00, 0x00, 0x00, 0x00, 0x00, 0x00, 0x00, 0x00, 0x00, 0x00, 0x00, 0x00,
    0x00, 0x00, 0x00, 0x00, 0x00, 0x00, 0x00, 0x00, 0x00, 0x00, 0x00, 0x00,
    0x00, 0x00, 0x00, 0x00, 0x00, 0x00, 0x00, 0x00, 0x05, 0x55, 0x00, 0x00,
    0x07, 0x5D, 0x00, 0x00, 0x57, 0x5D, 0x50, 0x00, 0x7F, 0xFF, 0xD0, 0x00,
    0x57, 0x5D, 0x50, 0x00, 0x57, 0x5D, 0x50, 0x00, 0x7F, 0xFF, 0xD0, 0x00,
    0x57, 0x5D, 0x50, 0x00, 0x07, 0x5D, 0x00, 0x00, 0x07, 0x5D, 0x00, 0x00,
    0x05, 0x55, 0x00, 0x00, 0x00, 0x00, 0x00, 0x00, 0x00, 0x00, 0x00, 0x00,
    0x00, 0x54, 0x00, 0x00, 0x00, 0x74, 0x00, 0x00, 0x05, 0x75, 0x50, 0x00,
    0x17, 0xFF, 0xD0, 0x00, 0x1D, 0x75, 0x50, 0x00, 0x17, 0xFF, 0x50, 0x00,
    0x05, 0x75, 0xD0, 0x00, 0x15, 0x75, 0xD0, 0x00, 0x1F, 0xFF, 0x50, 0x00,
    0x15, 0x75, 0x40, 0x00, 0x00, 0x74, 0x00, 0x00, 0x00, 0x54, 0x00, 0x00,
    0x00, 0x00, 0x00, 0x00, 0x00, 0x00, 0x00, 0x00, 0x00, 0x00, 0x00, 0x00,
    0x55, 0x51, 0x50, 0x00, 0x7F, 0xD5, 0xD0, 0x00, 0x75, 0xD7, 0xD0, 0x00,
    0x75, 0xDF, 0x50, 0x00, 0x7F, 0xFD, 0x40, 0x00, 0x55, 0xD5, 0x50, 0x00,
    0x17, 0x7F, 0xD0, 0x00, 0x5D, 0x75, 0xD0, 0x00, 0x75, 0x75, 0xD0, 0x00,
    0x54, 0x7F, 0xD0, 0x00, 0x00, 0x55, 0x50, 0x00, 0x00, 0x00, 0x00, 0x00,
    0x00, 0x00, 0x00, 0x00, 0x00, 0x00, 0x00, 0x00, 0x05, 0x54, 0x00, 0x00,
    0x17, 0xF5, 0x00, 0x00, 0x1D, 0x5D, 0x00, 0x00, 0x1D, 0x5D, 0x00, 0x00,
    0x17, 0x75, 0x50, 0x00, 0x17, 0xD5, 0xD0, 0x00, 0x1D, 0x75, 0xD0, 0x00,
    0x1D, 0x5D, 0xC0, 0x00, 0x1D, 0x57, 0x50, 0x00, 0x17, 0xFD, 0xD0, 0x00,
    0x05, 0x51, 0x50, 0x00, 0x00, 0x00, 0x00, 0x00, 0x00, 0x00, 0x00, 0x00,
    0x00, 0x00, 0x00, 0x00, 0x01, 0x54, 0x00, 0x00, 0x01, 0xF4, 0x00, 0x00,
    0x01, 0xF4, 0x00, 0x00, 0x01, 0x74, 0x00, 0x00, 0x01, 0xD4, 0x00, 0x00,
    0x01, 0x50, 0x00, 0x00, 0x00, 0x00, 0x00, 0x00, 0x00, 0x00, 0x00, 0x00,
    0x00, 0x00, 0x00, 0x00, 0x00, 0x00, 0x00, 0x00, 0x00, 0x00, 0x00, 0x00,
    0x00, 0x00, 0x00, 0x00, 0x00, 0x00, 0x00, 0x00, 0x00, 0x15, 0x00, 0x00,
    0x00, 0x5D, 0x00, 0x00, 0x01, 0x75, 0x00, 0x00, 0x01, 0xD4, 0x00, 0x00,
    0x05, 0xD0, 0x00, 0x00, 0x07, 0x50, 0x00, 0x00, 0x07, 0x50, 0x00, 0x00,
    0x05, 0xD0, 0x00, 0x00, 0x01, 0xD4, 0x00, 0x00, 0x01, 0x75, 0x00, 0x00,
    0x00, 0x5D, 0x00, 0x00, 0x00, 0x15, 0x00, 0x00, 0x00, 0x00, 0x00, 0x00,
    0x00, 0x00, 0x00, 0x00, 0x01, 0x50, 0x00, 0x00, 0x01, 0xD4, 0x00, 0x00,
    0x01, 0x75, 0x00, 0x00, 0x00, 0x5D, 0x00, 0x00, 0x00, 0x1D, 0x40, 0x00,
    0x00, 0x17, 0x40, 0x00, 0x00, 0x17, 0x40, 0x00, 0x00, 0x1D, 0x40, 0x00,
    0x00, 0x5D, 0x00, 0x00, 0x01, 0x75, 0x00, 0x00, 0x01, 0xD4, 0x00, 0x00,
    0x01, 0x50, 0x00, 0x00, 0x00, 0x00, 0x00, 0x00, 0x00, 0x00, 0x00, 0x00,
    0x00, 0x00, 0x00, 0x00, 0x05, 0x45, 0x40, 0x00, 0x07, 0x57, 0x40, 0x00,
    0x05, 0xDD, 0x40, 0x00, 0x15, 0x75, 0x50, 0x00, 0x1F, 0xFF, 0xD0, 0x00,
    0x15, 0x75, 0x50, 0x00, 0x05, 0xDD, 0x40, 0x00, 0x07, 0x57, 0x40, 0x00,
    0x05, 0x45, 0x40, 0x00, 0x00, 0x00, 0x00, 0x00, 0x00, 0x00, 0x00, 0x00,
    0x00, 0x00, 0x00, 0x00, 0x00, 0x00, 0x00, 0x00, 0x00, 0x00, 0x00, 0x00,
    0x00, 0x54, 0x00, 0x00, 0x00, 0x74, 0x00, 0x00, 0x00, 0x74, 0x00, 0x00,
    0x15, 0x75, 0x50, 0x00, 0x1F, 0xFF, 0xD0, 0x00, 0x15, 0x75, 0x50, 0x00,
    0x00, 0x74, 0x00, 0x00, 0x00, 0x74, 0x00, 0x00, 0x00, 0x54, 0x00, 0x00,
    0x00, 0x00, 0x00, 0x00, 0x00, 0x00, 0x00, 0x00, 0x00, 0x00, 0x00, 0x00,
    0x00, 0x00, 0x00, 0x00, 0x00, 0x00, 0x00, 0x00, 0x00, 0x00, 0x00, 0x00,
    0x00, 0x00, 0x00, 0x00, 0x00, 0x00, 0x00, 0x00, 0x00, 0x00, 0x00, 0x00,
    0x00, 0x00, 0x00, 0x00, 0x00, 0x00, 0x00, 0x00, 0x01, 0x54, 0x00, 0x00,
    0x01, 0xF4, 0x00, 0x00, 0x01, 0xF4, 0x00, 0x00, 0x01, 0x74, 0x00, 0x00,
    0x01, 0xD4, 0x00, 0x00, 0x01, 0x50, 0x00, 0x00, 0x00, 0x00, 0x00, 0x00,
    0x00, 0x00, 0x00, 0x00, 0x00, 0x00, 0x00, 0x00, 0x00, 0x00, 0x00, 0x00,
    0x00, 0x00, 0x00, 0x00, 0x15, 0x55, 0x50, 0x00, 0x1F, 0xFF, 0xD0, 0x00,
    0x15, 0x55, 0x50, 0x00, 0x00, 0x00, 0x00, 0x00, 0x00, 0x00, 0x00, 0x00,
    0x00, 0x00, 0x00, 0x00, 0x00, 0x00, 0x00, 0x00, 0x00, 0x00, 0x00, 0x00,
    0x00, 0x00, 0x00, 0x00, 0x00, 0x00, 0x00, 0x00, 0x00, 0x00, 0x00, 0x00,
    0x00, 0x00, 0x00, 0x00, 0x00, 0x00, 0x00, 0x00, 0x00, 0x00, 0x00, 0x00,
    0x00, 0x00, 0x00, 0x00, 0x00, 0x00, 0x00, 0x00, 0x00, 0x00, 0x00, 0x00,
    0x00, 0x00, 0x00, 0x00, 0x01, 0x54, 0x00, 0x00, 0x01, 0xF4, 0x00, 0x00,
    0x01, 0xF4, 0x00, 0x00, 0x01, 0x54, 0x00, 0x00, 0x00, 0x00, 0x00, 0x00,
    0x00, 0x00, 0x00, 0x00, 0x00, 0x00, 0x00, 0x00, 0x00, 0x01, 0x50, 0x00,
    0x00, 0x05, 0xD0, 0x00, 0x00, 0x17, 0x50, 0x00, 0x00, 0x5D, 0x40, 0x00,
    0x01, 0x75, 0x00, 0x00, 0x05, 0xD4, 0x00, 0x00, 0x17, 0x50, 0x00, 0x00,
    0x5D, 0x40, 0x00, 0x00, 0x75, 0x00, 0x00, 0x00, 0x54, 0x00, 0x00, 0x00,
    0x00, 0x00, 0x00, 0x00, 0x00, 0x00, 0x00, 0x00, 0x00, 0x00, 0x00, 0x00,
    0x00, 0x54, 0x00, 0x00, 0x01, 0xFD, 0x00, 0x00, 0x07, 0x57, 0x40, 0x00,
    0x1D, 0x01, 0xD0, 0x00, 0x1D, 0x07, 0xD0, 0x00, 0x1D, 0x1D, 0xD0, 0x00,
    0x1D, 0x75, 0xD0, 0x00, 0x1D, 0xD1, 0xD0, 0x00, 0x1F, 0x41, 0xD0, 0x00,
    0x1D, 0x01, 0xD0, 0x00, 0x07, 0x57, 0x40, 0x00, 0x01, 0xFD, 0x00, 0x00,
    0x00, 0x54, 0x00, 0x00, 0x00, 0x00, 0x00, 0x00, 0x00, 0x10, 0x00, 0x00,
    0x00, 0x74, 0x00, 0x00, 0x01, 0xF4, 0x00, 0x00, 0x07, 0xF4, 0x00, 0x00,
    0x01, 0x74, 0x00, 0x00, 0x00, 0x74, 0x00, 0x00, 0x00, 0x74, 0x00, 0x00,
    0x00, 0x74, 0x00, 0x00, 0x00, 0x74, 0x00, 0x00, 0x00, 0x74, 0x00, 0x00,
    0x01, 0x75, 0x00, 0x00, 0x07, 0xFF, 0x40, 0x00, 0x01, 0x55, 0x00, 0x00,
    0x00, 0x00, 0x00, 0x00, 0x01, 0x55, 0x00, 0x00, 0x07, 0xFF, 0x00, 0x00,
    0x1D, 0x55, 0xD0, 0x00, 0x04, 0x01, 0xD0, 0x00, 0x00, 0x01, 0xD0, 0x00,
    0x00, 0x01, 0xD0, 0x00, 0x00, 0x07, 0x40, 0x00, 0x00, 0x1D, 0x00, 0x00,
    0x00, 0x74, 0x00, 0x00, 0x01, 0xD0, 0x00, 0x00, 0x07, 0x55, 0x40, 0x00,
    0x1F, 0xFF, 0xD0, 0x00, 0x05, 0x55, 0x40, 0x00, 0x00, 0x00, 0x00, 0x00,
    0x01, 0x55, 0x00, 0x00, 0x07, 0xFF, 0x40, 0x00, 0x1D, 0x55, 0xD0, 0x00,
    0x04, 0x01, 0xD0, 0x00, 0x00, 0x01, 0xD0, 0x00, 0x00, 0x55, 0xD0, 0x00,
    0x01, 0xFF, 0x40, 0x00, 0x00, 0x55, 0xD0, 0x00, 0x00, 0x01, 0xD0, 0x00,
    0x04, 0x01, 0xD0, 0x00, 0x1D, 0x55, 0xD0, 0x00, 0x07, 0xFF, 0x40, 0x00,
    0x01, 0x55, 0x00, 0x00, 0x00, 0x00, 0x00, 0x00, 0x00, 0x01, 0x00, 0x00,
    0x00, 0x07, 0x40, 0x00, 0x00, 0x1F, 0x40, 0x00, 0x00, 0x77, 0x40, 0x00,
    0x01, 0xD7, 0x40, 0x00, 0x07, 0x47, 0x40, 0x00, 0x1D, 0x07, 0x40, 0x00,
    0x1D, 0x07, 0x40, 0x00, 0x1D, 0x57, 0x40, 0x00, 0x1F, 0xFF, 0xD0, 0x00,
    0x05, 0x57, 0x40, 0x00, 0x00, 0x07, 0x40, 0x00, 0x00, 0x01, 0x00, 0x00,
    0x00, 0x00, 0x00, 0x00, 0x05, 0x55, 0x40, 0x00, 0x1F, 0xFF, 0xD0, 0x00,
    0x1D, 0x55, 0x40, 0x00, 0x1D, 0x00, 0x00, 0x00, 0x1D, 0x55, 0x00, 0x00,
    0x1F, 0xFF, 0x40, 0x00, 0x05, 0x55, 0xD0, 0x00, 0x00, 0x01, 0xD0, 0x00,
    0x00, 0x01, 0xD0, 0x00, 0x04, 0x01, 0xD0, 0x00, 0x1D, 0x55, 0xD0, 0x00,
    0x07, 0xFF, 0x40, 0x00, 0x01, 0x55, 0x00, 0x00, 0x00, 0x00, 0x00, 0x00,
    0x01, 0x55, 0x00, 0x00, 0x07, 0xFF, 0x40, 0x00, 0x1D, 0x55, 0x00, 0x00,
    0x1D, 0x00, 0x00, 0x00, 0x1D, 0x00, 0x00, 0x00, 0x1D, 0x55, 0x00, 0x00,
    0x1F, 0xFF, 0x40, 0x00, 0x1D, 0x55, 0xD0, 0x00, 0x1D, 0x01, 0xD0, 0x00,
    0x1D, 0x01, 0xD0, 0x00, 0x1D, 0x55, 0xD0, 0x00, 0x07, 0xFF, 0x40, 0x00,
    0x01, 0x55, 0x00, 0x00, 0x00, 0x00, 0x00, 0x00, 0x05, 0x55, 0x40, 0x00,
    0x1F, 0xFF, 0xD0, 0x00, 0x1D, 0x55, 0xD0, 0x00, 0x1D, 0x01, 0xD0, 0x00,
    0x04, 0x07, 0x40, 0x00, 0x00, 0x07, 0x40, 0x00, 0x00, 0x1D, 0x00, 0x00,
    0x00, 0x1D, 0x00, 0x00, 0x00, 0x1D, 0x00, 0x00, 0x00, 0x74, 0x00, 0x00,
    0x00, 0x74, 0x00, 0x00, 0x00, 0x74, 0x00, 0x00, 0x00, 0x10, 0x00, 0x00,
    0x00, 0x00, 0x00, 0x00, 0x01, 0x55, 0x00, 0x00, 0x07, 0xFF, 0x40, 0x00,
    0x1D, 0x01, 0xD0, 0x00, 0x1D, 0x01, 0xD0, 0x00, 0x1D, 0x01, 0xD0, 0x00,
    0x07, 0x57, 0x40, 0x00, 0x01, 0xFD, 0x00, 0x00, 0x07, 0x57, 0x40, 0x00,
    0x1D, 0x01, 0xD0, 0x00, 0x1D, 0x01, 0xD0, 0x00, 0x1D, 0x55, 0xD0, 0x00,
    0x07, 0xFF, 0x40, 0x00, 0x01, 0x55, 0x00, 0x00, 0x00, 0x00, 0x00, 0x00,
    0x01, 0x55, 0x00, 0x00, 0x07, 0xFF, 0x40, 0x00, 0x1D, 0x55, 0xD0, 0x00,
    0x1D, 0x01, 0xD0, 0x00, 0x1D, 0x01, 0xD0, 0x00, 0x1D, 0x55, 0xD0, 0x00,
    0x07, 0xFF, 0xD0, 0x00, 0x01, 0x55, 0xD0, 0x00, 0x00, 0x01, 0xD0, 0x00,
    0x04, 0x01, 0xD0, 0x00, 0x1D, 0x55, 0xD0, 0x00, 0x07, 0xFF, 0x40, 0x00,
    0x01, 0x55, 0x00, 0x00, 0x00, 0x00, 0x00, 0x00, 0x00, 0x00, 0x00, 0x00,
    0x01, 0x54, 0x00, 0x00, 0x01, 0xF4, 0x00, 0x00, 0x01, 0xF4, 0x00, 0x00,
    0x01, 0x54, 0x00, 0x00, 0x00, 0x00, 0x00, 0x00, 0x01, 0x54, 0x00, 0x00,
    0x01, 0xF4, 0x00, 0x00, 0x01, 0xF4, 0x00, 0x00, 0x01, 0x54, 0x00, 0x00,
    0x00, 0x00, 0x00, 0x00, 0x00, 0x00, 0x00, 0x00, 0x00, 0x00, 0x00, 0x00,
    0x00, 0x00, 0x00, 0x00, 0x00, 0x00, 0x00, 0x00, 0x01, 0x54, 0x00, 0x00,
    0x01, 0xF4, 0x00, 0x00, 0x01, 0xF4, 0x00, 0x00, 0x01, 0x54, 0x00, 0x00,
    0x00, 0x00, 0x00, 0x00, 0x01, 0x54, 0x00, 0x00, 0x01, 0xF4, 0x00, 0x00,
    0x01, 0xF4, 0x00, 0x00, 0x01, 0x74, 0x00, 0x00, 0x01, 0xD4, 0x00, 0x00,
    0x01, 0x50, 0x00, 0x00, 0x00, 0x00, 0x00, 0x00, 0x00, 0x00, 0x00, 0x00,
    0x00, 0x00, 0x00, 0x00, 0x00, 0x00, 0x00, 0x00, 0x00, 0x15, 0x00, 0x00,
    0x00, 0x5D, 0x00, 0x00, 0x01, 0x75, 0x00, 0x00, 0x05, 0xD4, 0x00, 0x00,
    0x07, 0x50, 0x00, 0x00, 0x05, 0xD4, 0x00, 0x00, 0x01, 0x75, 0x00, 0x00,
    0x00, 0x5D, 0x00, 0x00, 0x00, 0x15, 0x00, 0x00, 0x00, 0x00, 0x00, 0x00,
    0x00, 0x00, 0x00, 0x00, 0x00, 0x00, 0x00, 0x00, 0x00, 0x00, 0x00, 0x00,
    0x00, 0x00, 0x00, 0x00, 0x00, 0x00, 0x00, 0x00, 0x15, 0x55, 0x50, 0x00,
    0x1F, 0xFF, 0xD0, 0x00, 0x15, 0x55, 0x50, 0x00, 0x15, 0x55, 0x50, 0x00,
    0x1F, 0xFF, 0xD0, 0x00, 0x15, 0x55, 0x50, 0x00, 0x00, 0x00, 0x00, 0x00,
    0x00, 0x00, 0x00, 0x00, 0x00, 0x00, 0x00, 0x00, 0x00, 0x00, 0x00, 0x00,
    0x00, 0x00, 0x00, 0x00, 0x00, 0x00, 0x00, 0x00, 0x00, 0x00, 0x00, 0x00,
    0x01, 0x50, 0x00, 0x00, 0x01, 0xD4, 0x00, 0x00, 0x01, 0x75, 0x00, 0x00,
    0x00, 0x5D, 0x40, 0x00, 0x00, 0x17, 0x40, 0x00, 0x00, 0x5D, 0x40, 0x00,
    0x01, 0x75, 0x00, 0x00, 0x01, 0xD4, 0x00, 0x00, 0x01, 0x50, 0x00, 0x00,
    0x00, 0x00, 0x00, 0x00, 0x00, 0x00, 0x00, 0x00, 0x00, 0x00, 0x00, 0x00,
    0x05, 0xFD, 0x40, 0x00, 0x17, 0x57, 0x50, 0x00, 0x1D, 0x45, 0xD0, 0x00,
    0x1D, 0x05, 0xD0, 0x00, 0x15, 0x17, 0x50, 0x00, 0x00, 0x5D, 0x40, 0x00,
    0x00, 0x75, 0x00, 0x00, 0x00, 0x54, 0x00, 0x00, 0x00, 0x74, 0x00, 0x00,
    0x00, 0x74, 0x00, 0x00, 0x00, 0x54, 0x00, 0x00, 0x00, 0x00, 0x00, 0x00,
    0x00, 0x00, 0x00, 0x00, 0x00, 0x00, 0x00, 0x00, 0x05, 0x55, 0x00, 0x00,
    0x17, 0xFD, 0x40, 0x00, 0x5D, 0x57, 0x50, 0x00, 0x75, 0x55, 0xD0, 0x00,
    0x75, 0xFD, 0xD0, 0x00, 0x77, 0x5D, 0xD0, 0x00, 0x77, 0x5F, 0x50, 0x00,
    0x75, 0xFD, 0x40, 0x00, 0x75, 0x55, 0x50, 0x00, 0x5D, 0x55, 0xD0, 0x00,
    0x17, 0xFF, 0x50, 0x00, 0x05, 0x55, 0x40, 0x00, 0x00, 0x00, 0x00, 0x00,
    0x00, 0x00, 0x00, 0x00, 0x00, 0x54, 0x00, 0x00, 0x01, 0x75, 0x00, 0x00,
    0x05, 0xDD, 0x40, 0x00, 0x17, 0x57, 0x50, 0x00, 0x1D, 0x45, 0xD0, 0x00,
    0x1D, 0x01, 0xD0, 0x00, 0x1D, 0x55, 0xD0, 0x00, 0x1F, 0xFF, 0xD0, 0x00,
    0x1D, 0x55, 0xD0, 0x00, 0x1D, 0x01, 0xD0, 0x00, 0x1D, 0x01, 0xD0, 0x00,
    0x15, 0x01, 0x50, 0x00, 0x00, 0x00, 0x00, 0x00, 0x00, 0x00, 0x00, 0x00,
    0x15, 0x55, 0x00, 0x00, 0x1F, 0xFD, 0x40, 0x00, 0x1D, 0x57, 0x50, 0x00,
    0x1D, 0x05, 0xD0, 0x00, 0x1D, 0x55, 0xD0, 0x00, 0x1E, 0xAB, 0x50, 0x00,
    0x1E, 0xAB, 0x50, 0x00, 0x1D, 0x55, 0xD0, 0x00, 0x1D, 0x05, 0xD0, 0x00,
    0x1D, 0x57, 0x50, 0x00, 0x1F, 0xFD, 0x40, 0x00, 0x15, 0x55, 0x00, 0x00,
    0x00, 0x00, 0x00, 0x00, 0x00, 0x00, 0x00, 0x00, 0x01, 0x55, 0x00, 0x00,
    0x05, 0xFD, 0x40, 0x00, 0x17, 0x57, 0x50, 0x00, 0x1D, 0x45, 0xD0, 0x00,
    0x1D, 0x01, 0x50, 0x00, 0x1D, 0x00, 0x00, 0x00, 0x1D, 0x00, 0x00, 0x00,
    0x1D, 0x01, 0x50, 0x00, 0x1D, 0x45, 0xD0, 0x00, 0x17, 0x57, 0x50, 0x00,
    0x05, 0xFD, 0x40, 0x00, 0x01, 0x55, 0x00, 0x00, 0x00, 0x00, 0x00, 0x00,
    0x00, 0x00, 0x00, 0x00, 0x15, 0x54, 0x00, 0x00, 0x1F, 0xF5, 0x00, 0x00,
    0x1D, 0x5D, 0x40, 0x00, 0x1D, 0x17, 0x50, 0x00, 0x1D, 0x05, 0xD0, 0x00,
    0x1D, 0x01, 0xD0, 0x00, 0x1D, 0x01, 0xD0, 0x00, 0x1D, 0x05, 0xD0, 0x00,
    0x1D, 0x17, 0x50, 0x00, 0x1D, 0x5D, 0x40, 0x00, 0x1F, 0xF5, 0x00, 0x00,
    0x15, 0x54, 0x00, 0x00, 0x00, 0x00, 0x00, 0x00, 0x00, 0x00, 0x00, 0x00,
    0x15, 0x55, 0x50, 0x00, 0x1F, 0xFF, 0xD0, 0x00, 0x1D, 0x55, 0x50, 0x00,
    0x1D, 0x00, 0x00, 0x00, 0x1D, 0x55, 0x40, 0x00, 0x1F, 0xFF, 0x40, 0x00,
    0x1D, 0x55, 0x40, 0x00, 0x1D, 0x00, 0x00, 0x00, 0x1D, 0x00, 0x00, 0x00,
    0x1D, 0x55, 0x50, 0x00, 0x1F, 0xFF, 0xD0, 0x00, 0x15, 0x55, 0x50, 0x00,
    0x00, 0x00, 0x00, 0x00, 0x00, 0x00, 0x00, 0x00, 0x15, 0x55, 0x50, 0x00,
    0x1F, 0xFF, 0xD0, 0x00, 0x1D, 0x55, 0x50, 0x00, 0x1D, 0x00, 0x00, 0x00,
    0x1D, 0x55, 0x40, 0x00, 0x1F, 0xFF, 0x40, 0x00, 0x1D, 0x55, 0x40, 0x00,
    0x1D, 0x00, 0x00, 0x00, 0x1D, 0x00, 0x00, 0x00, 0x1D, 0x00, 0x00, 0x00,
    0x1D, 0x00, 0x00, 0x00, 0x15, 0x00, 0x00, 0x00, 0x00, 0x00, 0x00, 0x00,
    0x00, 0x00, 0x00, 0x00, 0x01, 0x55, 0x00, 0x00, 0x05, 0xFD, 0x40, 0x00,
    0x17, 0x57, 0x50, 0x00, 0x1D, 0x45, 0xD0, 0x00, 0x1D, 0x01, 0x50, 0x00,
    0x1D, 0x15, 0x50, 0x00, 0x1D, 0x1F, 0xD0, 0x00, 0x1D, 0x15, 0xD0, 0x00,
    0x1D, 0x45, 0xD0, 0x00, 0x17, 0x57, 0x50, 0x00, 0x05, 0xFD, 0x40, 0x00,
    0x01, 0x55, 0x00, 0x00, 0x00, 0x00, 0x00, 0x00, 0x00, 0x00, 0x00, 0x00,
    0x15, 0x01, 0x50, 0x00, 0x1D, 0x01, 0xD0, 0x00, 0x1D, 0x01, 0xD0, 0x00,
    0x1D, 0x01, 0xD0, 0x00, 0x1D, 0x55, 0xD0, 0x00, 0x1F, 0xFF, 0xD0, 0x00,
    0x1D, 0x55, 0xD0, 0x00, 0x1D, 0x01, 0xD0, 0x00, 0x1D, 0x01, 0xD0, 0x00,
    0x1D, 0x01, 0xD0, 0x00, 0x1D, 0x01, 0xD0, 0x00, 0x15, 0x01, 0x50, 0x00,
    0x00, 0x00, 0x00, 0x00, 0x00, 0x00, 0x00, 0x00, 0x05, 0x55, 0x40, 0x00,
    0x07, 0xFF, 0x40, 0x00, 0x05, 0x75, 0x40, 0x00, 0x00, 0x74, 0x00, 0x00,
    0x00, 0x74, 0x00, 0x00, 0x00, 0x74, 0x00, 0x00, 0x00, 0x74, 0x00, 0x00,
    0x00, 0x74, 0x00, 0x00, 0x00, 0x74, 0x00, 0x00, 0x05, 0x75, 0x40, 0x00,
    0x07, 0xFF, 0x40, 0x00, 0x05, 0x55, 0x40, 0x00, 0x00, 0x00, 0x00, 0x00,
    0x00, 0x00, 0x00, 0x00, 0x05, 0x55, 0x40, 0x00, 0x07, 0xFF, 0x40, 0x00,
    0x05, 0x75, 0x40, 0x00, 0x00, 0x74, 0x00, 0x00, 0x00, 0x74, 0x00, 0x00,
    0x00, 0x74, 0x00, 0x00, 0x00, 0x74, 0x00, 0x00, 0x00, 0x74, 0x00, 0x00,
    0x54, 0x74, 0x00, 0x00, 0x75, 0x74, 0x00, 0x00, 0x5F, 0xD4, 0x00, 0x00,
    0x15, 0x50, 0x00, 0x00, 0x00, 0x00, 0x00, 0x00, 0x00, 0x00, 0x00, 0x00,
    0x15, 0x01, 0x50, 0x00, 0x1D, 0x05, 0xD0, 0x00, 0x1D, 0x17, 0x50, 0x00,
    0x1D, 0x5D, 0x40, 0x00, 0x1D, 0x75, 0x00, 0x00, 0x1D, 0xD4, 0x00, 0x00,
    0x1F, 0xD0, 0x00, 0x00, 0x1D, 0x75, 0x00, 0x00, 0x1D, 0x5D, 0x40, 0x00,
    0x1D, 0x17, 0x50, 0x00, 0x1D, 0x05, 0xD0, 0x00, 0x15, 0x01, 0x50, 0x00,
    0x00, 0x00, 0x00, 0x00, 0x00, 0x00, 0x00, 0x00, 0x15, 0x00, 0x00, 0x00,
    0x1D, 0x00, 0x00, 0x00, 0x1D, 0x00, 0x00, 0x00, 0x1D, 0x00, 0x00, 0x00,
    0x1D, 0x00, 0x00, 0x00, 0x1D, 0x00, 0x00, 0x00, 0x1D, 0x00, 0x00, 0x00,
    0x1D, 0x00, 0x00, 0x00, 0x1D, 0x00, 0x00, 0x00, 0x1D, 0x55, 0x50, 0x00,
    0x1F, 0xFF, 0xD0, 0x00, 0x15, 0x55, 0x50, 0x00, 0x00, 0x00, 0x00, 0x00,
    0x00, 0x00, 0x00, 0x00, 0x15, 0x01, 0x50, 0x00, 0x1D, 0x01, 0xD0, 0x00,
    0x1D, 0x45, 0xD0, 0x00, 0x1F, 0x57, 0xD0, 0x00, 0x1D, 0xDD, 0xD0, 0x00,
    0x1D, 0x75, 0xD0, 0x00, 0x1D, 0x55, 0xD0, 0x00, 0x1D, 0x01, 0xD0, 0x00,
    0x1D, 0x01, 0xD0, 0x00, 0x1D, 0x01, 0xD0, 0x00, 0x1D, 0x01, 0xD0, 0x00,
    0x15, 0x01, 0x50, 0x00, 0x00, 0x00, 0x00, 0x00, 0x00, 0x00, 0x00, 0x00,
    0x15, 0x01, 0x50, 0x00, 0x1D, 0x01, 0xD0, 0x00, 0x1D, 0x41, 0xD0, 0x00,
    0x1F, 0x51, 0xD0, 0x00, 0x1D, 0xD5, 0xD0, 0x00, 0x1D, 0x75, 0xD0, 0x00,
    0x1D, 0x5D, 0xD0, 0x00, 0x1D, 0x17, 0xD0, 0x00, 0x1D, 0x05, 0xD0, 0x00,
    0x1D, 0x01, 0xD0, 0x00, 0x1D, 0x01, 0xD0, 0x00, 0x15, 0x01, 0x50, 0x00,
    0x00, 0x00, 0x00, 0x00, 0x00, 0x00, 0x00, 0x00, 0x01, 0x55, 0x00, 0x00,
    0x05, 0xFD, 0x40, 0x00, 0x17, 0x57, 0x50, 0x00, 0x1D, 0x45, 0xD0, 0x00,
    0x1D, 0x01, 0xD0, 0x00, 0x1D, 0x01, 0xD0, 0x00, 0x1D, 0x01, 0xD0, 0x00,
    0x1D, 0x01, 0xD0, 0x00, 0x1D, 0x45, 0xD0, 0x00, 0x17, 0x57, 0x50, 0x00,
    0x05, 0xFD, 0x40, 0x00, 0x01, 0x55, 0x00, 0x00, 0x00, 0x00, 0x00, 0x00,
    0x00, 0x00, 0x00, 0x00, 0x15, 0x55, 0x00, 0x00, 0x1F, 0xFD, 0x40, 0x00,
    0x1D, 0x57, 0x50, 0x00, 0x1D, 0x05, 0xD0, 0x00, 0x1D, 0x05, 0xD0, 0x00,
    0x1D, 0x57, 0x50, 0x00, 0x1F, 0xFD, 0x40, 0x00, 0x1D, 0x55, 0x00, 0x00,
    0x1D, 0x00, 0x00, 0x00, 0x1D, 0x00, 0x00, 0x00, 0x1D, 0x00, 0x00, 0x00,
    0x15, 0x00, 0x00, 0x00, 0x00, 0x00, 0x00, 0x00, 0x00, 0x00, 0x00, 0x00,
    0x01, 0x55, 0x00, 0x00, 0x05, 0xFD, 0x40, 0x00, 0x17, 0x57, 0x50, 0x00,
    0x1D, 0x45, 0xD0, 0x00, 0x1D, 0x01, 0xD0, 0x00, 0x1D, 0x01, 0xD0, 0x00,
    0x1D, 0x55, 0xD0, 0x00, 0x1D, 0x75, 0xD0, 0x00, 0x1D, 0x5D, 0xD0, 0x00,
    0x17, 0x5F, 0x54, 0x00, 0x05, 0xFD, 0xE4, 0x00, 0x01, 0x55, 0x54, 0x00,
    0x00, 0x00, 0x00, 0x00, 0x00, 0x00, 0x00, 0x00, 0x15, 0x55, 0x00, 0x00,
    0x1F, 0xFD, 0x40, 0x00, 0x1D, 0x57, 0x50, 0x00, 0x1D, 0x05, 0xD0, 0x00,
    0x1D, 0x05, 0xD0, 0x00, 0x1D, 0x57, 0x50, 0x00, 0x1F, 0xFD, 0x40, 0x00,
    0x1D, 0x75, 0x00, 0x00, 0x1D, 0x5D, 0x40, 0x00, 0x1D, 0x17, 0x50, 0x00,
    0x1D, 0x05, 0xD0, 0x00, 0x15, 0x01, 0x50, 0x00, 0x00, 0x00, 0x00, 0x00,
    0x00, 0x00, 0x00, 0x00, 0x01, 0x55, 0x00, 0x00, 0x05, 0xFD, 0x40, 0x00,
    0x17, 0x57, 0x50, 0x00, 0x1D, 0x45, 0xD0, 0x00, 0x1D, 0x55, 0x50, 0x00,
    0x17, 0xA9, 0x00, 0x00, 0x01, 0xAB, 0x50, 0x00, 0x15, 0x55, 0xD0, 0x00,
    0x1D, 0x45, 0xD0, 0x00, 0x17, 0x57, 0x50, 0x00, 0x05, 0xFD, 0x40, 0x00,
    0x01, 0x55, 0x00, 0x00, 0x00, 0x00, 0x00, 0x00, 0x00, 0x00, 0x00, 0x00,
    0x15, 0x55, 0x50, 0x00, 0x1F, 0xFF, 0xD0, 0x00, 0x15, 0x75, 0x50, 0x00,
    0x00, 0x74, 0x00, 0x00, 0x00, 0x74, 0x00, 0x00, 0x00, 0x74, 0x00, 0x00,
    0x00, 0x74, 0x00, 0x00, 0x00, 0x74, 0x00, 0x00, 0x00, 0x74, 0x00, 0x00,
    0x00, 0x74, 0x00, 0x00, 0x00, 0x74, 0x00, 0x00, 0x00, 0x54, 0x00, 0x00,
    0x00, 0x00, 0x00, 0x00, 0x00, 0x00, 0x00, 0x00, 0x15, 0x01, 0x50, 0x00,
    0x1D, 0x01, 0xD0, 0x00, 0x1D, 0x01, 0xD0, 0x00, 0x1D, 0x01, 0xD0, 0x00,
    0x1D, 0x01, 0xD0, 0x00, 0x1D, 0x01, 0xD0, 0x00, 0x1D, 0x01, 0xD0, 0x00,
    0x1D, 0x01, 0xD0, 0x00, 0x1D, 0x45, 0xD0, 0x00, 0x17, 0x57, 0x50, 0x00,
    0x05, 0xFD, 0x40, 0x00, 0x01, 0x55, 0x00, 0x00, 0x00, 0x00, 0x00, 0x00,
    0x00, 0x00, 0x00, 0x00, 0x15, 0x01, 0x50, 0x00, 0x1D, 0x01, 0xD0, 0x00,
    0x1D, 0x01, 0xD0, 0x00, 0x1D, 0x01, 0xD0, 0x00, 0x1D, 0x01, 0xD0, 0x00,
    0x1D, 0x01, 0xD0, 0x00, 0x1D, 0x45, 0xD0, 0x00, 0x17, 0x57, 0x50, 0x00,
    0x05, 0xDD, 0x40, 0x00, 0x01, 0x75, 0x00, 0x00, 0x00, 0x74, 0x00, 0x00,
    0x00, 0x54, 0x00, 0x00, 0x00, 0x00, 0x00, 0x00, 0x00, 0x00, 0x00, 0x00,
    0x15, 0x01, 0x50, 0x00, 0x1D, 0x01, 0xD0, 0x00, 0x1D, 0x55, 0xD0, 0x00,
    0x1D, 0x75, 0xD0, 0x00, 0x1D, 0x75, 0xD0, 0x00, 0x1D, 0x75, 0xD0, 0x00,
    0x1D, 0x75, 0xD0, 0x00, 0x1D, 0x75, 0xD0, 0x00, 0x1D, 0x75, 0xD0, 0x00,
    0x1D, 0x75, 0xD0, 0x00, 0x17, 0xDF, 0x50, 0x00, 0x05, 0x55, 0x40, 0x00,
    0x00, 0x00, 0x00, 0x00, 0x00, 0x00, 0x00, 0x00, 0x15, 0x01, 0x50, 0x00,
    0x1D, 0x01, 0xD0, 0x00, 0x1D, 0x45, 0xD0, 0x00, 0x17, 0x57, 0x50, 0x00,
    0x05, 0xDD, 0x40, 0x00, 0x01, 0x75, 0x00, 0x00, 0x05, 0xDD, 0x40, 0x00,
    0x17, 0x57, 0x50, 0x00, 0x1D, 0x45, 0xD0, 0x00, 0x1D, 0x01, 0xD0, 0x00,
    0x1D, 0x01, 0xD0, 0x00, 0x15, 0x01, 0x50, 0x00, 0x00, 0x00, 0x00, 0x00,
    0x00, 0x00, 0x00, 0x00, 0x15, 0x01, 0x50, 0x00, 0x1D, 0x01, 0xD0, 0x00,
    0x1D, 0x01, 0xD0, 0x00, 0x1D, 0x45, 0xD0, 0x00, 0x17, 0x57, 0x50, 0x00,
    0x05, 0xDD, 0x40, 0x00, 0x01, 0x75, 0x00, 0x00, 0x00, 0x74, 0x00, 0x00,
    0x00, 0x74, 0x00, 0x00, 0x00, 0x74, 0x00, 0x00, 0x00, 0x74, 0x00, 0x00,
    0x00, 0x54, 0x00, 0x00, 0x00, 0x00, 0x00, 0x00, 0x00, 0x00, 0x00, 0x00,
    0x15, 0x55, 0x50, 0x00, 0x1F, 0xFF, 0xD0, 0x00, 0x15, 0x55, 0xD0, 0x00,
    0x00, 0x17, 0x50, 0x00, 0x00, 0x5D, 0x40, 0x00, 0x01, 0x75, 0x00, 0x00,
    0x05, 0xD4, 0x00, 0x00, 0x17, 0x50, 0x00, 0x00, 0x1D, 0x40, 0x00, 0x00,
    0x1D, 0x55, 0x50, 0x00, 0x1F, 0xFF, 0xD0, 0x00, 0x15, 0x55, 0x50, 0x00,
    0x00, 0x00, 0x00, 0x00, 0x00, 0x00, 0x00, 0x00, 0x01, 0x55, 0x00, 0x00,
    0x01, 0xFD, 0x00, 0x00, 0x01, 0xD5, 0x00, 0x00, 0x01, 0xD0, 0x00, 0x00,
    0x01, 0xD0, 0x00, 0x00, 0x01, 0xD0, 0x00, 0x00, 0x01, 0xD0, 0x00, 0x00,
    0x01, 0xD0, 0x00, 0x00, 0x01, 0xD0, 0x00, 0x00, 0x01, 0xD5, 0x00, 0x00,
    0x01, 0xFD, 0x00, 0x00, 0x01, 0x55, 0x00, 0x00, 0x00, 0x00, 0x00, 0x00,
    0x00, 0x00, 0x00, 0x00, 0x00, 0x00, 0x00, 0x00, 0x15, 0x00, 0x00, 0x00,
    0x1D, 0x40, 0x00, 0x00, 0x17, 0x50, 0x00, 0x00, 0x05, 0xD4, 0x00, 0x00,
    0x01, 0x75, 0x00, 0x00, 0x00, 0x5D, 0x40, 0x00, 0x00, 0x17, 0x50, 0x00,
    0x00, 0x05, 0xD0, 0x00, 0x00, 0x01, 0x50, 0x00, 0x00, 0x00, 0x00, 0x00,
    0x00, 0x00, 0x00, 0x00, 0x00, 0x00, 0x00, 0x00, 0x00, 0x00, 0x00, 0x00,
    0x01, 0x55, 0x00, 0x00, 0x01, 0xFD, 0x00, 0x00, 0x01, 0x5D, 0x00, 0x00,
    0x00, 0x1D, 0x00, 0x00, 0x00, 0x1D, 0x00, 0x00, 0x00, 0x1D, 0x00, 0x00,
    0x00, 0x1D, 0x00, 0x00, 0x00, 0x1D, 0x00, 0x00, 0x00, 0x1D, 0x00, 0x00,
    0x01, 0x5D, 0x00, 0x00, 0x01, 0xFD, 0x00, 0x00, 0x01, 0x55, 0x00, 0x00,
    0x00, 0x00, 0x00, 0x00, 0x00, 0x00, 0x00, 0x00, 0x00, 0x54, 0x00, 0x00,
    0x01, 0x75, 0x00, 0x00, 0x05, 0xDD, 0x40, 0x00, 0x17, 0x57, 0x50, 0x00,
    0x1D, 0x45, 0xD0, 0x00, 0x15, 0x01, 0x50, 0x00, 0x00, 0x00, 0x00, 0x00,
    0x00, 0x00, 0x00, 0x00, 0x00, 0x00, 0x00, 0x00, 0x00, 0x00, 0x00, 0x00,
    0x00, 0x00, 0x00, 0x00, 0x00, 0x00, 0x00, 0x00, 0x00, 0x00, 0x00, 0x00,
    0x00, 0x00, 0x00, 0x00, 0x00, 0x00, 0x00, 0x00, 0x00, 0x00, 0x00, 0x00,
    0x00, 0x00, 0x00, 0x00, 0x00, 0x00, 0x00, 0x00, 0x00, 0x00, 0x00, 0x00,
    0x00, 0x00, 0x00, 0x00, 0x00, 0x00, 0x00, 0x00, 0x00, 0x00, 0x00, 0x00,
    0x00, 0x00, 0x00, 0x00, 0x15, 0x55, 0x50, 0x00, 0x1F, 0xFF, 0xD0, 0x00,
    0x15, 0x55, 0x50, 0x00, 0x00, 0x00, 0x00, 0x00, 0x00, 0x00, 0x00, 0x00,
    0x05, 0x50, 0x00, 0x00, 0x07, 0xD0, 0x00, 0x00, 0x07, 0xD0, 0x00, 0x00,
    0x07, 0x50, 0x00, 0x00, 0x05, 0xD0, 0x00, 0x00, 0x01, 0x50, 0x00, 0x00,
    0x00, 0x00, 0x00, 0x00, 0x00, 0x00, 0x00, 0x00, 0x00, 0x00, 0x00, 0x00,
    0x00, 0x00, 0x00, 0x00, 0x00, 0x00, 0x00, 0x00, 0x00, 0x00, 0x00, 0x00,
    0x00, 0x00, 0x00, 0x00, 0x00, 0x00, 0x00, 0x00, 0x00, 0x00, 0x00, 0x00,
    0x00, 0x00, 0x00, 0x00, 0x00, 0x00, 0x00, 0x00, 0x05, 0x55, 0x00, 0x00,
    0x07, 0xFD, 0x00, 0x00, 0x01, 0x57, 0x40, 0x00, 0x05, 0xFF, 0x40, 0x00,
    0x17, 0x57, 0x40, 0x00, 0x1D, 0x47, 0x40, 0x00, 0x17, 0x57, 0x50, 0x00,
    0x05, 0xFD, 0xD0, 0x00, 0x01, 0x55, 0x50, 0x00, 0x00, 0x00, 0x00, 0x00,
    0x00, 0x00, 0x00, 0x00, 0x15, 0x00, 0x00, 0x00, 0x1D, 0x00, 0x00, 0x00,
    0x1D, 0x00, 0x00, 0x00, 0x1D, 0x55, 0x00, 0x00, 0x1F, 0xFD, 0x40, 0x00,
    0x1D, 0x57, 0x50, 0x00, 0x1D, 0x05, 0xD0, 0x00, 0x1D, 0x05, 0xD0, 0x00,
    0x1D, 0x05, 0xD0, 0x00, 0x1D, 0x57, 0x50, 0x00, 0x1F, 0xFD, 0x40, 0x00,
    0x15, 0x55, 0x00, 0x00, 0x00, 0x00, 0x00, 0x00, 0x00, 0x00, 0x00, 0x00,
    0x00, 0x00, 0x00, 0x00, 0x00, 0x00, 0x00, 0x00, 0x00, 0x00, 0x00, 0x00,
    0x01, 0x55, 0x40, 0x00, 0x05, 0xFF, 0x50, 0x00, 0x17, 0x55, 0xD0, 0x00,
    0x1D, 0x41, 0x50, 0x00, 0x1D, 0x00, 0x00, 0x00, 0x1D, 0x41, 0x50, 0x00,
    0x17, 0x55, 0xD0, 0x00, 0x05, 0xFF, 0x50, 0x00, 0x01, 0x55, 0x40, 0x00,
    0x00, 0x00, 0x00, 0x00, 0x00, 0x00, 0x00, 0x00, 0x00, 0x01, 0x50, 0x00,
    0x00, 0x01, 0xD0, 0x00, 0x00, 0x01, 0xD0, 0x00, 0x01, 0x55, 0xD0, 0x00,
    0x05, 0xFF, 0xD0, 0x00, 0x17, 0x55, 0xD0, 0x00, 0x1D, 0x41, 0xD0, 0x00,
    0x1D, 0x41, 0xD0, 0x00, 0x1D, 0x41, 0xD0, 0x00, 0x17, 0x55, 0xD0, 0x00,
    0x05, 0xFF, 0xD0, 0x00, 0x01, 0x55, 0x50, 0x00, 0x00, 0x00, 0x00, 0x00,
    0x00, 0x00, 0x00, 0x00, 0x00, 0x00, 0x00, 0x00, 0x00, 0x00, 0x00, 0x00,
    0x00, 0x00, 0x00, 0x00, 0x01, 0x55, 0x00, 0x00, 0x05, 0xFD, 0x40, 0x00,
    0x17, 0x57, 0x50, 0x00, 0x1D, 0x55, 0xD0, 0x00, 0x1F, 0xFF, 0xD0, 0x00,
    0x1D, 0x55, 0x50, 0x00, 0x17, 0x55, 0x40, 0x00, 0x05, 0xFF, 0x40, 0x00,
    0x01, 0x55, 0x40, 0x00, 0x00, 0x00, 0x00, 0x00, 0x00, 0x00, 0x00, 0x00,
    0x00, 0x05, 0x50, 0x00, 0x00, 0x17, 0xD0, 0x00, 0x00, 0x5D, 0x50, 0x00,
    0x00, 0x75, 0x00, 0x00, 0x15, 0x75, 0x50, 0x00, 0x1F, 0xFF, 0xD0, 0x00,
    0x15, 0x75, 0x50, 0x00, 0x00, 0x74, 0x00, 0x00, 0x00, 0x74, 0x00, 0x00,
    0x00, 0x74, 0x00, 0x00, 0x00, 0x74, 0x00, 0x00, 0x00, 0x54, 0x00, 0x00,
    0x00, 0x00, 0x00, 0x00, 0x00, 0x00, 0x00, 0x00, 0x00, 0x00, 0x00, 0x00,
    0x00, 0x00, 0x00, 0x00, 0x00, 0x00, 0x00, 0x00, 0x01, 0x55, 0x00, 0x00,
    0x05, 0xFD, 0x40, 0x00, 0x17, 0x57, 0x50, 0x00, 0x1D, 0x45, 0xD0, 0x00,
    0x1D, 0x45, 0xD0, 0x00, 0x17, 0x56, 0xD0, 0x00, 0x15, 0xFE, 0xD0, 0x00,
    0x19, 0x55, 0xD0, 0x00, 0x1A, 0x57, 0x50, 0x00, 0x16, 0xFD, 0x40, 0x00,
    0x05, 0x55, 0x00, 0x00, 0x15, 0x00, 0x00, 0x00, 0x1D, 0x00, 0x00, 0x00,
    0x1D, 0x00, 0x00, 0x00, 0x1D, 0x55, 0x00, 0x00, 0x1F, 0xFD, 0x40, 0x00,
    0x1D, 0x57, 0x50, 0x00, 0x1D, 0x05, 0xD0, 0x00, 0x1D, 0x01, 0xD0, 0x00,
    0x1D, 0x01, 0xD0, 0x00, 0x1D, 0x01, 0xD0, 0x00, 0x1D, 0x01, 0xD0, 0x00,
    0x15, 0x01, 0x50, 0x00, 0x00, 0x00, 0x00, 0x00, 0x00, 0x00, 0x00, 0x00,
    0x00, 0x54, 0x00, 0x00, 0x00, 0x74, 0x00, 0x00, 0x00, 0x74, 0x00, 0x00,
    0x00, 0x54, 0x00, 0x00, 0x00, 0x54, 0x00, 0x00, 0x00, 0x74, 0x00, 0x00,
    0x00, 0x74, 0x00, 0x00, 0x00, 0x74, 0x00, 0x00, 0x00, 0x74, 0x00, 0x00,
    0x00, 0x75, 0x40, 0x00, 0x00, 0x5F, 0x40, 0x00, 0x00, 0x15, 0x40, 0x00,
    0x00, 0x00, 0x00, 0x00, 0x00, 0x00, 0x00, 0x00, 0x00, 0x54, 0x00, 0x00,
    0x00, 0x74, 0x00, 0x00, 0x00, 0x74, 0x00, 0x00, 0x00, 0x54, 0x00, 0x00,
    0x00, 0x54, 0x00, 0x00, 0x00, 0x74, 0x00, 0x00, 0x00, 0x74, 0x00, 0x00,
    0x00, 0x74, 0x00, 0x00, 0x00, 0x74, 0x00, 0x00, 0x15, 0x74, 0x00, 0x00,
    0x1F, 0xD4, 0x00, 0x00, 0x15, 0x50, 0x00, 0x00, 0x00, 0x00, 0x00, 0x00,
    0x00, 0x00, 0x00, 0x00, 0x15, 0x00, 0x00, 0x00, 0x1D, 0x00, 0x00, 0x00,
    0x1D, 0x00, 0x00, 0x00, 0x1D, 0x15, 0x40, 0x00, 0x1D, 0x5F, 0x40, 0x00,
    0x1D, 0x75, 0x40, 0x00, 0x1D, 0xD4, 0x00, 0x00, 0x1F, 0x50, 0x00, 0x00,
    0x1D, 0xD4, 0x00, 0x00, 0x1D, 0x75, 0x40, 0x00, 0x1D, 0x5F, 0x40, 0x00,
    0x15, 0x15, 0x40, 0x00, 0x00, 0x00, 0x00, 0x00, 0x00, 0x00, 0x00, 0x00,
    0x00, 0x54, 0x00, 0x00, 0x00, 0x74, 0x00, 0x00, 0x00, 0x74, 0x00, 0x00,
    0x00, 0x74, 0x00, 0x00, 0x00, 0x74, 0x00, 0x00, 0x00, 0x74, 0x00, 0x00,
    0x00, 0x74, 0x00, 0x00, 0x00, 0x74, 0x00, 0x00, 0x00, 0x74, 0x00, 0x00,
    0x00, 0x75, 0x40, 0x00, 0x00, 0x5F, 0x40, 0x00, 0x00, 0x15, 0x40, 0x00,
    0x00, 0x00, 0x00, 0x00, 0x00, 0x00, 0x00, 0x00, 0x00, 0x00, 0x00, 0x00,
    0x00, 0x00, 0x00, 0x00, 0x00, 0x00, 0x00, 0x00, 0x55, 0x55, 0x40, 0x00,
    0x7F, 0x5F, 0x50, 0x00, 0x75, 0xF5, 0xD4, 0x00, 0x75, 0x75, 0x74, 0x00,
    0x74, 0x74, 0x74, 0x00, 0x74, 0x74, 0x74, 0x00, 0x74, 0x74, 0x74, 0x00,
    0x74, 0x74, 0x74, 0x00, 0x54, 0x54, 0x54, 0x00, 0x00, 0x00, 0x00, 0x00,
    0x00, 0x00, 0x00, 0x00, 0x00, 0x00, 0x00, 0x00, 0x00, 0x00, 0x00, 0x00,
    0x00, 0x00, 0x00, 0x00, 0x15, 0x55, 0x00, 0x00, 0x1F, 0xFD, 0x40, 0x00,
    0x1D, 0x57, 0x50, 0x00, 0x1D, 0x05, 0xD0, 0x00, 0x1D, 0x01, 0xD0, 0x00,
    0x1D, 0x01, 0xD0, 0x00, 0x1D, 0x01, 0xD0, 0x00, 0x1D, 0x01, 0xD0, 0x00,
    0x15, 0x01, 0x50, 0x00, 0x00, 0x00, 0x00, 0x00, 0x00, 0x00, 0x00, 0x00,
    0x00, 0x00, 0x00, 0x00, 0x00, 0x00, 0x00, 0x00, 0x00, 0x00, 0x00, 0x00,
    0x01, 0x55, 0x00, 0x00, 0x05, 0xFD, 0x40, 0x00, 0x17, 0x57, 0x50, 0x00,
    0x1D, 0x45, 0xD0, 0x00, 0x1D, 0x01, 0xD0, 0x00, 0x1D, 0x45, 0xD0, 0x00,
    0x17, 0x57, 0x50, 0x00, 0x05, 0xFD, 0x40, 0x00, 0x01, 0x55, 0x00, 0x00,
    0x00, 0x00, 0x00, 0x00, 0x00, 0x00, 0x00, 0x00, 0x00, 0x00, 0x00, 0x00,
    0x00, 0x00, 0x00, 0x00, 0x00, 0x00, 0x00, 0x00, 0x15, 0x55, 0x00, 0x00,
    0x1F, 0xFD, 0x40, 0x00, 0x1D, 0x57, 0x50, 0x00, 0x1D, 0x05, 0xD0, 0x00,
    0x1D, 0x05, 0xD0, 0x00, 0x1D, 0x57, 0x50, 0x00, 0x1F, 0xFD, 0x40, 0x00,
    0x1D, 0x55, 0x00, 0x00, 0x1D, 0x00, 0x00, 0x00, 0x1D, 0x00, 0x00, 0x00,
    0x15, 0x00, 0x00, 0x00, 0x00, 0x00, 0x00, 0x00, 0x00, 0x00, 0x00, 0x00,
    0x00, 0x00, 0x00, 0x00, 0x01, 0x55, 0x50, 0x00, 0x05, 0xFF, 0xD0, 0x00,
    0x17, 0x55, 0xD0, 0x00, 0x1D, 0x41, 0xD0, 0x00, 0x1D, 0x41, 0xD0, 0x00,
    0x17, 0x55, 0xD0, 0x00, 0x05, 0xFF, 0xD0, 0x00, 0x01, 0x55, 0xD0, 0x00,
    0x00, 0x01, 0xD0, 0x00, 0x00, 0x01, 0xD0, 0x00, 0x00, 0x01, 0x50, 0x00,
    0x00, 0x00, 0x00, 0x00, 0x00, 0x00, 0x00, 0x00, 0x00, 0x00, 0x00, 0x00,
    0x05, 0x45, 0x50, 0x00, 0x07, 0x57, 0xD0, 0x00, 0x07, 0x5D, 0x50, 0x00,
    0x07, 0x75, 0x00, 0x00, 0x07, 0xD4, 0x00, 0x00, 0x07, 0x50, 0x00, 0x00,
    0x07, 0x40, 0x00, 0x00, 0x07, 0x40, 0x00, 0x00, 0x05, 0x40, 0x00, 0x00,
    0x00, 0x00, 0x00, 0x00, 0x00, 0x00, 0x00, 0x00, 0x00, 0x00, 0x00, 0x00,
    0x00, 0x00, 0x00, 0x00, 0x00, 0x00, 0x00, 0x00, 0x05, 0x55, 0x50, 0x00,
    0x17, 0xFF, 0xD0, 0x00, 0x1D, 0x55, 0x50, 0x00, 0x1D, 0x55, 0x40, 0x00,
    0x17, 0xFF, 0x50, 0x00, 0x05, 0x55, 0xD0, 0x00, 0x15, 0x55, 0xD0, 0x00,
    0x1F, 0xFF, 0x50, 0x00, 0x15, 0x55, 0x40, 0x00, 0x00, 0x00, 0x00, 0x00,
    0x00, 0x00, 0x00, 0x00, 0x00, 0x54, 0x00, 0x00, 0x00, 0x74, 0x00, 0x00,
    0x00, 0x74, 0x00, 0x00, 0x15, 0x75, 0x50, 0x00, 0x1F, 0xFF, 0xD0, 0x00,
    0x15, 0x75, 0x50, 0x00, 0x00, 0x74, 0x00, 0x00, 0x00, 0x74, 0x00, 0x00,
    0x00, 0x74, 0x00, 0x00, 0x00, 0x75, 0x40, 0x00, 0x00, 0x5F, 0x40, 0x00,
    0x00, 0x15, 0x40, 0x00, 0x00, 0x00, 0x00, 0x00, 0x00, 0x00, 0x00, 0x00,
    0x00, 0x00, 0x00, 0x00, 0x00, 0x00, 0x00, 0x00, 0x00, 0x00, 0x00, 0x00,
    0x15, 0x01, 0x50, 0x00, 0x1D, 0x01, 0xD0, 0x00, 0x1D, 0x01, 0xD0, 0x00,
    0x1D, 0x01, 0xD0, 0x00, 0x1D, 0x01, 0xD0, 0x00, 0x1D, 0x41, 0xD0, 0x00,
    0x17, 0x55, 0xD0, 0x00, 0x05, 0xFF, 0xD0, 0x00, 0x01, 0x55, 0x50, 0x00,
    0x00, 0x00, 0x00, 0x00, 0x00, 0x00, 0x00, 0x00, 0x00, 0x00, 0x00, 0x00,
    0x00, 0x00, 0x00, 0x00, 0x00, 0x00, 0x00, 0x00, 0x15, 0x01, 0x50, 0x00,
    0x1D, 0x01, 0xD0, 0x00, 0x1D, 0x01, 0xD0, 0x00, 0x1D, 0x01, 0xD0, 0x00,
    0x1D, 0x45, 0xD0, 0x00, 0x17, 0x57, 0x50, 0x00, 0x05, 0xDD, 0x40, 0x00,
    0x01, 0x75, 0x00, 0x00, 0x00, 0x54, 0x00, 0x00, 0x00, 0x00, 0x00, 0x00,
    0x00, 0x00, 0x00, 0x00, 0x00, 0x00, 0x00, 0x00, 0x00, 0x00, 0x00, 0x00,
    0x00, 0x00, 0x00, 0x00, 0x15, 0x01, 0x50, 0x00, 0x1D, 0x55, 0xD0, 0x00,
    0x1D, 0x75, 0xD0, 0x00, 0x1D, 0x75, 0xD0, 0x00, 0x1D, 0x75, 0xD0, 0x00,
    0x1D, 0x75, 0xD0, 0x00, 0x1D, 0x75, 0xD0, 0x00, 0x17, 0xDF, 0x50, 0x00,
    0x05, 0x55, 0x40, 0x00, 0x00, 0x00, 0x00, 0x00, 0x00, 0x00, 0x00, 0x00,
    0x00, 0x00, 0x00, 0x00, 0x00, 0x00, 0x00, 0x00, 0x00, 0x00, 0x00, 0x00,
    0x15, 0x01, 0x50, 0x00, 0x1D, 0x45, 0xD0, 0x00, 0x17, 0x57, 0x50, 0x00,
    0x05, 0xDD, 0x40, 0x00, 0x01, 0x75, 0x00, 0x00, 0x05, 0xDD, 0x40, 0x00,
    0x17, 0x57, 0x50, 0x00, 0x1D, 0x45, 0xD0, 0x00, 0x15, 0x01, 0x50, 0x00,
    0x00, 0x00, 0x00, 0x00, 0x00, 0x00, 0x00, 0x00, 0x00, 0x00, 0x00, 0x00,
    0x00, 0x00, 0x00, 0x00, 0x00, 0x00, 0x00, 0x00, 0x15, 0x01, 0x50, 0x00,
    0x1D, 0x01, 0xD0, 0x00, 0x1D, 0x01, 0xD0, 0x00, 0x1D, 0x41, 0xD0, 0x00,
    0x17, 0x55, 0xD0, 0x00, 0x05, 0xFF, 0xD0, 0x00, 0x01, 0x55, 0xD0, 0x00,
    0x00, 0x05, 0xD0, 0x00, 0x01, 0x57, 0x50, 0x00, 0x01, 0xFD, 0x40, 0x00,
    0x01, 0x55, 0x00, 0x00, 0x00, 0x00, 0x00, 0x00, 0x00, 0x00, 0x00, 0x00,
    0x00, 0x00, 0x00, 0x00, 0x15, 0x55, 0x40, 0x00, 0x1F, 0xFF, 0x40, 0x00,
    0x15, 0x5D, 0x40, 0x00, 0x01, 0x75, 0x00, 0x00, 0x05, 0xD4, 0x00, 0x00,
    0x17, 0x50, 0x00, 0x00, 0x1D, 0x55, 0x40, 0x00, 0x1F, 0xFF, 0x40, 0x00,
    0x15, 0x55, 0x40, 0x00, 0x00, 0x00, 0x00, 0x00, 0x00, 0x00, 0x00, 0x00,
    0x00, 0x15, 0x40, 0x00, 0x00, 0x5F, 0x40, 0x00, 0x01, 0x75, 0x40, 0x00,
    0x01, 0xD4, 0x00, 0x00, 0x05, 0xD0, 0x00, 0x00, 0x1B, 0x50, 0x00, 0x00,
    0x1A, 0x90, 0x00, 0x00, 0x05, 0xD0, 0x00, 0x00, 0x01, 0xD4, 0x00, 0x00,
    0x01, 0x75, 0x40, 0x00, 0x00, 0x5F, 0x40, 0x00, 0x00, 0x15, 0x40, 0x00,
    0x00, 0x00, 0x00, 0x00, 0x00, 0x00, 0x00, 0x00, 0x00, 0x54, 0x00, 0x00,
    0x00, 0x74, 0x00, 0x00, 0x00, 0x74, 0x00, 0x00, 0x00, 0x74, 0x00, 0x00,
    0x00, 0x74, 0x00, 0x00, 0x00, 0x74, 0x00, 0x00, 0x00, 0x74, 0x00, 0x00,
    0x00, 0x74, 0x00, 0x00, 0x00, 0x74, 0x00, 0x00, 0x00, 0x74, 0x00, 0x00,
    0x00, 0x74, 0x00, 0x00, 0x00, 0x54, 0x00, 0x00, 0x00, 0x00, 0x00, 0x00,
    0x00, 0x00, 0x00, 0x00, 0x05, 0x50, 0x00, 0x00, 0x07, 0xD4, 0x00, 0x00,
    0x05, 0x75, 0x00, 0x00, 0x00, 0x5D, 0x00, 0x00, 0x00, 0x1D, 0x40, 0x00,
    0x00, 0x17, 0x90, 0x00, 0x00, 0x1A, 0x90, 0x00, 0x00, 0x1D, 0x40, 0x00,
    0x00, 0x5D, 0x00, 0x00, 0x05, 0x75, 0x00, 0x00, 0x07, 0xD4, 0x00, 0x00,
    0x05, 0x50, 0x00, 0x00, 0x00, 0x00, 0x00, 0x00, 0x00, 0x00, 0x00, 0x00,
    0x05, 0x50, 0x00, 0x00, 0x17, 0xD0, 0x50, 0x00, 0x5D, 0x75, 0xD0, 0x00,
    0x74, 0x1F, 0x50, 0x00, 0x54, 0x15, 0x40, 0x00, 0x00, 0x00, 0x00, 0x00,
    0x00, 0x00, 0x00, 0x00, 0x00, 0x00, 0x00, 0x00, 0x00, 0x00, 0x00, 0x00,
    0x00, 0x00, 0x00, 0x00, 0x00, 0x00, 0x00, 0x00, 0x00, 0x00, 0x00, 0x00,
    0x00, 0x00, 0x00, 0x00, 0x00, 0x00, 0x00, 0x00, 0x00, 0x00, 0x00, 0x00,
    0x00, 0x00, 0x00, 0x00, 0x00, 0x00, 0x00, 0x00, 0x00, 0x00, 0x00, 0x00,
    0x00, 0x00, 0x00, 0x00, 0x00, 0x00, 0x00, 0x00, 0x15, 0x01, 0x50, 0x00,
    0x1D, 0x01, 0xD0, 0x00, 0x1D, 0x55, 0xD0, 0x00, 0x1F, 0xFF, 0xD0, 0x00,
    0x15, 0x55, 0x50, 0x00, 0x00, 0x00, 0x00, 0x00, 0x00, 0x00, 0x00, 0x00,
    0x00, 0x00, 0x00, 0x00,
};
// clang-format on

// @TODO: Currently 72.88% match - needs register allocation fixes
void hsd_803921B8(void* bitmap, s32 x, s32 y, s32 dst, s32 w, s32 h,
                  s32 stride, void* tbl)
{
    s32 row;
    s32 col;
    s32 bit_off;
    s32 bit_x;
    s32 off_x;
    s32 off_y;
    u32 max_x;
    s32 data_off;
    u32 word;
    s32 cur_dst;
    s32 shift;
    s32 val;
    GlyphEntry* table;
    GlyphEntry* entry;

    table = tbl;
    off_y = 0;
    off_x = 0;
    if (table == NULL) {
        table = lbl_80408898;
    }
    if (y < 0) {
        off_y = -y;
        y = 0;
    }
    max_x = x + 11;
    if (max_x >= w) {
        max_x = w;
    }
    if (x < 0) {
        off_x = -x;
        x = 0;
    }
    data_off = off_y * 4;
    while (off_y < 14 && (u32) y < h) {
        col = x;
        bit_x = off_x;
        cur_dst = dst + (y * stride) + (x * 2);
        while ((u32) col < max_x) {
            word = *(u32*) ((u8*) bitmap + data_off +
                            (((u32) bit_x >> 2) & 0x3FFFFFFC));
            shift = cur_dst;
            bit_off = bit_x & 0xF;
            while (bit_off < 16 && (u32) col < max_x) {
                val = (word >> ((15 - bit_off) * 2)) & 3;
                entry = &table[val];
                entry->callback((void*) shift, col, y, val, entry);
                bit_off++;
                bit_x++;
                shift += 2;
                cur_dst += 2;
                col++;
            }
        }
        off_y++;
        data_off += 4;
        y++;
    }
}

// @TODO: Currently 85% match - needs register allocation fixes
void hsd_803922FC(void* bitmap, s32 x, s32 y, s32 parity, s32 dst, s32 w,
                  s32 h, s32 stride, void* tbl)
{
    volatile s32 v_stride;
    volatile s32 v_h;
    s32 col;
    s32 bit_off;
    s32 bit_x;
    s32 off_x;
    s32 off_y;
    u32 max_x;
    s32 x2;
    s32 data_off;
    s32 row_idx;
    u32 word;
    s32 cur_dst;
    s32 shift;
    s32 val;
    u8* bmp;
    GlyphEntry* table;
    GlyphEntry* entry;

    v_h = h;
    v_stride = stride;
    bmp = bitmap;
    table = tbl;
    off_y = 0;
    off_x = 0;
    if (table == NULL) {
        table = lbl_80408898;
    }
    if (y < 0) {
        off_y = -y;
        y = 0;
    }
    if (y % 2 != parity) {
        y++;
        off_y++;
    }
    max_x = x + 11;
    if (max_x >= w) {
        max_x = w;
    }
    if (x < 0) {
        off_x = -x;
        x = 0;
    }
    row_idx = y / 2;
    x2 = x * 2;
    data_off = off_y * 4;
    while (off_y < 14 && (u32) y < v_h) {
        col = x;
        bit_x = off_x;
        cur_dst = dst + (row_idx * v_stride) + x2;
        while ((u32) col < max_x) {
            word =
                *(u32*) (bmp + data_off + (((u32) bit_x >> 2) & 0x3FFFFFFC));
            shift = cur_dst;
            bit_off = bit_x & 0xF;
            while (bit_off < 16 && (u32) col < max_x) {
                val = (word >> ((15 - bit_off) * 2)) & 3;
                entry = &table[val];
                entry->callback((void*) shift, col, y, val, entry);
                bit_off++;
                bit_x++;
                shift += 2;
                cur_dst += 2;
                col++;
            }
        }
        off_y += 2;
        data_off += 8;
        row_idx++;
        y += 2;
    }
}

void hsd_80392474(void)
{
    hsd_804D7850 = NULL;
}

HSD_SList* fn_80392480(Event event, int priority)
{
    HSD_SList* prev = NULL;
    HSD_SList* cur = hsd_804D7850;

    goto loop_5;
block_1: {
    HSD_SList* ret = cur->data;
    if (event != (Event) ret->next) {
        if (((struct EventPriority*) ret)->priority <= priority) {
            prev = cur;
        }
        cur = cur->next;
    loop_5:
        if (cur != NULL) {
            goto block_1;
        }
        {
            struct EventPriority* data = HSD_MemAlloc(8);
            data->event = event;
            data->priority = priority;
            if (prev != NULL) {
                return HSD_SListAllocAndAppend(prev, data);
            }
            ret = HSD_SListAllocAndPrepend(hsd_804D7850, data);
        }
        hsd_804D7850 = ret;
    }
    return ret;
}
}

#pragma push
#pragma dont_inline on
void hsd_80392528(Event event)
{
    fn_80392480(event, 0x80);
}
#pragma pop

static GXColor lbl_804D6080;
static u32 lbl_804D6084;
static const u32 lbl_804DE8E0 = 0xFFFFFFFF;

// @TODO: Currently 89.78% match - needs minor control flow and register fixes
void hsd_8039254C(void)
{
    u8 _padA[8];
    GXColor bar_col;
    GXColor bg_col3;
    GXColor bg_col2;
    GXColor bg_col1;
    GXColor txt_col;
    GXColor bg_col0;
    GXColor* p_bar_col = &bar_col;
    GXColor* p_bg_col3 = &bg_col3;
    GXColor* p_bg_col2 = &bg_col2;
    GXColor* p_bg_col1 = &bg_col1;
    GXColor* p_txt_col = &txt_col;
    GXColor* p_bg_col0 = &bg_col0;
    s32 col_pos;
    s32 first;
    f32 line;
    HSD_SList* event_node;
    DispItem* item;
    s32 type;
    s32 char_count;
    s32 j;
    s32 total_ticks;
    DispItem* bar_ptr;
    f32 bar_y;
    f32 bar_x;
    f32 t2;

    col_pos = 60;
    first = 1;
    line = 1.0F;
    event_node = (HSD_SList*) hsd_804D7850;
    txt_col = *(GXColor*) &lbl_804DE8E0;

    while (event_node != NULL) {
        DispCallback cb;
        cb = (DispCallback) ((void**) event_node->data)[0];
        item = cb(event_node->data);

        while (item != NULL) {
            if (first != 0) {
                if (lbl_804D6080.a != 0) {
                    hsd_80391A04(6, 10.0F, 10.0F);
                    bg_col0 = lbl_804D6080;
                    DrawRectangle(-10.0F, 5.0F, 620.0F, 10.0F, p_bg_col0);
                }
                first = 0;
            }
            type = item->type;
            switch (type) {
            case 0:
                if ((&item->content) == NULL) {
                    char_count = 0;
                } else {
                    char_count = 0;
                    j = 0;
                    {
                        s32 len = strlen(item->content.text);
                        while (j < len) {
                            if ((s8) item->content.text[j] != '\\') {
                                char_count++;
                            } else {
                                j++;
                                if ((s8) item->content.text[j] == 'c' ||
                                    (s8) item->content.text[j] == 'C')
                                {
                                    j += 6;
                                }
                            }
                            j++;
                        }
                    }
                }
                if (col_pos + char_count > 60) {
                    line -= 1.0F;
                    col_pos = 0;
                    if (lbl_804D6080.a != 0) {
                        bg_col1 = lbl_804D6080;
                        DrawRectangle(-10.0F, (10.0F * line) - 5.0F, 620.0F,
                                      10.0F, p_bg_col1);
                    }
                }
                hsd_80391A04(6, 10.0F, 10.0F);
                txt_col = *(GXColor*) &lbl_804DE8E0;
                hsd_80391AC8(item->content.text, p_txt_col,
                             (f32) (col_pos * 10), 10.0F * line);
                col_pos = char_count + col_pos + 2;
                break;
            case 2:
                if (col_pos != 0) {
                    line = (f32) ((f64) line - 0.5);
                    if (lbl_804D6080.a != 0) {
                        bg_col2 = lbl_804D6080;
                        DrawRectangle(-10.0F, (10.0F * line) - 5.0F, 620.0F,
                                      5.0F, p_bg_col2);
                    }
                }
                hsd_80391A04(24, 10.0F, 10.0F);
                t2 = (10.0F * line) + 2.0F;
                hsd_80391E18(item->content.gradient, 0.0F, t2, 600.0F, t2);
                col_pos = 60;
                break;
            case 1:
                bar_ptr = item;
                total_ticks = 0;
                while (bar_ptr->content.bars[0].count > 0) {
                    total_ticks += bar_ptr->content.bars[0].count;
                    bar_ptr = (DispItem*) ((u8*) bar_ptr + 8);
                }
                if (total_ticks > 0) {
                    if (col_pos != 0) {
                        line = (f32) ((f64) line - 0.5);
                        if (lbl_804D6080.a != 0) {
                            bg_col3 = lbl_804D6080;
                            DrawRectangle(-10.0F, (10.0F * line) - 5.0F,
                                          620.0F, 5.0F, p_bg_col3);
                        }
                    }
                    hsd_80391A04(12, 10.0F, 10.0F);
                    bar_y = (10.0F * line) + 2.0F;
                    bar_x = 0.0F;
                    bar_ptr = item;
                    while (bar_ptr->content.bars[0].count > 0) {
                        f32 prev_x;
                        prev_x = bar_x;
                        bar_col = *(GXColor*) &bar_ptr->content.bars[0].color;
                        bar_x += (600.0F / (f32) total_ticks) *
                                 (f32) bar_ptr->content.bars[0].count;
                        hsd_80391F28(p_bar_col, prev_x, bar_y, bar_x, bar_y,
                                     (f32) bar_ptr->content.bars[0].count);
                        bar_ptr = (DispItem*) ((u8*) bar_ptr + 8);
                    }
                    col_pos = 60;
                }
                break;
            }
            item = item->next;
        }
        event_node = event_node->next;
    }
}

void fn_80392934(void)
{
    f32 cpu;
    f32 draw;
    f32 total;

    cpu = HSD_PerfLastStat.cpu_time;
    hsd_804D7858 = cpu;
    draw = HSD_PerfLastStat.draw_time;
    hsd_804D785C = draw;
    total = HSD_PerfLastStat.total_time;
    hsd_804D7860 = total;

    if (hsd_804D7864 < cpu || hsd_804D7870-- < 0) {
        hsd_804D7864 = cpu;
        hsd_804D7870 = 60;
    }
    if (hsd_804D7868 < draw || hsd_804D7874-- < 0) {
        hsd_804D7868 = draw;
        hsd_804D7874 = 60;
    }
    if (hsd_804D786C < total || hsd_804D7878-- < 0) {
        hsd_804D786C = total;
        hsd_804D7878 = 60;
    }
    if (hsd_804D787C < cpu) {
        hsd_804D787C = cpu;
    }
    if (hsd_804D7880 < draw) {
        hsd_804D7880 = draw;
    }
    if (hsd_804D7884 < total) {
        hsd_804D7884 = total;
    }
}

static s32 lbl_804D6088 = 4;
static s32 lbl_804D608C = 1;

#pragma push
#pragma dont_inline on
void fn_80392A08(int mode, int scale, int enable)
{
    lbl_804D6088 = mode;
    lbl_804D608C = scale;
    if (hsd_804D7888 == 0 && enable != 0) {
        hsd_804D787C = 0.0F;
        hsd_804D7880 = 0.0F;
        hsd_804D7884 = 0.0F;
    }
    hsd_804D7888 = enable;
}
#pragma pop

static s32 lbl_804D6090 = -1;
static s32 lbl_804D6094 = (s32) 0xFF0000FF;
static s32 lbl_804D6098 = 0x00FF00FF;
static s32 lbl_804D609C = 0x00FFFFFF;
static s32 lbl_804D60A0 = 0x8080FF;
static s32 lbl_804D60A4 = (s32) 0xC0C000FF;

// @TODO: Currently 89.63% match - needs register allocation and expression
// fixes
void* fn_80392A3C(void)
{
    s32* bars;
    s32* colors;
    s32 bar_count;
    s32 count;
    PerfDispItem* entry;
    PAD_STACK(8);

    count = 0;
    {
        s32 numFrames = lbl_804D6088;
        if (numFrames != 0) {
            hsd_804CE3F8[0].type = 1;
            bars = (s32*) &hsd_804CE3F8[0].content[0];
            colors = (s32*) &hsd_804CE3F8[0].content[4];
            bars[0] = 1;
            bar_count = 1;
            colors[0] = lbl_804D6098;
            if (numFrames > 1) {
                s32 val = numFrames - 1;
                if (val > 3) {
                    val = 3;
                }
                bars[bar_count * 2] = val;
                bar_count = 2;
                colors[bar_count * 2 - 2] = lbl_804D60A4;
            }
            if (numFrames > 4) {
                bars[bar_count * 2] = numFrames - 4;
                bar_count++;
                colors[bar_count * 2 - 4] = lbl_804D6094;
            }
            bars[bar_count * 2] = -1;
            hsd_804CE3F8[0].next = &hsd_804CE3F8[1];
            hsd_804CE3F8[1].type = 2;
            count = 4;
            ((f32*) &hsd_804CE3F8[1].content[0])[0] =
                hsd_804D7860 / (f32) numFrames;
            ((s32*) &hsd_804CE3F8[1].content[0])[1] = lbl_804D609C;
            ((f32*) &hsd_804CE3F8[1].content[0])[2] =
                (f32) (s32) (0.9999F + hsd_804D7860) / (f32) numFrames;
            ((s32*) &hsd_804CE3F8[1].content[0])[3] = lbl_804D60A0;
            ((f32*) &hsd_804CE3F8[1].content[0])[4] = -1.0F;
            hsd_804CE3F8[1].next = &hsd_804CE3F8[2];
            hsd_804CE3F8[2].type = 2;
            ((f32*) &hsd_804CE3F8[2].content[0])[0] =
                hsd_804D785C / (f32) numFrames;
            ((s32*) &hsd_804CE3F8[2].content[0])[1] = lbl_804D6090;
            ((f32*) &hsd_804CE3F8[2].content[0])[2] = -1.0F;
            hsd_804CE3F8[2].next = &hsd_804CE3F8[3];
            hsd_804CE3F8[3].type = 2;
            ((f32*) &hsd_804CE3F8[3].content[0])[0] =
                hsd_804D7858 / (f32) numFrames;
            ((s32*) &hsd_804CE3F8[3].content[0])[1] = lbl_804D6098;
            ((f32*) &hsd_804CE3F8[3].content[0])[2] = -1.0F;
            hsd_804CE3F8[3].next = &hsd_804CE3F8[4];
        }
    }
    if (lbl_804D608C != 0) {
        hsd_804CE3F8[count].type = 0;
        entry = &hsd_804CE3F8[count];
        sprintf((char*) &entry->content,
                "\\c00ff00%2.3f \\cffffff%2.3f \\c00ffff%2.3f  "
                "\\c00ff00%2.3f \\cffffff%2.3f \\c00ffff%2.3f",
                hsd_804D7858, hsd_804D785C, hsd_804D7860, hsd_804D7864,
                hsd_804D7868, hsd_804D786C);
        entry->next = &hsd_804CE3F8[count + 1];
        count++;
        if (hsd_804D7888 != 0) {
            hsd_804CE3F8[count].type = 0;
            entry = &hsd_804CE3F8[count];
            sprintf((char*) &entry->content,
                    "\\c00ff00%2.3f \\cffffff%2.3f \\c00ffff%2.3f",
                    hsd_804D787C, hsd_804D7880, hsd_804D7884);
            entry->next = &hsd_804CE3F8[count + 1];
            count++;
        }
    }
    if (count == 0) {
        return NULL;
    }
    hsd_804CE3F8[count - 1].next = NULL;
    return hsd_804CE3F8;
}

s32 fn_80392CCC(s32 channel)
{
    hsd_804D7894 = channel;
    return 0;
}

u8 fn_80392CD8(char* caller)
{
    char* msg;
    u8 err;

    err = MCCGetLastError();

    switch (err) {
    case 0:
        return err;
    case 1:
        msg = "MCC is no initialize";
        break;
    case 2:
        msg = "No responce";
        break;
    case 3:
        msg = "PING error";
        break;
    case 4:
        msg = "Could not initialize HIO";
        break;
    case 5:
        msg = "Could not read HIO mailbox";
        break;
    case 6:
        msg = "Could not write HIO mailbox";
        break;
    case 7:
        msg = "Could not read HIO memory";
        break;
    case 8:
        msg = "Could not write HIO memory";
        break;
    case 9:
        msg = "Could not read HIO status";
        break;
    case 10:
        msg = "Could not flush channelInfo";
        break;
    case 11:
        msg = "Could not load channelInfo";
        break;
    case 12:
        msg = "Not enough memory block";
        break;
    case 13:
        msg = "Invalid function parameter";
        break;
    case 14:
        msg = "Invalid channel parameter";
        break;
    case 15:
        msg = "Invalid data size";
        break;
    case 16:
        msg = "Invalid offset parameter";
        break;
    case 17:
        msg = "Channel was (already) opened";
        break;
    case 18:
        msg = "Channel was (already) closed";
        break;
    case 19:
        msg = "Channel was (already) locked";
        break;
    case 20:
        msg = "Channel was (already) unlocked";
        break;
    case 21:
        msg = "Channel (read/write) busy";
        break;
    default:
        msg = "Unknown error";
        break;
    }

    if (caller != NULL) {
        OSReport("%s: MCC Error, %s (%d)\n", caller, msg, err);
    } else {
        OSReport("MCC Error, %s (%d)\n", msg, err);
    }
    return err;
}

void fn_80392E2C(s32 event_type)
{
    s32 idx;

    if (hsd_804D7898 <= 0x100 && (u32) (event_type - 1) <= 1U) {
        idx = hsd_804D789C + hsd_804D7898;
        hsd_804CE728[idx % 256] = event_type;
        hsd_804D7898 += 1;
    }
}

extern s32 hsd_804D78A8;
extern s32 hsd_804D78AC;
extern int hsd_804D78A0;

// @TODO: Currently 92.84% match - needs minor register allocation fix
void hsd_80392E80(void)
{
    s32 status;
    s32 event;
    s32 count;
    s32 head;
    u32 ticksPerUnit;
    s32 startTick;
    s32 waiting;
    s32 intr;
    PAD_STACK(16);

    ticksPerUnit = *(u32*) 0x800000F8 >> 2;

    for (;;) {
        intr = OSDisableInterrupts();
        if (hsd_804D7898 == 0) {
            OSRestoreInterrupts(intr);
            hsd_80393844();
            break;
        }

        count = hsd_804D7898 - 1;
        head = hsd_804D789C + 1;
        event = hsd_804CE728[hsd_804D789C];
        hsd_804D7898 = count;
        hsd_804D789C = head - (head / 256) * 256;
        OSRestoreInterrupts(intr);

        switch (event) {
        case 2:
            OSReport("Connecting...\n");
            hsd_804D78AC = 0;
            hsd_804D78A8 = 0;
            OSReport("FIO Init...");
            if (FIOInit(hsd_804D7890, 1, 10) == 0) {
                OSReport("NG\n");
            } else {
                OSReport("OK\n");
                hsd_804D78A0 = 1;
            }
            OSReport("MCC Open...");
            if (MCCOpen(0xF, 1, (MCC_CBEvent) fn_803932D0) == 0) {
                OSReport("NG\n");
                OSReport("Reseting...\n");
                FIOExit();
                hsd_804D78A0 = 0;
                MCCExit();
                if (MCCInit(hsd_804D7890, 0, (MCC_CBSysEvent) fn_80392E2C) ==
                    0)
                {
                    OSReport("MCCInit Failed.\n");
                }
            } else {
                OSReport("Waiting for connection...");
                waiting = 1;
                startTick = OSGetTick();
                for (;;) {
                    if (MCCGetConnectionStatus(
                            0xF, (enum MCC_CONNECT*) &status) != 0 &&
                        status == 3)
                    {
                        waiting = 0;
                    } else if ((u32) ((u32) (OSGetTick() - startTick) /
                                      ticksPerUnit) < 3U)
                    {
                        continue;
                    }
                    break;
                }
                if (waiting != 0) {
                    OSReport("NG\n");
                    OSReport("Reseting...\n");
                    FIOExit();
                    hsd_804D78A0 = 0;
                    MCCExit();
                    if (MCCInit(hsd_804D7890, 0,
                                (MCC_CBSysEvent) fn_80392E2C) == 0)
                    {
                        OSReport("MCCInit Failed.\n");
                    }
                } else {
                    OSReport("OK\n");
                    hsd_804CF740[0] = 0;
                    hsd_804CF740[1] = 0;
                    hsd_804CF740[2] = 0;
                    hsd_804CF740[3] = 0;
                    hsd_804CF740[4] = 0;
                    hsd_804CF740[5] = 0;
                    hsd_804CF740[6] = 0;
                    hsd_804CF740[7] = 0;
                    hsd_804CF740[8] = 0;
                    hsd_804CF740[9] = 0;
                    hsd_804CF740[10] = 0;
                    hsd_804CF740[11] = 0;
                    hsd_804CF740[12] = 0;
                    hsd_804CF740[13] = 0;
                    hsd_804CF740[14] = 0;
                    hsd_804CF740[15] = 0;
                    hsd_804CF740[0] = 1;
                    hsd_804CF740[8] = 1;
                    hsd_804CF740[15] = 1;
                }
            }
            break;
        case 1:
            OSReport("Disconnecting...\n");
            if (hsd_80393328() == 0) {
                OSReport("Disconnection failed.\n");
                OSReport("Reseting...\n");
                FIOExit();
                hsd_804D78A0 = 0;
                MCCExit();
                if (MCCInit(hsd_804D7890, 0, (MCC_CBSysEvent) fn_80392E2C) ==
                    0)
                {
                    OSReport("MCCInit Failed.\n");
                }
            } else {
                OSReport("Disconnection OK.\n");
            }
            break;
        }
    }

    if (0) {}
}

bool hsd_803931A4(s32 exi_channel)
{
    s32 channel;
    s32* p = hsd_804CF740;
    PAD_STACK(16);

    p = (s32*) (u8*) p;

    p[0] = 0;
    p[1] = 0;
    p[2] = 0;
    p[3] = 0;
    p[4] = 0;
    p[5] = 0;
    p[6] = 0;
    p[7] = 0;
    p[8] = 0;
    p[9] = 0;
    p[10] = 0;
    p[11] = 0;
    p[12] = 0;
    p[13] = 0;
    p[14] = 0;
    p[15] = 0;
    p[0] = 1;
    p[8] = 1;
    p[15] = 1;

    channel = exi_channel;

    if (channel < 0) {
        hsd_804D7894 = -1;
        MCCEnumDevices((MCC_CBEnumDevices) fn_80392CCC);
        channel = hsd_804D7894;
        if ((s32) hsd_804D7894 < 0) {
            channel = 0;
        }
    }

    hsd_804D7890 = channel;
    hsd_80393A54(1);
    hsd_804D78A0 = 0;
    hsd_804D7898 = 0;
    hsd_804D789C = 0;
    hsd_804D78BC = 0;
    hsd_804D78B8 = 0;

    if (MCCInit(hsd_804D7890, 0, (MCC_CBSysEvent) fn_80392E2C) == 0) {
        OSReport("EXI_%d:not support USB (Error=%d)\n", channel,
                 MCCGetLastError());
        return 0;
    }

    OSReport("EXI initialized (EXI_%d)\n", channel);
    return 1;
}

void fn_803932D0(s32 type, u32 flags, s32 value)
{
    s32 count = hsd_804D78BC;
    ParticleLogEntry* base = hsd_804CEB40;
    s32 idx;
    ParticleLogEntry* entry;

    if (count <= 0x100 && flags == 0x100U) {
        idx = (hsd_804D78B8 + count) % 256;
        *(s32*) ((u8*) base + idx * (s32) sizeof(ParticleLogEntry)) = type;
        entry = &base[idx];
        entry->x4 = flags;
        entry->x8 = value;
        hsd_804D78BC += 1;
    }
}

s32 hsd_80393328(void)
{
    u32 ticksPerUnit;
    s32 startTick;
    s32 result;
    u8 err;

    if (hsd_804D78B4 != 0) {
        return 0;
    }
    hsd_804D78B4 = 1;
    hsd_804D78B0 = HSD_Rand() % 255;
    if (MCCNotify(0xF, hsd_804D78B0 + 256) == 0) {
        err = MCCGetLastError();
        OSReport("Error(0x%x) in MCCNotify.\n", err);
    }
    result = 1;
    startTick = OSGetTick();
    ticksPerUnit = (*(u32*) 0x800000F8 >> 2) & 0xFFFFFFFFFFFFFFFF;
    do {
        hsd_80392E80();
        if (hsd_804D78B0 == 0) {
            result = 0;
            break;
        }
    } while ((u32) (OSGetTick() - startTick) / ticksPerUnit < 3);

    if (result != 0) {
        hsd_804D78B4 = 0;
        return 0;
    }
    hsd_804D78B4 = 0;
    return 1;
}

static void (*lbl_8040A93C[32])(void*, void*) = {
    (void (*)(void*, void*)) hsd_80393440,
    (void (*)(void*, void*)) hsd_80393840,
};

// @TODO: Currently 90.11% match - needs register allocation fix
void hsd_80393440(void* request, void* response)
{
    u16 cmd;
    s32 channel_mask;
    s32 streaming;
    s32 channel;
    s32 num_blocks;
    s32 i;
    s32* ptr;
    u8 free_blocks;
    u8 err;

    cmd = ((u16*) request)[3];
    channel_mask = cmd & 0xFF00;

    switch (channel_mask) {
    case 0x100:
        if (cmd & 0x80) {
            streaming = 1;
        } else {
            streaming = 0;
        }
        num_blocks = cmd & 0xF;
        ptr = &hsd_804CF740[2];
        channel = 2;

        {
            s32 ctr = 2;
            do {
                if (*ptr == 0) {
                    break;
                }
                ptr++;
                channel++;
                if (*ptr == 0) {
                    break;
                }
                ptr++;
                channel++;
                if (*ptr == 0) {
                    break;
                }
                ptr++;
                channel++;
                if (*ptr == 0) {
                    break;
                }
                ptr++;
                channel++;
                if (*ptr == 0) {
                    break;
                }
                ptr++;
                channel++;
                if (*ptr == 0) {
                    break;
                }
                ptr++;
                channel++;
                if (*ptr == 0) {
                    break;
                }
                ptr++;
                channel++;
                if (*ptr == 0) {
                    break;
                }
                ptr += 1;
                channel++;
            } while (--ctr > 0);
        }

        if (channel == 16) {
            ((u16*) response)[3] = (u16) 0x8001;
            MCCWrite(0xF, (hsd_804D78AC << 5) + 0x1000, response, 0x20, 0);
            if (MCCNotify(0xF, hsd_804D78AC + 0x80) == 0) {
                OSReport("Error(0x%x) in MCCNotify.\n", MCCGetLastError());
            }
            hsd_804D78AC = (hsd_804D78AC + 1) % 128;
            return;
        }

        free_blocks = MCCGetFreeBlocks(1);
        if (free_blocks == 0) {
            err = MCCGetLastError();
            if (err != 0) {
                OSReport("MCCError: %d\n", err);
            }
        }

        if (num_blocks > (s32) free_blocks) {
            ((u16*) response)[3] = (u16) (free_blocks + 0x8010);
            MCCWrite(0xF, (hsd_804D78AC << 5) + 0x1000, response, 0x20, 0);
            if (MCCNotify(0xF, hsd_804D78AC + 0x80) == 0) {
                OSReport("Error(0x%x) in MCCNotify.\n", MCCGetLastError());
            }
            hsd_804D78AC = (hsd_804D78AC + 1) % 128;
            return;
        }

        hsd_804CF740[channel] = 1;
        ((u16*) response)[3] = channel;
        MCCWrite(0xF, (hsd_804D78AC << 5) + 0x1000, response, 0x20, 0);
        if (MCCNotify(0xF, hsd_804D78AC + 0x80) == 0) {
            OSReport("Error(0x%x) in MCCNotify.\n", MCCGetLastError());
        }
        hsd_804D78AC = (hsd_804D78AC + 1) % 128;
        if (streaming != 0) {
            MCCStreamOpen(channel, num_blocks);
        } else {
            MCCOpen(channel, num_blocks, 0);
        }
        return;

    case 0x200:
        i = cmd & 0xF;
        if (hsd_804CF740[i] != 1) {
            ((u16*) response)[3] = (u16) 0x8002;
            MCCWrite(0xF, (hsd_804D78AC << 5) + 0x1000, response, 0x20, 0);
            if (MCCNotify(0xF, hsd_804D78AC + 0x80) == 0) {
                OSReport("Error(0x%x) in MCCNotify.\n", MCCGetLastError());
            }
            hsd_804D78AC = (hsd_804D78AC + 1) % 128;
            return;
        }
        ((u16*) response)[3] = 0;
        MCCWrite(0xF, (hsd_804D78AC << 5) + 0x1000, response, 0x20, 0);
        if (MCCNotify(0xF, hsd_804D78AC + 0x80) == 0) {
            OSReport("Error(0x%x) in MCCNotify.\n", MCCGetLastError());
        }
        hsd_804D78AC = (hsd_804D78AC + 1) % 128;
        hsd_804CF740[i] = 0;
        MCCClose(i);
        return;
    }
}

void hsd_80393840(void) {}

// @TODO: Currently 91.62% match - needs register allocation fix
void hsd_80393844(void)
{
    ParticleLogEntry* base = hsd_804CEB40;
    u8* req_buf = (u8*) (base + 0x100);
    u8* resp_buf = (u8*) (base + 0x100) + 0x40;
    s32 type;
    u32 flags;
    s32 value;
    BOOL irq;

    for (;;) {
        irq = OSDisableInterrupts();
        if (hsd_804D78BC == 0) {
            OSRestoreInterrupts(irq);
            return;
        }

        {
            s32 idx = hsd_804D78B8;
            ParticleLogEntry* entry = &base[idx];
            type = entry->x0;
            flags = entry->x4;
            value = entry->x8;
            hsd_804D78BC -= 1;
            hsd_804D78B8 = (idx + 1) % 256;
        }

        OSRestoreInterrupts(irq);

        if (flags != 0x100 || type != 0xF) {
            continue;
        }

        if ((value & 0xFFFFFF00) == 0x100) {
            if (MCCNotify(0xF, (u8) value | 0x200) == 0) {
                OSReport("Error(0x%x) in MCCNotify.\n", MCCGetLastError());
            }
        } else if ((value & 0xFFFFFF00) == 0x200) {
            if ((u32) hsd_804D78B0 == (u8) value) {
                hsd_804D78B0 = 0;
            }
        } else if ((value & 0xFFFFFF80) == 0x80) {
            memset(req_buf, 0, 0x20);
            hsd_804D78A8 = value & 0x7F;
            if (MCCRead(0xF, hsd_804D78A8 << 5, req_buf, 0x20, 0) != 0 &&
                !((req_buf[4] >> 7) & 1))
            {
                memset(resp_buf, 0, 0x20);
                resp_buf[4] = (u8) (resp_buf[4] | 0x80);
                *(s32*) resp_buf = *(s32*) req_buf;
                resp_buf[5] = req_buf[5];
                if (req_buf[5] < 0x20U) {
                    void (*fn)(void*, void*) = lbl_8040A93C[req_buf[5]];
                    if (fn != NULL) {
                        fn(req_buf, resp_buf);
                    }
                }
            }
        }
    }
}

bool hsd_80393A04(void)
{
    if (hsd_804D78A0 == 0) {
        return 0;
    }
    if (FIOQuery() == 0) {
        hsd_804D78A0 = 0;
        return 0;
    }
    return 1;
}

void hsd_80393A54(int level)
{
    hsd_804D78C0 = level;
}

// @TODO: Currently 95.53% match - lis hoisting, extra li r0, BSS relocation
// encoding
int hsd_80393A5C(char* filename, int data, int size)
{
    int ready;
    s32 start;
    int fd;
    f32 written_f;
    f32 elapsed;
    PAD_STACK(8);

    if (hsd_804D78A0 == 0) {
        ready = 0;
    } else if (FIOQuery() == 0) {
        ready = hsd_804D78A0 = 0;
    } else {
        ready = 1;
    }

    if (ready == 0) {
        return -5;
    }

    if (*filename == '/') {
        filename++;
    }

    start = OSGetTick();
    fd = FIOFopen(filename, 0xA02);

    if ((u32) (fd + 0x10000) == 0xFFFF) {
        OSReport("cannot open file\n");
        return -1;
    }

    written_f = (f32) (s32) FIOFwrite(fd, (void*) data, size);

    if ((f32) (u32) size != written_f) {
        OSReport("cannot save file\n");
        FIOFclose(fd);
        return (s32) written_f;
    }

    FIOFclose(fd);
    elapsed = (f32) (OSGetTick() - start) / (f32) (*(u32*) 0x800000F8 >> 2);
    OSReport("Done %s size:%d time:%f spped:%fkbps\n", filename, size, elapsed,
             8.0F * (f32) (u32) size / elapsed * (1.0F / 1024.0F));
    return size;
}

void fn_80393C14(const u8* buf, size_t size)
{
    int i;

    const u32 out_size = hsd_804CF7E8.buf_size;

    int write_pos = hsd_804CF7E8.xC;
    u8* out_buf = hsd_804CF7E8.out_buf;
    u8 line_len = hsd_804CF7E8.x11;

    for (i = 0; i < size; i++) {
        const u32 tmp = out_size - 1;
        switch (buf[i]) {
        case '\r':
            break;
        case '\n':
            if (line_len != 0 || out_buf[(write_pos + tmp) % out_size] != '\0')
            {
                out_buf[write_pos] = line_len;
                write_pos = (write_pos + 1) % out_size;
                hsd_804CF7E8.x1C++;
                hsd_804CF7E8.x18++;
                line_len = 0;
            }
            break;
        default:
            out_buf[write_pos] = buf[i];
            if (++line_len == 0x36) {
                write_pos = (write_pos + 1) % out_size;
                out_buf[write_pos] = line_len;
                hsd_804CF7E8.x1C++;
                hsd_804CF7E8.x18++;
                line_len = 0;
            }
            write_pos = (write_pos + 1) % out_size;
            hsd_804CF7E8.x1C++;
            break;
        }
    }
    hsd_804CF7E8.xC = write_pos;
    hsd_804CF7E8.x11 = line_len;
}

#pragma push
#pragma dont_inline on
s32 hsd_80393D2C(s32 enable)
{
    struct ParticleConsoleState* sp = &hsd_804CF7E8;
    s32 old = sp->x0_b1;

    if (enable != 0) {
        sp->x0_b1 = 1;
        HSD_SetReportCallback(fn_80393C14);
    } else {
        sp->x0_b1 = 0;
        HSD_SetReportCallback(NULL);
    }
    return old;
}
#pragma pop

void hsd_80393DA0(u8* buf, size_t size)
{
    PAD_STACK(4);
    /* @BINARY-DEVIATION-FIX: original clears only 0x24 bytes (excludes x24
     * field), not sizeof(struct ParticleConsoleState) == 0x28. */
    memset(&hsd_804CF7E8, 0, 0x24);
    hsd_804CF7E8.out_buf = buf;
    hsd_804CF7E8.buf_size = size;
    memset(buf, 0, size);
    hsd_804CF7E8.x0_b0 = true;
    hsd_804CF7E8.x0_b1 = true;
    HSD_SetReportCallback(fn_80393C14);
}

#pragma push
#pragma dont_inline on
void hsd_80393E34(s32* col_out, s32* row_out)
{
    if (col_out != NULL) {
        *col_out = hsd_804CF7E8.x14;
    }
    if (row_out != NULL) {
        *row_out = hsd_804CF7E8.x18;
    }
}
#pragma pop

#pragma push
#pragma dont_inline on
void hsd_80393E68(u32 col, u32 row)
{
    struct ParticleConsoleState* sp = &hsd_804CF7E8;
    u32 byte_val;
    u32 buf_size;
    u8* out_buf;
    u32 sum;
    u32 pos;
    u32 counter;

    if (!sp->x0_b0) {
        return;
    }

    byte_val = sp->x11;
    counter = 0;
    buf_size = sp->buf_size;
    out_buf = sp->out_buf;
    sum = sp->xC + buf_size;
    pos = byte_val;

    while (counter < row && pos < buf_size) {
        pos++;
        byte_val = out_buf[(sum - pos) % buf_size];
        counter++;
        pos += byte_val;
    }

    sp->x18 = counter;
    sp->x1C = pos;
    sp->x20 = byte_val;

    if (col < byte_val) {
        sp->x14 = col;
    } else {
        sp->x14 = byte_val;
    }
}
#pragma pop

#pragma push
#pragma dont_inline on
void hsd_80393EF4(int col_delta, int row_delta)
{
    u32 byte_val;
    u32 buf_size;
    int* p1C;
    u32 counter;
    u32 pos;
    u32 sum;
    u8* out_buf;
    struct ParticleConsoleState* sp = &hsd_804CF7E8;

    if (!sp->x0_b0) {
        return;
    }

    p1C = &sp->x1C;
    p1C = (int*) (u8*) p1C;
    buf_size = sp->buf_size;

    if ((u32) sp->x1C >= buf_size) {
        hsd_80393E68(sp->x14 + col_delta, sp->x18 + row_delta);
        return;
    }

    out_buf = sp->out_buf;
    pos = sp->x1C;
    byte_val = sp->x20;
    sum = sp->xC + buf_size;

    if (row_delta > 0) {
        counter = 0;

        while (counter < (u32) row_delta && pos < buf_size) {
            pos++;
            byte_val = out_buf[(sum - pos) % buf_size];
            counter++;
            pos += byte_val;
        }

        sp->x18 += counter;
        *p1C = pos;

        if (col_delta >= 0) {
            int* p14 = &sp->x14;
            *p14 += col_delta;
            if ((u32) *p14 > byte_val) {
                *p14 = byte_val;
            }
        } else {
            if ((u32) sp->x14 > (u32) -col_delta) {
                sp->x14 -= (u32) -col_delta;
            } else {
                sp->x14 = 0;
            }
        }
    } else if (row_delta < 0) {
        if (col_delta < 0 && (u32) sp->x14 < (u32) -col_delta) {
            col_delta = 0;
        } else {
            col_delta = sp->x14 + col_delta;
        }

        if (row_delta < 0 && (u32) sp->x18 < (u32) -row_delta) {
            row_delta = 0;
        } else {
            row_delta = sp->x18 + row_delta;
        }

        hsd_80393E68(col_delta, row_delta);
    }
}
#pragma pop

#pragma push
#pragma dont_inline on
u8 hsd_80394068(void)
{
    u8 result;

    if (!hsd_804CF7E8.x0_b0) {
        return 0;
    }
    if ((u32) hsd_804CF7E8.x1C > hsd_804CF7E8.buf_size) {
        return 0;
    }
    if ((u32) hsd_804CF7E8.x14 < (u32) hsd_804CF7E8.x20) {
        result =
            hsd_804CF7E8.out_buf[(hsd_804CF7E8.x14 +
                                  (hsd_804CF7E8.xC + hsd_804CF7E8.buf_size -
                                   hsd_804CF7E8.x1C)) %
                                 hsd_804CF7E8.buf_size];
        hsd_804CF7E8.x14++;
    } else {
        result = 0;
        hsd_80393EF4(0, -1);
        hsd_804CF7E8.x14 = 0;
    }
    return result;
}
#pragma pop

#pragma push
#pragma dont_inline on
u8 hsd_80394128(s32 col, s32 row)
{
    struct ParticleConsoleState* sp = &hsd_804CF7E8;
    u8 result;

    hsd_80393E68(col, row);
    if (!sp->x0_b0) {
        result = 0;
    } else if ((u32) sp->x1C > sp->buf_size) {
        result = 0;
    } else if ((u32) sp->x14 < (u32) sp->x20) {
        result = sp->out_buf[(sp->x14 + (sp->xC + sp->buf_size - sp->x1C)) %
                             sp->buf_size];
        sp->x14++;
    } else {
        result = 0;
        hsd_80393EF4(0, -1);
        sp->x14 = 0;
    }
    return result;
}
#pragma pop

// @TODO: Currently 85.87% match - needs control flow fix
s32 hsd_803941E8(void* xfb_out_ptr, void* xfb_cur_ptr)
{
    s32* xfb_out = xfb_out_ptr;
    u32* xfb_cur = xfb_cur_ptr;
    s32 last_draw;
    u8* vi_base;
    s32 nb_xfb;
    s32 i;
    u32 buf;
    PAD_STACK(8);

    HSD_VIWaitXFBFlushNoYield();
    last_draw = HSD_VIGetXFBLastDrawDone();

    if (last_draw != -1) {
        *xfb_cur = *(u32*) ((u8*) &HSD_VIData + last_draw * 0x60 + 0x58);
    }

    vi_base = (u8*) &HSD_VIData;
    nb_xfb = HSD_VIData.nb_xfb;
    i = 0;
    if (nb_xfb > 0) {
        do {
            if (i == last_draw) {
                goto next1;
            }
            buf = *(u32*) (vi_base + 0x58);
            xfb_out[0] = buf;
            if (buf != 0) {
                break;
            }
        next1:
            vi_base += 0x60;
            i++;
        } while (--nb_xfb > 0);
    }

    {
        s32 j = i + 1;
        u8* vi_ptr = (u8*) &HSD_VIData + j * 0x60;
        s32 remain = nb_xfb - j;

        if (j < nb_xfb) {
            do {
                if (j == last_draw) {
                    goto next2;
                }
                buf = *(u32*) (vi_ptr + 0x58);
                xfb_out[1] = buf;
                if (buf != 0) {
                    break;
                }
            next2:
                vi_ptr += 0x60;
                j++;
            } while (--remain > 0);
        }
    }

    if ((u32) xfb_out[0] == 0) {
        if (xfb_cur != NULL) {
            xfb_out[0] = (s32) *xfb_cur;
            *xfb_cur = 0;
        } else {
            return 0;
        }
    }

    if ((u32) xfb_out[1] != 0) {
        return 2;
    }
    return 1;
}


// @TODO: Currently 99.61% match - .bss.0 relocation symbol instead of
/// hsd_804CF810
void hsd_80394314(void)
{
    memset(&hsd_804CF810, 0, 0xD8);
    hsd_803941E8(&hsd_804CF810.x24, &hsd_804CF810.x2C);

    {
        s32 mode;
        if (hsd_804CF810.x28 != 0) {
            mode = 2;
        } else {
            mode = 1;
        }
        hsd_804CF810.x38 = mode;
    }

    hsd_804CF810.x34 = 0;
    hsd_804CF810.x30 = &HSD_VIData;
    hsd_804CF810.x3C = ((u16*) hsd_804CF810.x30)[2];
    hsd_804CF810.x40 = ((u16*) hsd_804CF810.x30)[4];
    hsd_804CF810.x44 = (((u16) hsd_804CF810.x3C + 15) * 2) & 0x1FFE0;
    hsd_804CF810.x48 = hsd_804CF810.x44 * hsd_804CF810.x40;
    hsd_804CF810.x4 = 0;
    hsd_804CF810.x8 = hsd_804CF810.x40;
    hsd_804CF810.x18 = 0;
    hsd_804CF810.x14 = 0;
    hsd_804CF810.x20 = (u32) (hsd_804CF810.x3C - 0x28) / 11;
    hsd_804CF810.x1C = (u32) (hsd_804CF810.x40 - 0x50) / 14;
    hsd_804CF810.x4C = lbl_804088B8;
    hsd_804CF810.x50 = 0;
    hsd_804CF810.xC4 = 0;
}

// @TODO: Currently 94.99% match - obj file has extra addi for lis/addi
/// pair resolution; linked code matches 100%
void hsd_80394434(void* text)
{
    struct ParticleScreenState* sp = &hsd_804CF810;
    s32* x4_ptr = (s32*) sp + 1;
    s32 x = sp->x4;
    s32 y = sp->x8;
    s32 mode = sp->x0_b7;
    s32 interlace = sp->x0_b6;
    u8* font = (u8*) sp->x4C;
    s8* ptr = text;

    while (*ptr != 0) {
        switch (*ptr) {
        case '\r':
            break;
        case '\n':
            x = *x4_ptr;
            y += 14;
            /* fallthrough */
        default:
            if (mode != 0) {
                hsd_803922FC(font + (*ptr & 0x7F) * 0x38, x, y, interlace,
                             (&sp->x24)[sp->x34], sp->x3C, sp->x40, sp->x44,
                             sp->x50);
            } else {
                hsd_803921B8(font + (*ptr & 0x7F) * 0x38, x, y,
                             (&sp->x24)[sp->x34], sp->x3C, sp->x40, sp->x44,
                             sp->x50);
            }
            x += 11;
            break;
        }
        ptr++;
    }
}

// @TODO: Currently 91.32% match - needs register allocation fix
void hsd_80394544(s32 col, s32 row, u32 num_cols, u32 num_rows, s32 x, s32 y,
                  s32 xfb_buf, s32 xfb_w, s32 xfb_h, s32 xfb_stride,
                  s32 font_data, void* color_data)
{
    struct ParticleScreenState* sp = &hsd_804CF810;
    s32 mode;
    s32 interlace;
    u32 r;
    u32 c;
    s32 cur_x;
    u8 ch;

    mode = sp->x0_b7;
    interlace = sp->x0_b6;
    r = 0;

    while (r < num_rows) {
        hsd_80393E68(col, row);
        c = 0;
        cur_x = x + 0 * 11;
        y -= 14;

        while (c < num_cols) {
            ch = hsd_80394068();
            if (ch == 0) {
                break;
            }
            if (mode != 0) {
                hsd_803922FC((void*) (font_data + (ch & 0x7F) * 0x38), cur_x,
                             y, interlace, xfb_buf, xfb_w, xfb_stride, xfb_h,
                             color_data);
            } else {
                hsd_803921B8((void*) (font_data + (ch & 0x7F) * 0x38), cur_x,
                             y, xfb_buf, xfb_w, xfb_stride, xfb_h, color_data);
            }
            cur_x += 11;
            c++;
        }
        row++;
        r++;
    }
}

GlyphEntry lbl_8040AB00[4] = {
    { (s32) 0x10808000, (void (*)(void*, s32, s32, s32, void*)) hsd_80392194 },
    { (s32) 0x46808000, (void (*)(void*, s32, s32, s32, void*)) hsd_80392194 },
    { (s32) 0x7C808000, (void (*)(void*, s32, s32, s32, void*)) hsd_80392194 },
    { (s32) 0xB3808000, (void (*)(void*, s32, s32, s32, void*)) hsd_80392194 },
};

GlyphEntry lbl_8040AB20[4] = {
    { (s32) 0xB3808000, (void (*)(void*, s32, s32, s32, void*)) hsd_80392194 },
    { (s32) 0x7C808000, (void (*)(void*, s32, s32, s32, void*)) hsd_80392194 },
    { (s32) 0x46808000, (void (*)(void*, s32, s32, s32, void*)) hsd_80392194 },
    { (s32) 0x10808000, (void (*)(void*, s32, s32, s32, void*)) hsd_80392194 },
};

GlyphEntry lbl_8040AB40[4] = {
    { (s32) 0x10808000, (void (*)(void*, s32, s32, s32, void*)) hsd_80392194 },
    { (s32) 0x10808000, (void (*)(void*, s32, s32, s32, void*)) hsd_80392194 },
    { (s32) 0x10808000, (void (*)(void*, s32, s32, s32, void*)) hsd_80392194 },
    { (s32) 0x10808000, (void (*)(void*, s32, s32, s32, void*)) hsd_80392194 },
};

/* PPC SPR / exception name strings (dead data; consumed by the
 * not-yet-reconstructed lbl_8040ADC4 debug menu table). */

/* "Count Register" */
static u8 lbl_8040AB60[15] = {
    0x43, 0x6F, 0x75, 0x6E, 0x74, 0x20, 0x52, 0x65, 0x67, 0x69, 0x73, 0x74,
    0x65, 0x72, 0x00,
};

/* "Data Address Breakpoint" */
static u8 lbl_8040AB70[24] = {
    0x44, 0x61, 0x74, 0x61, 0x20, 0x41, 0x64, 0x64, 0x72, 0x65, 0x73, 0x73,
    0x20, 0x42, 0x72, 0x65, 0x61, 0x6B, 0x70, 0x6F, 0x69, 0x6E, 0x74, 0x00,
};

/* "Data Address Register" */
static u8 lbl_8040AB88[22] = {
    0x44, 0x61, 0x74, 0x61, 0x20, 0x41, 0x64, 0x64, 0x72, 0x65, 0x73, 0x73,
    0x20, 0x52, 0x65, 0x67, 0x69, 0x73, 0x74, 0x65, 0x72, 0x00,
};

/* "Data Block Address Translation" */
static u8 lbl_8040ABA0[31] = {
    0x44, 0x61, 0x74, 0x61, 0x20, 0x42, 0x6C, 0x6F, 0x63, 0x6B, 0x20, 0x41,
    0x64, 0x64, 0x72, 0x65, 0x73, 0x73, 0x20, 0x54, 0x72, 0x61, 0x6E, 0x73,
    0x6C, 0x61, 0x74, 0x69, 0x6F, 0x6E, 0x00,
};

/* "Descrimenter" */
static u8 lbl_8040ABC0[13] = {
    0x44, 0x65, 0x73, 0x63, 0x72, 0x69, 0x6D, 0x65, 0x6E, 0x74, 0x65, 0x72,
    0x00,
};

/* "Data Access/Alignment Exception" */
static u8 lbl_8040ABD0[32] = {
    0x44, 0x61, 0x74, 0x61, 0x20, 0x41, 0x63, 0x63, 0x65, 0x73, 0x73, 0x2F,
    0x41, 0x6C, 0x69, 0x67, 0x6E, 0x6D, 0x65, 0x6E, 0x74, 0x20, 0x45, 0x78,
    0x63, 0x65, 0x70, 0x74, 0x69, 0x6F, 0x6E, 0x00,
};

/* "External Access" */
static u8 lbl_8040ABF0[16] = {
    0x45, 0x78, 0x74, 0x65, 0x72, 0x6E, 0x61, 0x6C, 0x20, 0x41, 0x63, 0x63,
    0x65, 0x73, 0x73, 0x00,
};

/* "Inst Block Address Translation" */
static u8 lbl_8040AC00[31] = {
    0x49, 0x6E, 0x73, 0x74, 0x20, 0x42, 0x6C, 0x6F, 0x63, 0x6B, 0x20, 0x41,
    0x64, 0x64, 0x72, 0x65, 0x73, 0x73, 0x20, 0x54, 0x72, 0x61, 0x6E, 0x73,
    0x6C, 0x61, 0x74, 0x69, 0x6F, 0x6E, 0x00,
};

/* "Link Register" */
static u8 lbl_8040AC20[14] = {
    0x4C, 0x69, 0x6E, 0x6B, 0x20, 0x52, 0x65, 0x67, 0x69, 0x73, 0x74, 0x65,
    0x72, 0x00,
};

/* "Processor Version" */
static u8 lbl_8040AC30[18] = {
    0x50, 0x72, 0x6F, 0x63, 0x65, 0x73, 0x73, 0x6F, 0x72, 0x20, 0x56, 0x65,
    0x72, 0x73, 0x69, 0x6F, 0x6E, 0x00,
};

/* "Sample Data Address" */
static u8 lbl_8040AC44[20] = {
    0x53, 0x61, 0x6D, 0x70, 0x6C, 0x65, 0x20, 0x44, 0x61, 0x74, 0x61, 0x20,
    0x41, 0x64, 0x64, 0x72, 0x65, 0x73, 0x73, 0x00,
};

/* "Page Table Format" */
static u8 lbl_8040AC58[18] = {
    0x50, 0x61, 0x67, 0x65, 0x20, 0x54, 0x61, 0x62, 0x6C, 0x65, 0x20, 0x46,
    0x6F, 0x72, 0x6D, 0x61, 0x74, 0x00,
};

/* "For Operation System" */
static u8 lbl_8040AC6C[21] = {
    0x46, 0x6F, 0x72, 0x20, 0x4F, 0x70, 0x65, 0x72, 0x61, 0x74, 0x69, 0x6F,
    0x6E, 0x20, 0x53, 0x79, 0x73, 0x74, 0x65, 0x6D, 0x00,
};

/* "Machine Status Save/Restore" */
static u8 lbl_8040AC84[28] = {
    0x4D, 0x61, 0x63, 0x68, 0x69, 0x6E, 0x65, 0x20, 0x53, 0x74, 0x61, 0x74,
    0x75, 0x73, 0x20, 0x53, 0x61, 0x76, 0x65, 0x2F, 0x52, 0x65, 0x73, 0x74,
    0x6F, 0x72, 0x65, 0x00,
};

/* "Direct Memory Access" */
static u8 lbl_8040ACA0[21] = {
    0x44, 0x69, 0x72, 0x65, 0x63, 0x74, 0x20, 0x4D, 0x65, 0x6D, 0x6F, 0x72,
    0x79, 0x20, 0x41, 0x63, 0x63, 0x65, 0x73, 0x73, 0x00,
};

/* "Graphics Quantization" */
static u8 lbl_8040ACB8[22] = {
    0x47, 0x72, 0x61, 0x70, 0x68, 0x69, 0x63, 0x73, 0x20, 0x51, 0x75, 0x61,
    0x6E, 0x74, 0x69, 0x7A, 0x61, 0x74, 0x69, 0x6F, 0x6E, 0x00,
};

/* "Hardware Implementation Depend" */
static u8 lbl_8040ACD0[31] = {
    0x48, 0x61, 0x72, 0x64, 0x77, 0x61, 0x72, 0x65, 0x20, 0x49, 0x6D, 0x70,
    0x6C, 0x65, 0x6D, 0x65, 0x6E, 0x74, 0x61, 0x74, 0x69, 0x6F, 0x6E, 0x20,
    0x44, 0x65, 0x70, 0x65, 0x6E, 0x64, 0x00,
};

/* "Instruction Breakpoint" */
static u8 lbl_8040ACF0[23] = {
    0x49, 0x6E, 0x73, 0x74, 0x72, 0x75, 0x63, 0x74, 0x69, 0x6F, 0x6E, 0x20,
    0x42, 0x72, 0x65, 0x61, 0x6B, 0x70, 0x6F, 0x69, 0x6E, 0x74, 0x00,
};

/* "Instruction Cache Throttle Control" */
static u8 lbl_8040AD08[35] = {
    0x49, 0x6E, 0x73, 0x74, 0x72, 0x75, 0x63, 0x74, 0x69, 0x6F, 0x6E, 0x20,
    0x43, 0x61, 0x63, 0x68, 0x65, 0x20, 0x54, 0x68, 0x72, 0x6F, 0x74, 0x74,
    0x6C, 0x65, 0x20, 0x43, 0x6F, 0x6E, 0x74, 0x72, 0x6F, 0x6C, 0x00,
};

/* "L2 Cache Control" */
static u8 lbl_8040AD2C[17] = {
    0x4C, 0x32, 0x20, 0x43, 0x61, 0x63, 0x68, 0x65, 0x20, 0x43, 0x6F, 0x6E,
    0x74, 0x72, 0x6F, 0x6C, 0x00,
};

/* "Perf. Moniter Mode Control" */
static u8 lbl_8040AD40[27] = {
    0x50, 0x65, 0x72, 0x66, 0x2E, 0x20, 0x4D, 0x6F, 0x6E, 0x69, 0x74, 0x65,
    0x72, 0x20, 0x4D, 0x6F, 0x64, 0x65, 0x20, 0x43, 0x6F, 0x6E, 0x74, 0x72,
    0x6F, 0x6C, 0x00,
};

/* "Perf. Monitor Mode Control" */
static u8 lbl_8040AD5C[27] = {
    0x50, 0x65, 0x72, 0x66, 0x2E, 0x20, 0x4D, 0x6F, 0x6E, 0x69, 0x74, 0x6F,
    0x72, 0x20, 0x4D, 0x6F, 0x64, 0x65, 0x20, 0x43, 0x6F, 0x6E, 0x74, 0x72,
    0x6F, 0x6C, 0x00,
};

/* "Performance Monitor Counter" */
static u8 lbl_8040AD78[28] = {
    0x50, 0x65, 0x72, 0x66, 0x6F, 0x72, 0x6D, 0x61, 0x6E, 0x63, 0x65, 0x20,
    0x4D, 0x6F, 0x6E, 0x69, 0x74, 0x6F, 0x72, 0x20, 0x43, 0x6F, 0x75, 0x6E,
    0x74, 0x65, 0x72, 0x00,
};

/* "Sample Instruction Address" */
static u8 lbl_8040AD94[27] = {
    0x53, 0x61, 0x6D, 0x70, 0x6C, 0x65, 0x20, 0x49, 0x6E, 0x73, 0x74, 0x72,
    0x75, 0x63, 0x74, 0x69, 0x6F, 0x6E, 0x20, 0x41, 0x64, 0x64, 0x72, 0x65,
    0x73, 0x73, 0x00,
};

/* "Thermal Managiment" */
static u8 lbl_8040ADB0[19] = {
    0x54, 0x68, 0x65, 0x72, 0x6D, 0x61, 0x6C, 0x20, 0x4D, 0x61, 0x6E, 0x61,
    0x67, 0x69, 0x6D, 0x65, 0x6E, 0x74, 0x00,
};

// @TODO: Currently 73.53% match - ASM bytes identical, capped by .bss.0
// relocation symbol mismatch
void hsd_80394668(void)
{
    struct ParticleScreenState* sp = &hsd_804CF810;
    PAD_STACK(24);

    if ((u32) sp->x2C != 0) {
        /* Copy XFB data with brightness adjustment */
        u8* src = (u8*) sp->x2C;
        s32 offset = sp->x34;
        u8* dst = (u8*) (&sp->x24)[offset];
        u32 half_count = ((u32) sp->x48 + 1) >> 1;
        s32 pos = 0;

        if ((u32) sp->x48 > 0) {
            u32 unrolled = half_count >> 3;
            u32 remainder;

            if (unrolled != 0) {
                do {
                    u8* s0 = src + pos;
                    u8* d0 = dst + pos;
                    pos += 2;
                    d0[0] = (u8) (((s0[0] - 0x10) & 0xFF) + 0x10);
                    d0[1] = s0[1];

                    s0 = src + pos;
                    d0 = dst + pos;
                    pos += 2;
                    d0[0] = (u8) (((s0[0] - 0x10) & 0xFF) + 0x10);
                    d0[1] = s0[1];

                    s0 = src + pos;
                    d0 = dst + pos;
                    pos += 2;
                    d0[0] = (u8) (((s0[0] - 0x10) & 0xFF) + 0x10);
                    d0[1] = s0[1];

                    s0 = src + pos;
                    d0 = dst + pos;
                    pos += 2;
                    d0[0] = (u8) (((s0[0] - 0x10) & 0xFF) + 0x10);
                    d0[1] = s0[1];

                    s0 = src + pos;
                    d0 = dst + pos;
                    pos += 2;
                    d0[0] = (u8) (((s0[0] - 0x10) & 0xFF) + 0x10);
                    d0[1] = s0[1];

                    s0 = src + pos;
                    d0 = dst + pos;
                    pos += 2;
                    d0[0] = (u8) (((s0[0] - 0x10) & 0xFF) + 0x10);
                    d0[1] = s0[1];

                    s0 = src + pos;
                    d0 = dst + pos;
                    pos += 2;
                    d0[0] = (u8) (((s0[0] - 0x10) & 0xFF) + 0x10);
                    d0[1] = s0[1];

                    s0 = src + pos;
                    d0 = dst + pos;
                    pos += 2;
                    d0[0] = (u8) (((s0[0] - 0x10) & 0xFF) + 0x10);
                    d0[1] = s0[1];
                } while (--unrolled > 0);
                remainder = half_count & 7;
                if (remainder == 0) {
                    return;
                }
            } else {
                remainder = half_count;
            }

            do {
                u8* s1 = src + pos;
                u8 luma = s1[0];
                u8* d1 = dst + pos;
                pos += 2;
                d1[0] = (u8) (((luma - 0x10) & 0xFF) + 0x10);
                d1[1] = s1[1];
            } while (--remainder > 0);
        }
    } else {
        /* Draw console text to framebuffer */
        void* saved_color = sp->x50;
        s32 row;
        s32 col;
        s32 cur_x;

        sp->x50 = (u8*) lbl_8040AB40;
        row = 0;

        while (row <= sp->x1C) {
            s32 y_off = (row + 1) * 14;
            col = 0;
            cur_x = 0x14;

            while (col < sp->x20) {
                sp->x4 = cur_x;
                sp->x8 = (sp->x40 - 0x28) - y_off;
                if (sp->x0_b7 != 0) {
                    hsd_803922FC((void*) ((u8*) sp->x4C + 0x700), sp->x4,
                                 sp->x8, sp->x0_b6, (&sp->x24)[sp->x34],
                                 sp->x3C, sp->x40, sp->x44, sp->x50);
                } else {
                    hsd_803921B8((void*) ((u8*) sp->x4C + 0x700), sp->x4,
                                 sp->x8, (&sp->x24)[sp->x34], sp->x3C, sp->x40,
                                 sp->x44, sp->x50);
                }
                cur_x += 11;
                col++;
            }
            row++;
        }
        sp->x50 = saved_color;
    }
}

// @TODO: Currently 96.16% match - register swap in second loop (r29/r30)
void hsd_80394950(OSContext* ctx)
{
    OSContext tmp;
    OSContext* saved;
    BOOL irq;
    s32 i;
    u8* p;

    if (!(ctx->state & OS_CONTEXT_STATE_FPSAVED)) {
        return;
    }

    irq = OSDisableInterrupts();
    saved = OSGetCurrentContext();
    OSClearContext(&tmp);
    OSSetCurrentContext(&tmp);

    OSReport("- FPR ---------------------------------\n");

    i = 0;
    p = (u8*) ctx;
    do {
        f64 fval = *(f64*) (p + 0x90);
        OSReport("R%02d=%08X:%08X (%e)\n", i, *(u32*) (p + 0x90),
                 *(u32*) (p + 0x94), fval);
        i++;
        p += 8;
    } while (i < 32);

    OSReport("- PSF ---------------------------------\n");

    i = 0;
    p = (u8*) ctx;
    do {
        OSReport("R%02d=%08X:%08X (%e, %e)\n", i, *(u32*) (p + 0x90),
                 *(u32*) (p + 0x94), *(f32*) (p + 0x90), *(f32*) (p + 0x94));
        i++;
        p += 8;
    } while (i < 32);

    OSClearContext(&tmp);
    OSSetCurrentContext(saved);
    OSRestoreInterrupts(irq);
}

// @TODO: Currently 99.94% match - minor relocation difference
void Exception_ReportStackTrace(OSContext* ctx, int max_depth)
{
    u32 i;
    u32* sp;

    OSReport("- STACK ---------------------------------\n");
    OSReport(" Address:  Back Chain  LR Save\n");

    sp = (u32*) ctx->gpr[1];
    i = 0;

    while (sp != NULL && (u32) (sp + 0x4000) != 0xFFFF && i < (u32) max_depth)
    {
        if ((u32) sp < 0x80000000u) {
            break;
        }
        if ((s64) (u32) sp >= (s64) OSGetPhysicalMemSize() + 0x800000000) {
            break;
        }
        OSReport("%08X:   %08X   %08X\n", sp, sp[0], sp[1]);
        sp = (u32*) sp[0];
        i++;
    }
}

// @TODO: Currently 99.81% match - instructions match, string relocations
// differ
void Exception_ReportCodeline(u16 error, int dsisr, int dar, OSContext* ctx)
{
    char* exception_type;
    char* around_or_at;
    int srr1;

    OSReport("- UNHANDLED EXCEPTION -------------------------------\n");
    OSReport("DSISR=%08X DAR=%08X\n", dsisr, dar);
    error = (u16) error;
    OSReport("ERROR %d: ", error);

    switch (error) {
    case 0:
        OSReport("(SYSTEM RESET)\n");
        return;
    case 1:
        OSReport("(MACHINE CHECK)\n");
        return;
    case 2:
        OSReport("(DSI)\n");
        OSReport("Instruction at %08X (read from SRR0) attempted\n"
                 "to access invalid address %08X (read from DAR)\n",
                 ctx->srr0, dar);
        if (dsisr & 0x02000000) {
            OSReport("Store operation.\n");
        } else {
            OSReport("Load operation.\n");
        }
        if (dsisr & 0x40000000) {
            OSReport("No appropriate page entry or DBAT exist.\n");
        }
        if (dsisr & 0x08000000) {
            OSReport("Memory access is not permitted by the page or DBAT.\n");
        }
        if (dsisr & 0x400000) {
            OSReport("DABR match occurs.\n");
        }
        return;
    case 3:
        OSReport("(ISI)\n");
        OSReport("Attempted to fetch instruction from invalid address\n"
                 "%08X (read from SRR0)\n",
                 ctx->srr0);
        if (ctx->srr1 & 0x40000000) {
            OSReport("No appropriate page entry or IBAT exist.\n");
        }
        if (ctx->srr1 & 0x10000000) {
            OSReport("Illegal address.\n");
        }
        if (ctx->srr1 & 0x08000000) {
            OSReport("Memory access is not permitted by the page or IBAT.\n");
        }
        break;
    case 4:
        OSReport("(EXTERNAL INTERRUPT)\n");
        return;
    case 5:
        OSReport("(ALIGNMNET)\n");
        OSReport("Instruction at %08X (read from SRR0) attempted\n"
                 "to access unaligned address %08X (read from DAR)\n",
                 ctx->srr0, dar);
        return;
    case 6:
        OSReport("(PROGRAM)\n");
        srr1 = ctx->srr1;
        around_or_at = (srr1 & 0x10000) ? "around" : "at";
        if (srr1 & 0x100000) {
            exception_type = "IEEE floating point enabled program exception";
        } else if (srr1 & 0x80000) {
            exception_type = "Illegal instruction";
        } else if (srr1 & 0x40000) {
            exception_type = "Privileged instruction";
        } else if (srr1 & 0x20000) {
            exception_type = "Trap program exception";
        } else {
            exception_type = "Unknown type of program exception";
        }
        OSReport("%s %s %08X (read from SRR0)\n", exception_type, around_or_at,
                 ctx->srr0);
        return;
    case 7:
        OSReport("(FLOATING POINT)\n");
        return;
    case 8:
        OSReport("(DECREMENTER)\n");
        return;
    case 9:
        OSReport("(SYSTEM CALL)\n");
        return;
    case 10:
        OSReport("(TRACE)\n");
        return;
    case 11:
        OSReport("(PERFORMANCE MONITOR)\n");
        return;
    case 12:
        OSReport("(BREAKPOINT)\n");
        return;
    case 13:
        OSReport("(SYSTEM INTERRPUT)\n");
        return;
    case 14:
        OSReport("(THERMAL INTERRPUT)\n");
        return;
    default:
        OSReport("(UNKNOWN)\n");
        break;
    }
}

// @TODO: Currently 97.87% match - lwz r0 + mr r4 instead of lwz r4
void fn_80394DF4(void* node_ptr)
{
    ExcptNode* node = node_ptr;
    ExcptNode* prev;
    ExcptNode* head;

    if (node == NULL) {
        return;
    }
    head = (ExcptNode*) hsd_804CF810.xD0;
    if (head == NULL) {
        return;
    }
    if (head == node) {
        hsd_804CF810.xD0 = head->next;
        node->next = NULL;
        hsd_804CF810.x0_b5 = 1;
        return;
    }
    prev = head;
    while (prev != NULL) {
        if (prev->next == node) {
            prev->next = node->next;
            node->next = NULL;
            hsd_804CF810.x0_b5 = 1;
            return;
        }
        prev = prev->next;
    }
}

void hsd_80394E8C(void* node_ptr)
{
    void** head;
    ExcptNode* node = node_ptr;

    if (hsd_804D78C8 < 1) {
        return;
    }
    head = (void**) &hsd_804CF810.xD0;
    if (*head == node_ptr) {
        return;
    }
    if (*head == NULL) {
        *head = node_ptr;
        node->next = NULL;
    } else {
        fn_80394DF4(node_ptr);
        node->next = ((ExcptNode*) *head)->next;
        ((ExcptNode*) *head)->next = NULL;
        *head = node_ptr;
    }
    if (node->callback != NULL) {
        node->callback(node);
    }
    hsd_804CF810.x0_b5 = 1;
}


// @TODO: Currently 92.89% match - ASM bytes identical, capped by relocation
// diffs
void hsd_80394F48(void* data)
{
    void* base_color = lbl_8040AB00;
    struct ParticleScreenState* sp = &hsd_804CF810;
    EventData* dp = data;
    s32 num_entries;
    void** px50;
    s32* pxC8;
    s32* pxCC;
    s32* px4;
    s32* px40;
    s32* px8;
    s32 col_start;
    s32 row_start;
    void* hi_color;
    s32 x_base;
    s32 entry_idx;
    s32 cur_row;
    s32 i;
    s32 b6;

    PAD_STACK(64);

    num_entries = strlen((char*) dp->entries[0]);
    px50 = &sp->x50;
    pxC8 = &sp->xC8;
    pxCC = &sp->xCC;
    px4 = &sp->x4;
    px40 = &sp->x40;
    px8 = &sp->x8;
    *px50 = base_color;
    col_start = *pxC8;
    row_start = *pxCC;

    *px4 = col_start * 11 + 0x14;
    *px8 = (*px40 - 0x28) - (row_start + 1) * 14;

    b6 = sp->x0_b6;
    if (sp->x0_b7 != 0) {
        hsd_803922FC((void*) ((u8*) sp->x4C + 0x968), *px4, *px8, b6,
                     (&sp->x24)[sp->x34], sp->x3C, *px40, sp->x44, *px50);
    } else {
        hsd_803921B8((void*) ((u8*) sp->x4C + 0x968), *px4, *px8,
                     (&sp->x24)[sp->x34], sp->x3C, *px40, sp->x44, *px50);
    }

    i = 0;
    *px4 += 11;
    while (i < num_entries) {
        b6 = sp->x0_b6;
        if (sp->x0_b7 != 0) {
            hsd_803922FC((void*) ((u8*) sp->x4C + 0x9D8), *px4, *px8, b6,
                         (&sp->x24)[sp->x34], sp->x3C, *px40, sp->x44, *px50);
        } else {
            hsd_803921B8((void*) ((u8*) sp->x4C + 0x9D8), *px4, *px8,
                         (&sp->x24)[sp->x34], sp->x3C, *px40, sp->x44, *px50);
        }
        i++;
        *px4 += 11;
    }

    b6 = sp->x0_b6;
    if (sp->x0_b7 != 0) {
        hsd_803922FC((void*) ((u8*) sp->x4C + 0x968), *px4, *px8, b6,
                     (&sp->x24)[sp->x34], sp->x3C, *px40, sp->x44, *px50);
    } else {
        hsd_803921B8((void*) ((u8*) sp->x4C + 0x968), *px4, *px8,
                     (&sp->x24)[sp->x34], sp->x3C, *px40, sp->x44, *px50);
    }

    *px4 += 11;
    i = 0;
    x_base = col_start * 11 + 0x14;
    hi_color = (u8*) base_color + 0x20;
    cur_row = row_start - 1;

    while (dp->entries[i] != 0) {
        *px4 = x_base;
        *px8 = (*px40 - 0x28) - (cur_row + 1) * 14;
        cur_row--;

        b6 = sp->x0_b6;
        if (sp->x0_b7 != 0) {
            hsd_803922FC((void*) ((u8*) sp->x4C + 0x1B20), *px4, *px8, b6,
                         (&sp->x24)[sp->x34], sp->x3C, *px40, sp->x44, *px50);
        } else {
            hsd_803921B8((void*) ((u8*) sp->x4C + 0x1B20), *px4, *px8,
                         (&sp->x24)[sp->x34], sp->x3C, *px40, sp->x44, *px50);
        }

        if (i == dp->index) {
            *px50 = hi_color;
        } else {
            *px50 = base_color;
        }

        *px4 += 11;
        hsd_80394434((void*) dp->entries[i]);

        *px4 += strlen((char*) dp->entries[i]) * 11;
        *px50 = base_color;

        b6 = sp->x0_b6;
        if (sp->x0_b7 != 0) {
            hsd_803922FC((void*) ((u8*) sp->x4C + 0x1B20), *px4, *px8, b6,
                         (&sp->x24)[sp->x34], sp->x3C, *px40, sp->x44, *px50);
        } else {
            hsd_803921B8((void*) ((u8*) sp->x4C + 0x1B20), *px4, *px8,
                         (&sp->x24)[sp->x34], sp->x3C, *px40, sp->x44, *px50);
        }
        i++;
    }

    *px50 = base_color;
    *px4 = x_base;
    *px8 = (*px40 - 0x28) - (cur_row + 1) * 14;

    b6 = sp->x0_b6;
    if (sp->x0_b7 != 0) {
        hsd_803922FC((void*) ((u8*) sp->x4C + 0x968), *px4, *px8, b6,
                     (&sp->x24)[sp->x34], sp->x3C, *px40, sp->x44, *px50);
    } else {
        hsd_803921B8((void*) ((u8*) sp->x4C + 0x968), *px4, *px8,
                     (&sp->x24)[sp->x34], sp->x3C, *px40, sp->x44, *px50);
    }

    {
        s32 j = 0;
        *px4 += 11;
        while (j < num_entries) {
            if (sp->x0_b7 != 0) {
                hsd_803922FC((void*) ((u8*) sp->x4C + 0x9D8), *px4, *px8,
                             sp->x0_b6, (&sp->x24)[sp->x34], sp->x3C, *px40,
                             sp->x44, *px50);
            } else {
                hsd_803921B8((void*) ((u8*) sp->x4C + 0x9D8), *px4, *px8,
                             (&sp->x24)[sp->x34], sp->x3C, *px40, sp->x44,
                             *px50);
            }
            j++;
            *px4 += 11;
        }
    }

    b6 = sp->x0_b6;
    if (sp->x0_b7 != 0) {
        hsd_803922FC((void*) ((u8*) sp->x4C + 0x968), *px4, *px8, b6,
                     (&sp->x24)[sp->x34], sp->x3C, *px40, sp->x44, *px50);
    } else {
        hsd_803921B8((void*) ((u8*) sp->x4C + 0x968), *px4, *px8,
                     (&sp->x24)[sp->x34], sp->x3C, *px40, sp->x44, *px50);
    }

    *px4 += 11;
    *pxC8 += 4;
    *pxCC -= dp->index + 1;
}

s32 hsd_80395550(void* event_ptr)
{
    EventData* data = event_ptr;
    u32 flags = hsd_804CF810.xBC;
    u32 bit = 1;

    while (bit <= flags) {
        switch (flags & bit) {
        case 0x8: {
            s32 counter = data->index;
            if (counter > 0) {
                data->index = counter - 1;
            } else {
                u32* base = data->entries;
                s32 count = 0;
                while (base[count + 1] != 0) {
                    count++;
                }
                data->index = count;
            }
            return 1;
        }
        case 0x4: {
            s32 idx = data->index;
            u32* base = data->entries;
            if (base[idx + 1] != 0) {
                data->index = idx + 1;
            } else {
                data->index = 0;
            }
            return 1;
        }
        case 0x100:
            return 2;
        case 0x200:
        case 0x1000:
            return -1;
        default:
            bit <<= 1;
            break;
        }
    }
    return 0;
}

void hsd_803957C0(u8 input);
s32 hsd_80395A78(void);

/* "<< Push START Button >>" banner + handler pair */
struct {
    /* 0x00 */ u8 text[0x20];
    /* 0x20 */ void* x20;
    /* 0x24 */ void* x24;
    /* 0x28 */ u32 x28;
} lbl_8040B8AC = {
    {
        0x3C, 0x3C, 0x20, 0x50, 0x75, 0x73, 0x68, 0x20, 0x53, 0x54, 0x41, 0x52,
        0x54, 0x20, 0x42, 0x75, 0x74, 0x74, 0x6F, 0x6E, 0x20, 0x3E, 0x3E, 0x00,
        0x00, 0x00, 0x00, 0x00, 0x00, 0x00, 0x00, 0x00,
    },
    hsd_80395644,
    hsd_803956D8,
    0,
};

struct {
    /* 0x00 */ u32 x0;
    /* 0x04 */ u32 x4;
    /* 0x08 */ void* x8;
    /* 0x0C */ void* xC;
} lbl_8040B904 = { 0, 0, hsd_803957C0, hsd_80395A78 };

// @TODO: Currently 99.78% match - minor addressing difference
void hsd_80395644(void)
{
    void* saved;
    struct ParticleScreenState* sp = &hsd_804CF810;
    void** p;
    s32 val_x20;
    s32 val_x1C;

    PAD_STACK(16);
    sp = (struct ParticleScreenState*) (u8*) sp;
    p = &sp->x50;
    saved = *p;
    *p = lbl_8040AB20;
    val_x20 = sp->x20;
    val_x1C = sp->x1C;
    sp->x4 = (val_x20 - 21) * 11 + 20;
    sp->x8 = (sp->x40 - 40) - (val_x1C + 1) * 14;
    if (hsd_804D78C8 >= 1) {
        hsd_80394434(&lbl_8040B8AC);
    }
    *p = saved;
}

s32 hsd_803956D8(void* disp_ptr)
{
    struct ParticleScreenState* sp = &hsd_804CF810;
    DispData* data = disp_ptr;
    s32 val;

    if (sp->xBC & 0x1000) {
        hsd_80394E8C(&lbl_8040B904);
        sp->x14 = 0;
        data->x10 = 0;
        return 1;
    }

    val = data->x10;
    if (val < 120) {
        data->x10 = val + 1;
    } else {
        data->x10 = 0;
        {
            s32* pp = &sp->x14;
            *pp += sp->x1C;
            if (!(u8) hsd_80394128(0, *pp)) {
                if (!(u8) hsd_80394128(0, *pp + 1)) {
                    *pp = 0;
                    hsd_80394E8C(&lbl_8040B904);
                }
            }
        }
        return 1;
    }
    return 0;
}

static char* lbl_804D62C8 = "<<PUSH START BUTTON TO SEE INSTRUCTION>>";

// @TODO: Currently 73.00% match - ASM bytes identical, capped by .bss.0
// relocation symbol mismatch
void hsd_803957C0(u8 input)
{
    struct ParticleScreenState* sp = &hsd_804CF810;
    s32* x10_ptr = &sp->x10;
    s32 col;
    s32 row;
    u8 ch;
    void* saved;
    u8 saved_ch;
    PAD_STACK(32);

    ch = input;
    saved_ch = ch;
    col = sp->x0C + sp->x18;
    row = *x10_ptr + sp->x14;

    while (col >= 0) {
        ch = (u8) hsd_80394128(col, row);
        if (ch != 0) {
            break;
        }
        col--;
    }

    if (ch == 0) {
        if (col < 0) {
            col = 0;
        }
        ch = ' ';
    }

    saved = sp->x50;
    sp->x50 = (u8*) lbl_8040AB20;
    sp->x4 = col * 11 + 20;
    sp->x8 = (sp->x40 - 40) - (*x10_ptr + 1) * 14;

    if (sp->x0_b7) {
        hsd_803922FC((void*) ((u8*) sp->x4C + (ch & 0x7F) * 0x38), sp->x4,
                     sp->x8, sp->x0_b6, (&sp->x24)[sp->x34], sp->x3C, sp->x40,
                     sp->x44, sp->x50);
    } else {
        hsd_803921B8((void*) ((u8*) sp->x4C + (ch & 0x7F) * 0x38), sp->x4,
                     sp->x8, (&sp->x24)[sp->x34], sp->x3C, sp->x40, sp->x44,
                     sp->x50);
    }

    if ((u32) sp->xD0 == saved_ch) {
        sp->x4 = (sp->x20 - 0x27) * 11 + 20;
        sp->x8 = (sp->x40 - 40) - (sp->x1C + 1) * 14;
        hsd_80394434(lbl_804D62C8);
    }

    sp->x50 = saved;
}

#pragma push
#pragma dont_inline on
s32 hsd_80395970(void)
{
    struct ParticleScreenState* sp = &hsd_804CF810;
    s32 saved_x;
    s32 saved_y;
    s32 result;
    s32 i;
    u8 ch;

    result = 0;
    hsd_80393E34(&saved_x, &saved_y);
    hsd_80393E68(sp->x0C + sp->x18, sp->x10 + sp->x14);

    for (i = 0; i < 8; i++) {
        ch = hsd_80394068();
        if (ch == 0) {
            ch = hsd_80394068();
            if (ch == 0) {
                break;
            }
        }
        if (ch >= '0' && ch <= '9') {
            result = (result << 4) + ch - '0';
        } else if (ch >= 'A' && ch <= 'F') {
            result = (result << 4) + ch - 'A' + 10;
        } else if (ch >= 'a' && ch <= 'f') {
            result = (result << 4) + ch - 'a' + 10;
        } else {
            break;
        }
    }

    result = (result & 0x0FFFFFF0) | (s32) 0x80000000;
    hsd_80393E68(saved_x, saved_y);
    return result;
}

#pragma pop

s32 hsd_80395D88(void* data);
void hsd_80396130(void);
void hsd_80396188(void);
s32 hsd_803962A8(void* data);
s32 hsd_803966A0(void* data);
void hsd_80396868(void);
void hsd_80396884(void);
s32 hsd_80396A20(void* data);
s32 hsd_80396C78(void* data);
void fn_8039710C(void);
void hsd_80397110(void);
s32 fn_80397374(void* data);

typedef struct {
    /* 0x00 */ u32 x0;
    /* 0x04 */ u32 x4;
    /* 0x08 */ void* x8;
    /* 0x0C */ void* xC;
    /* 0x10 */ void* x10;
    /* 0x14 */ u32 x14;
} DebugMenuDesc; // size = 0x18

/* "MOVE CURSOR UP        (UP)" */
static u8 lbl_8040B938[27] = {
    0x4D, 0x4F, 0x56, 0x45, 0x20, 0x43, 0x55, 0x52, 0x53, 0x4F, 0x52, 0x20,
    0x55, 0x50, 0x20, 0x20, 0x20, 0x20, 0x20, 0x20, 0x20, 0x20, 0x28, 0x55,
    0x50, 0x29, 0x00,
};

/* "MOVE CURSOR DOWN    (DOWN)" */
static u8 lbl_8040B954[27] = {
    0x4D, 0x4F, 0x56, 0x45, 0x20, 0x43, 0x55, 0x52, 0x53, 0x4F, 0x52, 0x20,
    0x44, 0x4F, 0x57, 0x4E, 0x20, 0x20, 0x20, 0x20, 0x28, 0x44, 0x4F, 0x57,
    0x4E, 0x29, 0x00,
};

/* "MOVE CURSOR LEFT    (LEFT)" */
static u8 lbl_8040B970[27] = {
    0x4D, 0x4F, 0x56, 0x45, 0x20, 0x43, 0x55, 0x52, 0x53, 0x4F, 0x52, 0x20,
    0x4C, 0x45, 0x46, 0x54, 0x20, 0x20, 0x20, 0x20, 0x28, 0x4C, 0x45, 0x46,
    0x54, 0x29, 0x00,
};

/* "MOVE CURSOR RIGHT  (RIGHT)" */
static u8 lbl_8040B98C[27] = {
    0x4D, 0x4F, 0x56, 0x45, 0x20, 0x43, 0x55, 0x52, 0x53, 0x4F, 0x52, 0x20,
    0x52, 0x49, 0x47, 0x48, 0x54, 0x20, 0x20, 0x28, 0x52, 0x49, 0x47, 0x48,
    0x54, 0x29, 0x00,
};

/* "MEM DUMP AT CURSOR     (A)" */
static u8 lbl_8040B9A8[27] = {
    0x4D, 0x45, 0x4D, 0x20, 0x44, 0x55, 0x4D, 0x50, 0x20, 0x41, 0x54, 0x20,
    0x43, 0x55, 0x52, 0x53, 0x4F, 0x52, 0x20, 0x20, 0x20, 0x20, 0x20, 0x28,
    0x41, 0x29, 0x00,
};

/* "MEM DUMP               (X)" */
static u8 lbl_8040B9C4[27] = {
    0x4D, 0x45, 0x4D, 0x20, 0x44, 0x55, 0x4D, 0x50, 0x20, 0x20, 0x20, 0x20,
    0x20, 0x20, 0x20, 0x20, 0x20, 0x20, 0x20, 0x20, 0x20, 0x20, 0x20, 0x28,
    0x58, 0x29, 0x00,
};

/* "DUMP CPU CONTEXT          " */
static u8 lbl_8040B9E0[27] = {
    0x44, 0x55, 0x4D, 0x50, 0x20, 0x43, 0x50, 0x55, 0x20, 0x43, 0x4F, 0x4E,
    0x54, 0x45, 0x58, 0x54, 0x20, 0x20, 0x20, 0x20, 0x20, 0x20, 0x20, 0x20,
    0x20, 0x20, 0x00,
};

/* "SPR                       " */
static u8 lbl_8040B9FC[27] = {
    0x53, 0x50, 0x52, 0x20, 0x20, 0x20, 0x20, 0x20, 0x20, 0x20, 0x20, 0x20,
    0x20, 0x20, 0x20, 0x20, 0x20, 0x20, 0x20, 0x20, 0x20, 0x20, 0x20, 0x20,
    0x20, 0x20, 0x00,
};

/* "QUIT                      " */
static u8 lbl_8040BA18[27] = {
    0x51, 0x55, 0x49, 0x54, 0x20, 0x20, 0x20, 0x20, 0x20, 0x20, 0x20, 0x20,
    0x20, 0x20, 0x20, 0x20, 0x20, 0x20, 0x20, 0x20, 0x20, 0x20, 0x20, 0x20,
    0x20, 0x20, 0x00,
};

static void* lbl_8040BA34[10] = {
    lbl_8040B938, lbl_8040B954, lbl_8040B970, lbl_8040B98C,
    lbl_8040B9A8, lbl_8040B9C4, lbl_8040B9E0, lbl_8040B9FC,
    lbl_8040BA18, NULL,
};

DebugMenuDesc lbl_8040BA5C = { 0, 0, hsd_80394F48,
                                      hsd_80395D88, lbl_8040BA34, 0 };

struct {
    /* 0x00 */ u32 x0;
    /* 0x04 */ void* x4;
    /* 0x08 */ void* x8;
    /* 0x0C */ void* xC;
    /* 0x10 */ u32 x10;
} lbl_8040BAF0 = { 0, hsd_80396130, hsd_80396188, hsd_803962A8, 0 };

/* "ADDRESS - 10h      (UP)" */
static u8 lbl_8040BB20[24] = {
    0x41, 0x44, 0x44, 0x52, 0x45, 0x53, 0x53, 0x20, 0x2D, 0x20, 0x31, 0x30,
    0x68, 0x20, 0x20, 0x20, 0x20, 0x20, 0x20, 0x28, 0x55, 0x50, 0x29, 0x00,
};

/* "ADDRESS + 10h    (DOWN)" */
static u8 lbl_8040BB38[24] = {
    0x41, 0x44, 0x44, 0x52, 0x45, 0x53, 0x53, 0x20, 0x2B, 0x20, 0x31, 0x30,
    0x68, 0x20, 0x20, 0x20, 0x20, 0x28, 0x44, 0x4F, 0x57, 0x4E, 0x29, 0x00,
};

/* "ADDRESS - 40h    (LEFT)" */
static u8 lbl_8040BB50[24] = {
    0x41, 0x44, 0x44, 0x52, 0x45, 0x53, 0x53, 0x20, 0x2D, 0x20, 0x34, 0x30,
    0x68, 0x20, 0x20, 0x20, 0x20, 0x28, 0x4C, 0x45, 0x46, 0x54, 0x29, 0x00,
};

/* "ADDRESS + 40h   (RIGHT)" */
static u8 lbl_8040BB68[24] = {
    0x41, 0x44, 0x44, 0x52, 0x45, 0x53, 0x53, 0x20, 0x2B, 0x20, 0x34, 0x30,
    0x68, 0x20, 0x20, 0x20, 0x28, 0x52, 0x49, 0x47, 0x48, 0x54, 0x29, 0x00,
};

/* "NEW ADDRESS         (A)" */
static u8 lbl_8040BB80[24] = {
    0x4E, 0x45, 0x57, 0x20, 0x41, 0x44, 0x44, 0x52, 0x45, 0x53, 0x53, 0x20,
    0x20, 0x20, 0x20, 0x20, 0x20, 0x20, 0x20, 0x20, 0x28, 0x41, 0x29, 0x00,
};

/* "DUMP TO CONSOLE     (X)" */
static u8 lbl_8040BB98[24] = {
    0x44, 0x55, 0x4D, 0x50, 0x20, 0x54, 0x4F, 0x20, 0x43, 0x4F, 0x4E, 0x53,
    0x4F, 0x4C, 0x45, 0x20, 0x20, 0x20, 0x20, 0x20, 0x28, 0x58, 0x29, 0x00,
};

/* "CLOSE               (B)" */
static u8 lbl_8040BBB0[24] = {
    0x43, 0x4C, 0x4F, 0x53, 0x45, 0x20, 0x20, 0x20, 0x20, 0x20, 0x20, 0x20,
    0x20, 0x20, 0x20, 0x20, 0x20, 0x20, 0x20, 0x20, 0x28, 0x42, 0x29, 0x00,
};

static void* lbl_8040BBC8[8] = {
    lbl_8040BB20, lbl_8040BB38, lbl_8040BB50, lbl_8040BB68,
    lbl_8040BB80, lbl_8040BB98, lbl_8040BBB0, NULL,
};

DebugMenuDesc lbl_8040BBE8 = { 0, 0, hsd_80394F48,
                                      hsd_803966A0, lbl_8040BBC8, 0 };

/* "| INPUT ADDRESS : 8%07X |" */
static u8 lbl_8040BC20[26] = {
    0x7C, 0x20, 0x49, 0x4E, 0x50, 0x55, 0x54, 0x20, 0x41, 0x44, 0x44, 0x52,
    0x45, 0x53, 0x53, 0x20, 0x3A, 0x20, 0x38, 0x25, 0x30, 0x37, 0x58, 0x20,
    0x7C, 0x00,
};

struct {
    /* 0x00 */ u32 x0;
    /* 0x04 */ void* x4;
    /* 0x08 */ void* x8;
    /* 0x0C */ void* xC;
    /* 0x10 */ u32 x10;
    /* 0x14 */ s32 x14;
    /* 0x18 */ void* x18;
} lbl_8040BC3C = { 0, hsd_80396868, hsd_80396884, hsd_80396A20, 0, 0, NULL };

/* "DECREMENT NUM AT CURSOR   (UP)" */
static u8 lbl_8040BC74[31] = {
    0x44, 0x45, 0x43, 0x52, 0x45, 0x4D, 0x45, 0x4E, 0x54, 0x20, 0x4E, 0x55,
    0x4D, 0x20, 0x41, 0x54, 0x20, 0x43, 0x55, 0x52, 0x53, 0x4F, 0x52, 0x20,
    0x20, 0x20, 0x28, 0x55, 0x50, 0x29, 0x00,
};

/* "INCREMENT NUM AT CURSOR (DOWN)" */
static u8 lbl_8040BC94[31] = {
    0x49, 0x4E, 0x43, 0x52, 0x45, 0x4D, 0x45, 0x4E, 0x54, 0x20, 0x4E, 0x55,
    0x4D, 0x20, 0x41, 0x54, 0x20, 0x43, 0x55, 0x52, 0x53, 0x4F, 0x52, 0x20,
    0x28, 0x44, 0x4F, 0x57, 0x4E, 0x29, 0x00,
};

/* "MOVE CURSOR TO LEFT     (LEFT)" */
static u8 lbl_8040BCB4[31] = {
    0x4D, 0x4F, 0x56, 0x45, 0x20, 0x43, 0x55, 0x52, 0x53, 0x4F, 0x52, 0x20,
    0x54, 0x4F, 0x20, 0x4C, 0x45, 0x46, 0x54, 0x20, 0x20, 0x20, 0x20, 0x20,
    0x28, 0x4C, 0x45, 0x46, 0x54, 0x29, 0x00,
};

/* "MOVE CURSOR TO RIGHT   (RIGHT)" */
static u8 lbl_8040BCD4[31] = {
    0x4D, 0x4F, 0x56, 0x45, 0x20, 0x43, 0x55, 0x52, 0x53, 0x4F, 0x52, 0x20,
    0x54, 0x4F, 0x20, 0x52, 0x49, 0x47, 0x48, 0x54, 0x20, 0x20, 0x20, 0x28,
    0x52, 0x49, 0x47, 0x48, 0x54, 0x29, 0x00,
};

/* "MEMORY DUMP                (A)" */
static u8 lbl_8040BCF4[31] = {
    0x4D, 0x45, 0x4D, 0x4F, 0x52, 0x59, 0x20, 0x44, 0x55, 0x4D, 0x50, 0x20,
    0x20, 0x20, 0x20, 0x20, 0x20, 0x20, 0x20, 0x20, 0x20, 0x20, 0x20, 0x20,
    0x20, 0x20, 0x20, 0x28, 0x41, 0x29, 0x00,
};

/* "CLEAR NUM AT CURSOR        (X)" */
static u8 lbl_8040BD14[31] = {
    0x43, 0x4C, 0x45, 0x41, 0x52, 0x20, 0x4E, 0x55, 0x4D, 0x20, 0x41, 0x54,
    0x20, 0x43, 0x55, 0x52, 0x53, 0x4F, 0x52, 0x20, 0x20, 0x20, 0x20, 0x20,
    0x20, 0x20, 0x20, 0x28, 0x58, 0x29, 0x00,
};

/* "CLOSE                      (B)" */
static u8 lbl_8040BD34[31] = {
    0x43, 0x4C, 0x4F, 0x53, 0x45, 0x20, 0x20, 0x20, 0x20, 0x20, 0x20, 0x20,
    0x20, 0x20, 0x20, 0x20, 0x20, 0x20, 0x20, 0x20, 0x20, 0x20, 0x20, 0x20,
    0x20, 0x20, 0x20, 0x28, 0x42, 0x29, 0x00,
};

static void* lbl_8040BD54[8] = {
    lbl_8040BC74, lbl_8040BC94, lbl_8040BCB4, lbl_8040BCD4,
    lbl_8040BCF4, lbl_8040BD14, lbl_8040BD34, NULL,
};

DebugMenuDesc lbl_8040BD74 = { 0, 0, hsd_80394F48,
                                      hsd_80396C78, lbl_8040BD54, 0 };

/* "| %d BL xxxxxxxxxxx  %c%c %c%c%c%c %s |" */
static u8 lbl_8040BDD4[40] = {
    0x7C, 0x20, 0x25, 0x64, 0x20, 0x42, 0x4C, 0x20, 0x78, 0x78, 0x78, 0x78,
    0x78, 0x78, 0x78, 0x78, 0x78, 0x78, 0x78, 0x20, 0x20, 0x25, 0x63, 0x25,
    0x63, 0x20, 0x25, 0x63, 0x25, 0x63, 0x25, 0x63, 0x25, 0x63, 0x20, 0x25,
    0x73, 0x20, 0x7C, 0x00,
};

/* "|   BEPI %08X BRPN %08X |" */
static u8 lbl_8040BDFC[26] = {
    0x7C, 0x20, 0x20, 0x20, 0x42, 0x45, 0x50, 0x49, 0x20, 0x25, 0x30, 0x38,
    0x58, 0x20, 0x42, 0x52, 0x50, 0x4E, 0x20, 0x25, 0x30, 0x38, 0x58, 0x20,
    0x7C, 0x00,
};

/* "|%4d %s%s %08X|" */
static u8 lbl_8040BE6C[16] = {
    0x7C, 0x25, 0x34, 0x64, 0x20, 0x25, 0x73, 0x25, 0x73, 0x20, 0x25, 0x30,
    0x38, 0x58, 0x7C, 0x00,
};

/* debug-thread state block; tail strings "debugconsole_main.c" +
 * "debug thread finished." kept numeric for @-id neutrality. */
struct {
    /* 0x00 */ s32 x0;
    /* 0x04 */ void* x4;
    /* 0x08 */ void* x8;
    /* 0x0C */ void* xC;
    /* 0x10 */ u32 x10;
    /* 0x14 */ u32 x14;
    /* 0x18 */ u32 x18;
    /* 0x1C */ u8 file[0x14];
    /* 0x30 */ u8 msg[0x18];
    /* 0x48 */ u32 x48;
} lbl_8040BEC4 = {
    0,
    fn_8039710C,
    hsd_80397110,
    fn_80397374,
    0,
    0,
    0,
    {
        0x64, 0x65, 0x62, 0x75, 0x67, 0x63, 0x6F, 0x6E, 0x73, 0x6F, 0x6C, 0x65,
        0x5F, 0x6D, 0x61, 0x69, 0x6E, 0x2E, 0x63, 0x00,
    },
    {
        0x64, 0x65, 0x62, 0x75, 0x67, 0x20, 0x74, 0x68, 0x72, 0x65, 0x61, 0x64,
        0x20, 0x66, 0x69, 0x6E, 0x69, 0x73, 0x68, 0x65, 0x64, 0x2E, 0x00, 0x00,
    },
    0,
};

// @TODO: Currently 92.03% match - needs register allocation fix
s32 hsd_80395A78(void)
{
    struct ParticleScreenState* sp = &hsd_804CF810;
    s32* pxC = &sp->x0C;
    s32* px18 = &sp->x18;
    s32* px10 = &sp->x10;
    s32* px14 = &sp->x14;
    u32 bit;
    u32 new_col_u;
    s32 new_scroll;
    PAD_STACK(8);

    bit = 1;
    while (bit <= sp->xBC) {
        switch (sp->xBC & bit) {
        case 0x8:
            if (*px10 < sp->x1C - 1) {
                *px10 = *px10 + 1;
            } else {
                *px14 = *px14 + 1;
            }
            return 1;
        case 0x4:
            if (*px10 > 0) {
                *px10 = *px10 - 1;
                return 1;
            }
            if (*px14 > 0) {
                *px14 = *px14 - 1;
                return 1;
            }
            goto next_bit;
        case 0x1:
            if (*pxC > 0) {
                *pxC = *pxC - 1;
            } else if (*px18 > 0) {
                *px18 = *px18 - 1;
            } else {
                goto next_bit;
            }
            while (!(u8) hsd_80394128(*pxC + *px18, *px10 + *px14)) {
                if (*pxC > 0) {
                    *pxC = *pxC - 1;
                } else if (*px18 > 0) {
                    *px18 = *px18 - 1;
                } else {
                    break;
                }
            }
            return 1;
        case 0x2:
            new_scroll = *px18;
            new_col_u = *pxC;
            if ((u32) *pxC < (u32) (sp->x20 - 1)) {
                new_col_u += 1;
            } else {
                new_scroll += 1;
            }
            if ((u8) hsd_80394128(new_col_u + new_scroll, *px10 + *px14)) {
                *pxC = new_col_u;
                *px18 = new_scroll;
                return 1;
            }
            goto next_bit;
        case 0x100: {
            ExcptNode* node = (ExcptNode*) &lbl_8040BC3C;
            lbl_8040BC3C.x10 = hsd_80395970();
            lbl_8040BC3C.x18 = &lbl_8040BAF0;
            if (node != NULL) {
                fn_80394DF4(node);
                node->next = (ExcptNode*) sp->xD0;
                sp->xD0 = node;
                if (node->callback != NULL) {
                    node->callback(node);
                }
                sp->x0_b5 = 1;
            }
            return 1;
        }
        case 0x400: {
            ExcptNode* node = (ExcptNode*) &lbl_8040BC3C;
            lbl_8040BC3C.x18 = &lbl_8040BAF0;
            if (node != NULL) {
                fn_80394DF4(node);
                node->next = (ExcptNode*) sp->xD0;
                sp->xD0 = node;
                if (node->callback != NULL) {
                    node->callback(node);
                }
                sp->x0_b5 = 1;
            }
            return 1;
        }
        case 0x1000: {
            ExcptNode* node = (ExcptNode*) &lbl_8040BA5C;
            if (node != NULL) {
                fn_80394DF4(node);
                node->next = (ExcptNode*) sp->xD0;
                sp->xD0 = node;
                if (node->callback != NULL) {
                    node->callback(node);
                }
                sp->x0_b5 = 1;
            }
            return 1;
        }
        default:
        next_bit:
            bit <<= 1;
            break;
        }
    }
    return 0;
}


static inline void ps_remove_node(struct ParticleScreenState* sp, void* node)
{
    void** head_ptr;
    void* cur;

    if (node == NULL) {
        return;
    }
    if (*(head_ptr = &sp->xD0) == NULL) {
        return;
    }
    while ((cur = *head_ptr) != NULL && cur != node) {
        void* next = *(void**) cur;
        *(void**) cur = NULL;
        *head_ptr = next;
    }
    if (cur == node) {
        void* next = *(void**) node;
        *(void**) node = NULL;
        *head_ptr = next;
    }
    sp->x0_b5 = 1;
}

// @TODO: Currently 80.89% match - .bss.0 relocation issue affects register
// allocation
s32 hsd_80395D88(void* data)
{
    struct ParticleScreenState* sp = &hsd_804CF810;
    char* msg = (char*) lbl_8040AB00;
    s32 result;

    result = hsd_80395550(data);

    switch (result) {
    case 1:
        return 1;
    case 2: {
        u32 cmd = *(u32*) ((u8*) data + 0x14);
        switch (cmd) {
        case 0:
            sp->xBC = 8;
            return 0;
        case 1:
            sp->xBC = 4;
            return 0;
        case 2:
            sp->xBC = 1;
            return 0;
        case 3:
            sp->xBC = 2;
            return 0;
        case 4:
            sp->xBC = 0x100;
            goto remove_return_0;
        case 5:
            sp->xBC = 0x400;
        remove_return_0:
            ps_remove_node(sp, data);
            return 0;
        case 6:
            if (sp->xD4 != NULL) {
                OSContext* ctx = sp->xD4;
                s32 saved;
                s32 i;

                saved = hsd_80393D2C(1);
                OSReport(msg + 0x728);
                i = 0;
                do {
                    OSReport(msg + 0x760, i, ((u32*) ctx)[i], ((u32*) ctx)[i],
                             i + 0x10, ((u32*) ctx)[i + 0x10],
                             ((u32*) ctx)[i + 0x10]);
                    i++;
                } while (i < 0x10);
                hsd_80394950(ctx);
                OSReport(msg + 0x828);
                OSReport(msg + 0x860, ((u32*) ctx)[0x198 / 4],
                         ((u32*) ctx)[0x19C / 4]);
                OSReport(msg + 0x878, ((u32*) ctx)[0x80 / 4],
                         ((u32*) ctx)[0x84 / 4]);
                OSReport(msg + 0x890, ((u32*) ctx)[0x88 / 4],
                         ((u32*) ctx)[0x8C / 4]);
                OSReport(msg + 0x8A8, ((u32*) ctx)[0x194 / 4]);
                i = 0;
                do {
                    OSReport(msg + 0x8B4, i, ((u32*) ctx)[i], i + 4,
                             ((u32*) ctx)[0x1B4 / 4 + i]);
                    i++;
                } while (i < 4);
                hsd_80393D2C(saved);
            }
            ps_remove_node(sp, data);
            return 1;
        case 7:
            hsd_80394E8C(&lbl_8040BEC4);
            return 1;
        case 8: {
            ExcptNode* cur = sp->xD0;
            while (cur != NULL) {
                ExcptNode* next = cur->next;
                cur->next = NULL;
                cur = next;
            }
            sp->xD0 = NULL;
            sp->x0_b5 = 1;
            return 1;
        }
        default:
            return 0;
        }
    }
    case -1:
        ps_remove_node(sp, data);
        return 1;
    default:
        return 0;
    }
}

void hsd_80396130(void)
{
    u32 old = lbl_8040BC3C.x10;
    u32 memsize;

    memsize = OSGetPhysicalMemSize();
    old &= 0x0FFFFFFF;
    lbl_8040BAF0.x10 = (old + memsize) % memsize + 0x80000000;
    PAD_STACK(16);
}

static char* lbl_804D62CC = "+- MEMORY DUMP ------------------------------+";
static char* lbl_804D62D0 = "|%08X=%08X:%08X:%08X:%08X|";
static char* lbl_804D62D4 = "+--------------------------------------------+";

// @TODO: Currently 83.94% match - needs register allocation fix
void hsd_80396188(void)
{
    struct ParticleScreenState* sp = &hsd_804CF810;
    void** px50 = &sp->x50;
    s32* px4 = &sp->x4;
    s32* px40 = &sp->x40;
    s32* px8 = &sp->x8;
    void* saved;
    s32 col;
    s32 i;
    u32* addr;
    char buf[96];

    addr = (u32*) lbl_8040BAF0.x10;
    saved = *px50;
    *px50 = (u8*) lbl_8040AB00;
    col = ((sp->x20 - 0x2E) / 2) * 11 + 20;
    *px4 = col;
    *px8 = *px40 - 0x7C;
    hsd_80394434(lbl_804D62CC);
    i = 0;
    do {
        *px4 = col;
        *px8 = (*px40 - 0x28) - (4 - i + 1) * 14;
        sprintf(buf, lbl_804D62D0, addr, addr[0], addr[1], addr[2], addr[3]);
        hsd_80394434(buf);
        {
            u32 memsize = OSGetPhysicalMemSize();
            addr = (u32*) ((((u32) addr & 0x0FFFFFFF) + memsize + 0x10) %
                               memsize +
                           0x80000000);
        }
        i++;
    } while (i < 4);
    *px4 = col;
    *px8 = *px40 - 0x36;
    hsd_80394434(lbl_804D62D4);
    *px50 = saved;
}


static char* lbl_804D62D8 = "\n";
static char* lbl_804D62DC = "[%08X";
static char* lbl_804D62E4 = ":";
static char* lbl_804D62E8 = "%02X";
static char* lbl_804D62F0 = "]\n";

// @TODO: Currently 86.81% match - needs register allocation fix
s32 hsd_803962A8(void* data)
{
    struct ParticleScreenState* sp = &hsd_804CF810;
    u32 bit;
    s32 old;
    u8* addr;
    s32 i, j, k;
    PAD_STACK(16);

    bit = 1;
    while (bit <= sp->xBC) {
        switch (sp->xBC & bit) {
        case 0x8: {
            old = lbl_8040BAF0.x10;
            {
                u32 memsize = OSGetPhysicalMemSize();
                lbl_8040BAF0.x10 =
                    (((old & 0x0FFFFFFF) + memsize - 0x10) % memsize) +
                    0x80000000;
            }
            return 1;
        }
        case 0x4: {
            old = lbl_8040BAF0.x10;
            {
                u32 memsize = OSGetPhysicalMemSize();
                lbl_8040BAF0.x10 =
                    (((old & 0x0FFFFFFF) + memsize + 0x10) % memsize) +
                    0x80000000;
            }
            return 1;
        }
        case 0x1: {
            old = lbl_8040BAF0.x10;
            {
                u32 memsize = OSGetPhysicalMemSize();
                lbl_8040BAF0.x10 =
                    (((old & 0x0FFFFFFF) + memsize - 0x40) % memsize) +
                    0x80000000;
            }
            return 1;
        }
        case 0x2: {
            old = lbl_8040BAF0.x10;
            {
                u32 memsize = OSGetPhysicalMemSize();
                lbl_8040BAF0.x10 =
                    (((old & 0x0FFFFFFF) + memsize + 0x40) % memsize) +
                    0x80000000;
            }
            return 1;
        }
        case 0x400:
            hsd_80393D2C(1);
            addr = (u8*) lbl_8040BAF0.x10;
            if ((u8) hsd_80394128(0, 0)) {
                OSReport(lbl_804D62D8);
            }
            i = 0;
            do {
                OSReport(lbl_804D62DC, (u32) addr);
                j = 0;
                do {
                    OSReport(lbl_804D62E4);
                    k = 0;
                    do {
                        OSReport(lbl_804D62E8, *addr);
                        addr++;
                        k++;
                    } while (k < 4);
                    j++;
                } while (j < 4);
                OSReport(lbl_804D62F0);
                i++;
            } while (i < 4);
            hsd_80393D2C(0);
            ps_remove_node(sp, data);
            sp->x0C = 0;
            sp->x10 = 0;
            sp->x18 = 0;
            sp->x14 = 0;
            return 1;
        case 0x100: {
            ExcptNode* node = (ExcptNode*) &lbl_8040BC3C;
            lbl_8040BC3C.x10 = (s32) lbl_8040BAF0.x10;
            lbl_8040BC3C.x18 = &lbl_8040BAF0;
            if (node != NULL) {
                fn_80394DF4(node);
                node->next = (ExcptNode*) sp->xD0;
                sp->xD0 = node;
                if (node->callback != NULL) {
                    node->callback(node);
                }
                sp->x0_b5 = 1;
            }
            return 1;
        }
        case 0x200:
            ps_remove_node(sp, data);
            return 1;
        case 0x1000: {
            ExcptNode* node = (ExcptNode*) &lbl_8040BBE8;
            if (node != NULL) {
                fn_80394DF4(node);
                node->next = (ExcptNode*) sp->xD0;
                sp->xD0 = node;
                if (node->callback != NULL) {
                    node->callback(node);
                }
                sp->x0_b5 = 1;
            }
            return 1;
        }
        default:
            bit <<= 1;
            break;
        }
    }
    return 0;
}

s32 hsd_803966A0(void* data)
{
    struct ParticleScreenState* sp = &hsd_804CF810;
    s32 result;

    result = hsd_80395550(data);
    switch (result) {
    case 1:
        return 1;
    case 2: {
        u32 cmd = *(u32*) ((u8*) data + 0x14);
        switch (cmd) {
        case 0:
            sp->xBC = 8;
            break;
        case 1:
            sp->xBC = 4;
            break;
        case 2:
            sp->xBC = 1;
            break;
        case 3:
            sp->xBC = 2;
            break;
        case 4:
            sp->xBC = 0x100;
            break;
        case 5:
            sp->xBC = 0x400;
            break;
        case 6:
            sp->xBC = 0x200;
            break;
        }
        ps_remove_node(sp, data);
        return 0;
    }
    case -1:
        ps_remove_node(sp, data);
        return 1;
    default:
        return 0;
    }
}

void hsd_80396868(void)
{
    lbl_8040BC3C.x10 = (lbl_8040BC3C.x10 & 0x0FFFFFF0) | 0x80000000;
}

// @TODO: Currently 80.22% match - .bss.0 relocation caps match percentage
void hsd_80396884(void)
{
    struct ParticleScreenState* sp = &hsd_804CF810;
    char buf[32];
    void* saved;
    s32 x_base;
    u8 ch;
    PAD_STACK(24);

    x_base = (sp->x20 - 30) / 2;
    sprintf(buf, "| INPUT ADDRESS : 8%07lX |", lbl_8040BC3C.x10 & 0x0FFFFFFF);
    saved = sp->x50;
    sp->x50 = (u8*) lbl_8040AB00;
    sp->x4 = x_base * 11 + 20;
    sp->x8 = sp->x40 - 82;
    hsd_80394434("+--------------------------+");
    sp->x4 = x_base * 11 + 20;
    sp->x8 = sp->x40 - 68;
    hsd_80394434(buf);
    sp->x4 = x_base * 11 + 20;
    sp->x8 = sp->x40 - 54;
    hsd_80394434("+--------------------------+");
    sp->x4 = (lbl_8040BC3C.x14 + 19 + x_base) * 11 + 20;
    sp->x8 = sp->x40 - 68;
    sp->x50 = (u8*) lbl_8040AB20;
    ch = *(&buf[19] + lbl_8040BC3C.x14);
    if (sp->x0_b7) {
        void* bitmap = (void*) ((u8*) sp->x4C + (ch & 0x7F) * 0x38);
        s32 dst = (&sp->x24)[sp->x34];
        hsd_803922FC(bitmap, sp->x4, sp->x8, (*(u8*) sp >> 6) & 1, dst,
                     sp->x3C, sp->x40, sp->x44, sp->x50);
    } else {
        void* bitmap = (void*) ((u8*) sp->x4C + (ch & 0x7F) * 0x38);
        s32 dst = (&sp->x24)[sp->x34];
        hsd_803921B8(bitmap, sp->x4, sp->x8, dst, sp->x3C, sp->x40, sp->x44,
                     sp->x50);
    }
    sp->x50 = saved;
}

// @TODO: Currently 95.60% match - ps_remove_node inline scheduling, branch
// offsets
s32 hsd_80396A20(void* data)
{
    struct ParticleScreenState* sp = &hsd_804CF810;
    u32 val = lbl_8040BC3C.x10;
    s32 shift = 24 - (lbl_8040BC3C.x14 * 4);
    u32 bit = 1;
    s32 mask = 0xF << shift;

    while (bit <= sp->xBC) {
        switch (sp->xBC & bit) {
        case 0x8:
            lbl_8040BC3C.x10 =
                (val & ~mask) | ((((val >> shift) - 1) & 0xF) << shift);
            return 1;
        case 0x4:
            lbl_8040BC3C.x10 =
                (val & ~mask) | ((((val >> shift) + 1) & 0xF) << shift);
            return 1;
        case 0x1:
            if (lbl_8040BC3C.x14 > 0) {
                lbl_8040BC3C.x14 = lbl_8040BC3C.x14 - 1;
            }
            return 1;
        case 0x2:
            if (lbl_8040BC3C.x14 < 5) {
                lbl_8040BC3C.x14 = lbl_8040BC3C.x14 + 1;
            }
            return 1;
        case 0x100:
            if ((lbl_8040BC3C.x10 & 0x0FFFFFFF) < OSGetPhysicalMemSize()) {
                hsd_80394E8C(lbl_8040BC3C.x18);
                return 1;
            }
            /* fallthrough */
        default:
            bit <<= 1;
            break;
        case 0x400:
            lbl_8040BC3C.x10 = val & ~mask;
            return 1;
        case 0x200:
            ps_remove_node(sp, data);
            return 1;
        case 0x1000: {
            ExcptNode* node = (ExcptNode*) &lbl_8040BD74;
            if (node != NULL) {
                fn_80394DF4(node);
                node->next = sp->xD0;
                sp->xD0 = node;
                if (node->callback != NULL) {
                    node->callback(node);
                }
                sp->x0_b5 = 1;
            }
            return 1;
        }
        }
    }
    return 0;
}

s32 hsd_80396C78(void* data)
{
    struct ParticleScreenState* sp = &hsd_804CF810;
    s32 result;
    DispData* disp = data;

    result = hsd_80395550(data);
    switch (result) {
    case 1:
        return 1;
    case 2:
        switch (disp->x14) {
        case 0:
            sp->xBC = 8;
            break;
        case 1:
            sp->xBC = 4;
            break;
        case 2:
            sp->xBC = 1;
            break;
        case 3:
            sp->xBC = 2;
            break;
        case 4:
            sp->xBC = 0x100;
            break;
        case 5:
            sp->xBC = 0x400;
            break;
        case 6:
            sp->xBC = 0x200;
            break;
        }
        ps_remove_node(sp, data);
        return 0;
    case -1:
        ps_remove_node(sp, data);
        return 1;
    default:
        return 0;
    }
}

// @TODO: Currently 77.71% match - .bss.0 relocation affects register
// allocation
void hsd_80396E40(s32 keycode)
{
    struct ParticleScreenState* sp = &hsd_804CF810;
    void** px50 = &sp->x50;
    s32* px4 = &sp->x4;
    s32* px40 = &sp->x40;
    s32* px8 = &sp->x8;
    char buf[64];
    void* saved;
    s32 row;
    s32 i;
    s32 spr_u;
    s32 spr_l;
    s32 bat_u;
    s32 bat_l;
    char* perm;
    s32 var_g;
    s32 var_m;
    s32 var_i;
    s32 var_w;
    s32 var_u;
    s32 var_s;
    s32 bit;
    char* ptr;
    s32 j;
    char ch;

    saved = *px50;
    row = sp->x1C - 1;
    *px50 = (u8*) lbl_8040AB00;
    *px4 = 0x106;
    row--;
    *px8 = (*px40 - 0x28) - (row + 2) * 14;
    if (keycode >= 0x220) {
        hsd_80394434("+- DBAT ------------------------+");
    } else if (keycode >= 0x218) {
        hsd_80394434("+- DBAT ------------------------+");
    } else {
        hsd_80394434("+- IBAT ------------------------+");
    }
    i = 0;
    spr_u = 0x219;
    spr_l = 0x218;
    do {
        bat_u = baselib_mfspr(spr_u);
        bat_l = baselib_mfspr(spr_l);
        switch (bat_u & 2) {
        case 0:
            perm = "N/A";
            break;
        case 2:
            perm = "R/W";
            break;
        default:
        case 1:
            perm = "R/O";
            break;
        }
        if (bat_l & 8) {
            var_g = 'G';
        } else {
            var_g = 'G';
        }
        if (bat_l & 0x10) {
            var_m = 'M';
        } else {
            var_m = 'm';
        }
        if (bat_l & 0x20) {
            var_i = 'I';
        } else {
            var_i = 'i';
        }
        if (bat_l & 0x40) {
            var_w = 'W';
        } else {
            var_w = 'w';
        }
        if (bat_l & 1) {
            var_u = 'U';
        } else {
            var_u = 'u';
        }
        if (bat_l & 2) {
            var_s = 'S';
        } else {
            var_s = 's';
        }
        sprintf(buf, "| %ld BL xxxxxxxxxxx  %c%c %c%c%c%c %s |", i,
                (int) var_s, (int) var_u, (int) var_w, (int) var_i,
                (int) var_m, (int) var_g, perm);
        ptr = buf;
        for (j = 0; j < 11; j++) {
            if (bat_l & (1 << (0x1F - (j + 0x13)))) {
                ch = '1';
            } else {
                ch = '0';
            }
            ptr[7] = ch;
            ptr++;
        }
        *px4 = 0x106;
        *px8 = (*px40 - 0x28) - (row + 1) * 14;
        row--;
        hsd_80394434(buf);
        sprintf(buf, "|   BEPI %08lX BRPN %08lX |", bat_l & 0xFFFC0000,
                bat_u & 0xFFFC0000);
        *px4 = 0x106;
        *px8 = (*px40 - 0x28) - (row + 1) * 14;
        row--;
        hsd_80394434(buf);
        i++;
        spr_u += 2;
        spr_l += 2;
    } while (i < 4);
    *px4 = 0x106;
    *px8 = (*px40 - 0x28) - (row + 1) * 14;
    hsd_80394434("+-------------------------------+");
    *px50 = saved;
}

void fn_803970D8(void) {}

void fn_803970DC(void) {}

void fn_803970E0(void) {}

void fn_803970E4(void) {}

void fn_803970E8(void) {}

void fn_803970EC(void) {}

void fn_803970F0(void) {}

void fn_803970F4(void) {}

void fn_803970F8(void) {}

void fn_803970FC(void) {}

void fn_80397100(void) {}

void fn_80397104(void) {}

void fn_80397108(void) {}

void fn_8039710C(void) {}

// @TODO: Currently 80.88% match - .bss.0 relocation causes register shift
void hsd_80397110(void)
{
    struct ParticleScreenState* sp = &hsd_804CF810;
        u8* base = (u8*) lbl_8040AB00;
    void** px50 = &sp->x50;
    s32* px4 = &sp->x4;
    s32* px40 = &sp->x40;
    s32* px8 = &sp->x8;
    char buf[32];
    void* saved;
    s32 row;
    u32 i;
    s32 offset;
    u32* spr_entry;
    char* padding;
    PAD_STACK(32);

    saved = *px50;
    row = sp->x1C - 1;
    *px50 = base;
    *px4 = 20;
    *px8 = (*px40 - 0x28) - (row + 1) * 14;
    row--;
    hsd_80394434("+- SPR --------------+");
    *px4 = 20;
    *px8 = (*px40 - 0x28) - (row + 1) * 14;
    row--;
    hsd_80394434("| NO   NAME    VAL   |");
    {
        u32* bec4 = (u32*) &lbl_8040BEC4;
        i = 0;
        offset = 0;
        while (row > 0) {
            u32 spr_off = bec4[4];
            if (spr_off + i >= 0x45) {
                break;
            }
            spr_entry = (u32*) (base + (spr_off * 16) + offset + 0x2D8);
            if (i == bec4[5]) {
                if (spr_entry[3] != 0) {
                    ((void (*)(u32)) spr_entry[3])(spr_entry[0]);
                }
                *px50 = base + 0x20;
            } else {
                *px50 = base;
            }
            *px4 = 20;
            *px8 = (*px40 - 0x28) - (row + 1) * 14;
            row--;
            if (spr_entry[0] == 0) {
                hsd_80394434("+---- gekko only ----+");
            } else {
                s32 name_len = strlen((char*) spr_entry[1]);
                switch (name_len) {
                case 1:
                    padding = "     ";
                    break;
                case 2:
                    padding = "    ";
                    break;
                case 3:
                    padding = "   ";
                    break;
                case 4:
                    padding = "  ";
                    break;
                case 5:
                    padding = " ";
                    break;
                default:
                    padding = "";
                    break;
                }
                sprintf(buf, "|%4ld %s%s %08X|", spr_entry[0],
                        (char*) spr_entry[1], padding,
                        baselib_mfspr(spr_entry[0]));
                hsd_80394434(buf);
            }
            offset += 16;
            i++;
        }
    }
    *px50 = base;
    while (row > 0) {
        *px4 = 20;
        *px8 = (*px40 - 0x28) - (row + 1) * 14;
        row--;
        hsd_80394434("|                    |");
    }
    *px4 = 20;
    *px8 = (*px40 - 0x28) - (row + 1) * 14;
    hsd_80394434("+--------------------+");
    *px50 = saved;
}

s32 fn_80397374(void* data)
{
    struct ParticleScreenState* sp = &hsd_804CF810;
        u32 bit = 1;
    u32 spr_off = lbl_8040BEC4.x10;
    u32 sel = lbl_8040BEC4.x14;

    while (bit <= sp->xBC) {
        switch (sp->xBC & bit) {
        case 0x8:
            if (sel != 0) {
                sel--;
            } else if (spr_off != 0) {
                spr_off--;
            } else {
                u32 max = sp->x1C - 4;
                sel = max;
                spr_off = 0x44;
                spr_off = spr_off - max;
            }
            lbl_8040BEC4.x10 = spr_off;
            lbl_8040BEC4.x14 = sel;
            if (sp->x1C) {
            }
            return 1;
        case 0x4:
            if (sel < (u32) (sp->x1C - 4)) {
                sel++;
            } else if (spr_off + sel < 0x43) {
                spr_off++;
            } else {
                sel = 0;
                spr_off = 0;
            }
            lbl_8040BEC4.x10 = spr_off;
            lbl_8040BEC4.x14 = sel;
            return 1;
        case 0x1:
        case 0x2:
        case 0x100:
        case 0x800:
        case 0x400:
        case 0x1000:
            return 1;
        case 0x200:
            ps_remove_node(sp, data);
            return 1;
        default:
            bit <<= 1;
            break;
        }
    }
    return 0;
}

// @TODO: Currently 96.89% match - lwz directly to non-volatile + dead beq
void hsd_80397520(void* node_ptr)
{
    PSNode* child1;
    PSNode* child2;
    PSNode* node = node_ptr;

    if (node == NULL) {
        return;
    }
    child1 = node->child;
    if (child1 != NULL) {
        child2 = child1->child;
        if (child2 != NULL) {
            if (child2->child != NULL) {
                hsd_80397520(child2->child);
            }
            if (child2->callback != NULL) {
                child2->callback(child2);
            }
        }
        if (child1->callback != NULL) {
            child1->callback(child1);
        }
    }
    if (node->callback != NULL) {
        node->callback(node);
    }
}

// @TODO: Currently 72.43% match - ASM bytes identical, capped by .bss.0
// relocation symbol mismatch
void hsd_803975D4(void)
{
    struct ParticleScreenState* sp = &hsd_804CF810;
    u32 reset_mask;
    PADStatus* cur_pads;
    s32 port;
    u16 buttons;
    u16 new_press;

    reset_mask = 0;
    if (OSGetResetSwitchState() != 0) {
        sp->xC4 = 1;
    } else if (sp->xC4 != 0) {
        OSResetSystem(1, 0, 0);
        for (;;) {
        }
    }
    cur_pads = (PADStatus*) ((u8*) sp + 0x54);
    memcpy((u8*) cur_pads + 0x30, cur_pads, 0x30);
    PADRead(cur_pads);
    PADClamp(cur_pads);
    if ((s8) cur_pads[0].err == -1) {
        reset_mask = 0x80000000 >> 0;
    }
    if ((s8) cur_pads[1].err == -1) {
        reset_mask |= 0x80000000 >> 1;
    }
    if ((s8) cur_pads[2].err == -1) {
        reset_mask |= 0x80000000 >> 2;
    }
    if ((s8) cur_pads[3].err == -1) {
        reset_mask |= 0x80000000 >> 3;
    }
    if (reset_mask != 0) {
        PADReset(reset_mask);
    }
    port = 0;
    if (((s8) ((PADStatus*) ((u8*) sp + 0x84))[0].err != 0 ||
         (s8) cur_pads[0].err != 0) &&
        (port = 1, ((s8) ((PADStatus*) ((u8*) sp + 0x84))[1].err != 0 ||
                    (s8) cur_pads[1].err != 0)) &&
        (port = 2, ((s8) ((PADStatus*) ((u8*) sp + 0x84))[2].err != 0 ||
                    (s8) cur_pads[2].err != 0)) &&
        (port = 3, ((s8) ((PADStatus*) ((u8*) sp + 0x84))[3].err != 0 ||
                    (s8) cur_pads[3].err != 0)))
    {
        port = 4;
    }
    if (port == 4) {
        sp->xBC = 0;
        sp->xC0 = 0;
        return;
    }
    *(s32*) ((u8*) sp + 0xB4) = port;
    buttons = cur_pads[*(s32*) ((u8*) sp + 0xB4)].button;
    sp->xC0 = buttons;
    new_press =
        buttons &
        (((PADStatus*) ((u8*) sp + 0x84))[*(s32*) ((u8*) sp + 0xB4)].button ^
         buttons);
    if (new_press != 0) {
        *(s32*) ((u8*) sp + 0xB8) = 0;
    } else if (cur_pads[*(s32*) ((u8*) sp + 0xB4)].button != 0) {
        *(s32*) ((u8*) sp + 0xB8) += 1;
        if (*(s32*) ((u8*) sp + 0xB8) > 30) {
            new_press = cur_pads[*(s32*) ((u8*) sp + 0xB4)].button;
        }
    }
    sp->xBC = new_press;
}

// @TODO: Currently 81.94% match - asm bytes identical, relocation differences
void* fn_80397814(void* arg)
{
    struct ParticleScreenState* sp = &hsd_804CF810;
    void* ctx = arg;
    u32 retrace;
    u32* keybuf = &sp->xC0;
    PAD_STACK(160);

    hsd_80393D2C(0);
    hsd_80394314();
    PADSetSamplingRate(0);

    /* Wait for first retrace */
    retrace = VIGetRetraceCount();
    do {
    } while (VIGetRetraceCount() == retrace);

    retrace = VIGetRetraceCount();
    do {
        hsd_803975D4();
        do {
        } while (VIGetRetraceCount() == retrace);
        retrace = VIGetRetraceCount();
    } while (*keybuf != 0);

    retrace = VIGetRetraceCount();
    do {
    } while (VIGetRetraceCount() == retrace);

    retrace = VIGetRetraceCount();
    do {
        hsd_803975D4();
        do {
        } while (VIGetRetraceCount() == retrace);
        retrace = VIGetRetraceCount();
    } while (*keybuf != 0x70);

    retrace = VIGetRetraceCount();
    do {
    } while (VIGetRetraceCount() == retrace);

    retrace = VIGetRetraceCount();
    do {
        hsd_803975D4();
        do {
        } while (VIGetRetraceCount() == retrace);
        retrace = VIGetRetraceCount();
    } while (*keybuf != 0);

    retrace = VIGetRetraceCount();
    do {
    } while (VIGetRetraceCount() == retrace);

    retrace = VIGetRetraceCount();
    do {
        hsd_803975D4();
        do {
        } while (VIGetRetraceCount() == retrace);
        retrace = VIGetRetraceCount();
    } while (*keybuf != 0x808);

    retrace = VIGetRetraceCount();
    do {
    } while (VIGetRetraceCount() == retrace);

    retrace = VIGetRetraceCount();
    do {
        hsd_803975D4();
        do {
        } while (VIGetRetraceCount() == retrace);
        retrace = VIGetRetraceCount();
    } while (*keybuf != 0);

    retrace = VIGetRetraceCount();
    do {
    } while (VIGetRetraceCount() == retrace);

    retrace = VIGetRetraceCount();
    do {
        hsd_803975D4();
        do {
        } while (VIGetRetraceCount() == retrace);
        retrace = VIGetRetraceCount();
    } while (*keybuf != 0x104);

    retrace = VIGetRetraceCount();
    do {
    } while (VIGetRetraceCount() == retrace);

    retrace = VIGetRetraceCount();
    do {
        hsd_803975D4();
        do {
        } while (VIGetRetraceCount() == retrace);
        retrace = VIGetRetraceCount();
    } while (*keybuf != 0);

    retrace = VIGetRetraceCount();
    do {
    } while (VIGetRetraceCount() == retrace);

    retrace = VIGetRetraceCount();
    do {
        hsd_803975D4();
        do {
        } while (VIGetRetraceCount() == retrace);
        retrace = VIGetRetraceCount();
    } while (*keybuf != 0x201);

    retrace = VIGetRetraceCount();
    do {
    } while (VIGetRetraceCount() == retrace);

    retrace = VIGetRetraceCount();
    do {
        hsd_803975D4();
        do {
        } while (VIGetRetraceCount() == retrace);
        retrace = VIGetRetraceCount();
    } while (*keybuf != 0);

    retrace = VIGetRetraceCount();
    do {
    } while (VIGetRetraceCount() == retrace);

    retrace = VIGetRetraceCount();
    do {
        hsd_803975D4();
        do {
        } while (VIGetRetraceCount() == retrace);
        retrace = VIGetRetraceCount();
    } while (*keybuf != 0x402);

    /* Configure video */
    sp->xD4 = ctx;
    VIConfigure(sp->x30);
    VISetBlack(0);

    /* Clear display list */
    keybuf = (u32*) &sp->xD0;
    {
        void* cur = *(void**) keybuf;
        while (cur != NULL) {
            void* next = *(void**) cur;
            *(void**) cur = NULL;
            cur = next;
        }
        *(void**) keybuf = NULL;
    }

    /* Link exception node */
    {
        ExcptNode* node = (ExcptNode*) ((u8*) &lbl_8040B8AC + 0x18);
        if (node != NULL) {
            node->next = NULL;
            *(void**) keybuf = node;
            if (node->callback != NULL) {
                node->callback(node);
            }
        }
    }

    /* Set initialized flag */
    sp->x0_b5 = 1;
    hsd_80394668();

    /* Initial display setup */
    {
        s32* fb_ptr = (s32*) &sp->x40;
        s32* fb2_ptr = (s32*) &sp->x44;
        u32 retrace2;
        s32* col_ptr = &sp->x34;
        s32* x18_ptr = &sp->x18;
        s32* x14_ptr = &sp->x14;
        s32* x20_ptr = &sp->x20;
        s32* nrows_ptr = &sp->x1C;
        s32* fb_array = &sp->x24;
        s32* x3C_ptr = &sp->x3C;
        s32* c8_ptr = &sp->xC8;
        s32* cc_ptr = &sp->xCC;
        s32* size_ptr = &sp->x48;
        void* lbl_ptr;
        s32 fb_idx;
        void* node;

        hsd_80394544(*x18_ptr, *x14_ptr, *x20_ptr, *nrows_ptr, 20,
                     *fb_ptr - 40, fb_array[*col_ptr], *x3C_ptr, *fb_ptr,
                     *fb2_ptr, (s32) lbl_804088B8, NULL);

        *c8_ptr = 0;
        *cc_ptr = *nrows_ptr - 1;

        /* Process display node */
        node = *(void**) keybuf;
        if (node != NULL) {
            void* child = *(void**) node;
            if (child != NULL) {
                hsd_80397520(child);
            }
            {
                void (*cb)(void*) = *(void (**)(void*))((u8*) node + 8);
                if (cb != NULL) {
                    cb(node);
                }
            }
        }

        /* Flush and display first frame */
        fb_idx = *col_ptr;
        DCFlushRange((void*) fb_array[fb_idx], *size_ptr);
        fb_idx = *col_ptr;
        VISetNextFrameBuffer((void*) fb_array[fb_idx]);
        VIFlush();

        retrace2 = VIGetRetraceCount();
        do {
        } while (VIGetRetraceCount() == retrace2);
        retrace2 = VIGetRetraceCount();
        lbl_ptr = lbl_804088B8;

        /* Main rendering loop */
        while (*keybuf != 0) {
            void* disp_node;
            s32 result;

            hsd_803975D4();
            {
                u8 flags = *(u8*) sp;
                flags &= ~(1 << 5);
                *(u8*) sp = flags;
            }

            /* Walk display callback list */
            disp_node = *(void**) keybuf;
            result = 0;
            while (disp_node != NULL && !(*(u8*) sp & (1 << 5))) {
                void* (*render_cb)(void*) =
                    *(void* (**) (void*) )((u8*) disp_node + 0xC);
                if (render_cb != NULL) {
                    result = (s32) render_cb(disp_node);
                    if (result != 0) {
                        break;
                    }
                }
                disp_node = *(void**) disp_node;
            }

            if (*(u8*) sp & (1 << 5)) {
                result = 0;
            }

            if (result != 0) {
                /* Advance frame buffer index */
                s32 idx = *col_ptr;
                s32 nbufs = sp->x38;
                idx = (idx + 1) % nbufs;
                *col_ptr = idx;

                hsd_80394668();

                hsd_80394544(*x18_ptr, *x14_ptr, *x20_ptr, *nrows_ptr, 20,
                             *fb_ptr - 40, fb_array[*col_ptr], *x3C_ptr,
                             *fb_ptr, *fb2_ptr, (s32) lbl_ptr, NULL);

                *c8_ptr = 0;
                *cc_ptr = *nrows_ptr - 1;

                /* Process display node */
                node = *(void**) keybuf;
                if (node != NULL) {
                    void* child = *(void**) node;
                    if (child != NULL) {
                        hsd_80397520(child);
                    }
                    {
                        void (*cb)(void*) =
                            *(void (**)(void*))((u8*) node + 8);
                        if (cb != NULL) {
                            cb(node);
                        }
                    }
                }

                /* Flush and display */
                fb_idx = *col_ptr;
                DCFlushRange((void*) fb_array[fb_idx], *size_ptr);
                fb_idx = *col_ptr;
                VISetNextFrameBuffer((void*) fb_array[fb_idx]);
                VIFlush();
            }

            do {
            } while (VIGetRetraceCount() == retrace2);
            retrace2 = VIGetRetraceCount();
        }
    }

    OSPanic("debugconsole_main.c", 2228, "debug thread finished.");

    return NULL;
}

void hsd_80397DA4(OSContext* ctx)
{
    OSThread thread;
    OSCreateThread(&thread, fn_80397814, ctx, hsd_804CF8E8 + 0xFFC,
                   sizeof(hsd_804CF8E8), 0, 1);
    OSResumeThread(&thread);
}

void Exception_StoreDebugLevel(int level)
{
    hsd_804D78C8 = level;
}

void hsd_80397DFC(u32 size)
{
    hsd_804D78CC = (size + 0xF) >> 4;
}

static s8 lbl_8040BF10[0x32] =
    "unsupported no. of special purpose register (%d).";

int baselib_mfspr(int spr)
{
    register int result;
    switch (spr) {
#ifdef MWERKS_GEKKO
    case 0x1:
        asm { mfxer result }
        break;
    case 0x8:
        asm { mflr result }
        break;
    case 0x9:
        asm { mfctr result }
        break;
    case 0x12:
        asm { mfdsisr result }
        break;
    case 0x13:
        asm { mfdar result }
        break;
    case 0x16:
        asm { mfdec result }
        break;
    case 0x19:
        asm { mfsdr1 result }
        break;
    case 0x1A:
        asm { mfsrr0 result }
        break;
    case 0x1B:
        asm { mfsrr1 result }
        break;
    case 0x110:
        asm { mfsprg result, 0 }
        break;
    case 0x111:
        asm { mfsprg result, 1 }
        break;
    case 0x112:
        asm { mfsprg result, 2 }
        break;
    case 0x113:
        asm { mfsprg result, 3 }
        break;
    case 0x118:
        asm { mfspr result, 0x118 } ///< unknown spr?
        break;
    case 0x11A:
        asm { mfear result }
        break;
    case 0x11F:
        asm { mfspr result, pvr }
        break;
    case 0x210:
        asm { mfibatu result, 0 }
        break;
    case 0x211:
        asm { mfibatl result, 0 }
        break;
    case 0x212:
        asm { mfibatu result, 1 }
        break;
    case 0x213:
        asm { mfibatl result, 1 }
        break;
    case 0x214:
        asm { mfibatu result, 2 }
        break;
    case 0x215:
        asm { mfibatl result, 2 }
        break;
    case 0x216:
        asm { mfibatu result, 3 }
        break;
    case 0x217:
        asm { mfibatl result, 3 }
        break;
    case 0x218:
        asm { mfdbatu result, 0 }
        break;
    case 0x219:
        asm { mfdbatl result, 0 }
        break;
    case 0x21A:
        asm { mfdbatu result, 1 }
        break;
    case 0x21B:
        asm { mfdbatl result, 1 }
        break;
    case 0x21C:
        asm { mfdbatu result, 2 }
        break;
    case 0x21D:
        asm { mfdbatl result, 2 }
        break;
    case 0x21E:
        asm { mfdbatu result, 3 }
        break;
    case 0x21F:
        asm { mfdbatl result, 3 }
        break;
    case 0x390:
        asm { mfspr result, gqr0 }
        break;
    case 0x391:
        asm { mfspr result, gqr1 }
        break;
    case 0x392:
        asm { mfspr result, gqr2 }
        break;
    case 0x393:
        asm { mfspr result, gqr3 }
        break;
    case 0x394:
        asm { mfspr result, gqr4 }
        break;
    case 0x395:
        asm { mfspr result, gqr5 }
        break;
    case 0x396:
        asm { mfspr result, gqr6 }
        break;
    case 0x397:
        asm { mfspr result, gqr7 }
        break;
    case 0x398:
        asm { mfspr result, SPR_HID2
        } ///< hid2 gives incorrect codegen? compiler bug?
        break;
    case 0x399:
        asm { mfspr result, wpar }
        break;
    case 0x39A:
        asm { mfspr result, dma_u }
        break;
    case 0x39B:
        asm { mfspr result, dma_l }
        break;
    case 0x3A8:
        asm { mfspr result, ummcr0 }
        break;
    case 0x3A9:
        asm { mfspr result, upmc1 }
        break;
    case 0x3AA:
        asm { mfspr result, upmc2 }
        break;
    case 0x3AB:
        asm { mfspr result, usia }
        break;
    case 0x3AC:
        asm { mfspr result, ummcr1 }
        break;
    case 0x3AD:
        asm { mfspr result, upmc3 }
        break;
    case 0x3AE:
        asm { mfspr result, upmc4 }
        break;
    case 0x3AF:
        asm { mfspr result, SPR_USDA } ///< usda not recognized by compiler?
        break;
    case 0x3B8:
        asm { mfspr result, mmcr0 }
        break;
    case 0x3B9:
        asm { mfspr result, pmc1 }
        break;
    case 0x3BA:
        asm { mfspr result, pmc2 }
        break;
    case 0x3BB:
        asm { mfspr result, sia }
        break;
    case 0x3BC:
        asm { mfspr result, mmcr1 }
        break;
    case 0x3BD:
        asm { mfspr result, pmc3 }
        break;
    case 0x3BE:
        asm { mfspr result, pmc4 }
        break;
    case 0x3BF:
        asm { mfspr result, sda }
        break;
    case 0x3F0:
        asm { mfspr result, hid0 }
        break;
    case 0x3F1:
        asm { mfspr result, hid1 }
        break;
    case 0x3F2:
        asm { mfspr result, iabr }
        break;
    case 0x3F5:
        asm { mfspr result, dabr }
        break;
    case 0x3F9:
        asm { mfspr result, l2cr }
        break;
    case 0x3FB:
        asm { mfspr result, ictc }
        break;
    case 0x3FC:
        asm { mfspr result, thrm1 }
        break;
    case 0x3FD:
        asm { mfspr result, thrm2 }
        break;
    case 0x3FE:
        asm { mfspr result, thrm3 }
        break;
#endif
    default:
        OSReport("unsupported no. of special purpose register (%d).", spr);
        return 0;
    }
    return result;
}

void fn_803982E4(HSD_GObj* gobj, int unused)
{
    HSD_CObjSetCurrent(gobj->hsd_obj);
    fn_80392934();
    hsd_8039254C();
}

typedef struct {
    /* 0x00 */ char* class_name;
    /* 0x04 */ Vec3 pos;
    /* 0x10 */ void* robjdesc;
} WObjDescData; // HSD_WObjDesc-shaped

static WObjDescData lbl_8040BF48 = { NULL, { 0.0f, 0.0f, 1.0f }, NULL };
static WObjDescData lbl_8040BF5C = { NULL, { 0.0f, 0.0f, 0.0f }, NULL };

static HSD_CameraDescFrustum lbl_8040BF70 = {
    NULL,
    0,
    PROJ_ORTHO,
    { 0, 640, 0, 480 },
    { 0, 640, 0, 480 },
    (HSD_WObjDesc*) &lbl_8040BF48,
    (HSD_WObjDesc*) &lbl_8040BF5C,
    0.0f,
    NULL,
    0.0f,
    32768.0f,
    -445.0f,
    35.0f,
    -20.0f,
    620.0f,
};


HSD_GObj* hsd_80398310(u16 class_id, u8 p_link, u8 obj_kind, u32 gx_link)
{
    HSD_GObj* gobj;
    HSD_CObj* cobj;

    gobj = GObj_Create(class_id, p_link, obj_kind);
    if (gobj == NULL) {
        return NULL;
    }
    cobj = HSD_CObjLoadDesc((HSD_CObjDesc*) &lbl_8040BF70);
    HSD_GObjObject_80390A70(gobj, HSD_GObj_804D784B, cobj);
    GObj_SetupGXLinkMax(gobj, fn_803982E4, gx_link);
    hsd_80392528((Event) fn_80392A3C);
    fn_80392A08(4, 1, 0);
    return gobj;
}
